S No,Village LGD Code,Village Name (In English),Village Name (In Local language),Hierarchy,Census 2001 Code,Census2011 Code,Pesa Status,View Government Order,View Details,View History,View Map
1,19544,Ajnol(383),अजनोल (383),Naina Devi(Sub-District) / Bilaspur(District) / Himachal Pradesh(State),01262500,019544,N,,,,
2,19098,Amarpur (457),अमरपुर (457),Ghumarwin(Sub-District) / Bilaspur(District) / Himachal Pradesh(State),01228100,019098,N,,,,
3,19088,Amar Singh Pura (473/1),अमरसिंहपुरा (473/1),Ghumarwin(Sub-District) / Bilaspur(District) / Himachal Pradesh(State),01227100,019088,N,,,,
4,19577,Ambuwala (390/1),अंबुवाला (390/1),Naina Devi(Sub-District) / Bilaspur(District) / Himachal Pradesh(State),01265800,019577,N,,,,
5,19327,Amroa (118),अमरो़आ (118),Jhanduta(Sub-District) / Bilaspur(District) / Himachal Pradesh(State),01240800,019327,N,,,,
6,19650,Amroa (395),अमरोआ (395),Naina Devi(Sub-District) / Bilaspur(District) / Himachal Pradesh(State),01273100,019650,N,,,,
7,19268,Arloh (34-35),अरलोह (34 35),Kalol(Sub-District) / Bilaspur(District) / Himachal Pradesh(State),01234900,019268,N,,,,
8,19901,Asha Majari (23),आशा मजारी (23),Namhol(Sub-District) / Bilaspur(District) / Himachal Pradesh(State),01291700,019901,N,eSignGOFile662648_30_04_2025_15_27_31.pdf,,,
9,19101,Auhar (459),औहर (459),Ghumarwin(Sub-District) / Bilaspur(District) / Himachal Pradesh(State),01228400,019101,N,,,,
10,19108,Awari Khalin (468),अवारी खली़न (468),Ghumarwin(Sub-District) / Bilaspur(District) / Himachal Pradesh(State),01229100,019108,N,,,,
11,19015,Awdhani (451),अवढाणी (451),Ghumarwin(Sub-District) / Bilaspur(District) / Himachal Pradesh(State),01219800,019015,N,,,,
12,18961,Babeli (387),बवैली (387),Ghumarwin(Sub-District) / Bilaspur(District) / Himachal Pradesh(State),01212600,018961,N,,,,
13,18938,Bachhri (378),बछड़ी (378),Ghumarwin(Sub-District) / Bilaspur(District) / Himachal Pradesh(State),01210300,018938,N,,,,
14,937815,Baddu Shehri (407/1),बढू शहरी (407/1),Ghumarwin(Sub-District) / Bilaspur(District) / Himachal Pradesh(State),,000000,N,,,,
15,19229,Badgaon (212),बडगाँव (212),Jhanduta(Sub-District) / Bilaspur(District) / Himachal Pradesh(State),01231000,019229,N,,,,
16,19317,Badgaon (4),बड़गाँव (4),Kalol(Sub-District) / Bilaspur(District) / Himachal Pradesh(State),01239800,019317,N,,,,
17,19541,Badharan (385),बढ़ारन (385),Naina Devi(Sub-District) / Bilaspur(District) / Himachal Pradesh(State),01262200,019541,N,,,,
18,19818,Badhu (262),बडू (262),Bilaspur Sadar(Sub-District) / Bilaspur(District) / Himachal Pradesh(State),01298000,019818,N,,,,
19,18951,Badhu (413),बड्डू (413),Ghumarwin(Sub-District) / Bilaspur(District) / Himachal Pradesh(State),01211600,018951,N,,,,
20,19429,Badhu (57),बहडू (57),Kalol(Sub-District) / Bilaspur(District) / Himachal Pradesh(State),01251000,019429,N,,,,
21,19002,Badhu Gramin (407),बढू ग्रामीण (407),Ghumarwin(Sub-District) / Bilaspur(District) / Himachal Pradesh(State),01218500,019002,N,,,,
22,19761,Badhyat (176),बध्यात (176),Bilaspur Sadar(Sub-District) / Bilaspur(District) / Himachal Pradesh(State),01284200,019761,N,,,,
23,19896,Badnu (59),बाडनू (59),Namhol(Sub-District) / Bilaspur(District) / Himachal Pradesh(State),01291200,019896,N,,,,
24,19583,Badoh (388),बडोह (388),Naina Devi(Sub-District) / Bilaspur(District) / Himachal Pradesh(State),01266400,019583,N,,,,
25,19477,Badol (172),बडोल (172),Jhanduta(Sub-District) / Bilaspur(District) / Himachal Pradesh(State),01255800,019477,N,,,,
26,19021,Badota Gramin (441),बडोटा ग्रामीण (441),Ghumarwin(Sub-District) / Bilaspur(District) / Himachal Pradesh(State),01220400,019021,N,,,,
27,19171,Badsai (292),बडसाय (292),Bharari(Sub-District) / Bilaspur(District) / Himachal Pradesh(State),01204500,019171,N,,,,
28,19184,Badsin (293),भदसीं (293),Bharari(Sub-District) / Bilaspur(District) / Himachal Pradesh(State),01205800,019184,N,,,,
29,19770,Badsour (195),बदसौर (195),Bilaspur Sadar(Sub-District) / Bilaspur(District) / Himachal Pradesh(State),01285100,019770,N,,,,
30,19645,Badsu (404),बडसू (404),Naina Devi(Sub-District) / Bilaspur(District) / Himachal Pradesh(State),01272600,019645,N,,,,
31,19747,Bagaun (122),बगॉण (122),Bilaspur Sadar(Sub-District) / Bilaspur(District) / Himachal Pradesh(State),01282800,019747,N,,,,
32,19610,Bagh (324),बाग (324),Naina Devi(Sub-District) / Bilaspur(District) / Himachal Pradesh(State),01269100,019610,N,,,,
33,19945,Bagh Khurd (29),बाग खुर्द (29),Namhol(Sub-District) / Bilaspur(District) / Himachal Pradesh(State),01302600,019945,N,,,,
34,19882,Bagh Phuglata (81),बाग फुगलाटा (81),Namhol(Sub-District) / Bilaspur(District) / Himachal Pradesh(State),01289800,019882,N,eSignGOFile662648_30_04_2025_15_28_19.pdf,,,
35,19713,Bagi (180),बागी (180),Bilaspur Sadar(Sub-District) / Bilaspur(District) / Himachal Pradesh(State),01279400,019713,N,,,,
36,19951,Bag Kalan (18),बाग कलाँ (18),Namhol(Sub-District) / Bilaspur(District) / Himachal Pradesh(State),01303200,019951,N,,,,
37,19377,Bagla (92),बागला (92),Kalol(Sub-District) / Bilaspur(District) / Himachal Pradesh(State),01245800,019377,N,,,,
38,19110,Bagthedu (463),बागठेडू (463),Ghumarwin(Sub-District) / Bilaspur(District) / Himachal Pradesh(State),01229300,019110,N,,,,
39,19203,Bah (305),बाह (305),Bharari(Sub-District) / Bilaspur(District) / Himachal Pradesh(State),01207700,019203,N,,,,
40,19649,Baihal Bhabian (400),बैहल भाबियाँ (400),Naina Devi(Sub-District) / Bilaspur(District) / Himachal Pradesh(State),01273000,019649,N,,,,
41,19762,Baihal Kandaila (175),बैहल कंडैला (175),Bilaspur Sadar(Sub-District) / Bilaspur(District) / Himachal Pradesh(State),01284300,019762,N,,,,
42,19897,Baihli (61),बैहली (61),Namhol(Sub-District) / Bilaspur(District) / Himachal Pradesh(State),01291300,019897,N,,,,
43,19480,Baihna Jattan (180),बैहना जट्टां (180),Jhanduta(Sub-District) / Bilaspur(District) / Himachal Pradesh(State),01256100,019480,N,,,,
44,19453,Baithrin (79),बैथरीं (79),Kalol(Sub-District) / Bilaspur(District) / Himachal Pradesh(State),01253400,019453,N,,,,
45,19375,Bakain (91),बकैण (91),Kalol(Sub-District) / Bilaspur(District) / Himachal Pradesh(State),01245600,019375,N,,,,
46,19099,Bakroa (464),वकरो़आ (464),Ghumarwin(Sub-District) / Bilaspur(District) / Himachal Pradesh(State),01228200,019099,N,,,,
47,19337,Bala (124),बाला (124),Jhanduta(Sub-District) / Bilaspur(District) / Himachal Pradesh(State),01241800,019337,N,,,,
48,19156,Balauni (331),बलौणी (331),Bharari(Sub-District) / Bilaspur(District) / Himachal Pradesh(State),01200900,019156,N,,,,
49,18955,Balaur (439),बिलौर (439),Ghumarwin(Sub-District) / Bilaspur(District) / Himachal Pradesh(State),01212000,018955,N,,,,
50,19066,Baldwara (497),बल्द्वाड़ा (497),Ghumarwin(Sub-District) / Bilaspur(District) / Himachal Pradesh(State),01224900,019066,N,,,,
51,19372,Balghar (114),बलघाड (114),Jhanduta(Sub-District) / Bilaspur(District) / Himachal Pradesh(State),01245300,019372,N,,,,
52,19695,Balh Bhalwanana (172),बल्ह भलवा़णा (172),Bilaspur Sadar(Sub-District) / Bilaspur(District) / Himachal Pradesh(State),01277600,019695,N,,,,
53,19430,Balh Chalog (56),बल्ह चलोग (56),Kalol(Sub-District) / Bilaspur(District) / Himachal Pradesh(State),01251100,019430,N,,,,
54,19118,Balh Churani (492),बल्ह चुरा़णी (492),Ghumarwin(Sub-District) / Bilaspur(District) / Himachal Pradesh(State),01230100,019118,N,,,,
55,19416,Balh Fattu (45),बल्ह फतू (45),Kalol(Sub-District) / Bilaspur(District) / Himachal Pradesh(State),01249700,019416,N,,,,
56,19682,Balhi Jhaleda (153),बल्ही झलेड़ा (153),Bilaspur Sadar(Sub-District) / Bilaspur(District) / Himachal Pradesh(State),01276300,019682,N,,,,
57,19124,Balhi Lawana (338),बल्ही लवाणा (338),Bharari(Sub-District) / Bilaspur(District) / Himachal Pradesh(State),01197700,019124,N,,,,
58,19451,Balhi Mareta Abbal (81),बल्ही मरेटा अव्वल (81),Kalol(Sub-District) / Bilaspur(District) / Himachal Pradesh(State),01253200,019451,N,,,,
59,19648,Balhi Mareta Doyam (81/2),बल्ही मरेटा दोयम (81/2),Kalol(Sub-District) / Bilaspur(District) / Himachal Pradesh(State),01272900,019648,N,,,,
60,19684,Balhi Villan (151),बल्ही विलां (151),Bilaspur Sadar(Sub-District) / Bilaspur(District) / Himachal Pradesh(State),01276500,019684,N,,,,
61,19824,Balh Karaita (279),बल्ह करेंता (279),Bilaspur Sadar(Sub-District) / Bilaspur(District) / Himachal Pradesh(State),01298600,019824,N,,,,
62,19291,Balhseena (11),बल्हसी़णा (11),Jhanduta(Sub-District) / Bilaspur(District) / Himachal Pradesh(State),01237200,019291,N,,,,
63,19012,Balhu Kharyala (449),वल्हू खरयाला (449),Ghumarwin(Sub-District) / Bilaspur(District) / Himachal Pradesh(State),01219500,019012,N,,,,
64,19745,Baloh (127),बलोह (127),Bilaspur Sadar(Sub-District) / Bilaspur(District) / Himachal Pradesh(State),01282600,019745,N,,,,
65,19767,Baloh (211),बलोह (211),Bilaspur Sadar(Sub-District) / Bilaspur(District) / Himachal Pradesh(State),01284800,019767,N,,,,
66,19320,Baloh (219),बलोह (219),Jhanduta(Sub-District) / Bilaspur(District) / Himachal Pradesh(State),01240100,019320,N,,,,
67,19001,Baloh (403),बलोह (403),Ghumarwin(Sub-District) / Bilaspur(District) / Himachal Pradesh(State),01218400,019001,N,,,,
68,19116,Baloh (476),बलोह (476),Ghumarwin(Sub-District) / Bilaspur(District) / Himachal Pradesh(State),01229900,019116,N,,,,
69,19146,Balota (276),बलोटा (276),Bharari(Sub-District) / Bilaspur(District) / Himachal Pradesh(State),01199900,019146,N,,,,
70,19760,Bamta (201),बामटा (201),Bilaspur Sadar(Sub-District) / Bilaspur(District) / Himachal Pradesh(State),01284100,019760,N,,,,
71,19771,Bandla (194),बन्दला (194),Bilaspur Sadar(Sub-District) / Bilaspur(District) / Himachal Pradesh(State),01285200,019771,N,,,,
72,19705,Bandla Miyan (166),बंदला मियाँ (166),Bilaspur Sadar(Sub-District) / Bilaspur(District) / Himachal Pradesh(State),01278600,019705,N,,,,
73,19670,Baner (281),बनेर (281),Naina Devi(Sub-District) / Bilaspur(District) / Himachal Pradesh(State),01275100,019670,N,,,,
74,19188,Bani Bhaparaliyan (319),बणी भपरालियाँ (319),Bharari(Sub-District) / Bilaspur(District) / Himachal Pradesh(State),01206200,019188,N,,,,
75,19187,Bani Brahmna (318),बणी ब्राह्मणा (318),Bharari(Sub-District) / Bilaspur(District) / Himachal Pradesh(State),01206100,019187,N,,,,
76,19158,Bani Pandtan (342),बणी पन्डता (342),Bharari(Sub-District) / Bilaspur(District) / Himachal Pradesh(State),01201100,019158,N,,,,
77,18909,Banoha (526),बनोहा (526),Ghumarwin(Sub-District) / Bilaspur(District) / Himachal Pradesh(State),01203000,018909,N,,,,
78,19714,Banoula (183),बनौला (183),Bilaspur Sadar(Sub-District) / Bilaspur(District) / Himachal Pradesh(State),01279500,019714,N,,,,
79,19924,Baoh (239),बौह (239),Namhol(Sub-District) / Bilaspur(District) / Himachal Pradesh(State),01300000,019924,N,eSignGOFile662648_30_04_2025_15_26_34.pdf,,,
80,19132,Bapyar (325),बपयाड़ (325),Bharari(Sub-District) / Bilaspur(District) / Himachal Pradesh(State),01198500,019132,N,,,,
81,19306,Barad (206),बरड़ (206),Jhanduta(Sub-District) / Bilaspur(District) / Himachal Pradesh(State),01238700,019306,N,,,,
82,19192,Baraun (313),बड़ौन (313),Bharari(Sub-District) / Bilaspur(District) / Himachal Pradesh(State),01206600,019192,N,,,,
83,19067,Bardhin (496),बरडीं (496),Ghumarwin(Sub-District) / Bilaspur(District) / Himachal Pradesh(State),01225000,019067,N,,,,
84,19043,Bari Bhagot (523),बाड़ी भगोट (523),Ghumarwin(Sub-District) / Bilaspur(District) / Himachal Pradesh(State),01222600,019043,N,,,,
85,19046,Bari Bharan (522),बाडी भराण (522),Ghumarwin(Sub-District) / Bilaspur(District) / Himachal Pradesh(State),01222900,019046,N,,,,
86,19130,Bari Chowk (282),बाड़ी चौक (282),Bharari(Sub-District) / Bilaspur(District) / Himachal Pradesh(State),01198300,019130,N,,,,
87,19178,Bari Kalan (269),बाड़ीकलां (269),Bharari(Sub-District) / Bilaspur(District) / Himachal Pradesh(State),01205200,019178,N,,,,
88,19179,Bari Khurd (268),बाड़ीखुर्द (268),Bharari(Sub-District) / Bilaspur(District) / Himachal Pradesh(State),01205300,019179,N,,,,
89,19009,Bari Majherwan (405),बाड़ी मझेड़वां (405),Ghumarwin(Sub-District) / Bilaspur(District) / Himachal Pradesh(State),01219200,019009,N,,,,
90,19733,Barmana (128),बरमाणा (128),Bilaspur Sadar(Sub-District) / Bilaspur(District) / Himachal Pradesh(State),01281400,019733,N,,,,
91,19102,Baroa (195),वड़ोआ (195),Ghumarwin(Sub-District) / Bilaspur(District) / Himachal Pradesh(State),01228500,019102,N,,,,
92,19772,Barog (187),बरोग (187),Bilaspur Sadar(Sub-District) / Bilaspur(District) / Himachal Pradesh(State),01285300,019772,N,,,,
93,19190,Barog (312),बड़ोग (312),Bharari(Sub-District) / Bilaspur(District) / Himachal Pradesh(State),01206400,019190,N,,,,
94,19334,Baroha (201),बरोहा (201),Jhanduta(Sub-District) / Bilaspur(District) / Himachal Pradesh(State),01241500,019334,N,,,,
95,19168,Barota (277),बरोटा (277),Bharari(Sub-District) / Bilaspur(District) / Himachal Pradesh(State),01204200,019168,N,,,,
96,19512,Barota Davala (365),बरोठा ढवाला (365),Naina Devi(Sub-District) / Bilaspur(District) / Himachal Pradesh(State),01259300,019512,N,,,,
97,19680,Barota Jattan (140),बरोटा ज़ट्टां (140),Bilaspur Sadar(Sub-District) / Bilaspur(District) / Himachal Pradesh(State),01276100,019680,N,,,,
98,19263,Baroti (111),बरोटी (111),Kalol(Sub-District) / Bilaspur(District) / Himachal Pradesh(State),01234400,019263,N,,,,
99,19344,Barsand (193),बरसड़ (193),Jhanduta(Sub-District) / Bilaspur(District) / Himachal Pradesh(State),01242500,019344,N,,,,
100,19298,Barthin (217),बरठीं (217),Jhanduta(Sub-District) / Bilaspur(District) / Himachal Pradesh(State),01237900,019298,N,,,,
101,19475,Basandwari (154),बसन्दवाड़ी (154),Jhanduta(Sub-District) / Bilaspur(District) / Himachal Pradesh(State),01255600,019475,N,,,,
102,19524,Bassa (354),वासा (354),Naina Devi(Sub-District) / Bilaspur(District) / Himachal Pradesh(State),01260500,019524,N,,,,
103,19545,Bassi (381),बस्सी (381),Naina Devi(Sub-District) / Bilaspur(District) / Himachal Pradesh(State),01262600,019545,N,,,,
104,19866,Bathoh (53),बठोह (53),Namhol(Sub-District) / Bilaspur(District) / Himachal Pradesh(State),01288200,019866,N,eSignGOFile662648_30_04_2025_15_25_38.pdf,,,
105,19741,Bauhat (114),बौहट (114),Bilaspur Sadar(Sub-District) / Bilaspur(District) / Himachal Pradesh(State),01282200,019741,N,,,,
106,19165,Bauni Dhalyani (320),बौणी ढलयाणी (320),Bharari(Sub-District) / Bilaspur(District) / Himachal Pradesh(State),01203900,019165,N,,,,
107,19483,Bedla (177),बेङला (177),Jhanduta(Sub-District) / Bilaspur(District) / Himachal Pradesh(State),01256400,019483,N,,,,
108,19599,Behal (335),बैहल (335),Naina Devi(Sub-District) / Bilaspur(District) / Himachal Pradesh(State),01268000,019599,N,,,,
109,19435,Behal (62),बैहल (62),Kalol(Sub-District) / Bilaspur(District) / Himachal Pradesh(State),01251600,019435,N,,,,
110,19051,Behal Nawanny (504),वैहल नवाणे (504),Ghumarwin(Sub-District) / Bilaspur(District) / Himachal Pradesh(State),01223400,019051,N,,,,
111,19519,Beharda (359),बेहरडा (359),Naina Devi(Sub-District) / Bilaspur(District) / Himachal Pradesh(State),01260000,019519,N,,,,
112,19486,Behlag (169),बैहलग (169),Jhanduta(Sub-District) / Bilaspur(District) / Himachal Pradesh(State),01256700,019486,N,,,,
113,19335,Behnan Brahmna (120),बैहना ब्राह्मणा (120),Jhanduta(Sub-District) / Bilaspur(District) / Himachal Pradesh(State),01241600,019335,N,,,,
114,19332,Behran (121),बैहरन (121),Jhanduta(Sub-District) / Bilaspur(District) / Himachal Pradesh(State),01241300,019332,N,,,,
115,19688,Benla Brahmana (157),बेनला ब्राह्मणा  (157),Bilaspur Sadar(Sub-District) / Bilaspur(District) / Himachal Pradesh(State),01276900,019688,N,,,,
116,19482,Beri Darola (179),बैरी दडोलां (179),Jhanduta(Sub-District) / Bilaspur(District) / Himachal Pradesh(State),01256300,019482,N,,,,
117,19725,Beri Rjadiyan (141),बेरी रजादयां (141),Bilaspur Sadar(Sub-District) / Bilaspur(District) / Himachal Pradesh(State),01280600,019725,N,,,,
118,19345,Berri Mian (192),बैरी मियां (192),Jhanduta(Sub-District) / Bilaspur(District) / Himachal Pradesh(State),01242600,019345,N,,,,
119,19004,Bhabba (399),भब्बा (399),Ghumarwin(Sub-District) / Bilaspur(District) / Himachal Pradesh(State),01218700,019004,N,,,,
120,19370,Bhadol (131),भदोल (131),Jhanduta(Sub-District) / Bilaspur(District) / Himachal Pradesh(State),01245100,019370,N,,,,
121,19443,Bhadol (68),भदोल (68),Kalol(Sub-District) / Bilaspur(District) / Himachal Pradesh(State),01252400,019443,N,,,,
122,19053,Bhadraun (502),भदरौण (502),Ghumarwin(Sub-District) / Bilaspur(District) / Himachal Pradesh(State),01223600,019053,N,,,,
123,18959,Bhadrog (383),भदरोग (383),Ghumarwin(Sub-District) / Bilaspur(District) / Himachal Pradesh(State),01212400,018959,N,,,,
124,19177,Bhagarwan (270),भगडवाण (270),Bharari(Sub-District) / Bilaspur(District) / Himachal Pradesh(State),01205100,019177,N,,,,
125,19243,Bhagatpur (28),भगतपुर (28),Jhanduta(Sub-District) / Bilaspur(District) / Himachal Pradesh(State),01232400,019243,N,,,,
126,19096,Bhager (465),भगेड़ (465),Ghumarwin(Sub-District) / Bilaspur(District) / Himachal Pradesh(State),01227900,019096,N,,,,
127,19674,Bhaghadi (148),बघड़ीं (148),Bilaspur Sadar(Sub-District) / Bilaspur(District) / Himachal Pradesh(State),01275500,019674,N,,,,
128,18910,Bhagot (358),भगोट (358),Ghumarwin(Sub-District) / Bilaspur(District) / Himachal Pradesh(State),01203100,018910,N,,,,
129,19074,Bhagout (484),भगोट (484),Ghumarwin(Sub-District) / Bilaspur(District) / Himachal Pradesh(State),01225700,019074,N,,,,
130,18908,Bhagwani (527),भगवाणी (527),Ghumarwin(Sub-District) / Bilaspur(District) / Himachal Pradesh(State),01202900,018908,N,,,,
131,19706,Bhajhwal (177),भजवाल (177),Bilaspur Sadar(Sub-District) / Bilaspur(District) / Himachal Pradesh(State),01278700,019706,N,,,,
132,19923,Bhajun (247),भजू़ण (247),Namhol(Sub-District) / Bilaspur(District) / Himachal Pradesh(State),01299900,019923,N,eSignGOFile662648_30_04_2025_15_26_34.pdf,,,
133,19103,Bhajwani (194),भजवा़णी (194),Ghumarwin(Sub-District) / Bilaspur(District) / Himachal Pradesh(State),01228600,019103,N,,,,
134,19556,Bhakhra (413),भाखड़ा (413),Naina Devi(Sub-District) / Bilaspur(District) / Himachal Pradesh(State),01263700,019556,N,,,,
135,19427,Bhaliar (54),भल्यार (54),Kalol(Sub-District) / Bilaspur(District) / Himachal Pradesh(State),01250800,019427,N,,,,
136,19294,Bhallu (222),भल्लू (222),Jhanduta(Sub-District) / Bilaspur(District) / Himachal Pradesh(State),01237500,019294,N,,,,
137,19813,Bhal Pothar (276),बल्हपोथर (276),Bilaspur Sadar(Sub-District) / Bilaspur(District) / Himachal Pradesh(State),01297500,019813,N,,,,
138,19919,Bhalwad (38),बलवाड (38),Namhol(Sub-District) / Bilaspur(District) / Himachal Pradesh(State),01293700,019919,N,eSignGOFile662648_30_04_2025_15_29_09.pdf,,,
139,19920,Bhandoh (37),भंदोह (37),Namhol(Sub-District) / Bilaspur(District) / Himachal Pradesh(State),01293800,019920,N,eSignGOFile662648_30_04_2025_15_29_09.pdf,,,
140,19868,Bhandokhar (87),भंडोखर (87),Namhol(Sub-District) / Bilaspur(District) / Himachal Pradesh(State),01288400,019868,N,eSignGOFile662648_30_04_2025_15_24_19.pdf,,,
141,19691,Bhandwar (164),भन्दवाड़ (164),Bilaspur Sadar(Sub-District) / Bilaspur(District) / Himachal Pradesh(State),01277200,019691,N,,,,
142,19065,Bhanglera (498),भगंलेडा (498),Ghumarwin(Sub-District) / Bilaspur(District) / Himachal Pradesh(State),01224800,019065,N,,,,
143,19189,Bhapral (317),भपराल (317),Bharari(Sub-District) / Bilaspur(District) / Himachal Pradesh(State),01206300,019189,N,,,,
144,19150,Bharadwan (280),भरड़वाण (280),Bharari(Sub-District) / Bilaspur(District) / Himachal Pradesh(State),01200300,019150,N,,,,
145,19794,Bharari (227),भराड़ी (227),Bilaspur Sadar(Sub-District) / Bilaspur(District) / Himachal Pradesh(State),01295600,019794,N,,,,
146,19677,Bharathu (149),भराथू (149),Bilaspur Sadar(Sub-District) / Bilaspur(District) / Himachal Pradesh(State),01275800,019677,N,,,,
147,19038,Bhareri (509),भरेड़ी (509),Ghumarwin(Sub-District) / Bilaspur(District) / Himachal Pradesh(State),01222100,019038,N,,,,
148,19845,Bhareter (98),भडेतर (98),Namhol(Sub-District) / Bilaspur(District) / Himachal Pradesh(State),01286100,019845,N,eSignGOFile662648_30_04_2025_16_19_45.pdf,,,
149,19057,Bharol (513),भडोल (513),Ghumarwin(Sub-District) / Bilaspur(District) / Himachal Pradesh(State),01224000,019057,N,,,,
150,19903,Bharoli (40),भड़ोली (40),Namhol(Sub-District) / Bilaspur(District) / Himachal Pradesh(State),01291900,019903,N,eSignGOFile662648_30_04_2025_15_33_47.pdf,,,
151,19378,Bharoli Kalan (110),भडोली कलाँ (110),Kalol(Sub-District) / Bilaspur(District) / Himachal Pradesh(State),01245900,019378,N,,,,
152,19277,Bharoli Khurd (112),भडोली खुर्द (112),Kalol(Sub-District) / Bilaspur(District) / Himachal Pradesh(State),01235800,019277,N,,,,
153,19596,Bharsara (337),भारसड़ा (337),Naina Devi(Sub-District) / Bilaspur(District) / Himachal Pradesh(State),01267700,019596,N,,,,
154,19765,Bhartpur (204),भरतपुर (204),Bilaspur Sadar(Sub-District) / Bilaspur(District) / Himachal Pradesh(State),01284600,019765,N,,,,
155,19301,Bhatauli (226),भटोली (226),Jhanduta(Sub-District) / Bilaspur(District) / Himachal Pradesh(State),01238200,019301,N,,,,
156,19732,Bhatehr Uparli (129),भटेड़ उपरली (129),Bilaspur Sadar(Sub-District) / Bilaspur(District) / Himachal Pradesh(State),01281300,019732,N,,,,
157,19495,Bhater (165),भटेड (165),Jhanduta(Sub-District) / Bilaspur(District) / Himachal Pradesh(State),01257600,019495,N,,,,
158,19657,Bhater (297),भटेड़ (297),Naina Devi(Sub-District) / Bilaspur(District) / Himachal Pradesh(State),01273800,019657,N,,,,
159,19197,Bhater (298),भटेड़ (298),Bharari(Sub-District) / Bilaspur(District) / Himachal Pradesh(State),01207100,019197,N,,,,
160,19572,Bhater (398),भटेड़ (398),Naina Devi(Sub-District) / Bilaspur(District) / Himachal Pradesh(State),01265300,019572,N,,,,
161,19278,Bhater Falan (113),भटेड फाला (113),Kalol(Sub-District) / Bilaspur(District) / Himachal Pradesh(State),01235900,019278,N,,,,
162,19269,Bhater Kundo (36),भटे़ड़ कुन्दो (36),Kalol(Sub-District) / Bilaspur(District) / Himachal Pradesh(State),01235000,019269,N,,,,
163,19673,Bhater Nichli (154),भटेड़ निचली (154),Bilaspur Sadar(Sub-District) / Bilaspur(District) / Himachal Pradesh(State),01275400,019673,N,,,,
164,18919,Bhatoli (376),भटोली (376),Ghumarwin(Sub-District) / Bilaspur(District) / Himachal Pradesh(State),01208400,018919,N,,,,
165,19904,Bhatoli (41),भटोली (41),Namhol(Sub-District) / Bilaspur(District) / Himachal Pradesh(State),01292000,019904,N,eSignGOFile662648_30_04_2025_15_33_47.pdf,,,
166,19133,Bhatwara (326),भटवाड़ा (326),Bharari(Sub-District) / Bilaspur(District) / Himachal Pradesh(State),01198600,019133,N,,,,
167,18913,Bhawana (354),भवाणा (354),Ghumarwin(Sub-District) / Bilaspur(District) / Himachal Pradesh(State),01203400,018913,N,,,,
168,19210,Bhel (264),भेल (264),Bharari(Sub-District) / Bilaspur(District) / Himachal Pradesh(State),01213100,019210,N,,,,
169,18927,Bhel (357),भेल (357),Ghumarwin(Sub-District) / Bilaspur(District) / Himachal Pradesh(State),01209200,018927,N,,,,
170,19642,Bheri (412),भेडी (412),Naina Devi(Sub-District) / Bilaspur(District) / Himachal Pradesh(State),01272300,019642,N,,,,
171,19894,Bhojpur (84),भोजपुर (84),Namhol(Sub-District) / Bilaspur(District) / Himachal Pradesh(State),01291000,019894,N,eSignGOFile662648_30_04_2025_15_28_19.pdf,,,
172,19854,Bholi (51),भोली (51),Namhol(Sub-District) / Bilaspur(District) / Himachal Pradesh(State),01287000,019854,N,eSignGOFile662648_30_04_2025_15_25_38.pdf,,,
173,19630,Bhulan (313),भुलाण (313),Naina Devi(Sub-District) / Bilaspur(District) / Himachal Pradesh(State),01271100,019630,N,,,,
174,19036,Bhulsway (515),भुलस्वाय (515),Ghumarwin(Sub-District) / Bilaspur(District) / Himachal Pradesh(State),01221900,019036,N,,,,
175,18923,Bhundal (368),भून्दल (368),Ghumarwin(Sub-District) / Bilaspur(District) / Himachal Pradesh(State),01208800,018923,N,,,,
176,19608,Bhuwai (326),भुवाई (326),Naina Devi(Sub-District) / Bilaspur(District) / Himachal Pradesh(State),01268900,019608,N,,,,
177,937827,Bilaspur Jere Aab (210/3),बिलासपुर जेरेआब (210/3),Bilaspur Sadar(Sub-District) / Bilaspur(District) / Himachal Pradesh(State),,000000,N,,,,
178,19653,Bohlu (301),बोहलू (301),Naina Devi(Sub-District) / Bilaspur(District) / Himachal Pradesh(State),01273400,019653,N,,,,
179,19389,Bohrwin (40),बोहड़वीं (40),Kalol(Sub-District) / Bilaspur(District) / Himachal Pradesh(State),01247000,019389,N,,,,
180,19248,Boungri (29),बौंग़ड़ी (29),Kalol(Sub-District) / Bilaspur(District) / Himachal Pradesh(State),01232900,019248,N,,,,
181,19233,Brahmani Kalan (24),ब्राह्मणी कलाँ (24),Kalol(Sub-District) / Bilaspur(District) / Himachal Pradesh(State),01231400,019233,N,,,,
182,19234,Brahmani Khurd (25),ब्राह्मणी खुर्द (25),Kalol(Sub-District) / Bilaspur(District) / Himachal Pradesh(State),01231500,019234,N,,,,
183,19411,Buhar (71),बुहाड़ (71),Kalol(Sub-District) / Bilaspur(District) / Himachal Pradesh(State),01249200,019411,N,,,,
184,19159,Bum (343),बम (343),Bharari(Sub-District) / Bilaspur(District) / Himachal Pradesh(State),01201200,019159,N,,,,
185,19864,Bungar (54),बुंगाड़ (54),Namhol(Sub-District) / Bilaspur(District) / Himachal Pradesh(State),01288000,019864,N,eSignGOFile662648_30_04_2025_15_25_38.pdf,,,
186,19876,Chadahu (73),चडांहू (73),Namhol(Sub-District) / Bilaspur(District) / Himachal Pradesh(State),01289200,019876,N,eSignGOFile662648_30_04_2025_15_36_54.pdf,,,
187,19834,Chadhan (256),चढन (256),Bilaspur Sadar(Sub-District) / Bilaspur(District) / Himachal Pradesh(State),01299600,019834,N,,,,
188,19812,Chaihri (277),चैहड़ी (277),Bilaspur Sadar(Sub-District) / Bilaspur(District) / Himachal Pradesh(State),01297400,019812,N,,,,
189,19694,Chakli (160),चकली (160),Bilaspur Sadar(Sub-District) / Bilaspur(District) / Himachal Pradesh(State),01277500,019694,N,,,,
190,19191,Chakrana (315),चकरा़णा (315),Bharari(Sub-District) / Bilaspur(District) / Himachal Pradesh(State),01206500,019191,N,,,,
191,19034,Chalag (525),चलग (525),Ghumarwin(Sub-District) / Bilaspur(District) / Himachal Pradesh(State),01221700,019034,N,,,,
192,19835,Chalaili (238),चलैली (238),Bilaspur Sadar(Sub-District) / Bilaspur(District) / Himachal Pradesh(State),01300100,019835,N,,,,
193,19456,Chalawa (80),चलावा (80),Kalol(Sub-District) / Bilaspur(District) / Himachal Pradesh(State),01253700,019456,N,,,,
194,19079,Chalehli (493),चलैहली (493),Ghumarwin(Sub-District) / Bilaspur(District) / Himachal Pradesh(State),01226200,019079,N,,,,
195,19587,Chalela (345/1),चलेला (345/1),Naina Devi(Sub-District) / Bilaspur(District) / Himachal Pradesh(State),01266800,019587,N,,,,
196,19509,Chamarda (370),चमारङा (370),Naina Devi(Sub-District) / Bilaspur(District) / Himachal Pradesh(State),01259000,019509,N,,,,
197,19872,Chambi (77),च़ाम्बी (77),Namhol(Sub-District) / Bilaspur(District) / Himachal Pradesh(State),01288800,019872,N,eSignGOFile662648_30_04_2025_15_36_54.pdf,,,
198,19754,Chamlog (111),चमलोग (111),Bilaspur Sadar(Sub-District) / Bilaspur(District) / Himachal Pradesh(State),01283500,019754,N,,,,
199,19884,Chamyara (83),चम्यारा (83),Namhol(Sub-District) / Bilaspur(District) / Himachal Pradesh(State),01290000,019884,N,eSignGOFile662648_30_04_2025_15_28_19.pdf,,,
200,19739,Chamyon (115),चमयोण (115),Bilaspur Sadar(Sub-District) / Bilaspur(District) / Himachal Pradesh(State),01282000,019739,N,,,,
201,19704,Chandpur (165),चान्दपुर (165),Bilaspur Sadar(Sub-District) / Bilaspur(District) / Himachal Pradesh(State),01278500,019704,N,,,,
202,19883,Chandpur (82),चाँदपुर (82),Namhol(Sub-District) / Bilaspur(District) / Himachal Pradesh(State),01289900,019883,N,eSignGOFile662648_30_04_2025_15_36_54.pdf,,,
203,19270,Changar Misran (37),चंगर मिसरां (37),Kalol(Sub-District) / Bilaspur(District) / Himachal Pradesh(State),01235100,019270,N,,,,
204,19798,Changar Palasiyan (231),चंगर पलासियाँ (231),Bilaspur Sadar(Sub-District) / Bilaspur(District) / Himachal Pradesh(State),01296000,019798,N,,,,
205,19510,Changar Tarsooh (367),च़ंगर तरसूह (367),Naina Devi(Sub-District) / Bilaspur(District) / Himachal Pradesh(State),01259100,019510,N,,,,
206,937805,Changer Talai (7),चंगर तलाई (7),Jhanduta(Sub-District) / Bilaspur(District) / Himachal Pradesh(State),,000000,N,,,,
207,19145,Chanjeen (278),चजींण (278),Bharari(Sub-District) / Bilaspur(District) / Himachal Pradesh(State),01199800,019145,N,,,,
208,19892,Chanjota (62),चन्जोटा (62),Namhol(Sub-District) / Bilaspur(District) / Himachal Pradesh(State),01290800,019892,N,,,,
209,19404,Chanjoti (82),छन्जोटी (82),Kalol(Sub-District) / Bilaspur(District) / Himachal Pradesh(State),01248500,019404,N,,,,
210,19497,Chauki (163),चौकी (163),Jhanduta(Sub-District) / Bilaspur(District) / Himachal Pradesh(State),01257800,019497,N,,,,
211,19253,Chaunta (33),चौंता (33),Kalol(Sub-District) / Bilaspur(District) / Himachal Pradesh(State),01233400,019253,N,,,,
212,18993,Chehri (393),चैहडी (393),Ghumarwin(Sub-District) / Bilaspur(District) / Himachal Pradesh(State),01217600,018993,N,,,,
213,19667,Cheli (282),चेली (282),Naina Devi(Sub-District) / Bilaspur(District) / Himachal Pradesh(State),01274800,019667,N,,,,
214,19176,Chhajoli (271),छजोली (271),Bharari(Sub-District) / Bilaspur(District) / Himachal Pradesh(State),01205000,019176,N,,,,
215,19121,Chhajwala (491),छजवाला (491),Ghumarwin(Sub-District) / Bilaspur(District) / Himachal Pradesh(State),01230400,019121,N,,,,
216,19879,Chhakoh (70),छकोह (70),Namhol(Sub-District) / Bilaspur(District) / Himachal Pradesh(State),01289500,019879,N,eSignGOFile662648_30_04_2025_15_36_54.pdf,,,
217,19613,Chhamb Bhujan (323),छम्ब भुजान (323),Naina Devi(Sub-District) / Bilaspur(District) / Himachal Pradesh(State),01269400,019613,N,,,,
218,19224,Chhandoh (262),छन्दोह (262),Bharari(Sub-District) / Bilaspur(District) / Himachal Pradesh(State),01215300,019224,N,,,,
219,18978,Chhanjiar (388),छंजियार (388),Ghumarwin(Sub-District) / Bilaspur(District) / Himachal Pradesh(State),01216100,018978,N,,,,
220,18902,Chhaproh (531),छपरोह (531),Ghumarwin(Sub-District) / Bilaspur(District) / Himachal Pradesh(State),01202300,018902,N,,,,
221,18925,Chharal (367),छाडल (367),Ghumarwin(Sub-District) / Bilaspur(District) / Himachal Pradesh(State),01209000,018925,N,,,,
222,19817,Chharol (278),छड़ोल (278),Bilaspur Sadar(Sub-District) / Bilaspur(District) / Himachal Pradesh(State),01297900,019817,N,,,,
223,19679,Chharol Jattan (139),छ़ड़ोल जट्टां (139),Bilaspur Sadar(Sub-District) / Bilaspur(District) / Himachal Pradesh(State),01276000,019679,N,,,,
224,19726,Chharol Rajadiyan (142),छड़ोल रजादयां (142),Bilaspur Sadar(Sub-District) / Bilaspur(District) / Himachal Pradesh(State),01280700,019726,N,,,,
225,19496,Chhat (161),छत (161),Jhanduta(Sub-District) / Bilaspur(District) / Himachal Pradesh(State),01257700,019496,N,,,,
226,18985,Chhat (236),छत (236),Ghumarwin(Sub-District) / Bilaspur(District) / Himachal Pradesh(State),01216800,018985,N,,,,
227,19013,Chhibrin (448),छिवरी (448),Ghumarwin(Sub-District) / Bilaspur(District) / Himachal Pradesh(State),01219600,019013,N,,,,
228,19140,Chhiyavi (332),छियावी  (332),Bharari(Sub-District) / Bilaspur(District) / Himachal Pradesh(State),01199300,019140,N,,,,
229,19865,Chilag (57),चिलग (57),Namhol(Sub-District) / Bilaspur(District) / Himachal Pradesh(State),01288100,019865,N,eSignGOFile662648_30_04_2025_15_25_38.pdf,,,
230,19573,Chilat (396),चिलट (396),Naina Devi(Sub-District) / Bilaspur(District) / Himachal Pradesh(State),01265400,019573,N,,,,
231,19815,Chilla (263),चिल्ला (263),Bilaspur Sadar(Sub-District) / Bilaspur(District) / Himachal Pradesh(State),01297700,019815,N,,,,
232,19468,Chohal (146),चोहल (146),Jhanduta(Sub-District) / Bilaspur(District) / Himachal Pradesh(State),01254900,019468,N,,,,
233,19222,Chokhna (253),चोखना (253),Bharari(Sub-District) / Bilaspur(District) / Himachal Pradesh(State),01214400,019222,N,,,,
234,19202,Chudhani (306),चुढाणी  (306),Bharari(Sub-District) / Bilaspur(District) / Himachal Pradesh(State),01207600,019202,N,,,,
235,19052,Churari (503),चुराड़ी (503),Ghumarwin(Sub-District) / Bilaspur(District) / Himachal Pradesh(State),01223500,019052,N,,,,
236,19014,Chuwadi (455),चवाड़ी (455),Ghumarwin(Sub-District) / Bilaspur(District) / Himachal Pradesh(State),01219700,019014,N,,,,
237,19662,Chyota (284),चयोटा (284),Naina Devi(Sub-District) / Bilaspur(District) / Himachal Pradesh(State),01274300,019662,N,,,,
238,19932,Dabar (4),डावर (4),Namhol(Sub-District) / Bilaspur(District) / Himachal Pradesh(State),01301300,019932,N,,,,
239,19856,Dabar (55),डाबर,Namhol(Sub-District) / Bilaspur(District) / Himachal Pradesh(State),01287200,019856,N,eSignGOFile662648_30_04_2025_15_34_35.pdf,,,
240,19517,Dabat Majari (361),दवट मंजारी (361),Naina Devi(Sub-District) / Bilaspur(District) / Himachal Pradesh(State),01259800,019517,N,,,,
241,19620,Dabheta (316),दभेटा (316),Naina Devi(Sub-District) / Bilaspur(District) / Himachal Pradesh(State),01270100,019620,N,,,,
242,18944,Dabhla (415),द़ाभला (415),Ghumarwin(Sub-District) / Bilaspur(District) / Himachal Pradesh(State),01210900,018944,N,,,,
243,19914,Dadhog (25),डढोग (25),Namhol(Sub-District) / Bilaspur(District) / Himachal Pradesh(State),01293200,019914,N,eSignGOFile662648_30_04_2025_15_29_09.pdf,,,
244,19819,Dadhog (260),डडोग (260),Bilaspur Sadar(Sub-District) / Bilaspur(District) / Himachal Pradesh(State),01298100,019819,N,,,,
245,19208,Dadhol Kalan (265),दधोल कलाँ  (265),Bharari(Sub-District) / Bilaspur(District) / Himachal Pradesh(State),01212900,019208,N,,,,
246,19209,Dadhol Khurd (266),दधोल खुर्द  (266),Bharari(Sub-District) / Bilaspur(District) / Himachal Pradesh(State),01213000,019209,N,,,,
247,19542,Dadoh (384),डडोह (384),Naina Devi(Sub-District) / Bilaspur(District) / Himachal Pradesh(State),01262300,019542,N,,,,
248,19619,Dadrana (317),डडराना (317),Naina Devi(Sub-District) / Bilaspur(District) / Himachal Pradesh(State),01270000,019619,N,,,,
249,19618,Dadwal (319),डडवाल (319),Naina Devi(Sub-District) / Bilaspur(District) / Himachal Pradesh(State),01269900,019618,N,,,,
250,19338,Dafer (125),डफेऱ (125),Jhanduta(Sub-District) / Bilaspur(District) / Himachal Pradesh(State),01241900,019338,N,,,,
251,19655,Dagrahan (299),दगड़ाहण (299),Naina Devi(Sub-District) / Bilaspur(District) / Himachal Pradesh(State),01273600,019655,N,,,,
252,19946,Dagsech (30),दगसेच (30),Namhol(Sub-District) / Bilaspur(District) / Himachal Pradesh(State),01302700,019946,N,,,,
253,19359,Dahad (126),डाहड़ (126),Jhanduta(Sub-District) / Bilaspur(District) / Himachal Pradesh(State),01244000,019359,N,,,,
254,19220,Dakhiut Nichla (255),दख्यूत निचला  (255),Bharari(Sub-District) / Bilaspur(District) / Himachal Pradesh(State),01214100,019220,N,,,,
255,19219,Dakhiut Uperla (254),दख्यूत उपरला (254),Bharari(Sub-District) / Bilaspur(District) / Himachal Pradesh(State),01214000,019219,N,,,,
256,19016,Dakri Gramin (454),दकड़ी ग्रामीण (454),Ghumarwin(Sub-District) / Bilaspur(District) / Himachal Pradesh(State),01219900,019016,N,,,,
257,19115,Dakri Shahri (454-1),दकड़ी शहरी (454/1),Ghumarwin(Sub-District) / Bilaspur(District) / Himachal Pradesh(State),01229800,019115,N,,,,
258,19685,Dali (152),दली (152),Bilaspur Sadar(Sub-District) / Bilaspur(District) / Himachal Pradesh(State),01276600,019685,N,,,,
259,19716,Dalta (109),दालटा (109),Bilaspur Sadar(Sub-District) / Bilaspur(District) / Himachal Pradesh(State),01279700,019716,N,,,,
260,19169,Damehr (287),डमैहर (287),Bharari(Sub-District) / Bilaspur(District) / Himachal Pradesh(State),01204300,019169,N,,,,
261,19173,Damehra (288),दमे़हड़ा (288),Bharari(Sub-District) / Bilaspur(District) / Himachal Pradesh(State),01204700,019173,N,,,,
262,19487,Damli (164),डमली (164),Jhanduta(Sub-District) / Bilaspur(District) / Himachal Pradesh(State),01256800,019487,N,,,,
263,19216,Dangar (256),डन्गार (256),Bharari(Sub-District) / Bilaspur(District) / Himachal Pradesh(State),01213700,019216,N,,,,
264,19206,Darahal (304),द्राहल (304),Bharari(Sub-District) / Bilaspur(District) / Himachal Pradesh(State),01208000,019206,N,,,,
265,18943,Dari (417),दाड़ी (417),Ghumarwin(Sub-District) / Bilaspur(District) / Himachal Pradesh(State),01210800,018943,N,,,,
266,19100,Dariana (458),दड़या़ना (458),Ghumarwin(Sub-District) / Bilaspur(District) / Himachal Pradesh(State),01228300,019100,N,,,,
267,19444,Daroh (67),डरोह (67),Kalol(Sub-District) / Bilaspur(District) / Himachal Pradesh(State),01252500,019444,N,,,,
268,19060,Darola (501),दरोला (501),Ghumarwin(Sub-District) / Bilaspur(District) / Himachal Pradesh(State),01224300,019060,N,,,,
269,19724,Dasgaon (143),दसगाँव (143),Bilaspur Sadar(Sub-District) / Bilaspur(District) / Himachal Pradesh(State),01280500,019724,N,,,,
270,19285,Daslehra (19),दसलेहड़ा (19),Jhanduta(Sub-District) / Bilaspur(District) / Himachal Pradesh(State),01236600,019285,N,,,,
271,19851,Dauhar (104),दौहड़ (104),Namhol(Sub-District) / Bilaspur(District) / Himachal Pradesh(State),01286700,019851,N,eSignGOFile662648_30_04_2025_15_30_42.pdf,,,
272,19139,Deepar (344),दीप़र (344),Bharari(Sub-District) / Bilaspur(District) / Himachal Pradesh(State),01199200,019139,N,,,,
273,19458,Dehan (136),डेहण (136),Jhanduta(Sub-District) / Bilaspur(District) / Himachal Pradesh(State),01253900,019458,N,,,,
274,19511,Dehan (366),डैहण (366),Naina Devi(Sub-District) / Bilaspur(District) / Himachal Pradesh(State),01259200,019511,N,,,,
275,19360,Dehlwin (127),देहलवीं (127),Jhanduta(Sub-District) / Bilaspur(District) / Himachal Pradesh(State),01244100,019360,N,,,,
276,19200,Dehlwin (307),देहलवीं (307),Bharari(Sub-District) / Bilaspur(District) / Himachal Pradesh(State),01207400,019200,N,,,,
277,19672,Delag (155),देलग (155),Bilaspur Sadar(Sub-District) / Bilaspur(District) / Himachal Pradesh(State),01275300,019672,N,,,,
278,19715,Deoli (108),देवली (108),Bilaspur Sadar(Sub-District) / Bilaspur(District) / Himachal Pradesh(State),01279600,019715,N,,,,
279,19921,Deoth (241),दयोथ (241),Namhol(Sub-District) / Bilaspur(District) / Himachal Pradesh(State),01299700,019921,N,eSignGOFile662648_30_04_2025_15_26_34.pdf,,,
280,19737,Devla Chhamb (117),देवला छम्भ (117),Bilaspur Sadar(Sub-District) / Bilaspur(District) / Himachal Pradesh(State),01281800,019737,N,,,,
281,19853,Dhadas (49),ढाडस (49),Namhol(Sub-District) / Bilaspur(District) / Himachal Pradesh(State),01286900,019853,N,eSignGOFile662648_30_04_2025_15_30_42.pdf,,,
282,19647,Dhaki (402),ढाकी (402),Naina Devi(Sub-District) / Bilaspur(District) / Himachal Pradesh(State),01272800,019647,N,,,,
283,19548,Dhalet (377),धलेत (377),Naina Devi(Sub-District) / Bilaspur(District) / Himachal Pradesh(State),01262900,019548,N,,,,
284,19803,Dhaliar (271),ढलियार (271),Bilaspur Sadar(Sub-District) / Bilaspur(District) / Himachal Pradesh(State),01296500,019803,N,,,,
285,18966,Dhaloh (250),ढलोह (250),Ghumarwin(Sub-District) / Bilaspur(District) / Himachal Pradesh(State),01214700,018966,N,,,,
286,19769,Dhamna (196),धमणा (196),Bilaspur Sadar(Sub-District) / Bilaspur(District) / Himachal Pradesh(State),01285000,019769,N,,,,
287,19908,Dhamthal (42),धमथल (42),Namhol(Sub-District) / Bilaspur(District) / Himachal Pradesh(State),01292600,019908,N,eSignGOFile662648_30_04_2025_15_27_31.pdf,,,
288,19436,Dhanar (60),धन्नङ (60),Kalol(Sub-District) / Bilaspur(District) / Himachal Pradesh(State),01251700,019436,N,,,,
289,19246,Dhangu Baongri (30/1- 29/2),ढांगू बौंगडी (30/1 29/2),Kalol(Sub-District) / Bilaspur(District) / Himachal Pradesh(State),01232700,019246,N,,,,
290,19420,Dhani (48),धनी (48),Kalol(Sub-District) / Bilaspur(District) / Himachal Pradesh(State),01250100,019420,N,,,,
291,19419,Dhanola (47),धनौला (47),Kalol(Sub-District) / Bilaspur(District) / Himachal Pradesh(State),01250000,019419,N,,,,
292,19659,Dhansway (295),धनसवाई (295),Naina Devi(Sub-District) / Bilaspur(District) / Himachal Pradesh(State),01274000,019659,N,,,,
293,19490,Dhanthar (170),धनत्थर (170),Jhanduta(Sub-District) / Bilaspur(District) / Himachal Pradesh(State),01257100,019490,N,,,,
294,19744,Dhaoun Kothi (120),धौन कोठी (120),Bilaspur Sadar(Sub-District) / Bilaspur(District) / Himachal Pradesh(State),01282500,019744,N,,,,
295,19604,Dhar (333),धार (333),Naina Devi(Sub-District) / Bilaspur(District) / Himachal Pradesh(State),01268500,019604,N,,,,
296,19324,Dharad (117),धराड़ (117),Jhanduta(Sub-District) / Bilaspur(District) / Himachal Pradesh(State),01240500,019324,N,,,,
297,19068,Dharat (485),धाड़त (485),Ghumarwin(Sub-District) / Bilaspur(District) / Himachal Pradesh(State),01225100,019068,N,,,,
298,18915,Dharbara (353),धारवाड़ा (353),Ghumarwin(Sub-District) / Bilaspur(District) / Himachal Pradesh(State),01203600,018915,N,,,,
299,19621,Dhar Bhartha (315),धार भरथा (315),Naina Devi(Sub-District) / Bilaspur(District) / Himachal Pradesh(State),01270200,019621,N,,,,
300,19664,Dhar Bindryan (290),धार बिंदडयां (290),Naina Devi(Sub-District) / Bilaspur(District) / Himachal Pradesh(State),01274500,019664,N,,,,
301,19030,Dharera (427),धरेड़ा (427),Ghumarwin(Sub-District) / Bilaspur(District) / Himachal Pradesh(State),01221300,019030,N,,,,
302,19471,Dhari-Bhari (149),दाडी भाडी (149),Jhanduta(Sub-District) / Bilaspur(District) / Himachal Pradesh(State),01255200,019471,N,,,,
303,19633,Dhar Kansi (292),धार कांसी (292),Naina Devi(Sub-District) / Bilaspur(District) / Himachal Pradesh(State),01271400,019633,N,,,,
304,19532,Dharot (348),धरोट (348),Naina Devi(Sub-District) / Bilaspur(District) / Himachal Pradesh(State),01261300,019532,N,,,,
305,19316,Dharoti (214),धरोटी (214),Jhanduta(Sub-District) / Bilaspur(District) / Himachal Pradesh(State),01239700,019316,N,,,,
306,19504,Dhar Pachhingal (373),धार पंछिगल (373),Naina Devi(Sub-District) / Bilaspur(District) / Himachal Pradesh(State),01258500,019504,N,,,,
307,19751,Dhar Tatoh (112),धार टटोह (112),Bilaspur Sadar(Sub-District) / Bilaspur(District) / Himachal Pradesh(State),01283200,019751,N,,,,
308,19402,Dholag Chaknar (42),ढोलग चकनाड (42),Kalol(Sub-District) / Bilaspur(District) / Himachal Pradesh(State),01248300,019402,N,,,,
309,19696,Dhola Rajadyan (171),दोहला रजादयां (171),Bilaspur Sadar(Sub-District) / Bilaspur(District) / Himachal Pradesh(State),01277700,019696,N,,,,
310,19501,Dhrarsani (159),धराडसानी (159),Jhanduta(Sub-District) / Bilaspur(District) / Himachal Pradesh(State),01258200,019501,N,,,,
311,19467,Dibru (145),डिबरू (145),Jhanduta(Sub-District) / Bilaspur(District) / Himachal Pradesh(State),01254800,019467,N,,,,
312,19720,Digar (138),डिगर (138),Bilaspur Sadar(Sub-District) / Bilaspur(District) / Himachal Pradesh(State),01280100,019720,N,,,,
313,19869,Digthali (86),दिगथली (86),Namhol(Sub-District) / Bilaspur(District) / Himachal Pradesh(State),01288500,019869,N,eSignGOFile662648_30_04_2025_15_24_19.pdf,,,
314,18937,Dihar (379),डीहर (379),Ghumarwin(Sub-District) / Bilaspur(District) / Himachal Pradesh(State),01210200,018937,N,,,,
315,19842,Dobha (106),डोभा (106),Namhol(Sub-District) / Bilaspur(District) / Himachal Pradesh(State),01285800,019842,N,eSignGOFile662648_30_04_2025_15_34_35.pdf,,,
316,19452,Dohag (74),डोहग (74),Kalol(Sub-District) / Bilaspur(District) / Himachal Pradesh(State),01253300,019452,N,,,,
317,19226,Dohak (5),डोहक (5),Kalol(Sub-District) / Bilaspur(District) / Himachal Pradesh(State),01230700,019226,N,,,,
318,19697,Dohla Brahmana (170),दोहला ब्राह्म्णा (170),Bilaspur Sadar(Sub-District) / Bilaspur(District) / Himachal Pradesh(State),01277800,019697,N,,,,
319,19212,Dohru (259),डोहरू (259),Bharari(Sub-District) / Bilaspur(District) / Himachal Pradesh(State),01213300,019212,N,,,,
320,19367,Dokru (129),दोकडू (129),Jhanduta(Sub-District) / Bilaspur(District) / Himachal Pradesh(State),01244800,019367,N,,,,
321,19412,Dol (70),डोल (70),Kalol(Sub-District) / Bilaspur(District) / Himachal Pradesh(State),01249300,019412,N,,,,
322,19518,Dolan (360),डोलां (360),Naina Devi(Sub-District) / Bilaspur(District) / Himachal Pradesh(State),01259900,019518,N,,,,
323,19322,Dol Lasawa (220),डोल लसावा (220),Jhanduta(Sub-District) / Bilaspur(District) / Himachal Pradesh(State),01240300,019322,N,,,,
324,19607,Dolra (325),डोलरा (325),Naina Devi(Sub-District) / Bilaspur(District) / Himachal Pradesh(State),01268800,019607,N,,,,
325,19388,D.P.F. Behal (63/1/8),डी. पी. एफ. बैहल (63/1/8),Kalol(Sub-District) / Bilaspur(District) / Himachal Pradesh(State),01246900,019388,N,,,,
326,937804,D.P.F.Changer Tlai,जंगल चंगर तलाई (7/4),Jhanduta(Sub-District) / Bilaspur(District) / Himachal Pradesh(State),,000000,N,,,,
327,19245,D.P.F.Dhangu Boungri (Anti) (29/1),डी.पी.ऎफ.ढांगू बौंगड़ी (अन्ति) (29/1),Kalol(Sub-District) / Bilaspur(District) / Himachal Pradesh(State),01232600,019245,N,,,,
328,19084,Dpf Harlog Palti (475/1/5),DPF हरलोग पालटी (475/1/5),Ghumarwin(Sub-District) / Bilaspur(District) / Himachal Pradesh(State),01226700,019084,N,,,,
329,19415,D.P.F. Jangal Gadyana (43/1),डी. पी. एफ. जंगल गड़याणा (43/1),Kalol(Sub-District) / Bilaspur(District) / Himachal Pradesh(State),01249600,019415,N,,,,
330,19383,D.P.F. Johar Dhyani (63/1 94/3 95/1),डी. पी. एफ. जोहड़ ध्यानी (63/1 94/3 95/1),Kalol(Sub-District) / Bilaspur(District) / Himachal Pradesh(State),01246400,019383,N,,,,
331,19385,D.P.F.Johar Sundari (63/1/6),डी. पी. एफ. जोहड़ सुन्दरी (63/1/6),Kalol(Sub-District) / Bilaspur(District) / Himachal Pradesh(State),01246600,019385,N,,,,
332,19083,Dpf Jol (475/1/4),DPF जोल (475/1/4),Ghumarwin(Sub-District) / Bilaspur(District) / Himachal Pradesh(State),01226600,019083,N,,,,
333,19387,D.P.F.Kojar (63/1/5),डी. पी. एफ. कोजर (63/1/5),Kalol(Sub-District) / Bilaspur(District) / Himachal Pradesh(State),01246800,019387,N,,,,
334,19384,D.P.F.Malraon (63/1/4),डी. पी. एफ. मलराओं (63/1/4),Kalol(Sub-District) / Bilaspur(District) / Himachal Pradesh(State),01246500,019384,N,,,,
335,19086,Dpf Nain Gujran Tihra (475/1/2),DPF नैँण गुजरां टिहरा (475/1/2),Ghumarwin(Sub-District) / Bilaspur(District) / Himachal Pradesh(State),01226900,019086,N,,,,
336,19249,D.P.F. Piungali (29/1 30/2),डी.पी.ऎफ पियूंगली (29/1 30/2),Kalol(Sub-District) / Bilaspur(District) / Himachal Pradesh(State),01233000,019249,N,,,,
337,19085,Dpf Rohin (475/1/3),DPF  रोहिण (475/1/3),Ghumarwin(Sub-District) / Bilaspur(District) / Himachal Pradesh(State),01226800,019085,N,,,,
338,19386,D.P.F. Sarak Johar (63/1/5 94/2),डी. पी. एफ. सड़क जोहड़ (63/1/5 94/2),Kalol(Sub-District) / Bilaspur(District) / Himachal Pradesh(State),01246700,019386,N,,,,
339,19390,Dudiyan (89),डूडियां (89),Kalol(Sub-District) / Bilaspur(District) / Himachal Pradesh(State),01247100,019390,N,,,,
340,19149,Dugahan (286),डुगाहण (286),Bharari(Sub-District) / Bilaspur(District) / Himachal Pradesh(State),01200200,019149,N,,,,
341,19784,Duhak (212),डूहक (212),Bilaspur Sadar(Sub-District) / Bilaspur(District) / Himachal Pradesh(State),01294600,019784,N,,,,
342,19303,Duhak (228),डूहक (228),Jhanduta(Sub-District) / Bilaspur(District) / Himachal Pradesh(State),01238400,019303,N,,,,
343,19026,Duhgali (429),डूहगली (429),Ghumarwin(Sub-District) / Bilaspur(District) / Himachal Pradesh(State),01220900,019026,N,,,,
344,19783,Duhkli (216),डुहकली (216),Bilaspur Sadar(Sub-District) / Bilaspur(District) / Himachal Pradesh(State),01294500,019783,N,,,,
345,18990,Dun (230),डून (230),Ghumarwin(Sub-District) / Bilaspur(District) / Himachal Pradesh(State),01217300,018990,N,,,,
346,19948,Dunglu (26),डु़ंगलू (26),Namhol(Sub-District) / Bilaspur(District) / Himachal Pradesh(State),01302900,019948,N,,,,
347,19408,Durghat (72),दूरघाट (72),Kalol(Sub-District) / Bilaspur(District) / Himachal Pradesh(State),01248900,019408,N,,,,
348,19321,Fagog (221),फगोग (221),Jhanduta(Sub-District) / Bilaspur(District) / Himachal Pradesh(State),01240200,019321,N,,,,
349,19094,Fatoh (447),फटोह (447),Ghumarwin(Sub-District) / Bilaspur(District) / Himachal Pradesh(State),01227700,019094,N,,,,
350,19414,Gadyana (44),गडयाना (44),Kalol(Sub-District) / Bilaspur(District) / Himachal Pradesh(State),01249500,019414,N,,,,
351,19413,Gah (43),गाह (43),Kalol(Sub-District) / Bilaspur(District) / Himachal Pradesh(State),01249400,019413,N,,,,
352,19748,Gahar (124),गाहर (124),Bilaspur Sadar(Sub-District) / Bilaspur(District) / Himachal Pradesh(State),01282900,019748,N,,,,
353,19196,Gahar (310),गाहर (310),Bharari(Sub-District) / Bilaspur(District) / Himachal Pradesh(State),01207000,019196,N,,,,
354,19952,Gahota (16),ग़ौहटा (16),Namhol(Sub-District) / Bilaspur(District) / Himachal Pradesh(State),01303300,019952,N,,,,
355,19461,Gahral (139),गाहरल (139),Jhanduta(Sub-District) / Bilaspur(District) / Himachal Pradesh(State),01254200,019461,N,,,,
356,18918,Gaihari Panjail (418),गैहरी पंजैल (418),Ghumarwin(Sub-District) / Bilaspur(District) / Himachal Pradesh(State),01208300,018918,N,,,,
357,18949,Galassin (414),गलासीं (414),Ghumarwin(Sub-District) / Bilaspur(District) / Himachal Pradesh(State),01211400,018949,N,,,,
358,18967,Galian (249),गालिंयां (249),Ghumarwin(Sub-District) / Bilaspur(District) / Himachal Pradesh(State),01214800,018967,N,,,,
359,19333,Gallian (122),गालियां (122),Jhanduta(Sub-District) / Bilaspur(District) / Himachal Pradesh(State),01241400,019333,N,,,,
360,19890,Galod (65),गलौड (65),Namhol(Sub-District) / Bilaspur(District) / Himachal Pradesh(State),01290600,019890,N,,,,
361,19232,Galoli (3),गलोली (3),Kalol(Sub-District) / Bilaspur(District) / Himachal Pradesh(State),01231300,019232,N,,,,
362,19540,Galuwa (347),गलुवा (347),Naina Devi(Sub-District) / Bilaspur(District) / Himachal Pradesh(State),01262100,019540,N,,,,
363,19265,Gangloh (108),गंगलोह (108),Kalol(Sub-District) / Bilaspur(District) / Himachal Pradesh(State),01234600,019265,N,,,,
364,19601,Gara (328),गरा (328),Naina Devi(Sub-District) / Bilaspur(District) / Himachal Pradesh(State),01268200,019601,N,,,,
365,19781,Garnal (222),गरनाल (222),Bilaspur Sadar(Sub-District) / Bilaspur(District) / Himachal Pradesh(State),01294300,019781,N,,,,
366,19907,Gasaur (45),गसौड़ (45),Namhol(Sub-District) / Bilaspur(District) / Himachal Pradesh(State),01292400,019907,N,eSignGOFile662648_30_04_2025_15_33_47.pdf,,,
367,18945,Gatol (416),गतोल (416),Ghumarwin(Sub-District) / Bilaspur(District) / Himachal Pradesh(State),01211000,018945,N,,,,
368,19148,Gator (279),गतोड़ (279),Bharari(Sub-District) / Bilaspur(District) / Himachal Pradesh(State),01200100,019148,N,,,,
369,19183,Gatwar (295),गतवाड़ (295),Bharari(Sub-District) / Bilaspur(District) / Himachal Pradesh(State),01205700,019183,N,,,,
370,19797,Gawahan (230),गवाहण (230),Bilaspur Sadar(Sub-District) / Bilaspur(District) / Himachal Pradesh(State),01295900,019797,N,,,,
371,19505,Gawal Thai (372),गवालथाई (372),Naina Devi(Sub-District) / Bilaspur(District) / Himachal Pradesh(State),01258600,019505,N,,,,
372,18957,Gehra (434),ग़ैहरा (434),Ghumarwin(Sub-District) / Bilaspur(District) / Himachal Pradesh(State),01212200,018957,N,,,,
373,19120,Gehra (490),गैहरा (490),Ghumarwin(Sub-District) / Bilaspur(District) / Himachal Pradesh(State),01230300,019120,N,,,,
374,19346,Gehrwin (191),गेहड़वीं (191),Jhanduta(Sub-District) / Bilaspur(District) / Himachal Pradesh(State),01242700,019346,N,,,,
375,19033,Ghalyana (362),घल्या़णा (362),Ghumarwin(Sub-District) / Bilaspur(District) / Himachal Pradesh(State),01221600,019033,N,,,,
376,19870,Ghamrara (88),घमराड़ा (88),Namhol(Sub-District) / Bilaspur(District) / Himachal Pradesh(State),01288600,019870,N,eSignGOFile662648_30_04_2025_15_28_19.pdf,,,
377,19144,Ghandalwin (281),घंडालवीं (281),Bharari(Sub-District) / Bilaspur(District) / Himachal Pradesh(State),01199700,019144,N,,,,
378,19282,Ghandhir (16),घण्ढीर (16),Jhanduta(Sub-District) / Bilaspur(District) / Himachal Pradesh(State),01236300,019282,N,,,,
379,19895,Ghanser (85),घनसेर (85),Namhol(Sub-District) / Bilaspur(District) / Himachal Pradesh(State),01291100,019895,N,eSignGOFile662648_30_04_2025_16_19_45.pdf,,,
380,19342,Ghanyar (189),घनयार (189),Jhanduta(Sub-District) / Bilaspur(District) / Himachal Pradesh(State),01242300,019342,N,,,,
381,19258,Gharan (100),घराण (100),Kalol(Sub-District) / Bilaspur(District) / Himachal Pradesh(State),01233900,019258,N,,,,
382,19474,Gharan (152),घरा़ण (152),Jhanduta(Sub-District) / Bilaspur(District) / Himachal Pradesh(State),01255500,019474,N,,,,
383,19240,Gharwasra (21),घरवासडा (21),Kalol(Sub-District) / Bilaspur(District) / Himachal Pradesh(State),01232100,019240,N,,,,
384,19516,Ghattewal (379),घटटेवाल (379),Naina Devi(Sub-District) / Bilaspur(District) / Himachal Pradesh(State),01259700,019516,N,,,,
385,19939,Ghayal (11),घयाल (11),Namhol(Sub-District) / Bilaspur(District) / Himachal Pradesh(State),01302000,019939,N,,,,
386,19917,Ghayana (34),घयाणा (34),Namhol(Sub-District) / Bilaspur(District) / Himachal Pradesh(State),01293500,019917,N,eSignGOFile662648_30_04_2025_15_29_09.pdf,,,
387,18942,Ghayana (381),घयाणा (381),Ghumarwin(Sub-District) / Bilaspur(District) / Himachal Pradesh(State),01210700,018942,N,,,,
388,19886,Gherta (79),घेरटा (79),Namhol(Sub-District) / Bilaspur(District) / Himachal Pradesh(State),01290200,019886,N,eSignGOFile662648_30_04_2025_15_29_53.pdf,,,
389,19690,Ghugrar (161),घुगराड़ (161),Bilaspur Sadar(Sub-District) / Bilaspur(District) / Himachal Pradesh(State),01277100,019690,N,,,,
390,18912,Ghulan (356),घुलाण (356),Ghumarwin(Sub-District) / Bilaspur(District) / Himachal Pradesh(State),01203300,018912,N,,,,
391,19107,Ghumani (470),घमाणी (470),Ghumarwin(Sub-District) / Bilaspur(District) / Himachal Pradesh(State),01229000,019107,N,,,,
392,19244,Ghumarpur (103),घुमारपुर (103),Kalol(Sub-District) / Bilaspur(District) / Himachal Pradesh(State),01232500,019244,N,,,,
393,937810,Ghumarwin (436),घुमारवीं (436),Ghumarwin(Sub-District) / Bilaspur(District) / Himachal Pradesh(State),,000000,N,,,,
394,19578,Ghuwandal (389),घुवांडल (389),Naina Devi(Sub-District) / Bilaspur(District) / Himachal Pradesh(State),01265900,019578,N,,,,
395,19936,Ghuwavi (7),घुवावी (7),Namhol(Sub-District) / Bilaspur(District) / Himachal Pradesh(State),01301700,019936,N,,,,
396,19289,Gochar (105),गोचर (105),Jhanduta(Sub-District) / Bilaspur(District) / Himachal Pradesh(State),01237000,019289,N,,,,
397,19254,Goian (99),गोईन्ड (99),Kalol(Sub-District) / Bilaspur(District) / Himachal Pradesh(State),01233500,019254,N,,,,
398,19750,Goind (110),गोईन्द (110),Bilaspur Sadar(Sub-District) / Bilaspur(District) / Himachal Pradesh(State),01283100,019750,N,,,,
399,19661,Golan (285),गोलन (285),Naina Devi(Sub-District) / Bilaspur(District) / Himachal Pradesh(State),01274200,019661,N,,,,
400,19847,Gori (100),गो़ड़ी (100),Namhol(Sub-District) / Bilaspur(District) / Himachal Pradesh(State),01286300,019847,N,eSignGOFile662648_30_04_2025_15_34_35.pdf,,,
401,937821,Govind Sagar (Dyitia),गोविन्द सागर (द्वितीय),Bilaspur Sadar(Sub-District) / Bilaspur(District) / Himachal Pradesh(State),,000000,N,,,,
402,939781,Govind Sagar First,गोविन्द सागर (प्रथम),Naina Devi(Sub-District) / Bilaspur(District) / Himachal Pradesh(State),,000000,N,,,,
403,19299,Guaon (216),गुवाओं (216),Jhanduta(Sub-District) / Bilaspur(District) / Himachal Pradesh(State),01238000,019299,N,,,,
404,19007,Gudhan (404),गुधान (404),Ghumarwin(Sub-District) / Bilaspur(District) / Himachal Pradesh(State),01219000,019007,N,,,,
405,19172,Gugwal (289),गुगवाल (289),Bharari(Sub-District) / Bilaspur(District) / Himachal Pradesh(State),01204600,019172,N,,,,
406,19290,Gujrehra (10),गुजरेड़ा (10),Jhanduta(Sub-District) / Bilaspur(District) / Himachal Pradesh(State),01237100,019290,N,,,,
407,19702,Gulehra (163),गुलेहड़ा (163),Bilaspur Sadar(Sub-District) / Bilaspur(District) / Himachal Pradesh(State),01278300,019702,N,,,,
408,19871,Gurour (89),गरौड (89),Namhol(Sub-District) / Bilaspur(District) / Himachal Pradesh(State),01288700,019871,N,eSignGOFile662648_30_04_2025_15_28_19.pdf,,,
409,19546,Guru Ka Lahour (380),गुरू का लाहौर (380),Naina Devi(Sub-District) / Bilaspur(District) / Himachal Pradesh(State),01262700,019546,N,,,,
410,19941,Gutrahan (9),गुतराहण (9),Namhol(Sub-District) / Bilaspur(District) / Himachal Pradesh(State),01302200,019941,N,,,,
411,18906,Halwari (532),हलवा़डी (532),Ghumarwin(Sub-District) / Bilaspur(District) / Himachal Pradesh(State),01202700,018906,N,,,,
412,19128,Hambot (335),हम्बोट (335),Bharari(Sub-District) / Bilaspur(District) / Himachal Pradesh(State),01198100,019128,N,,,,
413,19922,Hamwar (240),हमवार (240),Namhol(Sub-District) / Bilaspur(District) / Himachal Pradesh(State),01299800,019922,N,eSignGOFile662648_30_04_2025_15_26_34.pdf,,,
414,19175,Hari Talyangar (273),हरी तल्यांगर (273),Bharari(Sub-District) / Bilaspur(District) / Himachal Pradesh(State),01204900,019175,N,,,,
415,19723,Harkhar (133),हरखर (133),Bilaspur Sadar(Sub-District) / Bilaspur(District) / Himachal Pradesh(State),01280400,019723,N,,,,
416,19082,Harlog (494),हरलोग (494),Ghumarwin(Sub-District) / Bilaspur(District) / Himachal Pradesh(State),01226500,019082,N,,,,
417,19738,Harnora (116),हरनोडा (116),Bilaspur Sadar(Sub-District) / Bilaspur(District) / Himachal Pradesh(State),01281900,019738,N,,,,
418,19136,Hatwar (340),हटवाड़ (340),Bharari(Sub-District) / Bilaspur(District) / Himachal Pradesh(State),01198900,019136,N,,,,
419,19059,Hawan (500),हवाण (500),Ghumarwin(Sub-District) / Bilaspur(District) / Himachal Pradesh(State),01224200,019059,N,,,,
420,19040,Hawani (506),हवाणी (506),Ghumarwin(Sub-District) / Bilaspur(District) / Himachal Pradesh(State),01222300,019040,N,,,,
421,18988,Himar (232),हिम्मर (232),Ghumarwin(Sub-District) / Bilaspur(District) / Himachal Pradesh(State),01217100,018988,N,,,,
422,19352,Hirapur (196),हीरापुर (196),Jhanduta(Sub-District) / Bilaspur(District) / Himachal Pradesh(State),01243300,019352,N,,,,
423,19507,Illewal (369),ईलेवाल (369),Naina Devi(Sub-District) / Bilaspur(District) / Himachal Pradesh(State),01258800,019507,N,,,,
424,19636,Jabal (307),जबल (307),Naina Devi(Sub-District) / Bilaspur(District) / Himachal Pradesh(State),01271700,019636,N,,,,
425,19782,Jabli (217),जबली (217),Bilaspur Sadar(Sub-District) / Bilaspur(District) / Himachal Pradesh(State),01294400,019782,N,,,,
426,19075,Jablyana (480),जबल़्याणा (480),Ghumarwin(Sub-District) / Bilaspur(District) / Himachal Pradesh(State),01225800,019075,N,,,,
427,19273,Jaddu (97),जड्डू (97),Kalol(Sub-District) / Bilaspur(District) / Himachal Pradesh(State),01235400,019273,N,,,,
428,18992,Jahri (391),जाहडी (391),Ghumarwin(Sub-District) / Bilaspur(District) / Himachal Pradesh(State),01217500,018992,N,,,,
429,19239,Jai Shri Devi (2 4 A),जय श्री देवी (2/4 अ),Kalol(Sub-District) / Bilaspur(District) / Himachal Pradesh(State),01232000,019239,N,,,,
430,19343,Jajjar (190),जज्जर (190),Jhanduta(Sub-District) / Bilaspur(District) / Himachal Pradesh(State),01242400,019343,N,,,,
431,19039,Jamlag (507),जमलग (507),Ghumarwin(Sub-District) / Bilaspur(District) / Himachal Pradesh(State),01222200,019039,N,,,,
432,19479,Jamli (174),जामली (174),Jhanduta(Sub-District) / Bilaspur(District) / Himachal Pradesh(State),01256000,019479,N,,,,
433,19825,Jamli (252),जामली (252),Bilaspur Sadar(Sub-District) / Bilaspur(District) / Himachal Pradesh(State),01298700,019825,N,,,,
434,19340,Jamoi (187),जमोई (187),Jhanduta(Sub-District) / Bilaspur(District) / Himachal Pradesh(State),01242100,019340,N,,,,
435,19735,Jamthal (119),जमथल (119),Bilaspur Sadar(Sub-District) / Bilaspur(District) / Himachal Pradesh(State),01281600,019735,N,,,,
436,19513,Jandauri (364),जण्डौरी (364),Naina Devi(Sub-District) / Bilaspur(District) / Himachal Pradesh(State),01259400,019513,N,,,,
437,18980,Jandeher (390),जन्देहड़ (390),Ghumarwin(Sub-District) / Bilaspur(District) / Himachal Pradesh(State),01216300,018980,N,,,,
438,19129,Jandot (328),जन्दोट (328),Bharari(Sub-District) / Bilaspur(District) / Himachal Pradesh(State),01198200,019129,N,,,,
439,19893,Janed (64),जनेड़ (64),Namhol(Sub-District) / Bilaspur(District) / Himachal Pradesh(State),01290900,019893,N,,,,
440,19347,Jangal Baghra (199/1),जंगल बाघङा (199/1),Jhanduta(Sub-District) / Bilaspur(District) / Himachal Pradesh(State),01242800,019347,N,,,,
441,19934,Jangal Bahadurpur (1),जंगल बहादुरपुर (1),Namhol(Sub-District) / Bilaspur(District) / Himachal Pradesh(State),01301500,019934,N,,,,
442,19449,Jangal Balhi Mareta (81/),जंगल बल्ही मरेटा (81/1),Kalol(Sub-District) / Bilaspur(District) / Himachal Pradesh(State),01253000,019449,N,,,,
443,19671,Jangal Baner (281/1),जंगल बनेर (281/1),Naina Devi(Sub-District) / Bilaspur(District) / Himachal Pradesh(State),01275200,019671,N,,,,
444,19264,Jangal Baroti (111/1),जंगल बरोटी (111/1),Kalol(Sub-District) / Bilaspur(District) / Himachal Pradesh(State),01234500,019264,N,,,,
445,18981,Jangal Bhadaghat (392/1),जंगल वध्दाघाट (392/1),Ghumarwin(Sub-District) / Bilaspur(District) / Himachal Pradesh(State),01216400,018981,N,,,,
446,19424,Jangal Bhagphal (51/1),जंगल बागफाल (51/1),Kalol(Sub-District) / Bilaspur(District) / Himachal Pradesh(State),01250500,019424,N,,,,
447,19431,Jangal Bhaliar (54/1),जंगल भल्यार (54/1),Kalol(Sub-District) / Bilaspur(District) / Himachal Pradesh(State),01251200,019431,N,,,,
448,19276,Jangal Bharolikalan (110/1),जंगल भ़ड़ोली कलां (110/1),Kalol(Sub-District) / Bilaspur(District) / Himachal Pradesh(State),01235700,019276,N,,,,
449,19678,Jangal Brans (148/1),जंगल ब्राँस (148/1),Bilaspur Sadar(Sub-District) / Bilaspur(District) / Himachal Pradesh(State),01275900,019678,N,,,,
450,19455,Jangal Chalawa (80/1),जंगल चलावा (80/1),Kalol(Sub-District) / Bilaspur(District) / Himachal Pradesh(State),01253600,019455,N,,,,
451,19218,Jangal Chhanjyar (252/2),जंगल छंजयार (252/2),Bharari(Sub-District) / Bilaspur(District) / Himachal Pradesh(State),01213900,019218,N,,,,
452,19221,Jangal Chhanjyar-II (252/2),जंगल छंजयार-II (252/2),Bharari(Sub-District) / Bilaspur(District) / Himachal Pradesh(State),01214200,019221,N,,,,
453,19287,Jangal Chlailee (7/1),जंगल चलैली (7/1),Jhanduta(Sub-District) / Bilaspur(District) / Himachal Pradesh(State),01236800,019287,N,,,,
454,19626,Jangal Dadwal (309/1),जंगल डडवाल (309/1),Naina Devi(Sub-District) / Bilaspur(District) / Himachal Pradesh(State),01270700,019626,N,,,,
455,19686,Jangal Dali (153/A),जंगल दली (153अ),Bilaspur Sadar(Sub-District) / Bilaspur(District) / Himachal Pradesh(State),01276700,019686,N,,,,
456,19061,Jangal Dhangu (503/1),जंगल ढांगू (503/1),Ghumarwin(Sub-District) / Bilaspur(District) / Himachal Pradesh(State),01224400,019061,N,,,,
457,19605,Jangal Dhindru (331/1),जंगल ढिढरू (331/1),Naina Devi(Sub-District) / Bilaspur(District) / Himachal Pradesh(State),01268600,019605,N,,,,
458,19310,Jangal Dhingu (198/1),जंगल ढिंगू (198/1),Jhanduta(Sub-District) / Bilaspur(District) / Himachal Pradesh(State),01239100,019310,N,,,,
459,19399,Jangal Dholag Chaknar (42/1),जंगल ढोलग चकनाड. (42/1),Kalol(Sub-District) / Bilaspur(District) / Himachal Pradesh(State),01248000,019399,N,,,,
460,19292,Jangal Dholi Khala (12/1),जंगल ढोली खाला (12/1),Jhanduta(Sub-District) / Bilaspur(District) / Himachal Pradesh(State),01237300,019292,N,,,,
461,19247,Jangal D.P.F.Baongri (29/1),जंगल डी.पी.ऎफ बौंगड़ी (29/1),Kalol(Sub-District) / Bilaspur(District) / Himachal Pradesh(State),01232800,019247,N,,,,
462,19217,Jangal Drahal Da Phat (256/1),जंगल द्राहल दा फाट (256/1),Bharari(Sub-District) / Bilaspur(District) / Himachal Pradesh(State),01213800,019217,N,,,,
463,19831,Jangal Drobar (252/1),जंगल द्रोबङ (252/1),Bilaspur Sadar(Sub-District) / Bilaspur(District) / Himachal Pradesh(State),01299300,019831,N,,,,
464,18991,Jangal Dun (405/2),जंगल डून (405/2),Ghumarwin(Sub-District) / Bilaspur(District) / Himachal Pradesh(State),01217400,018991,N,,,,
465,19409,Jangal Durghat (72/2),जंगल दूरघाट (72/2),Kalol(Sub-District) / Bilaspur(District) / Himachal Pradesh(State),01249000,019409,N,,,,
466,19635,Jangal Fatehpur (293),जंगल फतेहपुर (293),Naina Devi(Sub-District) / Bilaspur(District) / Himachal Pradesh(State),01271600,019635,N,,,,
467,19090,Jangal Fetidhar (444/1),जंगल फेटीधार (444/1),Ghumarwin(Sub-District) / Bilaspur(District) / Himachal Pradesh(State),01227300,019090,N,,,,
468,19262,Jangal Gangloh (108/1),जंगल गंगलोह (108/1),Kalol(Sub-District) / Bilaspur(District) / Himachal Pradesh(State),01234300,019262,N,,,,
469,19077,Jangal Ghan (488/1),जंगल घाण (488/1),Ghumarwin(Sub-District) / Bilaspur(District) / Himachal Pradesh(State),01226000,019077,N,,,,
470,19500,Jangal Ghaniri (188/1),जंगल घनीरी (118/1),Jhanduta(Sub-District) / Bilaspur(District) / Himachal Pradesh(State),01258100,019500,N,,,,
471,19256,Jangal Gharan (100/1),जंगल घराण (100/1),Kalol(Sub-District) / Bilaspur(District) / Himachal Pradesh(State),01233700,019256,N,,,,
472,19230,Jangal Gharwasra (21/1),जंगल घरवासड़ा (21/1),Kalol(Sub-District) / Bilaspur(District) / Himachal Pradesh(State),01231100,019230,N,,,,
473,19227,Jangal Ghatarwasan (5/1),जंगल घटरवासन (5/1),Kalol(Sub-District) / Bilaspur(District) / Himachal Pradesh(State),01230800,019227,N,,,,
474,19288,Jangal Gochar (16/1),जंगल गोचर (16/1),Jhanduta(Sub-District) / Bilaspur(District) / Himachal Pradesh(State),01236900,019288,N,,,,
475,19616,Jangal Jajar (319/1),जंगल जजर (319/1),Naina Devi(Sub-District) / Bilaspur(District) / Himachal Pradesh(State),01269700,019616,N,,,,
476,19351,Jangal Jamothi (196/1),जंगल जमोथी (196/1),Jhanduta(Sub-District) / Bilaspur(District) / Himachal Pradesh(State),01243200,019351,N,,,,
477,19400,Jangal Jhagwan (86/2),जंगल झंगवा़ण (86/2),Kalol(Sub-District) / Bilaspur(District) / Himachal Pradesh(State),01248100,019400,N,,,,
478,19683,Jangal Jhaleda (153/1),जंगल झलेडा (153/1),Bilaspur Sadar(Sub-District) / Bilaspur(District) / Himachal Pradesh(State),01276400,019683,N,,,,
479,19397,Jangal Jhareri (87/1),जंगल झरेड़ी (87/1),Kalol(Sub-District) / Bilaspur(District) / Himachal Pradesh(State),01247800,019397,N,,,,
480,19365,Jangal Jhaula (131/1),जंगल झौला (131/1),Jhanduta(Sub-District) / Bilaspur(District) / Himachal Pradesh(State),01244600,019365,N,,,,
481,19394,Jangal Jhunjnu (88/1),जंगल झुंजनू (88/1),Kalol(Sub-District) / Bilaspur(District) / Himachal Pradesh(State),01247500,019394,N,,,,
482,19382,Jangal Johar Kalsa (39/1 94/1 63/1/2),जंगल जोहड कालसा (39/1 94/1 63/1/2),Kalol(Sub-District) / Bilaspur(District) / Himachal Pradesh(State),01246300,019382,N,,,,
483,19816,Jangal Kacholi (264/1),जंगल कचौली (264/1),Bilaspur Sadar(Sub-District) / Bilaspur(District) / Himachal Pradesh(State),01297800,019816,N,,,,
484,19425,Jangal Kakrehar (52/1),जंगल ककरेहड़ (52/1),Kalol(Sub-District) / Bilaspur(District) / Himachal Pradesh(State),01250600,019425,N,,,,
485,19665,Jangal Kakroa (291/1),जंगल ककडोआ (291/1),Naina Devi(Sub-District) / Bilaspur(District) / Himachal Pradesh(State),01274600,019665,N,,,,
486,19374,Jangal Kalol (90/1),जंगल कलोल (90/1),Kalol(Sub-District) / Bilaspur(District) / Himachal Pradesh(State),01245500,019374,N,,,,
487,19925,Jangal Kasal (32/1),जंगल कसाल (32/1),Namhol(Sub-District) / Bilaspur(District) / Himachal Pradesh(State),01300600,019925,N,eSignGOFile662648_30_04_2025_15_29_09.pdf,,,
488,19395,Jangal Khairiyan Bharari (86/1),जंगल खैरियाँ भराड़ी (86/1),Kalol(Sub-District) / Bilaspur(District) / Himachal Pradesh(State),01247600,019395,N,,,,
489,19266,Jangal Khamera Khurd (106/1),जंगल खमेड़ा खुर्द (106/1),Kalol(Sub-District) / Bilaspur(District) / Himachal Pradesh(State),01234700,019266,N,,,,
490,19371,Jangal Khujrahal (114-3),जंगल खुजराहल (114/3),Jhanduta(Sub-District) / Bilaspur(District) / Himachal Pradesh(State),01245200,019371,N,,,,
491,19440,Jangal Kot Malhot (63/1),जंगल कोट मल्होट (63/1),Kalol(Sub-District) / Bilaspur(District) / Himachal Pradesh(State),01252100,019440,N,,,,
492,19391,Jangal Ladeh (92/2),जंगल लदेह (92/1),Kalol(Sub-District) / Bilaspur(District) / Himachal Pradesh(State),01247200,019391,N,,,,
493,19255,Jangal Majher (107/1),जंगल मंझेड (107/1),Kalol(Sub-District) / Bilaspur(District) / Himachal Pradesh(State),01233600,019255,N,,,,
494,19078,Jangal Makol (493/1),जंगल मकोल (493/1),Ghumarwin(Sub-District) / Bilaspur(District) / Himachal Pradesh(State),01226100,019078,N,,,,
495,19119,Jangal Malyawar (475/1),जंगल मल्यावर (475/1),Ghumarwin(Sub-District) / Bilaspur(District) / Himachal Pradesh(State),01230200,019119,N,,,,
496,19433,Jangal Marotan (53/1),जंगल मरोतन (53/1),Kalol(Sub-District) / Bilaspur(District) / Himachal Pradesh(State),01251400,019433,N,,,,
497,19369,Jangal Materi (114/2),जंगल मटेरी (114/2),Jhanduta(Sub-District) / Bilaspur(District) / Himachal Pradesh(State),01245000,019369,N,,,,
498,19582,Jangal Mehduda Badoh (392/1/17),जंगल मेहदूदा बडोह (392/1/17),Naina Devi(Sub-District) / Bilaspur(District) / Himachal Pradesh(State),01266300,019582,N,,,,
499,19571,Jangal Mehduda Bairian Wala (392/1/15),जंगल महदूदा बैरियां वाला (392/1/15),Naina Devi(Sub-District) / Bilaspur(District) / Himachal Pradesh(State),01265200,019571,N,,,,
500,19554,Jangal Mehduda Bhakhra (392/1/1),जंगल महदूदा भाखड़ा (392/1/1),Naina Devi(Sub-District) / Bilaspur(District) / Himachal Pradesh(State),01263500,019554,N,,,,
501,19740,Jangal Mehduda Chamyon (116-1),जंगल मैहदूदा चमयोण (116/1),Bilaspur Sadar(Sub-District) / Bilaspur(District) / Himachal Pradesh(State),01282100,019740,N,,,,
502,19574,Jangal Mehduda Dadoh Bhater (392/1/14),जंगल महदूदा डडोह भटेड़ (392/1/14),Naina Devi(Sub-District) / Bilaspur(District) / Himachal Pradesh(State),01265500,019574,N,,,,
503,19589,Jangal Mehduda Dakshni Kalri (392/1/23),जंगल महदूदा दक्षिण कल्लरी (392/1/23),Naina Devi(Sub-District) / Bilaspur(District) / Himachal Pradesh(State),01267000,019589,N,,,,
504,19550,Jangal Mehduda Dhalet (392/1/5),जंगल मेहदूदा धलेत (392/1/5),Naina Devi(Sub-District) / Bilaspur(District) / Himachal Pradesh(State),01263100,019550,N,,,,
505,19534,Jangal Mehduda Dharot 392/1/25),जंगल महदूदा धरोट (392/1/25),Naina Devi(Sub-District) / Bilaspur(District) / Himachal Pradesh(State),01261500,019534,N,,,,
506,19536,Jangal Mehduda Galua (392/1/24),जंगल महदूदा गलुआ (392/1/24),Naina Devi(Sub-District) / Bilaspur(District) / Himachal Pradesh(State),01261700,019536,N,,,,
507,19567,Jangal Mehduda Ghatewal Sarni (392/1/9),जंगल महदूदा घटेवाल सरनी (392/1/9),Naina Devi(Sub-District) / Bilaspur(District) / Himachal Pradesh(State),01264800,019567,N,,,,
508,19547,Jangal Mehduda Guru Ka Lahour (392/1/12),जंगल महदूदा गुरू का लाहौर (392/1/12),Naina Devi(Sub-District) / Bilaspur(District) / Himachal Pradesh(State),01262800,019547,N,,,,
509,19734,Jangal Mehduda Jamthal (115-1),जंगल मैहदूदा जमथल (115/1),Bilaspur Sadar(Sub-District) / Bilaspur(District) / Himachal Pradesh(State),01281500,019734,N,,,,
510,19569,Jangal Mehduda Kanfara (392/1/13),जंगल मेहदूदा कनफारा (392/1/13),Naina Devi(Sub-District) / Bilaspur(District) / Himachal Pradesh(State),01265000,019569,N,,,,
511,19563,Jangal Mehduda Khal (392/1/7),जंगल महदूदा खाल (392/1/7),Naina Devi(Sub-District) / Bilaspur(District) / Himachal Pradesh(State),01264400,019563,N,,,,
512,19576,Jangal Mehduda Kharkari (392/1/7),जंगल महदूदा खरकड़ी (392/1/16),Naina Devi(Sub-District) / Bilaspur(District) / Himachal Pradesh(State),01265700,019576,N,,,,
513,19553,Jangal Mehduda Khulwin (392/1/4),जंगल महदूदा खुलवीं (392/1/4),Naina Devi(Sub-District) / Bilaspur(District) / Himachal Pradesh(State),01263400,019553,N,,,,
514,19559,Jangal Mehduda Lehri (392/1/3),जंगल मेहदूदा लैहड़ी (392/1/3),Naina Devi(Sub-District) / Bilaspur(District) / Himachal Pradesh(State),01264000,019559,N,,,,
515,19560,Jangal Mehduda Makri (392/1/6),जंगल मेहदूदा माकड़ी (392/1/6),Naina Devi(Sub-District) / Bilaspur(District) / Himachal Pradesh(State),01264100,019560,N,,,,
516,19580,Jangal Mehduda Maleta (392/1/18),जंगल महदूदा मलेटा (392/1/18),Naina Devi(Sub-District) / Bilaspur(District) / Himachal Pradesh(State),01266100,019580,N,,,,
517,19527,Jangal Mehduda Mandyali (392/1/19),जंगल महदूदा मण्डयाली (392/1/19),Naina Devi(Sub-District) / Bilaspur(District) / Himachal Pradesh(State),01260800,019527,N,,,,
518,19537,Jangal Mehduda Neemawali (392/1/27),जंगल महदूदा नीमावली (392/1/27),Naina Devi(Sub-District) / Bilaspur(District) / Himachal Pradesh(State),01261800,019537,N,,,,
519,19555,Jangal Mehduda Palser (392/1/2),जंगल मेहदूदा पलसेड़ (392/1/2),Naina Devi(Sub-District) / Bilaspur(District) / Himachal Pradesh(State),01263600,019555,N,,,,
520,19533,Jangal Mehduda Panjpora (392/1/26),जंगल महदूदा पंजपोड़ा (392/1/26),Naina Devi(Sub-District) / Bilaspur(District) / Himachal Pradesh(State),01261400,019533,N,,,,
521,19568,Jangal Mehduda Rachhoh (392/1/11),जंगल महदूदा रच्छोह (392/1/11),Naina Devi(Sub-District) / Bilaspur(District) / Himachal Pradesh(State),01264900,019568,N,,,,
522,19565,Jangal Mehduda Saloa (392/1/10),जंगल मेहदूदा सलोआ (392/1/10),Naina Devi(Sub-District) / Bilaspur(District) / Himachal Pradesh(State),01264600,019565,N,,,,
523,19566,Jangal Mehduda Sandla Thana (392/1/8),जंगल महदूदा सांदला थाना (392/1/8),Naina Devi(Sub-District) / Bilaspur(District) / Himachal Pradesh(State),01264700,019566,N,,,,
524,19584,Jangal Mehduda Swana (392/1/21),जंगल महदूदा स्वाणा (392/1/21),Naina Devi(Sub-District) / Bilaspur(District) / Himachal Pradesh(State),01266500,019584,N,,,,
525,19581,Jangal Mehduda Thalian (392/1/20),जंगल महदूदा थलियां (392/1/20),Naina Devi(Sub-District) / Bilaspur(District) / Himachal Pradesh(State),01266200,019581,N,,,,
526,19586,Jangal Mehduda Uttri Kalri (392/1/22),जंगल महदूदा उत्तरी कल्लरी (392/1/22),Naina Devi(Sub-District) / Bilaspur(District) / Himachal Pradesh(State),01266700,019586,N,,,,
527,19623,Jangal Mundkhar (311/1),जंगल मुंडखर (311/1),Naina Devi(Sub-District) / Bilaspur(District) / Himachal Pradesh(State),01270400,019623,N,,,,
528,19849,Jangal Mungrani (99/1),जंगल मुंगरानी (99/1),Namhol(Sub-District) / Bilaspur(District) / Himachal Pradesh(State),01286500,019849,N,eSignGOFile662648_30_04_2025_15_30_42.pdf,,,
529,19056,Jangal Osal (514/1),जंगल ओसल (514/1),Ghumarwin(Sub-District) / Bilaspur(District) / Himachal Pradesh(State),01223900,019056,N,,,,
530,19097,Jangal Ousal (457/1),जंगल ओसल (457/1),Ghumarwin(Sub-District) / Bilaspur(District) / Himachal Pradesh(State),01228000,019097,N,,,,
531,19214,Jangal Padyalag (267/1),जंगल पडयालग (267/1),Bharari(Sub-District) / Bilaspur(District) / Himachal Pradesh(State),01213500,019214,N,,,,
532,19326,Jangal Rahan (114/1),जंगल राहण (114/1),Jhanduta(Sub-District) / Bilaspur(District) / Himachal Pradesh(State),01240700,019326,N,,,,
533,19010,Jangal Sadyar (405/1),जंगल संडयार (405/1),Ghumarwin(Sub-District) / Bilaspur(District) / Himachal Pradesh(State),01219300,019010,N,,,,
534,19752,Jangal Sangan (112-1),जंगल सांगण (112/1),Bilaspur Sadar(Sub-District) / Bilaspur(District) / Himachal Pradesh(State),01283300,019752,N,,,,
535,19275,Jangal Sanihra (109/1),जंगल सनीहरा (109/1),Kalol(Sub-District) / Bilaspur(District) / Himachal Pradesh(State),01235600,019275,N,,,,
536,19418,Jangal Sasota Dhanola (46/1),जंगल ससोटा धनौला (46/1),Kalol(Sub-District) / Bilaspur(District) / Himachal Pradesh(State),01249900,019418,N,,,,
537,19355,Jangal Serusalashi (182/1),जंगल सेरूसलासी (182/1),Jhanduta(Sub-District) / Bilaspur(District) / Himachal Pradesh(State),01243600,019355,N,,,,
538,19709,Jangal Sungal Nichla (179/1),जंगल सुंगल निचला (179/1),Bilaspur Sadar(Sub-District) / Bilaspur(District) / Himachal Pradesh(State),01279000,019709,N,,,,
539,19708,Jangal Sungal Uparla (179/1/1),जंगल सुंगल उपरला (179/1/1),Bilaspur Sadar(Sub-District) / Bilaspur(District) / Himachal Pradesh(State),01278900,019708,N,,,,
540,19410,Jangal Tarkhola (72/1),जंगल तरखोला (72/1),Kalol(Sub-District) / Bilaspur(District) / Himachal Pradesh(State),01249100,019410,N,,,,
541,19251,"Jangal Thathal Chaunta (32,33/1)",जंगल ठठल चौंता (32 33/1),Kalol(Sub-District) / Bilaspur(District) / Himachal Pradesh(State),01233200,019251,N,,,,
542,19380,Jangal Tihri (94/1),जंगल टिहरी (94/1),Kalol(Sub-District) / Bilaspur(District) / Himachal Pradesh(State),01246100,019380,N,,,,
543,19027,Jangal Tiun Khas (425/1),जंगल तियून खास (425/1),Ghumarwin(Sub-District) / Bilaspur(District) / Himachal Pradesh(State),01221000,019027,N,,,,
544,19311,Jangal Tungri (202/1),जंगल तुंगङी (202/1),Jhanduta(Sub-District) / Bilaspur(District) / Himachal Pradesh(State),01239200,019311,N,,,,
545,19069,Jangal Umeri (481/1),जंगल ऊमरी (481/1),Ghumarwin(Sub-District) / Bilaspur(District) / Himachal Pradesh(State),01225200,019069,N,,,,
546,19358,Jangla (184),जांगला (184),Jhanduta(Sub-District) / Bilaspur(District) / Himachal Pradesh(State),01243900,019358,N,,,,
547,19204,Jarora (300),जरोड़ा (300),Bharari(Sub-District) / Bilaspur(District) / Himachal Pradesh(State),01207800,019204,N,,,,
548,19252,Jarot (101),जरोट (101),Kalol(Sub-District) / Bilaspur(District) / Himachal Pradesh(State),01233300,019252,N,,,,
549,19225,Jaswani (263),जसवाणी (263),Bharari(Sub-District) / Bilaspur(District) / Himachal Pradesh(State),01215400,019225,N,,,,
550,19448,Jejwin (75),जेजवीं (75),Kalol(Sub-District) / Bilaspur(District) / Himachal Pradesh(State),01252900,019448,N,,,,
551,19641,Jeor (300),ज्योर (300),Naina Devi(Sub-District) / Bilaspur(District) / Himachal Pradesh(State),01272200,019641,N,,,,
552,19850,Jeora (103),ज्योरा (103),Namhol(Sub-District) / Bilaspur(District) / Himachal Pradesh(State),01286600,019850,N,eSignGOFile662648_30_04_2025_15_30_42.pdf,,,
553,19368,Jeora (130),ज्योरा (130),Jhanduta(Sub-District) / Bilaspur(District) / Himachal Pradesh(State),01244900,019368,N,,,,
554,19652,Jeora (393),ज्योरा (393),Naina Devi(Sub-District) / Bilaspur(District) / Himachal Pradesh(State),01273300,019652,N,,,,
555,19286,Jhabola (9),झबोला (9),Jhanduta(Sub-District) / Bilaspur(District) / Himachal Pradesh(State),01236700,019286,N,,,,
556,19283,Jhamrarian (18),झमराडियाँ (18),Jhanduta(Sub-District) / Bilaspur(District) / Himachal Pradesh(State),01236400,019283,N,,,,
557,19329,Jhandutta Awal (119/1),झन्डूता अब्बल (119/1),Jhanduta(Sub-District) / Bilaspur(District) / Himachal Pradesh(State),01241000,019329,N,,,,
558,19330,Jhandutta Doem (119/2),झण्डूता दोयम (119/2),Jhanduta(Sub-District) / Bilaspur(District) / Himachal Pradesh(State),01241100,019330,N,,,,
559,19331,Jhandutta Soam (119/3),झण्डूता सोयम (119/3),Jhanduta(Sub-District) / Bilaspur(District) / Himachal Pradesh(State),01241200,019331,N,,,,
560,19314,Jhareri (208),झरेडी (208),Jhanduta(Sub-District) / Bilaspur(District) / Himachal Pradesh(State),01239500,019314,N,,,,
561,19396,Jhareri (87),झरेड़ी (87),Kalol(Sub-District) / Bilaspur(District) / Himachal Pradesh(State),01247700,019396,N,,,,
562,19523,Jhira (356),झीड़ा (356),Naina Devi(Sub-District) / Bilaspur(District) / Himachal Pradesh(State),01260400,019523,N,,,,
563,19530,Jhirian (350),झीडियां (350),Naina Devi(Sub-District) / Bilaspur(District) / Himachal Pradesh(State),01261100,019530,N,,,,
564,19392,Jhunjnu (88),झुंझनू (88),Kalol(Sub-District) / Bilaspur(District) / Himachal Pradesh(State),01247300,019392,N,,,,
565,19777,Jinanun (192),जिनणू (192),Bilaspur Sadar(Sub-District) / Bilaspur(District) / Himachal Pradesh(State),01293900,019777,N,,,,
566,19381,Johar Dhyani (95),जोड़ धयानी (95),Kalol(Sub-District) / Bilaspur(District) / Himachal Pradesh(State),01246200,019381,N,,,,
567,19257,Jol (102),जोल (102),Kalol(Sub-District) / Bilaspur(District) / Himachal Pradesh(State),01233800,019257,N,,,,
568,19806,Jol (272),जोल (272),Bilaspur Sadar(Sub-District) / Bilaspur(District) / Himachal Pradesh(State),01296800,019806,N,,,,
569,19539,Jol (387/3),जोल (387/3),Naina Devi(Sub-District) / Bilaspur(District) / Himachal Pradesh(State),01262000,019539,N,,,,
570,19032,Jol Palakhin (363),जोल पलाखी (363),Ghumarwin(Sub-District) / Bilaspur(District) / Himachal Pradesh(State),01221500,019032,N,,,,
571,19729,Judani (144),जु़ड़ाणी (144),Bilaspur Sadar(Sub-District) / Bilaspur(District) / Himachal Pradesh(State),01281000,019729,N,,,,
572,19911,Jukhala (39),जुखाला (39),Namhol(Sub-District) / Bilaspur(District) / Himachal Pradesh(State),01292900,019911,N,eSignGOFile662648_30_04_2025_15_27_31.pdf,,,
573,19058,Jukhan (512),जुखा़ण (512),Ghumarwin(Sub-District) / Bilaspur(District) / Himachal Pradesh(State),01224100,019058,N,,,,
574,18968,Junala (246),जुनाला (246),Ghumarwin(Sub-District) / Bilaspur(District) / Himachal Pradesh(State),01214900,018968,N,,,,
575,19499,Jwah (160),ज्वाह (160),Jhanduta(Sub-District) / Bilaspur(District) / Himachal Pradesh(State),01258000,019499,N,,,,
576,19651,Kachchhlot (394),कच्छलोट (394),Naina Devi(Sub-District) / Bilaspur(District) / Himachal Pradesh(State),01273200,019651,N,,,,
577,19814,Kacholi (264),कचौली (264),Bilaspur Sadar(Sub-District) / Bilaspur(District) / Himachal Pradesh(State),01297600,019814,N,,,,
578,19930,Kahli (246),काहली (246),Namhol(Sub-District) / Bilaspur(District) / Himachal Pradesh(State),01301100,019930,N,eSignGOFile662648_30_04_2025_15_26_34.pdf,,,
579,19472,Kahrwin (150),काहरवीं (150),Jhanduta(Sub-District) / Bilaspur(District) / Himachal Pradesh(State),01255300,019472,N,,,,
580,19598,Kaihriyan (336),कैहरियां (336),Naina Devi(Sub-District) / Bilaspur(District) / Himachal Pradesh(State),01267900,019598,N,,,,
581,19313,Kajail (203),कजैल (203),Jhanduta(Sub-District) / Bilaspur(District) / Himachal Pradesh(State),01239400,019313,N,,,,
582,19426,Kakrehar (52),ककरैहड (52),Kalol(Sub-District) / Bilaspur(District) / Himachal Pradesh(State),01250700,019426,N,,,,
583,19634,Kakroa (291),ककडोआ (291),Naina Devi(Sub-District) / Bilaspur(District) / Himachal Pradesh(State),01271500,019634,N,,,,
584,19279,Kallar (15),कल्लर (15),Jhanduta(Sub-District) / Bilaspur(District) / Himachal Pradesh(State),01236000,019279,N,,,,
585,19354,Kallar (181),कल्लर (181),Jhanduta(Sub-District) / Bilaspur(District) / Himachal Pradesh(State),01243500,019354,N,,,,
586,18982,Kallar (237),कल्लर (237),Ghumarwin(Sub-District) / Bilaspur(District) / Himachal Pradesh(State),01216500,018982,N,,,,
587,19801,Kallar (269),कल्लर (269),Bilaspur Sadar(Sub-District) / Bilaspur(District) / Himachal Pradesh(State),01296300,019801,N,,,,
588,18962,Kaloh (386),कलोह (386),Ghumarwin(Sub-District) / Bilaspur(District) / Himachal Pradesh(State),01212700,018962,N,,,,
589,19373,Kalol (90),कलोल (90),Kalol(Sub-District) / Bilaspur(District) / Himachal Pradesh(State),01245400,019373,N,,,,
590,19588,Kalri (346),कलरी (346),Naina Devi(Sub-District) / Bilaspur(District) / Himachal Pradesh(State),01266900,019588,N,,,,
591,18998,Kalri (394),कलरी (394),Ghumarwin(Sub-District) / Bilaspur(District) / Himachal Pradesh(State),01218100,018998,N,,,,
592,937811,Kalyana (437),कल्याणा (437),Ghumarwin(Sub-District) / Bilaspur(District) / Himachal Pradesh(State),,000000,N,,,,
593,19261,Kamhera Kalan (104),खम्हेड़ा कलाँ (104),Kalol(Sub-District) / Bilaspur(District) / Himachal Pradesh(State),01234200,019261,N,,,,
594,19142,Kamli (284),कामली (284),Bharari(Sub-District) / Bilaspur(District) / Himachal Pradesh(State),01199500,019142,N,,,,
595,19902,Kamlota (52),कमलोटा (52),Namhol(Sub-District) / Bilaspur(District) / Himachal Pradesh(State),01291800,019902,N,eSignGOFile662648_30_04_2025_15_25_38.pdf,,,
596,19711,Kandela (181),कंडेला (181),Bilaspur Sadar(Sub-District) / Bilaspur(District) / Himachal Pradesh(State),01279200,019711,N,,,,
597,19687,Kandrour (156),कन्दरौर (156),Bilaspur Sadar(Sub-District) / Bilaspur(District) / Himachal Pradesh(State),01276800,019687,N,,,,
598,19570,Kanfara (399),कनफारा (390),Naina Devi(Sub-District) / Bilaspur(District) / Himachal Pradesh(State),01265100,019570,N,,,,
599,19520,Kangoowali (358),कांगूवाली (358),Naina Devi(Sub-District) / Bilaspur(District) / Himachal Pradesh(State),01260100,019520,N,,,,
600,19125,Kangri (336),कांगरी (336),Bharari(Sub-District) / Bilaspur(District) / Himachal Pradesh(State),01197800,019125,N,,,,
601,19717,Kanjiota (136),कंज्योटा (136),Bilaspur Sadar(Sub-District) / Bilaspur(District) / Himachal Pradesh(State),01279800,019717,N,,,,
602,19126,Kanjyana (337),कन्जयाण (337),Bharari(Sub-District) / Bilaspur(District) / Himachal Pradesh(State),01197900,019126,N,,,,
603,19743,Kanoun (121),कनॉण (121),Bilaspur Sadar(Sub-District) / Bilaspur(District) / Himachal Pradesh(State),01282400,019743,N,,,,
604,19008,Karangoda (406),करंगोड़ा (406),Ghumarwin(Sub-District) / Bilaspur(District) / Himachal Pradesh(State),01219100,019008,N,,,,
605,19407,Karlata (73),करलाटा (73),Kalol(Sub-District) / Bilaspur(District) / Himachal Pradesh(State),01248800,019407,N,,,,
606,18976,Karloti (247),करलोटी (247),Ghumarwin(Sub-District) / Bilaspur(District) / Himachal Pradesh(State),01215900,018976,N,,,,
607,19271,Karoh (38),कडोह (38),Kalol(Sub-District) / Bilaspur(District) / Himachal Pradesh(State),01235200,019271,N,,,,
608,19841,Karot (105),करोट (105),Namhol(Sub-District) / Bilaspur(District) / Himachal Pradesh(State),01285700,019841,N,eSignGOFile662648_30_04_2025_15_34_35.pdf,,,
609,19167,Karot (275),करोट (275),Bharari(Sub-District) / Bilaspur(District) / Himachal Pradesh(State),01204100,019167,N,,,,
610,18996,Karyalag (398),करयालग (398),Ghumarwin(Sub-District) / Bilaspur(District) / Himachal Pradesh(State),01217900,018996,N,,,,
611,18979,Kasaru (389),कसारू (389),Ghumarwin(Sub-District) / Bilaspur(District) / Himachal Pradesh(State),01216200,018979,N,,,,
612,19350,Kaseh (197),कसेह (197),Jhanduta(Sub-District) / Bilaspur(District) / Himachal Pradesh(State),01243100,019350,N,,,,
613,19498,Kashniur (162),कसनियूर (162),Jhanduta(Sub-District) / Bilaspur(District) / Himachal Pradesh(State),01257900,019498,N,,,,
614,18917,Kasohal (382),कसोहल (382),Ghumarwin(Sub-District) / Bilaspur(District) / Himachal Pradesh(State),01208200,018917,N,,,,
615,19742,Kasol (113),कसोल (113),Bilaspur Sadar(Sub-District) / Bilaspur(District) / Himachal Pradesh(State),01282300,019742,N,,,,
616,18995,Kathalag (392),कठलग (392),Ghumarwin(Sub-District) / Bilaspur(District) / Himachal Pradesh(State),01217800,018995,N,,,,
617,19442,Katheran (65),कठेरन (65),Kalol(Sub-District) / Bilaspur(District) / Himachal Pradesh(State),01252300,019442,N,,,,
618,19284,Kathiun (17),कथियून (17),Jhanduta(Sub-District) / Bilaspur(District) / Himachal Pradesh(State),01236500,019284,N,,,,
619,19624,Kathla (311),काथला (311),Naina Devi(Sub-District) / Bilaspur(District) / Himachal Pradesh(State),01270500,019624,N,,,,
620,19776,Kathpur (191),कठपुर (191),Bilaspur Sadar(Sub-District) / Bilaspur(District) / Himachal Pradesh(State),01292500,019776,N,,,,
621,19454,Kathyun (78),कथ्यून (78),Kalol(Sub-District) / Bilaspur(District) / Himachal Pradesh(State),01253500,019454,N,,,,
622,19609,Katirar (332),कटिरड़ (322),Naina Devi(Sub-District) / Bilaspur(District) / Himachal Pradesh(State),01269000,019609,N,,,,
623,19880,Kayran (78),कयारन (78),Namhol(Sub-District) / Bilaspur(District) / Himachal Pradesh(State),01289600,019880,N,eSignGOFile662648_30_04_2025_15_29_53.pdf,,,
624,19207,Ket (302),केट  (302),Bharari(Sub-District) / Bilaspur(District) / Himachal Pradesh(State),01208100,019207,N,,,,
625,19603,Khairian (330),खैरियाँ (330),Naina Devi(Sub-District) / Bilaspur(District) / Himachal Pradesh(State),01268400,019603,N,,,,
626,19393,Khairiyan Bharari (86),खैरियाँ भराडी (86),Kalol(Sub-District) / Bilaspur(District) / Himachal Pradesh(State),01247400,019393,N,,,,
627,19562,Khal (406),खाल (406),Naina Devi(Sub-District) / Bilaspur(District) / Himachal Pradesh(State),01264300,019562,N,,,,
628,19944,Khalota (28),खलोटा (28),Namhol(Sub-District) / Bilaspur(District) / Himachal Pradesh(State),01302500,019944,N,,,,
629,19462,Khalsay (141),खलसा़ये (141),Jhanduta(Sub-District) / Bilaspur(District) / Himachal Pradesh(State),01254300,019462,N,,,,
630,19259,Khamera Khurd (106),खमेड़ा खुर्द (106),Kalol(Sub-District) / Bilaspur(District) / Himachal Pradesh(State),01234000,019259,N,,,,
631,19675,Khangar (147),खंगड़ (147),Bilaspur Sadar(Sub-District) / Bilaspur(District) / Himachal Pradesh(State),01275600,019675,N,,,,
632,19692,Khann (162),खन्न (162),Bilaspur Sadar(Sub-District) / Bilaspur(District) / Himachal Pradesh(State),01277300,019692,N,,,,
633,18905,Khansara (533),खनसरा (533),Ghumarwin(Sub-District) / Bilaspur(District) / Himachal Pradesh(State),01202600,018905,N,,,,
634,19788,Khansra (219),खनसरा (219),Bilaspur Sadar(Sub-District) / Bilaspur(District) / Himachal Pradesh(State),01295000,019788,N,,,,
635,19575,Kharkari (390),खरकडी (390),Naina Devi(Sub-District) / Bilaspur(District) / Himachal Pradesh(State),01265600,019575,N,,,,
636,19423,Kharli (51),खरली (51),Kalol(Sub-District) / Bilaspur(District) / Himachal Pradesh(State),01250400,019423,N,,,,
637,19658,Kharohal (296),खरोहल (296),Naina Devi(Sub-District) / Bilaspur(District) / Himachal Pradesh(State),01273900,019658,N,,,,
638,19398,Kharohl (85),खरोहल (85),Kalol(Sub-District) / Bilaspur(District) / Himachal Pradesh(State),01247900,019398,N,,,,
639,19297,Kharota (218),खरोटा (218),Jhanduta(Sub-District) / Bilaspur(District) / Himachal Pradesh(State),01237800,019297,N,,,,
640,19860,Kharsi Brahmna (91),खारसी ब्राह्म्णा (91),Namhol(Sub-District) / Bilaspur(District) / Himachal Pradesh(State),01287600,019860,N,eSignGOFile662648_30_04_2025_15_24_19.pdf,,,
641,19859,Kharsi Kanaitan (92),खारसी कनैता (92),Namhol(Sub-District) / Bilaspur(District) / Himachal Pradesh(State),01287500,019859,N,eSignGOFile662648_30_04_2025_15_24_19.pdf,,,
642,19205,Khaswin (301),खसवीं (301),Bharari(Sub-District) / Bilaspur(District) / Himachal Pradesh(State),01207900,019205,N,,,,
643,19731,Khatehr (130),खतेड़ (130),Bilaspur Sadar(Sub-District) / Bilaspur(District) / Himachal Pradesh(State),01281200,019731,N,,,,
644,19163,Khatot (350),खतोट (350),Bharari(Sub-District) / Bilaspur(District) / Himachal Pradesh(State),01201600,019163,N,,,,
645,19405,Kheri (84),खेडी (84),Kalol(Sub-District) / Bilaspur(District) / Himachal Pradesh(State),01248600,019405,N,,,,
646,19522,Kheri Bacholra (355),खेडी बचोलड़ा (355),Naina Devi(Sub-District) / Bilaspur(District) / Himachal Pradesh(State),01260300,019522,N,,,,
647,19357,Khirsi (185),खिरसी (185),Jhanduta(Sub-District) / Bilaspur(District) / Himachal Pradesh(State),01243800,019357,N,,,,
648,19339,Khudai (186),खुडाई (186),Jhanduta(Sub-District) / Bilaspur(District) / Himachal Pradesh(State),01242000,019339,N,,,,
649,19830,Khui (253),खुई (253),Bilaspur Sadar(Sub-District) / Bilaspur(District) / Himachal Pradesh(State),01299200,019830,N,,,,
650,19557,Khulwin (411),खुलवीं (411),Naina Devi(Sub-District) / Bilaspur(District) / Himachal Pradesh(State),01263800,019557,N,,,,
651,18972,Khungan (240),खुगंण (240),Ghumarwin(Sub-District) / Bilaspur(District) / Himachal Pradesh(State),01215500,018972,N,,,,
652,19669,Khurangal (280),खुड़ंगल (280),Naina Devi(Sub-District) / Bilaspur(District) / Himachal Pradesh(State),01275000,019669,N,,,,
653,19617,Khurani (318),खुरानी (318),Naina Devi(Sub-District) / Bilaspur(District) / Himachal Pradesh(State),01269800,019617,N,,,,
654,19095,Khurari (466),खुराड़ी (466),Ghumarwin(Sub-District) / Bilaspur(District) / Himachal Pradesh(State),01227800,019095,N,,,,
655,19637,Kiarian (306),क्यारियां (306),Naina Devi(Sub-District) / Bilaspur(District) / Himachal Pradesh(State),01271800,019637,N,,,,
656,19502,Kohina (158),कोहिना (158),Jhanduta(Sub-District) / Bilaspur(District) / Himachal Pradesh(State),01258300,019502,N,,,,
657,19787,Kohlwin (213),कोहलवीं (213),Bilaspur Sadar(Sub-District) / Bilaspur(District) / Himachal Pradesh(State),01294900,019787,N,,,,
658,19728,Kohnala (145),कोहनला (145),Bilaspur Sadar(Sub-District) / Bilaspur(District) / Himachal Pradesh(State),01280900,019728,N,,,,
659,19899,Kolnu (22),कोलणू (22),Namhol(Sub-District) / Bilaspur(District) / Himachal Pradesh(State),01291500,019899,N,eSignGOFile662648_30_04_2025_15_29_09.pdf,,,
660,19786,Konala (215),कुनाला (215),Bilaspur Sadar(Sub-District) / Bilaspur(District) / Himachal Pradesh(State),01294800,019786,N,,,,
661,19241,Kosrian (23),कोसरियां (23),Kalol(Sub-District) / Bilaspur(District) / Himachal Pradesh(State),01232200,019241,N,,,,
662,19809,Kot (275),कोट (275),Bilaspur Sadar(Sub-District) / Bilaspur(District) / Himachal Pradesh(State),01297100,019809,N,,,,
663,19137,Kot (339),कोट (339),Bharari(Sub-District) / Bilaspur(District) / Himachal Pradesh(State),01199000,019137,N,,,,
664,19441,Kot (63),कोट (63),Kalol(Sub-District) / Bilaspur(District) / Himachal Pradesh(State),01252200,019441,N,,,,
665,19699,Kothi (174),कोठी (174),Bilaspur Sadar(Sub-District) / Bilaspur(District) / Himachal Pradesh(State),01278000,019699,N,,,,
666,19485,Kothi (175),कोठी (175),Jhanduta(Sub-District) / Bilaspur(District) / Himachal Pradesh(State),01256600,019485,N,,,,
667,19242,Kothi (22),कोठी (22),Kalol(Sub-District) / Bilaspur(District) / Himachal Pradesh(State),01232300,019242,N,,,,
668,19926,Kothi (242),कोठी (242),Namhol(Sub-District) / Bilaspur(District) / Himachal Pradesh(State),01300700,019926,N,eSignGOFile662648_30_04_2025_15_26_34.pdf,,,
669,19143,Kothi (285),कोठी (285),Bharari(Sub-District) / Bilaspur(District) / Himachal Pradesh(State),01199600,019143,N,,,,
670,18950,Kothi (424),कोठी (424),Ghumarwin(Sub-District) / Bilaspur(District) / Himachal Pradesh(State),01211500,018950,N,,,,
671,19041,Kothi (508),कोठी (508),Ghumarwin(Sub-District) / Bilaspur(District) / Himachal Pradesh(State),01222400,019041,N,,,,
672,19852,Kothi Batalan (102),कोठी बतालां (102),Namhol(Sub-District) / Bilaspur(District) / Himachal Pradesh(State),01286800,019852,N,eSignGOFile662648_30_04_2025_15_30_42.pdf,,,
673,19878,Kothi Harari (71),कोठी हरड़ी (71),Namhol(Sub-District) / Bilaspur(District) / Himachal Pradesh(State),01289400,019878,N,eSignGOFile662648_30_04_2025_15_36_54.pdf,,,
674,19796,Kothipura (228),कोठीपुरा (228),Bilaspur Sadar(Sub-District) / Bilaspur(District) / Himachal Pradesh(State),01295800,019796,N,,,,
675,18924,Kot Jhiwran (369),कोट झींवरां (369),Ghumarwin(Sub-District) / Bilaspur(District) / Himachal Pradesh(State),01208900,018924,N,,,,
676,19521,Kot Khash (357),कोट खास (357),Naina Devi(Sub-District) / Bilaspur(District) / Himachal Pradesh(State),01260200,019521,N,,,,
677,19915,Kotla (33),कोटला (33),Namhol(Sub-District) / Bilaspur(District) / Himachal Pradesh(State),01293300,019915,N,eSignGOFile662648_30_04_2025_15_29_09.pdf,,,
678,19005,Kotla (400),कोटला (400),Ghumarwin(Sub-District) / Bilaspur(District) / Himachal Pradesh(State),01218800,019005,N,,,,
679,19138,Kotlu (341),कोटलू (341),Bharari(Sub-District) / Bilaspur(District) / Himachal Pradesh(State),01199100,019138,N,,,,
680,19905,Kotlu (47),कोटलू (47),Namhol(Sub-District) / Bilaspur(District) / Himachal Pradesh(State),01292100,019905,N,eSignGOFile662648_30_04_2025_15_33_47.pdf,,,
681,18983,Kotlu Bindriyan (231),कोटलू बिन्दडिया (231),Ghumarwin(Sub-District) / Bilaspur(District) / Himachal Pradesh(State),01216600,018983,N,,,,
682,18989,Kotlu Brahmna (229),कोटलू ब्राह्मणा (229),Ghumarwin(Sub-District) / Bilaspur(District) / Himachal Pradesh(State),01217200,018989,N,,,,
683,19681,Kuddi (150),कुडी (150),Bilaspur Sadar(Sub-District) / Bilaspur(District) / Himachal Pradesh(State),01276200,019681,N,,,,
684,19515,Kudini (362),कुदीनी (362),Naina Devi(Sub-District) / Bilaspur(District) / Himachal Pradesh(State),01259600,019515,N,,,,
685,19076,Kuh (489),कुह (489),Ghumarwin(Sub-District) / Bilaspur(District) / Himachal Pradesh(State),01225900,019076,N,,,,
686,19933,Kuhal Katal (2),कूहल काटल (2),Namhol(Sub-District) / Bilaspur(District) / Himachal Pradesh(State),01301400,019933,N,,,,
687,19631,Kulah (289),कुलाह (289),Naina Devi(Sub-District) / Bilaspur(District) / Himachal Pradesh(State),01271200,019631,N,,,,
688,19473,Kulahan (151),कुलाहन (151),Jhanduta(Sub-District) / Bilaspur(District) / Himachal Pradesh(State),01255400,019473,N,,,,
689,19018,Kulahru (450),कुलारू (450),Ghumarwin(Sub-District) / Bilaspur(District) / Himachal Pradesh(State),01220100,019018,N,,,,
690,18898,Kulari (539),कुलाडी (539),Ghumarwin(Sub-District) / Bilaspur(District) / Himachal Pradesh(State),01201900,018898,N,,,,
691,19267,Kuljiar (98),कुलज्यार (98),Kalol(Sub-District) / Bilaspur(District) / Himachal Pradesh(State),01234800,019267,N,,,,
692,19646,Kundari (403),कुन्दाडी (403),Naina Devi(Sub-District) / Bilaspur(District) / Himachal Pradesh(State),01272700,019646,N,,,,
693,18948,Kurnardi (422),कुरनाडी (422),Ghumarwin(Sub-District) / Bilaspur(District) / Himachal Pradesh(State),01211300,018948,N,,,,
694,19127,Kurnari (334),कुरना़ड़ी (334),Bharari(Sub-District) / Bilaspur(District) / Himachal Pradesh(State),01198000,019127,N,,,,
695,19632,Kutehla (294),कुटेहला (294),Naina Devi(Sub-District) / Bilaspur(District) / Himachal Pradesh(State),01271300,019632,N,,,,
696,18997,Kuthakar (397),कुठाकर (397),Ghumarwin(Sub-District) / Bilaspur(District) / Himachal Pradesh(State),01218000,018997,N,,,,
697,19281,Kuthera (13),कुठेड़ा (13),Jhanduta(Sub-District) / Bilaspur(District) / Himachal Pradesh(State),01236200,019281,N,,,,
698,19457,Kuthera (138),कुठेङा (138),Jhanduta(Sub-District) / Bilaspur(District) / Himachal Pradesh(State),01253800,019457,N,,,,
699,18928,Kuthera (360),कुठेड़ा (360),Ghumarwin(Sub-District) / Bilaspur(District) / Himachal Pradesh(State),01209300,018928,N,,,,
700,19703,Kyara (168),क्यारा (168),Bilaspur Sadar(Sub-District) / Bilaspur(District) / Himachal Pradesh(State),01278400,019703,N,,,,
701,19017,Kyari (452),क्यारी (452),Ghumarwin(Sub-District) / Bilaspur(District) / Himachal Pradesh(State),01220000,019017,N,,,,
702,937828,Kyar Khanser,क्यार खनसेर (208),Bilaspur Sadar(Sub-District) / Bilaspur(District) / Himachal Pradesh(State),,000000,N,,,,
703,18907,Ladda (528),लददा (528),Ghumarwin(Sub-District) / Bilaspur(District) / Himachal Pradesh(State),01202800,018907,N,,,,
704,18922,Ladher (370),लढ़ेर (370),Ghumarwin(Sub-District) / Bilaspur(District) / Himachal Pradesh(State),01208700,018922,N,,,,
705,19481,Ladhera (178),लधेडा (178),Jhanduta(Sub-District) / Bilaspur(District) / Himachal Pradesh(State),01256200,019481,N,,,,
706,19821,Ladhera Kalan (257),लधेड़ा कलां (257),Bilaspur Sadar(Sub-District) / Bilaspur(District) / Himachal Pradesh(State),01298300,019821,N,,,,
707,19820,Ladhera Khurd (261),लधेडा खुर्द (261),Bilaspur Sadar(Sub-District) / Bilaspur(District) / Himachal Pradesh(State),01298200,019820,N,,,,
708,19185,Ladhyani (294),लढयाणी (294),Bharari(Sub-District) / Bilaspur(District) / Himachal Pradesh(State),01205900,019185,N,,,,
709,19827,Lag (250),लाग (250),Bilaspur Sadar(Sub-District) / Bilaspur(District) / Himachal Pradesh(State),01298900,019827,N,,,,
710,19376,Lag (93),लग (93),Kalol(Sub-District) / Bilaspur(District) / Himachal Pradesh(State),01245700,019376,N,,,,
711,19727,Laghat (132),लघट (132),Bilaspur Sadar(Sub-District) / Bilaspur(District) / Himachal Pradesh(State),01280800,019727,N,,,,
712,19170,Lahot (290),लौहट (290),Bharari(Sub-District) / Bilaspur(District) / Himachal Pradesh(State),01204400,019170,N,,,,
713,19362,Laihad (134),लैहड (134),Jhanduta(Sub-District) / Bilaspur(District) / Himachal Pradesh(State),01244300,019362,N,,,,
714,19600,Lakhala (334),लखाला (334),Naina Devi(Sub-District) / Bilaspur(District) / Himachal Pradesh(State),01268100,019600,N,,,,
715,19531,Lakhnoo (349),लखनू (349),Naina Devi(Sub-District) / Bilaspur(District) / Himachal Pradesh(State),01261200,019531,N,,,,
716,19181,Lalhan (297),ललहाण (297),Bharari(Sub-District) / Bilaspur(District) / Himachal Pradesh(State),01205500,019181,N,,,,
717,19194,Lanjhta (311),लंझता (311),Bharari(Sub-District) / Bilaspur(District) / Himachal Pradesh(State),01206800,019194,N,,,,
718,19072,Lehra (482),लहड़ा (482),Ghumarwin(Sub-District) / Bilaspur(District) / Himachal Pradesh(State),01225500,019072,N,,,,
719,19551,Lehri (376),लैहड़ी (376),Naina Devi(Sub-District) / Bilaspur(District) / Himachal Pradesh(State),01263200,019551,N,,,,
720,19174,Lehri Sarail (272),लैहड़ी सरेल (272),Bharari(Sub-District) / Bilaspur(District) / Himachal Pradesh(State),01204800,019174,N,,,,
721,19861,Leongari Brahmna (90),लियूंगड़ी ब्राहम्णा (90),Namhol(Sub-District) / Bilaspur(District) / Himachal Pradesh(State),01287700,019861,N,eSignGOFile662648_30_04_2025_15_24_19.pdf,,,
722,19857,Leongari Kanaitan (95),लियूगंड़ी कनैतां (95),Namhol(Sub-District) / Bilaspur(District) / Himachal Pradesh(State),01287300,019857,N,eSignGOFile662648_30_04_2025_15_24_19.pdf,,,
723,19182,Lethawin (296),लेठवीं (296),Bharari(Sub-District) / Bilaspur(District) / Himachal Pradesh(State),01205600,019182,N,,,,
724,19928,Loharda (244),लोहारडा (244),Namhol(Sub-District) / Bilaspur(District) / Himachal Pradesh(State),01300900,019928,N,eSignGOFile662648_30_04_2025_15_26_34.pdf,,,
725,19049,Loharda (517),लोहारड़ा (517),Ghumarwin(Sub-District) / Bilaspur(District) / Himachal Pradesh(State),01223200,019049,N,,,,
726,19022,Luharwin Gramin (440),लुहारवीं ग्रामीण (440),Ghumarwin(Sub-District) / Bilaspur(District) / Himachal Pradesh(State),01220500,019022,N,,,,
727,19689,Luhnu Kanaitan (158),लुहणू कनैतां (158),Bilaspur Sadar(Sub-District) / Bilaspur(District) / Himachal Pradesh(State),01277000,019689,N,,,,
728,18984,Lurhani (233),लुरहाणी (233),Ghumarwin(Sub-District) / Bilaspur(District) / Himachal Pradesh(State),01216700,018984,N,,,,
729,19466,Lurhar (144),लुरहाड (144),Jhanduta(Sub-District) / Bilaspur(District) / Himachal Pradesh(State),01254700,019466,N,,,,
730,18975,Machhwan (242),मच्छवा़ण (242),Ghumarwin(Sub-District) / Bilaspur(District) / Himachal Pradesh(State),01215800,018975,N,,,,
731,18969,Mahora (241),मोहड़ा (241),Ghumarwin(Sub-District) / Bilaspur(District) / Himachal Pradesh(State),01215000,018969,N,,,,
732,19643,Mahora (408),महोडा (408),Naina Devi(Sub-District) / Bilaspur(District) / Himachal Pradesh(State),01272400,019643,N,,,,
733,19081,Maiharan (431),मैहरन (431),Ghumarwin(Sub-District) / Bilaspur(District) / Himachal Pradesh(State),01226400,019081,N,,,,
734,18903,Maihri Kathla (535),मैहरी काथला (535),Ghumarwin(Sub-District) / Bilaspur(District) / Himachal Pradesh(State),01202400,018903,N,,,,
735,19873,Mains (76),मैंस (76),Namhol(Sub-District) / Bilaspur(District) / Himachal Pradesh(State),01288900,019873,N,eSignGOFile662648_30_04_2025_15_36_54.pdf,,,
736,19829,Maithi (249),मैथी (249),Bilaspur Sadar(Sub-District) / Bilaspur(District) / Himachal Pradesh(State),01299100,019829,N,,,,
737,19260,Majher (107),मझे़ड (107),Kalol(Sub-District) / Bilaspur(District) / Himachal Pradesh(State),01234100,019260,N,,,,
738,19629,Majher (312),मझे़ड़ (312),Naina Devi(Sub-District) / Bilaspur(District) / Himachal Pradesh(State),01271000,019629,N,,,,
739,19109,Majhoun (462),मझौन (462),Ghumarwin(Sub-District) / Bilaspur(District) / Himachal Pradesh(State),01229200,019109,N,,,,
740,19073,Majhwar (483),मझवा़ड़ (483),Ghumarwin(Sub-District) / Bilaspur(District) / Himachal Pradesh(State),01225600,019073,N,,,,
741,18974,Makda (248),माकडा (248),Ghumarwin(Sub-District) / Bilaspur(District) / Himachal Pradesh(State),01215700,018974,N,,,,
742,19775,Makdi (190),माकड़ी (190),Bilaspur Sadar(Sub-District) / Bilaspur(District) / Himachal Pradesh(State),01292300,019775,N,,,,
743,19162,Makri (348),माकड़ी (348),Bharari(Sub-District) / Bilaspur(District) / Himachal Pradesh(State),01201500,019162,N,,,,
744,19561,Makri (409),माकड़ी (409),Naina Devi(Sub-District) / Bilaspur(District) / Himachal Pradesh(State),01264200,019561,N,,,,
745,19403,Makri (84/1),माकड़ी (84/1),Kalol(Sub-District) / Bilaspur(District) / Himachal Pradesh(State),01248400,019403,N,,,,
746,19280,Malangan (14),मलांगन (14),Jhanduta(Sub-District) / Bilaspur(District) / Himachal Pradesh(State),01236100,019280,N,,,,
747,19293,Malari (12),मलारी (12),Jhanduta(Sub-District) / Bilaspur(District) / Himachal Pradesh(State),01237400,019293,N,,,,
748,19594,Malaun (339),मलौण (339),Naina Devi(Sub-District) / Bilaspur(District) / Himachal Pradesh(State),01267500,019594,N,,,,
749,19579,Maleta (391),मलेटा (391),Naina Devi(Sub-District) / Bilaspur(District) / Himachal Pradesh(State),01266000,019579,N,,,,
750,19434,Malhot (61),मल्होट (61),Kalol(Sub-District) / Bilaspur(District) / Himachal Pradesh(State),01251500,019434,N,,,,
751,18930,Maloh (355),मलोह (355),Ghumarwin(Sub-District) / Bilaspur(District) / Himachal Pradesh(State),01209500,018930,N,,,,
752,19875,Malokhar (74),मलोखर (74),Namhol(Sub-District) / Bilaspur(District) / Himachal Pradesh(State),01289100,019875,N,eSignGOFile662648_30_04_2025_15_36_54.pdf,,,
753,19877,Malothi (72),मल़ोथी (72),Namhol(Sub-District) / Bilaspur(District) / Himachal Pradesh(State),01289300,019877,N,eSignGOFile662648_30_04_2025_15_36_54.pdf,,,
754,19401,Malraon (41),मलराओं (41),Kalol(Sub-District) / Bilaspur(District) / Himachal Pradesh(State),01248200,019401,N,,,,
755,19114,Malyawar (475),मल्यावर (475),Ghumarwin(Sub-District) / Bilaspur(District) / Himachal Pradesh(State),01229700,019114,N,,,,
756,19940,Mamnu (10),म़ामणू (10),Namhol(Sub-District) / Bilaspur(District) / Himachal Pradesh(State),01302100,019940,N,,,,
757,19718,Manar (137),मानर (137),Bilaspur Sadar(Sub-District) / Bilaspur(District) / Himachal Pradesh(State),01279900,019718,N,,,,
758,19791,Mandi (226),मंडी (226),Bilaspur Sadar(Sub-District) / Bilaspur(District) / Himachal Pradesh(State),01295300,019791,N,,,,
759,19793,Mandlohu (225),मंडलोहू (225),Bilaspur Sadar(Sub-District) / Bilaspur(District) / Himachal Pradesh(State),01295500,019793,N,,,,
760,19538,Mandyali (387/1),मण्डयाली (397/1),Naina Devi(Sub-District) / Bilaspur(District) / Himachal Pradesh(State),01261900,019538,N,,,,
761,19756,Mangrot (185),मंगरोट (185),Bilaspur Sadar(Sub-District) / Bilaspur(District) / Himachal Pradesh(State),01283700,019756,N,,,,
762,19105,Manjhasu (461),मझासू (461),Ghumarwin(Sub-District) / Bilaspur(District) / Himachal Pradesh(State),01228800,019105,N,,,,
763,19927,Manjher (243),मंझेड़ (243),Namhol(Sub-District) / Bilaspur(District) / Himachal Pradesh(State),01300800,019927,N,eSignGOFile662648_30_04_2025_15_26_34.pdf,,,
764,19918,Manjhot (36),मंझोत (36),Namhol(Sub-District) / Bilaspur(District) / Himachal Pradesh(State),01293600,019918,N,eSignGOFile662648_30_04_2025_15_29_09.pdf,,,
765,19792,Manwan (221),माणवा (221),Bilaspur Sadar(Sub-District) / Bilaspur(District) / Himachal Pradesh(State),01295400,019792,N,,,,
766,19154,Marhana (324),मरहा़णा (324),Bharari(Sub-District) / Bilaspur(District) / Himachal Pradesh(State),01200700,019154,N,,,,
767,18953,Marhol (411),मरोल (411),Ghumarwin(Sub-District) / Bilaspur(District) / Himachal Pradesh(State),01211800,018953,N,,,,
768,19211,Mariani (260),मरया़णी  (260),Bharari(Sub-District) / Bilaspur(District) / Himachal Pradesh(State),01213200,019211,N,,,,
769,19489,Marohian (167),मरोईयाँ (167),Jhanduta(Sub-District) / Bilaspur(District) / Himachal Pradesh(State),01257000,019489,N,,,,
770,19432,Marotan (53),मरोतन (53),Kalol(Sub-District) / Bilaspur(District) / Himachal Pradesh(State),01251300,019432,N,,,,
771,18936,Masdhan (377),मसधान (377),Ghumarwin(Sub-District) / Bilaspur(District) / Himachal Pradesh(State),01210100,018936,N,,,,
772,18935,Massour (364),मसौर (364),Ghumarwin(Sub-District) / Bilaspur(District) / Himachal Pradesh(State),01210000,018935,N,,,,
773,19031,Maswar (426),मसवाड़ ((426),Ghumarwin(Sub-District) / Bilaspur(District) / Himachal Pradesh(State),01221400,019031,N,,,,
774,18921,Matiyal (371),मटियाल (371),Ghumarwin(Sub-District) / Bilaspur(District) / Himachal Pradesh(State),01208600,018921,N,,,,
775,19469,Matla (147),मातला (147),Jhanduta(Sub-District) / Bilaspur(District) / Himachal Pradesh(State),01255000,019469,N,,,,
776,19622,Matnoh (314),मतनोह (314),Naina Devi(Sub-District) / Bilaspur(District) / Himachal Pradesh(State),01270300,019622,N,,,,
777,18954,Matwana (438),मतवा़णा (438),Ghumarwin(Sub-District) / Bilaspur(District) / Himachal Pradesh(State),01211900,018954,N,,,,
778,19304,Mauhin (227),मौहीं (227),Jhanduta(Sub-District) / Bilaspur(District) / Himachal Pradesh(State),01238500,019304,N,,,,
779,19437,Mawa (58),मा़वा (58),Kalol(Sub-District) / Bilaspur(District) / Himachal Pradesh(State),01251800,019437,N,,,,
780,19592,Mayoth (342),मयोठ (342),Naina Devi(Sub-District) / Bilaspur(District) / Himachal Pradesh(State),01267300,019592,N,,,,
781,19701,Mehan (169),मैहण (169),Bilaspur Sadar(Sub-District) / Bilaspur(District) / Himachal Pradesh(State),01278200,019701,N,,,,
782,19611,Mehla (322),मेहला (322),Naina Devi(Sub-District) / Bilaspur(District) / Himachal Pradesh(State),01269200,019611,N,,,,
783,19341,Mekhwin (188),मेखवीं (188),Jhanduta(Sub-District) / Bilaspur(District) / Himachal Pradesh(State),01242200,019341,N,,,,
784,19166,Mihara (291),मिहाड़ा (291),Bharari(Sub-District) / Bilaspur(District) / Himachal Pradesh(State),01204000,019166,N,,,,
785,19526,Modar (387/2),मोदर (387/2),Naina Devi(Sub-District) / Bilaspur(District) / Himachal Pradesh(State),01260700,019526,N,,,,
786,18939,Morsinghi (380),मोरसिंघी (380),Ghumarwin(Sub-District) / Bilaspur(District) / Himachal Pradesh(State),01210400,018939,N,,,,
787,19045,Morsinghi (519),मोरसिंघी (519),Ghumarwin(Sub-District) / Bilaspur(District) / Himachal Pradesh(State),01222800,019045,N,,,,
788,19602,Mouru (329),मौडू (329),Naina Devi(Sub-District) / Bilaspur(District) / Himachal Pradesh(State),01268300,019602,N,,,,
789,19808,Muhai (267),मुहाई (267),Bilaspur Sadar(Sub-District) / Bilaspur(District) / Himachal Pradesh(State),01297000,019808,N,,,,
790,19195,Muhana (309),मुहा़णा (309),Bharari(Sub-District) / Bilaspur(District) / Himachal Pradesh(State),01206900,019195,N,,,,
791,18965,Mundkhar (245),मुण्डखर (245),Ghumarwin(Sub-District) / Bilaspur(District) / Himachal Pradesh(State),01214600,018965,N,,,,
792,19463,Musahan (142),मुसाहन (142),Jhanduta(Sub-District) / Bilaspur(District) / Himachal Pradesh(State),01254400,019463,N,,,,
793,19122,Muthani (479),मुठाणी (479),Ghumarwin(Sub-District) / Bilaspur(District) / Himachal Pradesh(State),01230500,019122,N,,,,
794,937798,N.A.C. Badharan (385/1),ऎन.ऎ. सी. बढारन (385/1),Naina Devi(Sub-District) / Bilaspur(District) / Himachal Pradesh(State),,000000,N,,,,
795,937778,N.A.C. Badoh (388/1),ऎन.ऎ.सी.बडोह (388/1),Naina Devi(Sub-District) / Bilaspur(District) / Himachal Pradesh(State),,000000,N,,,,
796,937800,N.A.C. Mandiyali (387/5),ऎन.ऎ.सी. मण्डयाली (387/5),Naina Devi(Sub-District) / Bilaspur(District) / Himachal Pradesh(State),,000000,N,,,,
797,19236,Naghiar (6),नघ्यार (6),Kalol(Sub-District) / Bilaspur(District) / Himachal Pradesh(State),01231700,019236,N,,,,
798,19363,Nagraon (133),नगरांव (133),Jhanduta(Sub-District) / Bilaspur(District) / Himachal Pradesh(State),01244400,019363,N,,,,
799,19003,Nagraon (401),नगराओ (401),Ghumarwin(Sub-District) / Bilaspur(District) / Himachal Pradesh(State),01218600,019003,N,,,,
800,19361,Nahral (135),नाहरल (135),Jhanduta(Sub-District) / Bilaspur(District) / Himachal Pradesh(State),01244200,019361,N,,,,
801,19736,Naihar (118),नैहर (118),Bilaspur Sadar(Sub-District) / Bilaspur(District) / Himachal Pradesh(State),01281700,019736,N,,,,
802,19024,Nain (432),नैण (432),Ghumarwin(Sub-District) / Bilaspur(District) / Himachal Pradesh(State),01220700,019024,N,,,,
803,19087,Nain Gujran (474),नैण गुजरां (474),Ghumarwin(Sub-District) / Bilaspur(District) / Himachal Pradesh(State),01227000,019087,N,,,,
804,19464,Nakhlera (153),नखलेड़ा (153),Jhanduta(Sub-District) / Bilaspur(District) / Himachal Pradesh(State),01254500,019464,N,,,,
805,19585,Nakrana (345),नकरा़णा (345),Naina Devi(Sub-District) / Bilaspur(District) / Himachal Pradesh(State),01266600,019585,N,,,,
806,19785,Nal (214),नाल (214),Bilaspur Sadar(Sub-District) / Bilaspur(District) / Himachal Pradesh(State),01294700,019785,N,,,,
807,19666,Nal (288),नाल (288),Naina Devi(Sub-District) / Bilaspur(District) / Himachal Pradesh(State),01274700,019666,N,,,,
808,19730,Nalag (131),नालग (131),Bilaspur Sadar(Sub-District) / Bilaspur(District) / Himachal Pradesh(State),01281100,019730,N,,,,
809,19833,Nali Palon (254),नाली पलॉण (254),Bilaspur Sadar(Sub-District) / Bilaspur(District) / Himachal Pradesh(State),01299500,019833,N,,,,
810,19151,Nalog (322),नलोग (322),Bharari(Sub-District) / Bilaspur(District) / Himachal Pradesh(State),01200400,019151,N,,,,
811,19112,Nalti (471),नालटी (471),Ghumarwin(Sub-District) / Bilaspur(District) / Himachal Pradesh(State),01229500,019112,N,,,,
812,18904,Nalti (534),नालटी (534),Ghumarwin(Sub-District) / Bilaspur(District) / Himachal Pradesh(State),01202500,018904,N,,,,
813,19906,Nalwar (48),नलवाड़ (48),Namhol(Sub-District) / Bilaspur(District) / Himachal Pradesh(State),01292200,019906,N,eSignGOFile662648_30_04_2025_15_33_47.pdf,,,
814,19953,Namhol (13),नम्होल (13),Namhol(Sub-District) / Bilaspur(District) / Himachal Pradesh(State),01303400,019953,N,,,,
815,19123,Nanawan (478),ननावां (478),Ghumarwin(Sub-District) / Bilaspur(District) / Himachal Pradesh(State),01230600,019123,N,,,,
816,19364,Nand (132),नण्ड (132),Jhanduta(Sub-District) / Bilaspur(District) / Himachal Pradesh(State),01244500,019364,N,,,,
817,19525,Nand Baihl (353),नन्द बैहल (353),Naina Devi(Sub-District) / Bilaspur(District) / Himachal Pradesh(State),01260600,019525,N,,,,
818,18960,Naswal (384),नसवाल (384),Ghumarwin(Sub-District) / Bilaspur(District) / Himachal Pradesh(State),01212500,018960,N,,,,
819,19779,Nauni (224),नौणी (224),Bilaspur Sadar(Sub-District) / Bilaspur(District) / Himachal Pradesh(State),01294100,019779,N,,,,
820,19503,Nella (374),नैला (374),Naina Devi(Sub-District) / Bilaspur(District) / Himachal Pradesh(State),01258400,019503,N,,,,
821,19660,Nera Kund (286),नेरा कुण्ड (286),Naina Devi(Sub-District) / Bilaspur(District) / Himachal Pradesh(State),01274100,019660,N,,,,
822,19348,Neras (200),नेरस (200),Jhanduta(Sub-District) / Bilaspur(District) / Himachal Pradesh(State),01242900,019348,N,,,,
823,19826,Neri (251),नेरी (251),Bilaspur Sadar(Sub-District) / Bilaspur(District) / Himachal Pradesh(State),01298800,019826,N,,,,
824,19898,Neri (60),नेरी (60),Namhol(Sub-District) / Bilaspur(District) / Himachal Pradesh(State),01291400,019898,N,,,,
825,19804,Nerli (273),नेरली (273),Bilaspur Sadar(Sub-District) / Bilaspur(District) / Himachal Pradesh(State),01296600,019804,N,,,,
826,19759,Nihal (200),निहाल (200),Bilaspur Sadar(Sub-District) / Bilaspur(District) / Himachal Pradesh(State),01284000,019759,N,,,,
827,19307,Nihan (205),निहाण (205),Jhanduta(Sub-District) / Bilaspur(District) / Himachal Pradesh(State),01238800,019307,N,,,,
828,19028,Nihan (428),निहा़ण (428),Ghumarwin(Sub-District) / Bilaspur(District) / Himachal Pradesh(State),01221100,019028,N,,,,
829,19916,Niharkhan Basla (32),निहारखन्न वासला (32),Namhol(Sub-District) / Bilaspur(District) / Himachal Pradesh(State),01293400,019916,N,eSignGOFile662648_30_04_2025_15_29_09.pdf,,,
830,19529,Nilan (351),नीलां (351),Naina Devi(Sub-District) / Bilaspur(District) / Himachal Pradesh(State),01261000,019529,N,,,,
831,18899,Niun (538),नीऊं (538),Ghumarwin(Sub-District) / Bilaspur(District) / Himachal Pradesh(State),01202000,018899,N,,,,
832,19837,Noa (234),नोआ (234),Bilaspur Sadar(Sub-District) / Bilaspur(District) / Himachal Pradesh(State),01300300,019837,N,,,,
833,19710,Nog (178),नोग (178),Bilaspur Sadar(Sub-District) / Bilaspur(District) / Himachal Pradesh(State),01279100,019710,N,,,,
834,19064,Nunahli (499),नुनाहली (499),Ghumarwin(Sub-District) / Bilaspur(District) / Himachal Pradesh(State),01224700,019064,N,,,,
835,19800,Nyahi Sarli (233),न्याही सारली (233),Bilaspur Sadar(Sub-District) / Bilaspur(District) / Himachal Pradesh(State),01296200,019800,N,,,,
836,19768,Oel (197/1),ओयल (197/1),Bilaspur Sadar(Sub-District) / Bilaspur(District) / Himachal Pradesh(State),01284900,019768,N,,,,
837,19591,Oel (343),ओयल (343),Naina Devi(Sub-District) / Bilaspur(District) / Himachal Pradesh(State),01267200,019591,N,,,,
838,19795,Padgal (229),पड़गल (229),Bilaspur Sadar(Sub-District) / Bilaspur(District) / Himachal Pradesh(State),01295700,019795,N,,,,
839,19840,Padhanu (46),पधाणू (46),Namhol(Sub-District) / Bilaspur(District) / Himachal Pradesh(State),01285600,019840,N,eSignGOFile662648_30_04_2025_15_33_47.pdf,,,
840,19201,Padhori (303),पदोहड़ी (303),Bharari(Sub-District) / Bilaspur(District) / Himachal Pradesh(State),01207500,019201,N,,,,
841,19199,Padhyan (308),पद्दयाण (308),Bharari(Sub-District) / Bilaspur(District) / Himachal Pradesh(State),01207300,019199,N,,,,
842,19213,Padyalag (267),पडयालग (267),Bharari(Sub-District) / Bilaspur(District) / Himachal Pradesh(State),01213400,019213,N,,,,
843,19855,Pahlwana (50),पहलवाणा (50),Namhol(Sub-District) / Bilaspur(District) / Himachal Pradesh(State),01287100,019855,N,eSignGOFile662648_30_04_2025_15_25_38.pdf,,,
844,19422,Pakhar (50),पखर (50),Kalol(Sub-District) / Bilaspur(District) / Himachal Pradesh(State),01250300,019422,N,,,,
845,19823,Palah (258),पलाह (258),Bilaspur Sadar(Sub-District) / Bilaspur(District) / Himachal Pradesh(State),01298500,019823,N,,,,
846,19062,Paliala (487),पलैला (487),Ghumarwin(Sub-District) / Bilaspur(District) / Himachal Pradesh(State),01224500,019062,N,,,,
847,18897,Paliyan (537),पलियां (537),Ghumarwin(Sub-District) / Bilaspur(District) / Himachal Pradesh(State),01201800,018897,N,,,,
848,19141,Palmi (327),पालमी (327),Bharari(Sub-District) / Bilaspur(District) / Himachal Pradesh(State),01199400,019141,N,,,,
849,19947,Palog (31),पलोग (31),Namhol(Sub-District) / Bilaspur(District) / Himachal Pradesh(State),01302800,019947,N,,,,
850,19552,Palsed (375),पलसेड़ (375),Naina Devi(Sub-District) / Bilaspur(District) / Himachal Pradesh(State),01263300,019552,N,,,,
851,18947,Palsoti (423),पलसोटी (423),Ghumarwin(Sub-District) / Bilaspur(District) / Himachal Pradesh(State),01211200,018947,N,,,,
852,19104,Palthin (460),पल्थी (460),Ghumarwin(Sub-District) / Bilaspur(District) / Himachal Pradesh(State),01228700,019104,N,,,,
853,19080,Palti (495),पालटी (495),Ghumarwin(Sub-District) / Bilaspur(District) / Himachal Pradesh(State),01226300,019080,N,,,,
854,19625,Panga (310),पंगा (310),Naina Devi(Sub-District) / Bilaspur(District) / Himachal Pradesh(State),01270600,019625,N,,,,
855,19180,Panjaila (258),पंजैला (258),Bharari(Sub-District) / Bilaspur(District) / Himachal Pradesh(State),01205400,019180,N,,,,
856,19891,Panjail Kalan (20),पंजेल कलाँ (20),Namhol(Sub-District) / Bilaspur(District) / Himachal Pradesh(State),01290700,019891,N,,,,
857,19949,Panjail Khurd (63),पंजैल खुर्द (63),Namhol(Sub-District) / Bilaspur(District) / Himachal Pradesh(State),01303000,019949,N,,,,
858,19885,Panjehli (67),प़न्जैहली (67),Namhol(Sub-District) / Bilaspur(District) / Himachal Pradesh(State),01290100,019885,N,eSignGOFile662648_30_04_2025_15_36_54.pdf,,,
859,19913,Panjetan (24),पजैतन (24),Namhol(Sub-District) / Bilaspur(District) / Himachal Pradesh(State),01293100,019913,N,eSignGOFile662648_30_04_2025_15_27_31.pdf,,,
860,19722,Panjgain (126),पंजगांई (126),Bilaspur Sadar(Sub-District) / Bilaspur(District) / Himachal Pradesh(State),01280300,019722,N,,,,
861,19113,Panoh (472),पनोह (472),Ghumarwin(Sub-District) / Bilaspur(District) / Himachal Pradesh(State),01229600,019113,N,,,,
862,19011,Panol Gramin (456),पनौल ग्रामीण (456),Ghumarwin(Sub-District) / Bilaspur(District) / Himachal Pradesh(State),01219400,019011,N,,,,
863,937816,Panol Sahari (456/1),पनौल शहरी (456/1),Ghumarwin(Sub-District) / Bilaspur(District) / Himachal Pradesh(State),,000000,N,,,,
864,19535,Pansui (387/4),पनसूई (387/4),Naina Devi(Sub-District) / Bilaspur(District) / Himachal Pradesh(State),01261600,019535,N,,,,
865,19157,Pantehra (345),पन्तेहडा (345),Bharari(Sub-District) / Bilaspur(District) / Himachal Pradesh(State),01201000,019157,N,,,,
866,18964,Panyala (251),पन्याला (251),Ghumarwin(Sub-District) / Bilaspur(District) / Himachal Pradesh(State),01214300,018964,N,,,,
867,18941,Panyala (420),पन्याला (420),Ghumarwin(Sub-District) / Bilaspur(District) / Himachal Pradesh(State),01210600,018941,N,,,,
868,19223,Panyali (261),पनयाली (261),Bharari(Sub-District) / Bilaspur(District) / Himachal Pradesh(State),01214500,019223,N,,,,
869,18971,Paplah (244),पपलाह (244),Ghumarwin(Sub-District) / Bilaspur(District) / Himachal Pradesh(State),01215200,018971,N,,,,
870,19070,Paplehu (486),पपलेहू (486),Ghumarwin(Sub-District) / Bilaspur(District) / Himachal Pradesh(State),01225300,019070,N,,,,
871,19450,Paploa (69),पपलोआ (69),Kalol(Sub-District) / Bilaspur(District) / Himachal Pradesh(State),01253100,019450,N,,,,
872,19035,Paprola (524),पपरोला (524),Ghumarwin(Sub-District) / Bilaspur(District) / Himachal Pradesh(State),01221800,019035,N,,,,
873,19325,Parahu (115),पराहू (115),Jhanduta(Sub-District) / Bilaspur(District) / Himachal Pradesh(State),01240600,019325,N,,,,
874,19421,Parli (49),पारली (49),Kalol(Sub-District) / Bilaspur(District) / Himachal Pradesh(State),01250200,019421,N,,,,
875,18896,Parnal (536),परनाल (536),Ghumarwin(Sub-District) / Bilaspur(District) / Himachal Pradesh(State),01201700,018896,N,,,,
876,19778,Parnali (193),परनाली (193),Bilaspur Sadar(Sub-District) / Bilaspur(District) / Himachal Pradesh(State),01294000,019778,N,,,,
877,19836,Parohi (237),परोही (237),Bilaspur Sadar(Sub-District) / Bilaspur(District) / Himachal Pradesh(State),01300200,019836,N,,,,
878,19465,Pasol (143),पसोल (143),Jhanduta(Sub-District) / Bilaspur(District) / Himachal Pradesh(State),01254600,019465,N,,,,
879,18933,Pater (372),पटेर (372),Ghumarwin(Sub-District) / Bilaspur(District) / Himachal Pradesh(State),01209800,018933,N,,,,
880,19488,Patta (168),पट्टा (168),Jhanduta(Sub-District) / Bilaspur(District) / Himachal Pradesh(State),01256900,019488,N,,,,
881,19802,Patta (270),पट्टा (270),Bilaspur Sadar(Sub-District) / Bilaspur(District) / Himachal Pradesh(State),01296400,019802,N,,,,
882,18958,Patta Gramin (410),पट्टा ग्रामीण (410),Ghumarwin(Sub-District) / Bilaspur(District) / Himachal Pradesh(State),01212300,018958,N,,,,
883,19215,Patta Malautra (257),पट्टा मलौत़ड़ा (257),Bharari(Sub-District) / Bilaspur(District) / Himachal Pradesh(State),01213600,019215,N,,,,
884,19955,Patta Noduan (19),पट्टा नोडूवां (19),Namhol(Sub-District) / Bilaspur(District) / Himachal Pradesh(State),01303600,019955,N,,,,
885,19134,Patta Rannaunta (329),पट्टा रणौता (329),Bharari(Sub-District) / Bilaspur(District) / Himachal Pradesh(State),01198700,019134,N,,,,
886,939780,Patta Shehri (410/1),पट्टा शहरी (410/1),Ghumarwin(Sub-District) / Bilaspur(District) / Himachal Pradesh(State),,000000,N,,,,
887,19106,Pehrwin (469),पेहड़वीं (469),Ghumarwin(Sub-District) / Bilaspur(District) / Himachal Pradesh(State),01228900,019106,N,,,,
888,19161,Phagat (346),फागत (346),Bharari(Sub-District) / Bilaspur(District) / Himachal Pradesh(State),01201400,019161,N,,,,
889,19054,Phandher (511),फन्दैहर (511),Ghumarwin(Sub-District) / Bilaspur(District) / Himachal Pradesh(State),01223700,019054,N,,,,
890,19315,Phatoh (213),फटोह (213),Jhanduta(Sub-District) / Bilaspur(District) / Himachal Pradesh(State),01239600,019315,N,,,,
891,19428,Phuphli Jhalwana (55),फुफली झलवाणा (55),Kalol(Sub-District) / Bilaspur(District) / Himachal Pradesh(State),01250900,019428,N,,,,
892,19250,Piaungli (31),पियुंगली (31),Kalol(Sub-District) / Bilaspur(District) / Himachal Pradesh(State),01233100,019250,N,,,,
893,18977,Plasla (238),पलासला (238),Ghumarwin(Sub-District) / Bilaspur(District) / Himachal Pradesh(State),01216000,018977,N,,,,
894,19931,Pohni (8),पोहणी (8),Namhol(Sub-District) / Bilaspur(District) / Himachal Pradesh(State),01301200,019931,N,,,,
895,19493,Poli (156),पोली (156),Jhanduta(Sub-District) / Bilaspur(District) / Himachal Pradesh(State),01257400,019493,N,,,,
896,19721,Punahan (134),पुनाण (134),Bilaspur Sadar(Sub-District) / Bilaspur(District) / Himachal Pradesh(State),01280200,019721,N,,,,
897,19595,Pungwana (338),पगंवाणा (338),Naina Devi(Sub-District) / Bilaspur(District) / Himachal Pradesh(State),01267600,019595,N,,,,
898,19020,Rachhehra (442),रच्छेड़ा (442),Ghumarwin(Sub-District) / Bilaspur(District) / Himachal Pradesh(State),01220300,019020,N,,,,
899,19492,Rachhera (157),रच्छेड़ा (157),Jhanduta(Sub-District) / Bilaspur(District) / Himachal Pradesh(State),01257300,019492,N,,,,
900,19323,Radoh (211),रङोह (211),Jhanduta(Sub-District) / Bilaspur(District) / Himachal Pradesh(State),01240400,019323,N,,,,
901,19789,Raghunath Pura (218),रघुनाथपुरा (218),Bilaspur Sadar(Sub-District) / Bilaspur(District) / Himachal Pradesh(State),01295100,019789,N,,,,
902,19308,Railly (204),रैली (204),Jhanduta(Sub-District) / Bilaspur(District) / Himachal Pradesh(State),01238900,019308,N,,,,
903,19838,Rajpura (235),राजपुरा (235),Bilaspur Sadar(Sub-District) / Bilaspur(District) / Himachal Pradesh(State),01300400,019838,N,,,,
904,19790,Rampur (220),रामपुर (220),Bilaspur Sadar(Sub-District) / Bilaspur(District) / Himachal Pradesh(State),01295200,019790,N,,,,
905,18940,Randoh (419),रण्डोह (419),Ghumarwin(Sub-District) / Bilaspur(District) / Himachal Pradesh(State),01210500,018940,N,,,,
906,19042,Rangloh (521),रंगलोह (521),Ghumarwin(Sub-District) / Bilaspur(District) / Himachal Pradesh(State),01222500,019042,N,,,,
907,19846,Rani Kotla (96),रानी कोटला (96),Namhol(Sub-District) / Bilaspur(District) / Himachal Pradesh(State),01286200,019846,N,eSignGOFile662648_30_04_2025_15_34_35.pdf,,,
908,19543,Ranni (382),रनी (382),Naina Devi(Sub-District) / Bilaspur(District) / Himachal Pradesh(State),01262400,019543,N,,,,
909,18900,Ransal (529),रणसल (529),Ghumarwin(Sub-District) / Bilaspur(District) / Himachal Pradesh(State),01202100,018900,N,,,,
910,19799,Rat (232),रट (232),Bilaspur Sadar(Sub-District) / Bilaspur(District) / Himachal Pradesh(State),01296100,019799,N,,,,
911,937814,Ratehal (408),रटैहल (408),Ghumarwin(Sub-District) / Bilaspur(District) / Himachal Pradesh(State),,000000,N,,,,
912,19654,Rauna (303),रॉणा (303),Naina Devi(Sub-District) / Bilaspur(District) / Himachal Pradesh(State),01273500,019654,N,,,,
913,19614,Ree (327),री (327),Naina Devi(Sub-District) / Bilaspur(District) / Himachal Pradesh(State),01269500,019614,N,,,,
914,19446,Reti (77),रेती (77),Kalol(Sub-District) / Bilaspur(District) / Himachal Pradesh(State),01252700,019446,N,,,,
915,19319,Ri (210),री (210),Jhanduta(Sub-District) / Bilaspur(District) / Himachal Pradesh(State),01240000,019319,N,,,,
916,18932,Riangali (373),रिहांयगली  (373),Ghumarwin(Sub-District) / Bilaspur(District) / Himachal Pradesh(State),01209700,018932,N,,,,
917,19909,Ridi (44),रिड़ी (44),Namhol(Sub-District) / Bilaspur(District) / Himachal Pradesh(State),01292700,019909,N,eSignGOFile662648_30_04_2025_15_27_31.pdf,,,
918,19712,Ri Fatuhi (182),री फतुही (182),Bilaspur Sadar(Sub-District) / Bilaspur(District) / Himachal Pradesh(State),01279300,019712,N,,,,
919,19910,Rihan (43),रिहाण (43),Namhol(Sub-District) / Bilaspur(District) / Himachal Pradesh(State),01292800,019910,N,eSignGOFile662648_30_04_2025_15_27_31.pdf,,,
920,19295,Riyana (223),रियाणा (223),Jhanduta(Sub-District) / Bilaspur(District) / Himachal Pradesh(State),01237600,019295,N,,,,
921,18946,Ro (421),रौ (421),Ghumarwin(Sub-District) / Bilaspur(District) / Himachal Pradesh(State),01211100,018946,N,,,,
922,19366,Rohal (128),रोहल (128),Jhanduta(Sub-District) / Bilaspur(District) / Himachal Pradesh(State),01244700,019366,N,,,,
923,19089,Rohin (473),रोहिण (473),Ghumarwin(Sub-District) / Bilaspur(District) / Himachal Pradesh(State),01227200,019089,N,,,,
924,19746,Ropa (125),रोपा (125),Bilaspur Sadar(Sub-District) / Bilaspur(District) / Himachal Pradesh(State),01282700,019746,N,,,,
925,19092,Ropa (445),रोपा (445),Ghumarwin(Sub-District) / Bilaspur(District) / Himachal Pradesh(State),01227500,019092,N,,,,
926,19719,Ropa Gandhiyan (135),रोपा गाँन्धियां (135),Bilaspur Sadar(Sub-District) / Bilaspur(District) / Himachal Pradesh(State),01280000,019719,N,,,,
927,19071,Ropa Ghulatar (481),रोपा घुलात्तर (481),Ghumarwin(Sub-District) / Bilaspur(District) / Himachal Pradesh(State),01225400,019071,N,,,,
928,18952,Roparhi (412),रोपड़ी (412),Ghumarwin(Sub-District) / Bilaspur(District) / Himachal Pradesh(State),01211700,018952,N,,,,
929,19514,Rour Jaman (363),रौड़ जामन (363),Naina Devi(Sub-District) / Bilaspur(District) / Himachal Pradesh(State),01259500,019514,N,,,,
930,18999,Rudhanni (395),रूढाणी (395),Ghumarwin(Sub-District) / Bilaspur(District) / Himachal Pradesh(State),01218200,018999,N,,,,
931,19644,Sadhol (407),सढोल (407),Naina Devi(Sub-District) / Bilaspur(District) / Himachal Pradesh(State),01272500,019644,N,,,,
932,19839,Sagirthi (236),सगीरठी (236),Bilaspur Sadar(Sub-District) / Bilaspur(District) / Himachal Pradesh(State),01300500,019839,N,,,,
933,19935,Sahlon (5),सहलोन (5),Namhol(Sub-District) / Bilaspur(District) / Himachal Pradesh(State),01301600,019935,N,,,,
934,19810,Sai Brahmna (266),साई ब्राहम्णा (266),Bilaspur Sadar(Sub-District) / Bilaspur(District) / Himachal Pradesh(State),01297200,019810,N,,,,
935,19844,Sai Brahmna (97),साई ब्राहम्णा (97),Namhol(Sub-District) / Bilaspur(District) / Himachal Pradesh(State),01286000,019844,N,eSignGOFile662648_30_04_2025_16_19_45.pdf,,,
936,19811,Sai Kanaitan (265),साई कनैता (265),Bilaspur Sadar(Sub-District) / Bilaspur(District) / Himachal Pradesh(State),01297300,019811,N,,,,
937,19828,Saikli (248),सैकली (248),Bilaspur Sadar(Sub-District) / Bilaspur(District) / Himachal Pradesh(State),01299000,019828,N,,,,
938,19954,Sai Noruan (15),साई नोडुवां (15),Namhol(Sub-District) / Bilaspur(District) / Himachal Pradesh(State),01303500,019954,N,,,,
939,19780,Sai Phardyan (223),साई फरड़या (223),Bilaspur Sadar(Sub-District) / Bilaspur(District) / Himachal Pradesh(State),01294200,019780,N,,,,
940,19942,Sakrehar (12),सकरेहड़ (12),Namhol(Sub-District) / Bilaspur(District) / Himachal Pradesh(State),01302300,019942,N,,,,
941,19117,Sakroha (477),सकरोहा (477),Ghumarwin(Sub-District) / Bilaspur(District) / Himachal Pradesh(State),01230000,019117,N,,,,
942,19889,Sakroha (66),शकरोहा (66),Namhol(Sub-District) / Bilaspur(District) / Himachal Pradesh(State),01290500,019889,N,,,,
943,19160,Salaon Uperli (347),सलाओं उपरली (347),Bharari(Sub-District) / Bilaspur(District) / Himachal Pradesh(State),01201300,019160,N,,,,
944,19353,Salasi (182),सलासी (182),Jhanduta(Sub-District) / Bilaspur(District) / Himachal Pradesh(State),01243400,019353,N,,,,
945,19025,Salaun Moundal (430),सलौण मौंडल (430),Ghumarwin(Sub-District) / Bilaspur(District) / Himachal Pradesh(State),01220800,019025,N,,,,
946,19164,Salawon Bhaparaliyan (349),सलाओं भपरालियां (349),Bharari(Sub-District) / Bilaspur(District) / Himachal Pradesh(State),01203800,019164,N,,,,
947,19676,Salnoo (146),सलनूँ (146),Bilaspur Sadar(Sub-District) / Bilaspur(District) / Himachal Pradesh(State),01275700,019676,N,,,,
948,19564,Saloa (405),सलोआ (405),Naina Devi(Sub-District) / Bilaspur(District) / Himachal Pradesh(State),01264500,019564,N,,,,
949,18901,Salwan (530),सलवा़ण (530),Ghumarwin(Sub-District) / Bilaspur(District) / Himachal Pradesh(State),01202200,018901,N,,,,
950,19439,Salwar (64),सलवाड (64),Kalol(Sub-District) / Bilaspur(District) / Himachal Pradesh(State),01252000,019439,N,,,,
951,19044,Samaila (518),समैला (518),Ghumarwin(Sub-District) / Bilaspur(District) / Himachal Pradesh(State),01222700,019044,N,,,,
952,19929,Samari (245),समाड़ी (245),Namhol(Sub-District) / Bilaspur(District) / Himachal Pradesh(State),01301000,019929,N,eSignGOFile662648_30_04_2025_15_26_34.pdf,,,
953,19131,Samlah (283),समलाह (283),Bharari(Sub-District) / Bilaspur(District) / Himachal Pradesh(State),01198400,019131,N,,,,
954,19858,Samlehu (94),समलेहू (94),Namhol(Sub-District) / Bilaspur(District) / Himachal Pradesh(State),01287400,019858,N,eSignGOFile662648_30_04_2025_16_19_45.pdf,,,
955,19494,Samleta (166),समलेटा (166),Jhanduta(Sub-District) / Bilaspur(District) / Himachal Pradesh(State),01257500,019494,N,,,,
956,19470,Samletu (148),समलेटू (148),Jhanduta(Sub-District) / Bilaspur(District) / Himachal Pradesh(State),01255100,019470,N,,,,
957,19628,Samletu (308),समलेटू (308),Naina Devi(Sub-District) / Bilaspur(District) / Himachal Pradesh(State),01270900,019628,N,,,,
958,19590,Samloti (344),समलोटी (344),Naina Devi(Sub-District) / Bilaspur(District) / Himachal Pradesh(State),01267100,019590,N,,,,
959,19887,Samog Brahmna (69),समोग ब्राह्म़्णा (69),Namhol(Sub-District) / Bilaspur(District) / Himachal Pradesh(State),01290300,019887,N,eSignGOFile662648_30_04_2025_15_36_54.pdf,,,
960,19888,Samog Kanaitan (68),समोग कनैता़ं (68),Namhol(Sub-District) / Bilaspur(District) / Himachal Pradesh(State),01290400,019888,N,eSignGOFile662648_30_04_2025_15_36_54.pdf,,,
961,19309,Samoh (199),समोह (199),Jhanduta(Sub-District) / Bilaspur(District) / Himachal Pradesh(State),01239000,019309,N,,,,
962,19506,Samtehan (371),समतैहण (371),Naina Devi(Sub-District) / Bilaspur(District) / Himachal Pradesh(State),01258700,019506,N,,,,
963,19111,Sanaur (467),सनोर (467),Ghumarwin(Sub-District) / Bilaspur(District) / Himachal Pradesh(State),01229400,019111,N,,,,
964,19774,Sandauli (189),सन्दौली (189),Bilaspur Sadar(Sub-District) / Bilaspur(District) / Himachal Pradesh(State),01285500,019774,N,,,,
965,18986,Sandyar (234),संडयार (234),Ghumarwin(Sub-District) / Bilaspur(District) / Himachal Pradesh(State),01216900,018986,N,,,,
966,19296,Sangaswin (224),संगास्वीं (224),Jhanduta(Sub-District) / Bilaspur(District) / Himachal Pradesh(State),01237700,019296,N,,,,
967,19460,Sangh (140),संघ (140),Jhanduta(Sub-District) / Bilaspur(District) / Himachal Pradesh(State),01254100,019460,N,,,,
968,19848,Sangrana (101),संगराना (101),Namhol(Sub-District) / Bilaspur(District) / Himachal Pradesh(State),01286400,019848,N,eSignGOFile662648_30_04_2025_15_30_42.pdf,,,
969,19274,Sanihra (109),सनीहरा (109),Kalol(Sub-District) / Bilaspur(District) / Himachal Pradesh(State),01235500,019274,N,,,,
970,19006,Sannaur (402),सनौर (402),Ghumarwin(Sub-District) / Bilaspur(District) / Himachal Pradesh(State),01218900,019006,N,,,,
971,18911,Sarag (359),साड़ग (359),Ghumarwin(Sub-District) / Bilaspur(District) / Himachal Pradesh(State),01203200,018911,N,,,,
972,19755,Sarar (186),सरड़ (186),Bilaspur Sadar(Sub-District) / Bilaspur(District) / Himachal Pradesh(State),01283600,019755,N,,,,
973,19302,Sargal (215),सरगल (215),Jhanduta(Sub-District) / Bilaspur(District) / Himachal Pradesh(State),01238300,019302,N,,,,
974,19063,Sariun Khas (488),सरयून खास (488),Ghumarwin(Sub-District) / Bilaspur(District) / Himachal Pradesh(State),01224600,019063,N,,,,
975,19093,Sarti (446),सारटी (446),Ghumarwin(Sub-District) / Bilaspur(District) / Himachal Pradesh(State),01227600,019093,N,,,,
976,19000,Sasan (409),सासन (409),Ghumarwin(Sub-District) / Bilaspur(District) / Himachal Pradesh(State),01218300,019000,N,,,,
977,19417,Sasota (46),ससोटा (46),Kalol(Sub-District) / Bilaspur(District) / Himachal Pradesh(State),01249800,019417,N,,,,
978,19822,Sauti (259),सौटी (259),Bilaspur Sadar(Sub-District) / Bilaspur(District) / Himachal Pradesh(State),01298400,019822,N,,,,
979,19843,Sayar (99),सायर (99),Namhol(Sub-District) / Bilaspur(District) / Himachal Pradesh(State),01285900,019843,N,eSignGOFile662648_30_04_2025_15_34_35.pdf,,,
980,18920,Sedi (375),सेडी (375),Ghumarwin(Sub-District) / Bilaspur(District) / Himachal Pradesh(State),01208500,018920,N,,,,
981,19663,Seotha (287),सयोथा (287),Naina Devi(Sub-District) / Bilaspur(District) / Himachal Pradesh(State),01274400,019663,N,,,,
982,19336,Ser (123),सेर (123),Jhanduta(Sub-District) / Bilaspur(District) / Himachal Pradesh(State),01241700,019336,N,,,,
983,19438,Seri (59),सेरी (59),Kalol(Sub-District) / Bilaspur(District) / Himachal Pradesh(State),01251900,019438,N,,,,
984,18963,Seu (385),सेऊ (385),Ghumarwin(Sub-District) / Bilaspur(District) / Himachal Pradesh(State),01212800,018963,N,,,,
985,937809,Seu (8),सेऊ (8),Jhanduta(Sub-District) / Bilaspur(District) / Himachal Pradesh(State),,000000,N,,,,
986,937801,Shri Naina Devi Ji,श्री नयना देवी जी,Naina Devi(Sub-District) / Bilaspur(District) / Himachal Pradesh(State),,000000,N,,,,
987,19757,Sihra (184),सिहड़ा (184),Bilaspur Sadar(Sub-District) / Bilaspur(District) / Himachal Pradesh(State),01283800,019757,N,,,,
988,19406,Silh (83),सि़ल्ह (83),Kalol(Sub-District) / Bilaspur(District) / Himachal Pradesh(State),01248700,019406,N,,,,
989,19956,Silha (14),सि़ल्हा (14),Namhol(Sub-District) / Bilaspur(District) / Himachal Pradesh(State),01303700,019956,N,,,,
990,19023,Silh Shahari (433/1),सिल्ह शहरी (433/1),Ghumarwin(Sub-District) / Bilaspur(District) / Himachal Pradesh(State),01220600,019023,N,,,,
991,19447,Silwin (76),सिलवीं (76),Kalol(Sub-District) / Bilaspur(District) / Himachal Pradesh(State),01252800,019447,N,,,,
992,19050,Sindhar (505),सिंधर (505),Ghumarwin(Sub-District) / Bilaspur(District) / Himachal Pradesh(State),01223300,019050,N,,,,
993,19593,Sinma Sadha (340),सि़णमा साधां (340),Naina Devi(Sub-District) / Bilaspur(District) / Himachal Pradesh(State),01267400,019593,N,,,,
994,19912,Siyohla (35),स्योहला (35),Namhol(Sub-District) / Bilaspur(District) / Himachal Pradesh(State),01293000,019912,N,eSignGOFile662648_30_04_2025_15_27_31.pdf,,,
995,18987,Siyotha (235),सियोथा (235),Ghumarwin(Sub-District) / Bilaspur(District) / Himachal Pradesh(State),01217000,018987,N,,,,
996,18994,Sohal (396),सोहल (396),Ghumarwin(Sub-District) / Bilaspur(District) / Himachal Pradesh(State),01217700,018994,N,,,,
997,19862,Sohra Biyuns (93),सोहरा बियून्स (93),Namhol(Sub-District) / Bilaspur(District) / Himachal Pradesh(State),01287800,019862,N,eSignGOFile662648_30_04_2025_15_24_19.pdf,,,
998,19950,Sohri (17),सोहरी (17),Namhol(Sub-District) / Bilaspur(District) / Himachal Pradesh(State),01303100,019950,N,,,,
999,18956,Soi (435),सोई (435),Ghumarwin(Sub-District) / Bilaspur(District) / Himachal Pradesh(State),01212100,018956,N,,,,
1000,19753,Solag Jurasi (107),सोलग जुरासी (107),Bilaspur Sadar(Sub-District) / Bilaspur(District) / Himachal Pradesh(State),01283400,019753,N,,,,
1001,19881,Soldha (80),सोल़धा (80),Namhol(Sub-District) / Bilaspur(District) / Himachal Pradesh(State),01289700,019881,N,eSignGOFile662648_30_04_2025_15_28_19.pdf,,,
1002,19135,Sonkhar (333),सोंखर (333),Bharari(Sub-District) / Bilaspur(District) / Himachal Pradesh(State),01198800,019135,N,,,,
1003,19445,Sooh (66),सूह (66),Kalol(Sub-District) / Bilaspur(District) / Himachal Pradesh(State),01252600,019445,N,,,,
1004,19484,Sopta (176),सोपता (176),Jhanduta(Sub-District) / Bilaspur(District) / Himachal Pradesh(State),01256500,019484,N,,,,
1005,19943,Sosan (27),सोस़ण (27),Namhol(Sub-District) / Bilaspur(District) / Himachal Pradesh(State),01302400,019943,N,,,,
1006,19867,Suin (58),सूई (58),Namhol(Sub-District) / Bilaspur(District) / Himachal Pradesh(State),01288300,019867,N,eSignGOFile662648_30_04_2025_15_24_19.pdf,,,
1007,19186,Sumari (316),सुमाडी (316),Bharari(Sub-District) / Bilaspur(District) / Himachal Pradesh(State),01206000,019186,N,,,,
1008,19638,Sunahan (305),सुनहण (305),Naina Devi(Sub-District) / Bilaspur(District) / Himachal Pradesh(State),01271900,019638,N,,,,
1009,18970,Sunali (243),सुनाली (243),Ghumarwin(Sub-District) / Bilaspur(District) / Himachal Pradesh(State),01215100,018970,N,,,,
1010,19356,Sundru (183),सुन्दड़ू (183),Jhanduta(Sub-District) / Bilaspur(District) / Himachal Pradesh(State),01243700,019356,N,,,,
1011,19707,Sungal (179),सुंगल (179),Bilaspur Sadar(Sub-District) / Bilaspur(District) / Himachal Pradesh(State),01278800,019707,N,,,,
1012,19305,Sunhani (207),सुन्हा़णी (207),Jhanduta(Sub-District) / Bilaspur(District) / Himachal Pradesh(State),01238600,019305,N,,,,
1013,19863,Surhar (56),सुरहाड़ (56),Namhol(Sub-District) / Bilaspur(District) / Himachal Pradesh(State),01287900,019863,N,eSignGOFile662648_30_04_2025_15_25_38.pdf,,,
1014,19606,Swahan (331),स्वाहण (331),Naina Devi(Sub-District) / Bilaspur(District) / Himachal Pradesh(State),01268700,019606,N,,,,
1015,19198,Swara (299),स्वारा (299),Bharari(Sub-District) / Bilaspur(District) / Himachal Pradesh(State),01207200,019198,N,,,,
1016,19238,Tahara (27),टाहरा (27),Kalol(Sub-District) / Bilaspur(District) / Himachal Pradesh(State),01231900,019238,N,,,,
1017,900490,Tahra(401),टाहरा (401),Naina Devi(Sub-District) / Bilaspur(District) / Himachal Pradesh(State),,000000,N,,,,
1018,19091,Takrera (444),टकरेड़ा (444),Ghumarwin(Sub-District) / Bilaspur(District) / Himachal Pradesh(State),01227400,019091,N,,,,
1019,937806,Talai First (7/1),तलाई प्रथम (7/1),Jhanduta(Sub-District) / Bilaspur(District) / Himachal Pradesh(State),,000000,N,,,,
1020,937807,Talai Second (7/2),तलाई व्दितीय (7/2),Jhanduta(Sub-District) / Bilaspur(District) / Himachal Pradesh(State),,000000,N,,,,
1021,937808,Talai Third (7/3),तलाई तृतीय (7/3),Jhanduta(Sub-District) / Bilaspur(District) / Himachal Pradesh(State),,000000,N,,,,
1022,18973,Talao (239),तलाओ (239),Ghumarwin(Sub-District) / Bilaspur(District) / Himachal Pradesh(State),01215600,018973,N,,,,
1023,19656,Tali (298),टाली (298),Naina Devi(Sub-District) / Bilaspur(District) / Himachal Pradesh(State),01273700,019656,N,,,,
1024,19807,Talsri (268),तलसरी (268),Bilaspur Sadar(Sub-District) / Bilaspur(District) / Himachal Pradesh(State),01296900,019807,N,,,,
1025,19698,Talwar (173),तलवाड़ (173),Bilaspur Sadar(Sub-District) / Bilaspur(District) / Himachal Pradesh(State),01277900,019698,N,,,,
1026,18916,Talwara (351),तलवाड़ा (351),Ghumarwin(Sub-District) / Bilaspur(District) / Himachal Pradesh(State),01203700,018916,N,,,,
1027,19048,Talyana (516),तल्याणा (516),Ghumarwin(Sub-District) / Bilaspur(District) / Himachal Pradesh(State),01223100,019048,N,,,,
1028,19668,Tanbaul (283),तनबौल (283),Naina Devi(Sub-District) / Bilaspur(District) / Himachal Pradesh(State),01274900,019668,N,,,,
1029,19478,Tanior (173),तन्यूर (173),Jhanduta(Sub-District) / Bilaspur(District) / Himachal Pradesh(State),01255900,019478,N,,,,
1030,19037,Tantha (510),तन्था (510),Ghumarwin(Sub-District) / Bilaspur(District) / Himachal Pradesh(State),01222000,019037,N,,,,
1031,19832,Tarambri (255),तराम्बड़ी (255),Bilaspur Sadar(Sub-District) / Bilaspur(District) / Himachal Pradesh(State),01299400,019832,N,,,,
1032,19147,Taraun (274),तड़ौन (274),Bharari(Sub-District) / Bilaspur(District) / Himachal Pradesh(State),01200000,019147,N,,,,
1033,19019,Tarontra (443),तरौंतड़ा (443),Ghumarwin(Sub-District) / Bilaspur(District) / Himachal Pradesh(State),01220200,019019,N,,,,
1034,19508,Tarsooh (368),तरसू़ह (368),Naina Devi(Sub-District) / Bilaspur(District) / Himachal Pradesh(State),01258900,019508,N,,,,
1035,19597,Tarwar (341),टरवाड़ (341),Naina Devi(Sub-District) / Bilaspur(District) / Himachal Pradesh(State),01267800,019597,N,,,,
1036,18914,Tatoh (352),टटोह (352),Ghumarwin(Sub-District) / Bilaspur(District) / Himachal Pradesh(State),01203500,018914,N,,,,
1037,19937,Tepra (3),टेपरा (3),Namhol(Sub-District) / Bilaspur(District) / Himachal Pradesh(State),01301800,019937,N,,,,
1038,19874,Thach (75),थाच (75),Namhol(Sub-District) / Bilaspur(District) / Himachal Pradesh(State),01289000,019874,N,eSignGOFile662648_30_04_2025_15_36_54.pdf,,,
1039,19549,Thana Koliyan (378),थाना कोलियाँ (378),Naina Devi(Sub-District) / Bilaspur(District) / Himachal Pradesh(State),01263000,019549,N,,,,
1040,19155,Thandoh (330),ठन्डोह (330),Bharari(Sub-District) / Bilaspur(District) / Himachal Pradesh(State),01200800,019155,N,,,,
1041,19193,Thandora (314),ठण्डोड़ा (314),Bharari(Sub-District) / Bilaspur(District) / Himachal Pradesh(State),01206700,019193,N,,,,
1042,19047,Thandori (520),ठण्डोडी (520),Ghumarwin(Sub-District) / Bilaspur(District) / Himachal Pradesh(State),01223000,019047,N,,,,
1043,19627,Thapna (309),थापना (309),Naina Devi(Sub-District) / Bilaspur(District) / Himachal Pradesh(State),01270800,019627,N,,,,
1044,19328,Thapper (116),ठप्पर (116),Jhanduta(Sub-District) / Bilaspur(District) / Himachal Pradesh(State),01240900,019328,N,,,,
1045,19900,Thlaila (21),ठलैला (21),Namhol(Sub-District) / Bilaspur(District) / Himachal Pradesh(State),01291600,019900,N,,,,
1046,19773,Thouhru (188),ठौहडू (188),Bilaspur Sadar(Sub-District) / Bilaspur(District) / Himachal Pradesh(State),01285400,019773,N,,,,
1047,19491,Thurahan (171),थुराहण (171),Jhanduta(Sub-District) / Bilaspur(District) / Himachal Pradesh(State),01257200,019491,N,,,,
1048,19938,Tiaman (6),तयामन (6),Namhol(Sub-District) / Bilaspur(District) / Himachal Pradesh(State),01301900,019938,N,,,,
1049,19318,Tihra (209),टिहरा (209),Jhanduta(Sub-District) / Bilaspur(District) / Himachal Pradesh(State),01239900,019318,N,,,,
1050,19476,Tihri (155),टिहरी (155),Jhanduta(Sub-District) / Bilaspur(District) / Himachal Pradesh(State),01255700,019476,N,,,,
1051,19700,Tihri (167),टीहरी (167),Bilaspur Sadar(Sub-District) / Bilaspur(District) / Himachal Pradesh(State),01278100,019700,N,,,,
1052,19300,Tihri (225),टीहरी (225),Jhanduta(Sub-District) / Bilaspur(District) / Himachal Pradesh(State),01238100,019300,N,,,,
1053,18929,Tihri (361),ट़िहरी (361),Ghumarwin(Sub-District) / Bilaspur(District) / Himachal Pradesh(State),01209400,018929,N,,,,
1054,19379,Tihri (94),टिहरी (94),Kalol(Sub-District) / Bilaspur(District) / Himachal Pradesh(State),01246000,019379,N,,,,
1055,19612,Tihrli (321),तिहरली (321),Naina Devi(Sub-District) / Bilaspur(District) / Himachal Pradesh(State),01269300,019612,N,,,,
1056,19639,Tikar (304),टिकर (304),Naina Devi(Sub-District) / Bilaspur(District) / Himachal Pradesh(State),01272000,019639,N,,,,
1057,18926,Tikkar Kasoliyan (366),टिक्कर कसोलियां (366),Ghumarwin(Sub-District) / Bilaspur(District) / Himachal Pradesh(State),01209100,018926,N,,,,
1058,19749,Tikkri (123),टिकरी (123),Bilaspur Sadar(Sub-District) / Bilaspur(District) / Himachal Pradesh(State),01283000,019749,N,,,,
1059,19459,Tikri (137),टिकरी (137),Jhanduta(Sub-District) / Bilaspur(District) / Himachal Pradesh(State),01254000,019459,N,,,,
1060,19640,Tikri (302),टिकरी (302),Naina Devi(Sub-District) / Bilaspur(District) / Himachal Pradesh(State),01272100,019640,N,,,,
1061,19152,Tikri (323),टिकरी (323),Bharari(Sub-District) / Bilaspur(District) / Himachal Pradesh(State),01200500,019152,N,,,,
1062,937812,Tikri (453),टिकरी (453),Ghumarwin(Sub-District) / Bilaspur(District) / Himachal Pradesh(State),,000000,N,,,,
1063,19615,Tiun (320),तियून (320),Naina Devi(Sub-District) / Bilaspur(District) / Himachal Pradesh(State),01269600,019615,N,,,,
1064,19235,Tiungli (1),टियूंगली (1),Kalol(Sub-District) / Bilaspur(District) / Himachal Pradesh(State),01231600,019235,N,,,,
1065,19029,Tiun Khas (425),तियून खास (425),Ghumarwin(Sub-District) / Bilaspur(District) / Himachal Pradesh(State),01221200,019029,N,,,,
1066,19528,Toba Sangwana (352),टोबा संगवाना (352),Naina Devi(Sub-District) / Bilaspur(District) / Himachal Pradesh(State),01260900,019528,N,,,,
1067,19693,Trer (159),तरेड़ (159),Bilaspur Sadar(Sub-District) / Bilaspur(District) / Himachal Pradesh(State),01277400,019693,N,,,,
1068,19805,Tuhnun (274),तुहनु (274),Bilaspur Sadar(Sub-District) / Bilaspur(District) / Himachal Pradesh(State),01296700,019805,N,,,,
1069,19055,Tundwin (514),टुन्डवीं (514),Ghumarwin(Sub-District) / Bilaspur(District) / Himachal Pradesh(State),01223800,019055,N,,,,
1070,19237,Tunglehri (26),तुंगलेहड़ी (26),Kalol(Sub-District) / Bilaspur(District) / Himachal Pradesh(State),01231800,019237,N,,,,
1071,19312,Tungri (202),तुंगड़ी (202),Jhanduta(Sub-District) / Bilaspur(District) / Himachal Pradesh(State),01239300,019312,N,,,,
1072,19153,Tunsu (321),तुनसू (321),Bharari(Sub-District) / Bilaspur(District) / Himachal Pradesh(State),01200600,019153,N,,,,
1073,19272,Uljyar (96),उलजयार (96),Kalol(Sub-District) / Bilaspur(District) / Himachal Pradesh(State),01235300,019272,N,,,,
1074,19758,Up Mahal Danoh (199),उप महाल दनोह (199),Bilaspur Sadar(Sub-District) / Bilaspur(District) / Himachal Pradesh(State),01283900,019758,N,,,,
1075,19763,Up Mahal Khairian Uperli (202/2),उप महाल खैरियाँ उपरली (202/2),Bilaspur Sadar(Sub-District) / Bilaspur(District) / Himachal Pradesh(State),01284400,019763,N,,,,
1076,937830,Up Muhal Baloh (211/1),उप मुहाल बलोह (211/1),Bilaspur Sadar(Sub-District) / Bilaspur(District) / Himachal Pradesh(State),,000000,N,,,,
1077,937826,Up Muhal Bilaspur (209/1 210/1),उप मुहाल बिलासपुर (209/1 210/1),Bilaspur Sadar(Sub-District) / Bilaspur(District) / Himachal Pradesh(State),,000000,N,,,,
1078,19228,Up Muhal Bukhar (5/1),उप मुहाल बुखर (5/1),Kalol(Sub-District) / Bilaspur(District) / Himachal Pradesh(State),01230900,019228,N,,,,
1079,937704,Up Muhal Changer (209/3),उप मुहाल चंगर (209/3),Bilaspur Sadar(Sub-District) / Bilaspur(District) / Himachal Pradesh(State),,000000,N,,,,
1080,19231,Up Muhal Damehra (4/1),उप मुहाल दमेहडा (4/1),Kalol(Sub-District) / Bilaspur(District) / Himachal Pradesh(State),01231200,019231,N,,,,
1081,937825,Up Muhal Diara (207/1),उप मुहाल डियारा (207/1),Bilaspur Sadar(Sub-District) / Bilaspur(District) / Himachal Pradesh(State),,000000,N,,,,
1082,937818,Up Muhal Hadsar Kangar (456/3),उपमुहाल हङसर कंगर (456/3),Ghumarwin(Sub-District) / Bilaspur(District) / Himachal Pradesh(State),,000000,N,,,,
1083,937817,Up Muhal Jaman (456/2),उपमुहाल जमण (456/2),Ghumarwin(Sub-District) / Bilaspur(District) / Himachal Pradesh(State),,000000,N,,,,
1084,937829,Up Muhal Khairiyaan Luhnu (202/1 203/1),उप महाल खैरियां लूहणू (202/1 203/1),Bilaspur Sadar(Sub-District) / Bilaspur(District) / Himachal Pradesh(State),,000000,N,eSignGOFile662648_19_02_2025_15_33_07.pdf,,,
1085,937823,Up Muhal Koshrian (198),उप मुहाल कोसरियां (198),Bilaspur Sadar(Sub-District) / Bilaspur(District) / Himachal Pradesh(State),,000000,N,,,,
1086,19764,Up Muhal Lakhanpur(210/2),उप मुहाल लखनपुर(210/2),Bilaspur Sadar(Sub-District) / Bilaspur(District) / Himachal Pradesh(State),01284500,019764,N,eSignGOFile662648_19_02_2025_15_33_41.pdf,,,
1087,937824,Up Muhal Main Market (209/2),उप मुहाल मेन मार्किट (209/2),Bilaspur Sadar(Sub-District) / Bilaspur(District) / Himachal Pradesh(State),,000000,N,,,,
1088,937820,Up Muhal Nihal (200/1),उप मुहाल निहाल (200/1),Bilaspur Sadar(Sub-District) / Bilaspur(District) / Himachal Pradesh(State),,000000,N,,,,
1089,937822,Up Muhal Roura (205/1),उप मुहाल रौड़ा (205/1),Bilaspur Sadar(Sub-District) / Bilaspur(District) / Himachal Pradesh(State),,000000,N,,,,
1090,19558,Utappar (410),उटप्पर (410),Naina Devi(Sub-District) / Bilaspur(District) / Himachal Pradesh(State),01263900,019558,N,,,,
1091,18931,Vekal (365),वेकल (365),Ghumarwin(Sub-District) / Bilaspur(District) / Himachal Pradesh(State),01209600,018931,N,,,,
1092,19349,Vijaypur (133),विजयपुर (133),Jhanduta(Sub-District) / Bilaspur(District) / Himachal Pradesh(State),01243000,019349,N,,,,
1093,18934,Wah Rannautan (374),वाह रणौता (374),Ghumarwin(Sub-District) / Bilaspur(District) / Himachal Pradesh(State),01209900,018934,N,,,,
