S No,Village LGD Code,Village Name (In English),Village Name (In Local language),Hierarchy,Census 2001 Code,Census2011 Code,Pesa Status,View Government Order,View Details,View History,View Map
1,6838,Aail (297),आईल (297),Churah(Sub-District) / Chamba(District) / Himachal Pradesh(State),00016600,006838,N,,,,
2,7644,Adhwar (274),अधवार (274),Sihunta(Sub-District) / Chamba(District) / Himachal Pradesh(State),00097200,007644,N,,,,
3,7901,Agahar (136),अगाहर (136),Dharwala(Sub-District) / Chamba(District) / Himachal Pradesh(State),00122900,007901,N,,,,
4,7958,Agahar (191),अगाहर (191),Saho(Sub-District) / Chamba(District) / Himachal Pradesh(State),00128600,007958,N,,,,
5,8149,Agasan (111),अगासन (111),Bharmour(Sub-District) / Chamba(District) / Himachal Pradesh(State),00147700,008149,F,,,,
6,7233,Aihni (222),ऐहणी (222),Saluni(Sub-District) / Chamba(District) / Himachal Pradesh(State),00056100,007233,N,,,,
7,7262,Airuwan (74),ऐरूवां (74),Saluni(Sub-District) / Chamba(District) / Himachal Pradesh(State),00059000,007262,N,,,,
8,6753,Ajog (100),अजोग (100),Saach(Sub-District) / Chamba(District) / Himachal Pradesh(State),00008100,006753,F,,,,
9,7475,Aled (120),अलेड(120),Kakira(Sub-District) / Chamba(District) / Himachal Pradesh(State),00080300,007475,N,,,,
10,6781,Alwas (365),अलवास (365),Churah(Sub-District) / Chamba(District) / Himachal Pradesh(State),00010900,006781,N,,,,
11,7700,Anain (335),अणाई (335),Sihunta(Sub-District) / Chamba(District) / Himachal Pradesh(State),00102800,007700,N,,,,
12,8067,Anderlagran (183),अन्द्रलाग्रां (183),Holi(Sub-District) / Chamba(District) / Himachal Pradesh(State),00139500,008067,F,,,,
13,7991,Andrahar (227),अन्द्रहर (227),Saho(Sub-District) / Chamba(District) / Himachal Pradesh(State),00131900,007991,N,,,,
14,7339,Andral (62),अन्दराल (62),Telka(Sub-District) / Chamba(District) / Himachal Pradesh(State),00066700,007339,N,,,,
15,7858,Andround (93),अन्द्रौंद (93),Dharwala(Sub-District) / Chamba(District) / Himachal Pradesh(State),00118600,007858,N,,,,
16,7186,Andwas (251),अंदवास (251),Saluni(Sub-District) / Chamba(District) / Himachal Pradesh(State),00051400,007186,N,,,,
17,6813,Andwas (350),अन्दवास (350),Churah(Sub-District) / Chamba(District) / Himachal Pradesh(State),00014100,006813,N,,,,
18,7597,Aru Da Fer (250),आरू दा फेर (250),Bhattiyat(Sub-District) / Chamba(District) / Himachal Pradesh(State),00092500,007597,N,,,,
19,6982,Aryas (510),अरयास (510),Churah(Sub-District) / Chamba(District) / Himachal Pradesh(State),00031000,006982,N,,,,
20,7978,Athlun (207),अठलूं (207),Saho(Sub-District) / Chamba(District) / Himachal Pradesh(State),00130600,007978,N,,,,
21,7790,Auda (33),औडा (33),Chamba(Sub-District) / Chamba(District) / Himachal Pradesh(State),00111800,007790,F,,,,
22,7517,Auhar (172),औहर (172),Kakira(Sub-District) / Chamba(District) / Himachal Pradesh(State),00084500,007517,N,,,,
23,7542,Awanh (188),अवांह (188),Bhattiyat(Sub-District) / Chamba(District) / Himachal Pradesh(State),00087000,007542,N,,,,
24,7261,Bachuni (76),बचूणी (76),Saluni(Sub-District) / Chamba(District) / Himachal Pradesh(State),00058900,007261,N,,,,
25,7480,Bada Jangal (130),बाडा जंगल(130),Kakira(Sub-District) / Chamba(District) / Himachal Pradesh(State),00080800,007480,N,,,,
26,8205,Badei (121),बडेई (121),Bharmour(Sub-District) / Chamba(District) / Himachal Pradesh(State),00153300,008205,F,,,,
27,7556,Badei Jangal (202),वडेई जंगल (202),Bhattiyat(Sub-District) / Chamba(District) / Himachal Pradesh(State),00088400,007556,N,,,,
28,7410,Baderu (100),बडेरू (100),Dalhousie(Sub-District) / Chamba(District) / Himachal Pradesh(State),00073800,007410,N,,,,
29,8190,Badgran (40),बडग्रां (40),Bharmour(Sub-District) / Chamba(District) / Himachal Pradesh(State),00151800,008190,F,,,,
30,7140,Badi (114),बाडी (114),Saluni(Sub-District) / Chamba(District) / Himachal Pradesh(State),00046800,007140,N,,,,
31,7511,Badingi (157),बडिगी (157),Kakira(Sub-District) / Chamba(District) / Himachal Pradesh(State),00083900,007511,N,,,,
32,7424,Badoh (49),बडोह (49),Dalhousie(Sub-District) / Chamba(District) / Himachal Pradesh(State),00075200,007424,N,,,,
33,7425,Bagdhar (31),बगढार (31),Dalhousie(Sub-District) / Chamba(District) / Himachal Pradesh(State),00075300,007425,N,,,,
34,7211,Bagel (258),बगेल (258),Saluni(Sub-District) / Chamba(District) / Himachal Pradesh(State),00053900,007211,N,,,,
35,7300,Baggi (20),बग्गी (20),Bhalai(Sub-District) / Chamba(District) / Himachal Pradesh(State),00062800,007300,N,,,,
36,7063,Bagheigarh (465),बघेईगढ (465),Churah(Sub-District) / Chamba(District) / Himachal Pradesh(State),00039100,007063,N,,,,
37,7418,Bagota (11),बगोता (11),Dalhousie(Sub-District) / Chamba(District) / Himachal Pradesh(State),00074600,007418,N,,,,
38,7507,Bai Da Bag (152),बाई दा बाग (152),Kakira(Sub-District) / Chamba(District) / Himachal Pradesh(State),00083500,007507,N,,,,
39,7408,Baihtna (110),बैहटना (110),Dalhousie(Sub-District) / Chamba(District) / Himachal Pradesh(State),00073600,007408,N,,,,
40,7504,Baila (149),बैला(149),Kakira(Sub-District) / Chamba(District) / Himachal Pradesh(State),00083200,007504,N,,,,
41,939700,Baila Jangal (150),बैला जंगल (150),Kakira(Sub-District) / Chamba(District) / Himachal Pradesh(State),,000000,N,,,,
42,7616,Baila Jangal (260),बैला जंगल (260),Sihunta(Sub-District) / Chamba(District) / Himachal Pradesh(State),00094400,007616,N,,,,
43,7390,Baili (106),बैली (106),Dalhousie(Sub-District) / Chamba(District) / Himachal Pradesh(State),00071800,007390,N,,,,
44,7938,Baili (172),बैली (172),Chamba(Sub-District) / Chamba(District) / Himachal Pradesh(State),00126600,007938,N,,,,
45,7820,Baili (56),बैली (56),Chamba(Sub-District) / Chamba(District) / Himachal Pradesh(State),00114800,007820,N,,,,
46,7951,Bainska (186),बैंसका (186),Saho(Sub-District) / Chamba(District) / Himachal Pradesh(State),00127900,007951,N,,,,
47,7509,Bairiyan (154),बैरियां(154),Kakira(Sub-District) / Chamba(District) / Himachal Pradesh(State),00083700,007509,N,,,,
48,8124,Bajol (221),बजोल (221),Holi(Sub-District) / Chamba(District) / Himachal Pradesh(State),00145200,008124,F,,,,
49,7727,Bajyund Jangal (262),बजयूंड जंगल  (262),Pukhri(Sub-District) / Chamba(District) / Himachal Pradesh(State),00105500,007727,N,,,,
50,7904,Bakal (147),वकल (147),Dharwala(Sub-District) / Chamba(District) / Himachal Pradesh(State),00123200,007904,N,,,,
51,7839,Bakan (79),बकाण (79),Dharwala(Sub-District) / Chamba(District) / Himachal Pradesh(State),00116700,007839,N,,,,
52,7386,Bakan (8),बकान (8),Dalhousie(Sub-District) / Chamba(District) / Himachal Pradesh(State),00071400,007386,N,,,,
53,7814,Bakhtpur (47),बख्तपुर (47),Chamba(Sub-District) / Chamba(District) / Himachal Pradesh(State),00114200,007814,N,,,,
54,939704,Bakrota (346-4),बकरोटा (346-4),Dalhousie(Sub-District) / Chamba(District) / Himachal Pradesh(State),,000000,N,,,,
55,7702,Balana (338),बलाना (338),Sihunta(Sub-District) / Chamba(District) / Himachal Pradesh(State),00103000,007702,N,,,,
56,7397,Balera (123),बलेरा (123),Dalhousie(Sub-District) / Chamba(District) / Himachal Pradesh(State),00072500,007397,N,,,,
57,7694,Balli (339),बल्ली (339),Sihunta(Sub-District) / Chamba(District) / Himachal Pradesh(State),00102200,007694,N,,,,
58,7591,Baloh (243),बलोह (243),Bhattiyat(Sub-District) / Chamba(District) / Himachal Pradesh(State),00091900,007591,N,,,,
59,7902,Baloth (137),बलोठ (137),Dharwala(Sub-District) / Chamba(District) / Himachal Pradesh(State),00123000,007902,N,,,,
60,7295,Balouhta (50),वलौहता (50),Bhalai(Sub-District) / Chamba(District) / Himachal Pradesh(State),00062300,007295,N,,,,
61,7649,Balu (295),बालू (295),Sihunta(Sub-District) / Chamba(District) / Himachal Pradesh(State),00097700,007649,N,,,,
62,7189,Balwas (263),बलवास (263),Saluni(Sub-District) / Chamba(District) / Himachal Pradesh(State),00051700,007189,N,,,,
63,7168,Bandokhi (100),वंदोखी (100),Telka(Sub-District) / Chamba(District) / Himachal Pradesh(State),00049600,007168,N,,,,
64,7254,Bandokhi (75),बंदोखी (75),Saluni(Sub-District) / Chamba(District) / Himachal Pradesh(State),00058200,007254,N,,,,
65,7587,Banet (208),बनेट (208),Bhattiyat(Sub-District) / Chamba(District) / Himachal Pradesh(State),00091500,007587,N,,,,
66,7643,Banet (302),बनेट (302),Sihunta(Sub-District) / Chamba(District) / Himachal Pradesh(State),00097100,007643,N,,,,
67,7305,Banetu (28),बनेटू (28),Bhalai(Sub-District) / Chamba(District) / Himachal Pradesh(State),00063300,007305,N,,,,
68,7417,Bani (12),बनी (12),Dalhousie(Sub-District) / Chamba(District) / Himachal Pradesh(State),00074500,007417,N,,,,
69,7226,Bani (214),बणी (214),Saluni(Sub-District) / Chamba(District) / Himachal Pradesh(State),00055400,007226,N,,,,
70,7414,Banikhet Jarei (98b),बनीखेत जरेई (98b),Dalhousie(Sub-District) / Chamba(District) / Himachal Pradesh(State),00074200,007414,N,,,,
71,7974,Banjal (213),बंजल (213),Saho(Sub-District) / Chamba(District) / Himachal Pradesh(State),00130200,007974,N,,,,
72,7247,Banjal (84),बंजल (84),Saluni(Sub-District) / Chamba(District) / Himachal Pradesh(State),00057500,007247,N,,,,
73,7210,Banjwar (210),बंजवाड (210),Saluni(Sub-District) / Chamba(District) / Himachal Pradesh(State),00053800,007210,N,,,,
74,7551,Bankot (197),बनकोट (197),Bhattiyat(Sub-District) / Chamba(District) / Himachal Pradesh(State),00087900,007551,N,,,,
75,7543,Banni (189),बन्नी (189),Bhattiyat(Sub-District) / Chamba(District) / Himachal Pradesh(State),00087100,007543,N,,,,
76,8142,Banog (108),बनोग (108),Holi(Sub-District) / Chamba(District) / Himachal Pradesh(State),00147000,008142,F,,,,
77,7698,Banoli (333),बनोली (333),Sihunta(Sub-District) / Chamba(District) / Himachal Pradesh(State),00102600,007698,N,,,,
78,8068,Banoon (184),बनूण (184),Holi(Sub-District) / Chamba(District) / Himachal Pradesh(State),00139600,008068,F,,,,
79,7366,Banu (27),बानू (27),Dalhousie(Sub-District) / Chamba(District) / Himachal Pradesh(State),00069400,007366,N,,,,
80,7541,Banuni (187),बनूनी (187),Bhattiyat(Sub-District) / Chamba(District) / Himachal Pradesh(State),00086900,007541,N,,,,
81,7557,Barei (203),बडेई (203),Bhattiyat(Sub-District) / Chamba(District) / Himachal Pradesh(State),00088500,007557,N,,,,
82,7789,Bari (34),बाडी (34),Chamba(Sub-District) / Chamba(District) / Himachal Pradesh(State),00111700,007789,N,,,,
83,7575,Barla (229),बारला (229),Bhattiyat(Sub-District) / Chamba(District) / Himachal Pradesh(State),00090300,007575,N,,,,
84,7749,Barodi (238),बरोडी (238),Chamba(Sub-District) / Chamba(District) / Himachal Pradesh(State),00107700,007749,N,,,,
85,7746,Barour (234),बरौर (234),Chamba(Sub-District) / Chamba(District) / Himachal Pradesh(State),00107400,007746,N,,,,
86,7368,Basa (15),बासा (15),Dalhousie(Sub-District) / Chamba(District) / Himachal Pradesh(State),00069600,007368,N,,,,
87,7306,Basa (21),बासा (21),Bhalai(Sub-District) / Chamba(District) / Himachal Pradesh(State),00063400,007306,N,,,,
88,7801,Basodhan(42),बसोधन (42),Chamba(Sub-District) / Chamba(District) / Himachal Pradesh(State),00112900,007801,N,,,,
89,7677,Basolda (321),बसौलदा (321),Sihunta(Sub-District) / Chamba(District) / Himachal Pradesh(State),00100500,007677,N,,,,
90,7444,Bathri Jarai (82),बाथरी जरेई (82),Dalhousie(Sub-District) / Chamba(District) / Himachal Pradesh(State),00077200,007444,N,,,,
91,7023,Batrundi (459),बटरून्डी (459),Churah(Sub-District) / Chamba(District) / Himachal Pradesh(State),00035100,007023,N,,,,
92,7489,Bedal (137),बेदल (137),Kakira(Sub-District) / Chamba(District) / Himachal Pradesh(State),00081700,007489,N,,,,
93,7529,Beehda (181),बीहडा (181),Bhattiyat(Sub-District) / Chamba(District) / Himachal Pradesh(State),00085700,007529,N,,,,
94,7715,Behda (297),बेहडा (297),Pukhri(Sub-District) / Chamba(District) / Himachal Pradesh(State),00104300,007715,N,,,,
95,7964,Behigran (197),बेहीग्रां (197),Saho(Sub-District) / Chamba(District) / Himachal Pradesh(State),00129200,007964,N,,,,
96,6974,Behnota (452),बहनोता (452),Churah(Sub-District) / Chamba(District) / Himachal Pradesh(State),00030200,006974,N,,,,
97,8188,Bhadar (37),भदर (37),Bharmour(Sub-District) / Chamba(District) / Himachal Pradesh(State),00151600,008188,F,,,,
98,7191,Bhadela (262),भडेला (262),Saluni(Sub-District) / Chamba(District) / Himachal Pradesh(State),00051900,007191,N,,,,
99,7819,Bhadian (55),भडियां (55),Chamba(Sub-District) / Chamba(District) / Himachal Pradesh(State),00114700,007819,N,,,,
100,7453,Bhadini (91),भडिनी (91),Dalhousie(Sub-District) / Chamba(District) / Himachal Pradesh(State),00078100,007453,N,,,,
101,7159,Bhadoga (189),भडोगा (189),Saluni(Sub-District) / Chamba(District) / Himachal Pradesh(State),00048700,007159,N,,,,
102,7756,Bhadoh (285),भडोह (285),Pukhri(Sub-District) / Chamba(District) / Himachal Pradesh(State),00108400,007756,N,,,,
103,7195,Bhadol (193),भडोल (193),Saluni(Sub-District) / Chamba(District) / Himachal Pradesh(State),00052300,007195,N,,,,
104,7884,Bhadour (119),भडौर (119),Dharwala(Sub-District) / Chamba(District) / Himachal Pradesh(State),00121200,007884,N,,,,
105,7130,Bhadroh (168),भद्रोह (163),Saluni(Sub-District) / Chamba(District) / Himachal Pradesh(State),00045800,007130,N,,,,
106,6860,Bhadsar (318),भडसर (318),Churah(Sub-District) / Chamba(District) / Himachal Pradesh(State),00018800,006860,N,,,,
107,7601,Bhadwan (254),भडवां (254),Bhattiyat(Sub-District) / Chamba(District) / Himachal Pradesh(State),00092900,007601,N,,,,
108,7450,Bhadyata (93),भडयाटा (93),Dalhousie(Sub-District) / Chamba(District) / Himachal Pradesh(State),00077800,007450,N,,,,
109,7561,Bhagdotra (209),भगडोत्रा (209),Bhattiyat(Sub-District) / Chamba(District) / Himachal Pradesh(State),00088900,007561,N,,,,
110,7821,Bhagyar (57),भगयार (57),Chamba(Sub-District) / Chamba(District) / Himachal Pradesh(State),00114900,007821,N,,,,
111,7269,Bhairoie (103),भैडोई (103),Telka(Sub-District) / Chamba(District) / Himachal Pradesh(State),00059700,007269,N,,,,
112,7272,Bhajotra (106),भजोत्रा (106),Telka(Sub-District) / Chamba(District) / Himachal Pradesh(State),00060000,007272,N,,,,
113,7325,Bhalei (42),भलेई (42),Bhalai(Sub-District) / Chamba(District) / Himachal Pradesh(State),00065300,007325,N,,,,
114,7706,Bhalod (268),भलोड (268),Pukhri(Sub-District) / Chamba(District) / Himachal Pradesh(State),00103400,007706,N,,,,
115,7286,Bhalogi (10),भलोगी (10),Bhalai(Sub-District) / Chamba(District) / Himachal Pradesh(State),00061400,007286,N,,,,
116,7772,Bhamrouta (9),भमरौता (9),Chamba(Sub-District) / Chamba(District) / Himachal Pradesh(State),00110000,007772,N,,,,
117,7240,Bhandar (224),भंडार (224),Saluni(Sub-District) / Chamba(District) / Himachal Pradesh(State),00056800,007240,N,,,,
118,7206,Bhandrota (260),भंदडोता (260),Saluni(Sub-District) / Chamba(District) / Himachal Pradesh(State),00053400,007206,N,,,,
119,7697,Bhangya (337),भन्गयां (337),Sihunta(Sub-District) / Chamba(District) / Himachal Pradesh(State),00102500,007697,N,,,,
120,7778,Bhanota (14),भनौता (14),Chamba(Sub-District) / Chamba(District) / Himachal Pradesh(State),00110600,007778,N,,,,
121,6966,Bharada (454),भराडा (454),Churah(Sub-District) / Chamba(District) / Himachal Pradesh(State),00029400,006966,N,,,,
122,8144,Bharadi (109),भराडी (109),Holi(Sub-District) / Chamba(District) / Himachal Pradesh(State),00147200,008144,F,,,,
123,7633,Bharadi (273),भराडी (273),Sihunta(Sub-District) / Chamba(District) / Himachal Pradesh(State),00096100,007633,N,,,,
124,7761,Bhardahar (303),भरडाहर (303),Pukhri(Sub-District) / Chamba(District) / Himachal Pradesh(State),00108900,007761,N,,,,
125,7407,Bharera (111),भरेरा (111),Dalhousie(Sub-District) / Chamba(District) / Himachal Pradesh(State),00073500,007407,N,,,,
126,7493,Bharmala (144),भरमाला(144),Kakira(Sub-District) / Chamba(District) / Himachal Pradesh(State),00082100,007493,N,,,,
127,8215,Bharmour (97),भरमौर (97),Bharmour(Sub-District) / Chamba(District) / Himachal Pradesh(State),00154300,008215,F,,,,
128,7120,Bharni Bhalka (132),भरनी भलका (132),Saluni(Sub-District) / Chamba(District) / Himachal Pradesh(State),00044800,007120,N,,,,
129,6850,Bharnu (291),भरनू (291),Churah(Sub-District) / Chamba(District) / Himachal Pradesh(State),00017800,006850,N,,,,
130,8033,Bharwali (152),भरवाली (152),Holi(Sub-District) / Chamba(District) / Himachal Pradesh(State),00136100,008033,F,,,,
131,7148,Bhasua (170),भसुआ (170),Saluni(Sub-District) / Chamba(District) / Himachal Pradesh(State),00047600,007148,N,,,,
132,8141,Bhatada (106),भटाडा (106),Holi(Sub-District) / Chamba(District) / Himachal Pradesh(State),00146900,008141,F,,,,
133,7636,Bhatlahdi (304),भटलाहडी (304),Sihunta(Sub-District) / Chamba(District) / Himachal Pradesh(State),00096400,007636,N,,,,
134,7516,Bhatoli (162),भटोली (162),Kakira(Sub-District) / Chamba(District) / Himachal Pradesh(State),00084400,007516,N,,,,
135,7462,Bhatoli (80),भटोली (80),Dalhousie(Sub-District) / Chamba(District) / Himachal Pradesh(State),00079000,007462,N,,,,
136,7555,Bhattun Jangal (201),भटून जंगल (201),Bhattiyat(Sub-District) / Chamba(District) / Himachal Pradesh(State),00088300,007555,N,,,,
137,7906,Bhatwara (146),भटवाडा (146),Dharwala(Sub-District) / Chamba(District) / Himachal Pradesh(State),00123400,007906,N,,,,
138,7236,Bhatyund (233),भत्यून्ड (233),Saluni(Sub-District) / Chamba(District) / Himachal Pradesh(State),00056400,007236,N,,,,
139,7552,Bhavled (200),भवलेड (200),Bhattiyat(Sub-District) / Chamba(District) / Himachal Pradesh(State),00088000,007552,N,,,,
140,7330,Bhing (46),भिन्ग (46),Bhalai(Sub-District) / Chamba(District) / Himachal Pradesh(State),00065800,007330,N,,,,
141,7202,Bhinga (206),भिन्गा (206),Saluni(Sub-District) / Chamba(District) / Himachal Pradesh(State),00053000,007202,N,,,,
142,7680,Bhiora Saini (340),भयोरासानी (340),Sihunta(Sub-District) / Chamba(District) / Himachal Pradesh(State),00100800,007680,N,,,,
143,7266,Bhiyali (72),भियाली (72),Saluni(Sub-District) / Chamba(District) / Himachal Pradesh(State),00059400,007266,N,,,,
144,6881,Bhiyun (281),भियूं (281),Churah(Sub-District) / Chamba(District) / Himachal Pradesh(State),00020900,006881,N,,,,
145,7570,Bholag (218),भोलग (218),Bhattiyat(Sub-District) / Chamba(District) / Himachal Pradesh(State),00089800,007570,N,,,,
146,7665,Bhont (288),भौट (288),Sihunta(Sub-District) / Chamba(District) / Himachal Pradesh(State),00099300,007665,N,,,,
147,6811,Bhoudas (347),भौडास (347),Churah(Sub-District) / Chamba(District) / Himachal Pradesh(State),00013900,006811,N,,,,
148,7000,Bhouga (554),भौगा (554),Churah(Sub-District) / Chamba(District) / Himachal Pradesh(State),00032800,007000,N,,,,
149,7803,Bhouin (44),भौंई (44),Chamba(Sub-District) / Chamba(District) / Himachal Pradesh(State),00113100,007803,N,,,,
150,7381,Bhoutan (2),भौटन (2),Dalhousie(Sub-District) / Chamba(District) / Himachal Pradesh(State),00070900,007381,N,,,,
151,7072,Bhraduin (469),भराडुई (469),Churah(Sub-District) / Chamba(District) / Himachal Pradesh(State),00040000,007072,N,,,,
152,7948,Bhujja (182),भुज्जा (182),Chamba(Sub-District) / Chamba(District) / Himachal Pradesh(State),00127600,007948,N,,,,
153,7653,Bhujjal (291),भुज्जल (291),Sihunta(Sub-District) / Chamba(District) / Himachal Pradesh(State),00098100,007653,N,,,,
154,7721,Bhuman (289),भूमण (289),Pukhri(Sub-District) / Chamba(District) / Himachal Pradesh(State),00104900,007721,N,,,,
155,7288,Bhunad (8),भुनाड (8),Bhalai(Sub-District) / Chamba(District) / Himachal Pradesh(State),00061600,007288,N,,,,
156,7642,Bhunwara (301),भनवाडा (301),Sihunta(Sub-District) / Chamba(District) / Himachal Pradesh(State),00097000,007642,N,,,,
157,7553,Bhyal (199),भ्याल (199),Bhattiyat(Sub-District) / Chamba(District) / Himachal Pradesh(State),00088100,007553,N,,,,
158,7691,Bhyora (341),भयोरा (341),Sihunta(Sub-District) / Chamba(District) / Himachal Pradesh(State),00101900,007691,N,,,,
159,7291,Bihali (54),बिहाली (54),Bhalai(Sub-District) / Chamba(District) / Himachal Pradesh(State),00061900,007291,N,,,,
160,7183,Billa (268),बिल्ला (268),Saluni(Sub-District) / Chamba(District) / Himachal Pradesh(State),00051100,007183,N,,,,
161,8252,Bilmui (63),बिलमुई (63),Bharmour(Sub-District) / Chamba(District) / Himachal Pradesh(State),00158000,008252,F,,,,
162,7503,Bindli (148),बिंदली (148),Kakira(Sub-District) / Chamba(District) / Himachal Pradesh(State),00083100,007503,N,,,,
163,7621,Binna (267),बिन्ना (267),Sihunta(Sub-District) / Chamba(District) / Himachal Pradesh(State),00094900,007621,N,,,,
164,7208,Birwadi (208),बिरवाडी (208),Saluni(Sub-District) / Chamba(District) / Himachal Pradesh(State),00053600,007208,N,,,,
165,7422,Bogad (29),बोगड (29),Dalhousie(Sub-District) / Chamba(District) / Himachal Pradesh(State),00075000,007422,N,,,,
166,6814,Bounderi (352),बौन्देडी (352),Churah(Sub-District) / Chamba(District) / Himachal Pradesh(State),00014200,006814,N,,,,
167,7154,Brahan (110),ब्रहण (110),Saluni(Sub-District) / Chamba(District) / Himachal Pradesh(State),00048200,007154,N,,,,
168,7324,Brangal (38),बरंगाल (38),Bhalai(Sub-District) / Chamba(District) / Himachal Pradesh(State),00065200,007324,N,,,,
169,6830,Bruila (313),ब्रुईला (313),Churah(Sub-District) / Chamba(District) / Himachal Pradesh(State),00015800,006830,N,,,,
170,6900,Buin (409),बुईण (409),Churah(Sub-District) / Chamba(District) / Himachal Pradesh(State),00022800,006900,N,,,,
171,6977,Byala(449),ब्याला (449),Churah(Sub-District) / Chamba(District) / Himachal Pradesh(State),00030500,006977,N,eSignGOFile662648_19_02_2025_16_55_57.pdf,,,
172,7221,Byana (234),ब्याणा (234),Saluni(Sub-District) / Chamba(District) / Himachal Pradesh(State),00054900,007221,N,,,,
173,7403,Catchment Ahla (74),कैचमैन्ट आहला (74),Dalhousie(Sub-District) / Chamba(District) / Himachal Pradesh(State),00073100,007403,N,,,,
174,6708,Chacharwas (36),चचरवास  (36),Pangi(Sub-District) / Chamba(District) / Himachal Pradesh(State),00003600,006708,F,,,,
175,7068,Chachoga (466),चचोगा (466),Churah(Sub-District) / Chamba(District) / Himachal Pradesh(State),00039600,007068,N,,,,
176,6826,Chachul (309),चचूल (309),Churah(Sub-District) / Chamba(District) / Himachal Pradesh(State),00015400,006826,N,,,,
177,7770,Chahla (6),चाहला (6),Chamba(Sub-District) / Chamba(District) / Himachal Pradesh(State),00109800,007770,N,,,,
178,7178,Chakhotar (192),चखोत्र (192),Saluni(Sub-District) / Chamba(District) / Himachal Pradesh(State),00050600,007178,N,,,,
179,7598,Chakki (251),चक्की (251),Bhattiyat(Sub-District) / Chamba(District) / Himachal Pradesh(State),00092600,007598,N,,,,
180,7763,Chaklu (305),चकलू (305),Pukhri(Sub-District) / Chamba(District) / Himachal Pradesh(State),00109100,007763,N,,,,
181,7440,Chakra (60),चक्करा (60),Dalhousie(Sub-District) / Chamba(District) / Himachal Pradesh(State),00076800,007440,N,,,,
182,7687,Chaladni (310),चलादनी (310),Sihunta(Sub-District) / Chamba(District) / Himachal Pradesh(State),00101500,007687,N,,,,
183,7581,Chalahdi (240),चलाहडी (240),Bhattiyat(Sub-District) / Chamba(District) / Himachal Pradesh(State),00090900,007581,N,,,,
184,7492,Chalama (134),चलामा(134),Kakira(Sub-District) / Chamba(District) / Himachal Pradesh(State),00082000,007492,N,,,,
185,7486,Chalama Jangal (133),चलामा जंगल (133),Kakira(Sub-District) / Chamba(District) / Himachal Pradesh(State),00081400,007486,N,,,,
186,8208,Chaled (100),चलेड (100),Bharmour(Sub-District) / Chamba(District) / Himachal Pradesh(State),00153600,008208,F,,,,
187,6859,Chalei (282),चलेई (282),Churah(Sub-District) / Chamba(District) / Himachal Pradesh(State),00018700,006859,N,,,,
188,7530,Chalera (167),चलेरा (167),Kakira(Sub-District) / Chamba(District) / Himachal Pradesh(State),00085800,007530,N,,,,
189,6680,Chaloli (13),चलोली (13),Pangi(Sub-District) / Chamba(District) / Himachal Pradesh(State),00000800,006680,F,,,,
190,7399,Chaltuhni (125),चलटुहनी (125),Dalhousie(Sub-District) / Chamba(District) / Himachal Pradesh(State),00072700,007399,N,,,,
191,6798,Chalunj (371),चलूंज (371),Churah(Sub-District) / Chamba(District) / Himachal Pradesh(State),00012600,006798,N,,,,
192,939705,Chamba-I,चम्बा I,Chamba(Sub-District) / Chamba(District) / Himachal Pradesh(State),,000000,N,,,,
193,939706,Chamba-II,चम्बा II,Chamba(Sub-District) / Chamba(District) / Himachal Pradesh(State),,000000,N,,,,
194,7371,Chambi (21),चम्वी (21),Dalhousie(Sub-District) / Chamba(District) / Himachal Pradesh(State),00069900,007371,N,,,,
195,7999,Chambi (243),चम्बी (243),Saho(Sub-District) / Chamba(District) / Himachal Pradesh(State),00132700,007999,N,,,,
196,7775,Chamdoli (11),चमडोली (11),Chamba(Sub-District) / Chamba(District) / Himachal Pradesh(State),00110300,007775,N,,,,
197,7308,Chamoh (25),चमोह (25),Bhalai(Sub-District) / Chamba(District) / Himachal Pradesh(State),00063600,007308,N,,,,
198,7033,Chanahan (539),चनाहण (539),Churah(Sub-District) / Chamba(District) / Himachal Pradesh(State),00036100,007033,N,,,,
199,7717,Chandi (301),चण्डी (301),Pukhri(Sub-District) / Chamba(District) / Himachal Pradesh(State),00104500,007717,N,,,,
200,6918,Chandru (391),चन्डरू (391),Churah(Sub-District) / Chamba(District) / Himachal Pradesh(State),00024600,006918,N,,,,
201,8039,Chanhouta (144),चन्हौता (144),Holi(Sub-District) / Chamba(District) / Himachal Pradesh(State),00136700,008039,F,,,,
202,7800,Chanjhuin (41),चांझुई (41),Chamba(Sub-District) / Chamba(District) / Himachal Pradesh(State),00112800,007800,N,,,,
203,7828,Chari (63),चडी (63),Dharwala(Sub-District) / Chamba(District) / Himachal Pradesh(State),00115600,007828,N,,,,
204,7032,Charodi (529),चरोडी (529),Churah(Sub-District) / Chamba(District) / Himachal Pradesh(State),00036000,007032,N,,,,
205,6774,Chask (66),चस्क (66),Saach(Sub-District) / Chamba(District) / Himachal Pradesh(State),00010200,006774,F,,,,
206,6777,Chask Bhatori (68),चस्क भटौरी (68),Saach(Sub-District) / Chamba(District) / Himachal Pradesh(State),00010500,006777,F,,,,
207,7404,Chateryada (113),चतरयाडा (113),Dalhousie(Sub-District) / Chamba(District) / Himachal Pradesh(State),00073200,007404,N,,,,
208,7623,Chauntlu (271),छौंटलू (271),Sihunta(Sub-District) / Chamba(District) / Himachal Pradesh(State),00095100,007623,N,,,,
209,6890,Cheeh (240),चीह (240),Churah(Sub-District) / Chamba(District) / Himachal Pradesh(State),00021800,006890,N,,,,
210,7777,Chehli (13),चेहली (13),Chamba(Sub-District) / Chamba(District) / Himachal Pradesh(State),00110500,007777,N,,,,
211,6963,Chhajoth (437),छजोठ (437),Churah(Sub-District) / Chamba(District) / Himachal Pradesh(State),00029100,006963,N,,,,
212,7686,Chhalara (311),छलाडा (311),Sihunta(Sub-District) / Chamba(District) / Himachal Pradesh(State),00101400,007686,N,,,,
213,7977,Chhaloga (210),चलोगा (210),Saho(Sub-District) / Chamba(District) / Himachal Pradesh(State),00130500,007977,N,,,,
214,7496,Chhambar (141),छम्बर(141),Kakira(Sub-District) / Chamba(District) / Himachal Pradesh(State),00082400,007496,N,,,,
215,7426,Chhanun (50),छनूं (50),Dalhousie(Sub-District) / Chamba(District) / Himachal Pradesh(State),00075400,007426,N,,,,
216,6939,Chhappa (420),छप्पा (420),Churah(Sub-District) / Chamba(District) / Himachal Pradesh(State),00026700,006939,N,,,,
217,7608,Chhatreel (233),छत्रील (233),Sihunta(Sub-District) / Chamba(District) / Himachal Pradesh(State),00093600,007608,N,,,,
218,7344,Chhatrel (96),छतरेल (96),Telka(Sub-District) / Chamba(District) / Himachal Pradesh(State),00067200,007344,N,,,,
219,7313,Chhnanu (27),छनानू (27),Bhalai(Sub-District) / Chamba(District) / Himachal Pradesh(State),00064100,007313,N,,,,
220,6750,Chhou (83),छोऊ (83),Saach(Sub-District) / Chamba(District) / Himachal Pradesh(State),00007800,006750,F,,,,
221,7333,Chhudra (67),छुदरा (67),Bhalai(Sub-District) / Chamba(District) / Himachal Pradesh(State),00066100,007333,N,,,,
222,7252,Chhulera (78),छुलेरा (78),Saluni(Sub-District) / Chamba(District) / Himachal Pradesh(State),00058000,007252,N,,,,
223,7771,Chil Bangla (8),चीलबंगला (8),Chamba(Sub-District) / Chamba(District) / Himachal Pradesh(State),00109900,007771,N,,,,
224,6883,Chilli (275),चिल्ली (275),Churah(Sub-District) / Chamba(District) / Himachal Pradesh(State),00021100,006883,N,,,,
225,7576,Chinha (230),चिन्हा (230),Bhattiyat(Sub-District) / Chamba(District) / Himachal Pradesh(State),00090400,007576,N,,,,
226,7549,Chipnal (195),चिपनाल (195),Bhattiyat(Sub-District) / Chamba(District) / Himachal Pradesh(State),00087700,007549,N,,,,
227,7880,Chitrari (117),छतराडी (117),Dharwala(Sub-District) / Chamba(District) / Himachal Pradesh(State),00120800,007880,N,,,,
228,6817,Chiyuli (342),चियूंली (342),Churah(Sub-District) / Chamba(District) / Himachal Pradesh(State),00014500,006817,N,,,,
229,7604,Chiyun (249),चियूण (249),Bhattiyat(Sub-District) / Chamba(District) / Himachal Pradesh(State),00093200,007604,N,,,,
230,8257,Chobhia (55),चोभिया (55),Bharmour(Sub-District) / Chamba(District) / Himachal Pradesh(State),00158500,008257,F,,,,
231,7006,Choli (567),चोली (567),Churah(Sub-District) / Chamba(District) / Himachal Pradesh(State),00033400,007006,N,,,,
232,7474,Chouhra (64),चौहडा (64),Dalhousie(Sub-District) / Chamba(District) / Himachal Pradesh(State),00080200,007474,N,,,,
233,7382,Chounka (3),चौंका (3),Dalhousie(Sub-District) / Chamba(District) / Himachal Pradesh(State),00071000,007382,N,,,,
234,7586,Chowari Jarei (220),चुवाडी जरेई (220),Bhattiyat(Sub-District) / Chamba(District) / Himachal Pradesh(State),00091400,007586,N,,,,
235,7562,Chudhana (210),चुढाना (210),Bhattiyat(Sub-District) / Chamba(District) / Himachal Pradesh(State),00089000,007562,N,,,,
236,7362,Chuhn (35),चूहन (35),Dalhousie(Sub-District) / Chamba(District) / Himachal Pradesh(State),00069000,007362,N,,,,
237,7811,Chulihara (48),चुलिहारा (48),Chamba(Sub-District) / Chamba(District) / Himachal Pradesh(State),00113900,007811,N,,,,
238,6886,Chundi (277),चुन्डी (277),Churah(Sub-District) / Chamba(District) / Himachal Pradesh(State),00021400,006886,N,,,,
239,8100,Chuned (242),चुनेड (242),Holi(Sub-District) / Chamba(District) / Himachal Pradesh(State),00142800,008100,F,,,,
240,7851,Churi (89),चूडी (89),Dharwala(Sub-District) / Chamba(District) / Himachal Pradesh(State),00117900,007851,N,,,,
241,7571,Dadaryad (227),ददरयाड (227),Bhattiyat(Sub-District) / Chamba(District) / Himachal Pradesh(State),00089900,007571,N,,,,
242,7781,Dadoga (23),दडोगा (23),Chamba(Sub-District) / Chamba(District) / Himachal Pradesh(State),00110900,007781,N,,,,
243,7446,Dadra (84),डाडरा (84),Dalhousie(Sub-District) / Chamba(District) / Himachal Pradesh(State),00077400,007446,N,,,,
244,7447,Dadra Jangal (85),डाडरा जंगल (85),Dalhousie(Sub-District) / Chamba(District) / Himachal Pradesh(State),00077500,007447,N,,,,
245,7448,Dagoh (89),डगोह (89),Dalhousie(Sub-District) / Chamba(District) / Himachal Pradesh(State),00077600,007448,N,,,,
246,7363,Dal (25),दाल (25),Dalhousie(Sub-District) / Chamba(District) / Himachal Pradesh(State),00069100,007363,N,,,,
247,7383,Dalagar (4),डलागर (4),Dalhousie(Sub-District) / Chamba(District) / Himachal Pradesh(State),00071100,007383,N,,,,
248,939702,Dalhousie Khas (346-2),डलहौजी खास (346-2),Dalhousie(Sub-District) / Chamba(District) / Himachal Pradesh(State),,000000,N,,,,
249,7527,Dalodi (168),दलोडी (168),Bhattiyat(Sub-District) / Chamba(District) / Himachal Pradesh(State),00085500,007527,N,eSignGOFile662648_06_06_2025_10_50_35.pdf,,,
250,7205,Daloi (202),दलोई (202),Saluni(Sub-District) / Chamba(District) / Himachal Pradesh(State),00053300,007205,N,,,,
251,7161,Dand (188),डांड (188),Saluni(Sub-District) / Chamba(District) / Himachal Pradesh(State),00048900,007161,N,,,,
252,7003,Dand(566),डान्ड (566),Churah(Sub-District) / Chamba(District) / Himachal Pradesh(State),00033100,007003,N,eSignGOFile662648_19_02_2025_16_56_30.pdf,,,
253,7345,Dandi (97),डन्डी (97),Telka(Sub-District) / Chamba(District) / Himachal Pradesh(State),00067300,007345,N,,,,
254,7506,Dangarad (151),डंगारड(151),Kakira(Sub-District) / Chamba(District) / Himachal Pradesh(State),00083400,007506,N,,,,
255,7498,Dangoh (143),डंगोह (143),Kakira(Sub-District) / Chamba(District) / Himachal Pradesh(State),00082600,007498,N,,,,
256,7267,Danoon (71),डनून (71),Saluni(Sub-District) / Chamba(District) / Himachal Pradesh(State),00059500,007267,N,,,,
257,7836,Darwin (70),दाडवीं (70),Dharwala(Sub-District) / Chamba(District) / Himachal Pradesh(State),00116400,007836,N,,,,
258,6835,Dehgran (317),देहग्रां (317),Churah(Sub-District) / Chamba(District) / Himachal Pradesh(State),00016300,006835,N,,,,
259,7087,Dehra (485),देहरा (485),Churah(Sub-District) / Chamba(District) / Himachal Pradesh(State),00041500,007087,N,,,,
260,7015,Dehra (521),देहरा (521),Churah(Sub-District) / Chamba(District) / Himachal Pradesh(State),00034300,007015,N,,,,
261,7285,Dei Kund (11),देईकुन्ड (11),Bhalai(Sub-District) / Chamba(District) / Himachal Pradesh(State),00061300,007285,N,,,,
262,7232,Devgah (220),देवगाह (220),Saluni(Sub-District) / Chamba(District) / Himachal Pradesh(State),00056000,007232,N,,,,
263,6923,Devi Kothi (383),देवीकोठी (383),Churah(Sub-District) / Chamba(District) / Himachal Pradesh(State),00025100,006923,N,,,,
264,7375,Dhadun (7),धडूं (7),Dalhousie(Sub-District) / Chamba(District) / Himachal Pradesh(State),00070300,007375,N,,,,
265,7355,Dhalan (39),ढलान (39),Dalhousie(Sub-District) / Chamba(District) / Himachal Pradesh(State),00068300,007355,N,,,,
266,7188,Dhalla (266),ढल्ला (266),Saluni(Sub-District) / Chamba(District) / Himachal Pradesh(State),00051600,007188,N,,,,
267,7421,Dhalog (13),ढलोग (13),Dalhousie(Sub-District) / Chamba(District) / Himachal Pradesh(State),00074900,007421,N,,,,
268,7546,Dhamgran (192),धामग्रां (192),Bhattiyat(Sub-District) / Chamba(District) / Himachal Pradesh(State),00087400,007546,N,,,,
269,7796,Dhamgran (30),धामग्रां (30),Chamba(Sub-District) / Chamba(District) / Himachal Pradesh(State),00112400,007796,N,,,,
270,7922,Dhanada (155),धनाडा (155),Dharwala(Sub-District) / Chamba(District) / Himachal Pradesh(State),00125000,007922,N,,,,
271,6739,Dhanala (75),धनाला (75),Saach(Sub-District) / Chamba(District) / Himachal Pradesh(State),00006700,006739,F,,,,
272,7250,Dhanawal (87),धनावल (87),Saluni(Sub-District) / Chamba(District) / Himachal Pradesh(State),00057800,007250,N,,,,
273,6997,Dhand(520),ढांड (520),Churah(Sub-District) / Chamba(District) / Himachal Pradesh(State),00032500,006997,N,,,,
274,7005,Dhandhod (565),धन्धोड (565),Churah(Sub-District) / Chamba(District) / Himachal Pradesh(State),00033300,007005,N,,,,
275,7170,Dhanel (99),धनेल (99),Telka(Sub-District) / Chamba(District) / Himachal Pradesh(State),00049800,007170,N,,,,
276,6938,Dhaneli (418),धनेली (418),Churah(Sub-District) / Chamba(District) / Himachal Pradesh(State),00026600,006938,N,,,,
277,7726,Dhanvi (266),धानवी (266),Pukhri(Sub-District) / Chamba(District) / Himachal Pradesh(State),00105400,007726,N,,,,
278,7219,Dhar (236),धार (236),Saluni(Sub-District) / Chamba(District) / Himachal Pradesh(State),00054700,007219,N,,,,
279,8003,Dhar (246),धार (246),Saho(Sub-District) / Chamba(District) / Himachal Pradesh(State),00133100,008003,N,,,,
280,7358,Dhar (47),धार (47),Dalhousie(Sub-District) / Chamba(District) / Himachal Pradesh(State),00068600,007358,N,,,,
281,7296,Dhar (49),धार (49),Bhalai(Sub-District) / Chamba(District) / Himachal Pradesh(State),00062400,007296,N,,,,
282,7419,Dharad (10),धारद (10),Dalhousie(Sub-District) / Chamba(District) / Himachal Pradesh(State),00074700,007419,N,,,,
283,7990,Dhar Aihanpukhar (221),धार ऐहणपुखर (221),Saho(Sub-District) / Chamba(District) / Himachal Pradesh(State),00131800,007990,N,,,,
284,8034,Dhar Alangari (155),धार अलंगारी (155),Holi(Sub-District) / Chamba(District) / Himachal Pradesh(State),00136200,008034,F,,,,
285,8175,Dhar Aradpnoi (23),धार अरादपनोई (23),Bharmour(Sub-District) / Chamba(District) / Himachal Pradesh(State),00150300,008175,F,,,,
286,7889,Dhar Bagaihar (126),धार वगैहर (126),Dharwala(Sub-District) / Chamba(District) / Himachal Pradesh(State),00121700,007889,N,,,,
287,8152,Dhar Bagg (8),धार बग (8),Bharmour(Sub-District) / Chamba(District) / Himachal Pradesh(State),00148000,008152,F,,,,
288,7084,Dhar Bajoth (491),धार बजोठ (491),Churah(Sub-District) / Chamba(District) / Himachal Pradesh(State),00041200,007084,N,,,,
289,7861,Dhar Balaini (96),धार बलैणी (96),Dharwala(Sub-District) / Chamba(District) / Himachal Pradesh(State),00118900,007861,N,,,,
290,6744,Dhar Bansar (95),धार बणसर (95),Saach(Sub-District) / Chamba(District) / Himachal Pradesh(State),00007200,006744,F,,,,
291,7840,Dharbeta (78),दरभेटा (78),Dharwala(Sub-District) / Chamba(District) / Himachal Pradesh(State),00116800,007840,N,,,,
292,7144,Dhar Bhadoth-I (123),धार भडोठ-1 (123),Saluni(Sub-District) / Chamba(District) / Himachal Pradesh(State),00047200,007144,N,eSignGOFile662648_19_02_2025_17_10_13.pdf,,,
293,7136,Dhar Bhadoth-II (124),धार भडोठ-1 (123),Saluni(Sub-District) / Chamba(District) / Himachal Pradesh(State),00046400,007136,N,eSignGOFile662648_19_02_2025_17_10_48.pdf,,,
294,7059,Dhar Bhangod (493),धार भंगोड (493),Churah(Sub-District) / Chamba(District) / Himachal Pradesh(State),00038700,007059,N,,,,
295,6849,Dhar Bharnu (292),धार भरनू (292),Churah(Sub-District) / Chamba(District) / Himachal Pradesh(State),00017700,006849,N,,,,
296,6721,Dhar Bhonslu (91),धार भौंसलू (91),Saach(Sub-District) / Chamba(District) / Himachal Pradesh(State),00004900,006721,F,,,,
297,6822,Dhar Bhujgali (305),धार भुजगली (305),Churah(Sub-District) / Chamba(District) / Himachal Pradesh(State),00015000,006822,N,,,,
298,8241,Dhar Bhunkhar (67),धार भुंखार (67),Bharmour(Sub-District) / Chamba(District) / Himachal Pradesh(State),00156900,008241,F,,,,
299,8237,Dhar Bhyad (71),धार भयाड (71),Bharmour(Sub-District) / Chamba(District) / Himachal Pradesh(State),00156500,008237,F,,,,
300,6720,Dhar Chachot (90),धार चचोट (90),Saach(Sub-District) / Chamba(District) / Himachal Pradesh(State),00004800,006720,F,,,,
301,6820,Dhar Chachul (307),धार चचूल (307),Churah(Sub-District) / Chamba(District) / Himachal Pradesh(State),00014800,006820,N,,,,
302,7898,Dhar Chandrouni (131),धार चन्दरौणी (131),Dharwala(Sub-District) / Chamba(District) / Himachal Pradesh(State),00122600,007898,N,,,,
303,7019,Dhar Chapukhar (523),धार चपुखर (523),Churah(Sub-District) / Chamba(District) / Himachal Pradesh(State),00034700,007019,N,,,,
304,6778,Dhar Chask Bhatori (67),धार चस्कभटोरी (67),Saach(Sub-District) / Chamba(District) / Himachal Pradesh(State),00010600,006778,F,,,,
305,7981,Dhar Chhakund (216),धार छकुन्ड  (216),Saho(Sub-District) / Chamba(District) / Himachal Pradesh(State),00130900,007981,N,,,,
306,6948,Dhar Chhamer(426),धार छमेड (426),Churah(Sub-District) / Chamba(District) / Himachal Pradesh(State),00027600,006948,N,eSignGOFile662648_19_02_2025_16_59_56.pdf,,,
307,6732,Dhar Chhouglu (59),धार छौगलू (59),Saach(Sub-District) / Chamba(District) / Himachal Pradesh(State),00006000,006732,F,,,,
308,6970,Dhar Chhrotha (457),धार छरोठा (457),Churah(Sub-District) / Chamba(District) / Himachal Pradesh(State),00029800,006970,N,,,,
309,8160,Dhar Chouta (12),धार चौटा (12),Bharmour(Sub-District) / Chamba(District) / Himachal Pradesh(State),00148800,008160,F,,,,
310,8139,Dhar Chutadsiya (103),धार चुतडसिया (103),Bharmour(Sub-District) / Chamba(District) / Himachal Pradesh(State),00146700,008139,F,,,,
311,7114,Dhar Dagli (154),धार डगली (154),Saluni(Sub-District) / Chamba(District) / Himachal Pradesh(State),00044200,007114,N,,,,
312,8051,Dhar Dalikutla (164),धार डल्ली कुटला (164),Holi(Sub-District) / Chamba(District) / Himachal Pradesh(State),00137900,008051,F,,,,
313,8046,Dhar Dapu (163),धार डापू (163),Holi(Sub-District) / Chamba(District) / Himachal Pradesh(State),00137400,008046,F,,,,
314,8239,Dhar Dhameil (68),धार धमैईल (68),Bharmour(Sub-District) / Chamba(District) / Himachal Pradesh(State),00156700,008239,F,,,,
315,6946,Dhar Dhamkhan (427),धार धमखान (427),Churah(Sub-District) / Chamba(District) / Himachal Pradesh(State),00027400,006946,N,,,,
316,8261,Dhar Dhanchbag (53),धार धन्छबग (53),Bharmour(Sub-District) / Chamba(District) / Himachal Pradesh(State),00158900,008261,F,,,,
317,7899,Dhar Dhilmati (134),धार ढिलमती (134),Dharwala(Sub-District) / Chamba(District) / Himachal Pradesh(State),00122700,007899,N,,,,
318,8086,Dhar Dhmari (214),धार धमारी (214),Holi(Sub-District) / Chamba(District) / Himachal Pradesh(State),00141400,008086,F,,,,
319,8246,Dhar Diyoshah (66),धार दयोशाह (66),Bharmour(Sub-District) / Chamba(District) / Himachal Pradesh(State),00157400,008246,F,,,,
320,8249,Dhar Drabla (59),धार द्रवला (59),Bharmour(Sub-District) / Chamba(District) / Himachal Pradesh(State),00157700,008249,F,,,,
321,8131,Dhar Drabthaun (193),धार द्रबठांउ (193),Holi(Sub-District) / Chamba(District) / Himachal Pradesh(State),00145900,008131,F,,,,
322,8064,Dhar Drouni (179),धार द्रौणी (179),Holi(Sub-District) / Chamba(District) / Himachal Pradesh(State),00139200,008064,F,,,,
323,8120,Dhar Drugna (226),धार द्रुगना (226),Holi(Sub-District) / Chamba(District) / Himachal Pradesh(State),00144800,008120,F,,,,
324,6730,Dhar Dusgahar (52),धार दुसगाहर (52),Saach(Sub-District) / Chamba(District) / Himachal Pradesh(State),00005800,006730,F,,,,
325,7847,Dharedi (80),धरेडी (80),Dharwala(Sub-District) / Chamba(District) / Himachal Pradesh(State),00117500,007847,N,,,,
326,8174,Dhar Fitpile (24),धार फिटपाईल (24),Bharmour(Sub-District) / Chamba(District) / Himachal Pradesh(State),00150200,008174,F,,,,
327,8030,Dhar Gadh (151),धार गढ (151),Holi(Sub-District) / Chamba(District) / Himachal Pradesh(State),00135800,008030,F,,,,
328,6772,Dhar Gal (62),धार गल (62),Saach(Sub-District) / Chamba(District) / Himachal Pradesh(State),00010000,006772,F,,,,
329,7103,Dhar Gamgul (148),धार गमगुल (148),Saluni(Sub-District) / Chamba(District) / Himachal Pradesh(State),00043100,007103,N,,,,
330,8021,Dhar Garjahar (136),धार गरजाहर (136),Holi(Sub-District) / Chamba(District) / Himachal Pradesh(State),00134900,008021,F,,,,
331,8236,Dhar Ghadoi (76),धार घडोई (76),Bharmour(Sub-District) / Chamba(District) / Himachal Pradesh(State),00156400,008236,F,,,,
332,8140,Dhar Gharani (104),धार धराणी (104),Holi(Sub-District) / Chamba(District) / Himachal Pradesh(State),00146800,008140,F,,,,
333,8260,Dhar Gudagar (50),धार गुडागर (50),Bharmour(Sub-District) / Chamba(District) / Himachal Pradesh(State),00158800,008260,F,,,,
334,6845,Dhar Gunyali (293),धार गुनयाली (293),Churah(Sub-District) / Chamba(District) / Himachal Pradesh(State),00017300,006845,N,,,,
335,8248,Dhar Hail (64),धार हैल (64),Bharmour(Sub-District) / Chamba(District) / Himachal Pradesh(State),00157600,008248,F,,,,
336,6773,Dhar Harvi (63),धार हरवी (63),Saach(Sub-District) / Chamba(District) / Himachal Pradesh(State),00010100,006773,F,,,,
337,8230,Dhar Heg (86),धार हेग (86),Bharmour(Sub-District) / Chamba(District) / Himachal Pradesh(State),00155800,008230,F,,,,
338,8108,Dhar Jalsu (251),धार जालसू (251),Holi(Sub-District) / Chamba(District) / Himachal Pradesh(State),00143600,008108,F,,,,
339,6940,Dhar Jatbag (421),धार जटबग (421),Churah(Sub-District) / Chamba(District) / Himachal Pradesh(State),00026800,006940,N,,,,
340,8153,Dhar Jharyun (7),धार झरयूं (7),Bharmour(Sub-District) / Chamba(District) / Himachal Pradesh(State),00148100,008153,F,,,,
341,8173,Dhar Jhulfi (2),धार झुलफी (2),Bharmour(Sub-District) / Chamba(District) / Himachal Pradesh(State),00150100,008173,F,,,,
342,8253,Dhar Jol (54),धार जोल (54),Bharmour(Sub-District) / Chamba(District) / Himachal Pradesh(State),00158100,008253,F,,,,
343,8065,Dhar Jutta (180),धार जुट्टा (180),Holi(Sub-District) / Chamba(District) / Himachal Pradesh(State),00139300,008065,F,,,,
344,7073,Dhar Jwara (470),धार ज्वारा (470),Churah(Sub-District) / Chamba(District) / Himachal Pradesh(State),00040100,007073,N,,,,
345,6831,Dhar Kalopad (312),धार कलोपड (312),Churah(Sub-District) / Chamba(District) / Himachal Pradesh(State),00015900,006831,N,,,,
346,7860,Dhar Kankot (95),धार कनकोट (95),Dharwala(Sub-District) / Chamba(District) / Himachal Pradesh(State),00118800,007860,N,,,,
347,7050,Dhar Kansar-I (501),धार कंसर I (501),Churah(Sub-District) / Chamba(District) / Himachal Pradesh(State),00037800,007050,N,,,,
348,7052,Dhar Kansar II (526),धार कंसर II (526),Churah(Sub-District) / Chamba(District) / Himachal Pradesh(State),00038000,007052,N,,,,
349,8112,Dhar Khabbar Jwara (232),धार खव्वर जवारा (232),Holi(Sub-District) / Chamba(District) / Himachal Pradesh(State),00144000,008112,F,,,,
350,7959,Dhar Khabhi (198),धार खभी (198),Saho(Sub-District) / Chamba(District) / Himachal Pradesh(State),00128700,007959,N,,,,
351,8121,Dhar Khadyala (225),धार खडयाला (225),Holi(Sub-District) / Chamba(District) / Himachal Pradesh(State),00144900,008121,F,,,,
352,8156,Dhar Khapru (15),धार खपरू (15),Bharmour(Sub-District) / Chamba(District) / Himachal Pradesh(State),00148400,008156,F,,,,
353,8262,Dhar Khapru (51),धार खपरू (51),Bharmour(Sub-District) / Chamba(District) / Himachal Pradesh(State),00159000,008262,F,,,,
354,8097,Dhar Khudma (246),धार खुदमा (246),Holi(Sub-District) / Chamba(District) / Himachal Pradesh(State),00142500,008097,F,,,,
355,8029,Dhar Khug (150),धार खुग (150),Holi(Sub-District) / Chamba(District) / Himachal Pradesh(State),00135700,008029,F,,,,
356,8084,Dhar Kiyur (202),धार कियूर (202),Holi(Sub-District) / Chamba(District) / Himachal Pradesh(State),00141200,008084,F,,,,
357,7423,Dhar Koliyan (32),धार कोंलियां (32),Dalhousie(Sub-District) / Chamba(District) / Himachal Pradesh(State),00075100,007423,N,,,,
358,8240,Dhar Krog (69),धार करोग (69),Bharmour(Sub-District) / Chamba(District) / Himachal Pradesh(State),00156800,008240,F,,,,
359,6969,Dhar Kushan (462),धार कुशान (462),Churah(Sub-District) / Chamba(District) / Himachal Pradesh(State),00029700,006969,N,,,,
360,8111,Dhar Langha Kanour (233),धार लंधा कनौर (233),Holi(Sub-District) / Chamba(District) / Himachal Pradesh(State),00143900,008111,F,,,,
361,8186,Dhar Liyundi (35),धार लियून्डी (35),Bharmour(Sub-District) / Chamba(District) / Himachal Pradesh(State),00151400,008186,F,,,,
362,6756,Dhar Lunei (104),धार लुणेई (104),Saach(Sub-District) / Chamba(District) / Himachal Pradesh(State),00008400,006756,F,,,,
363,6819,Dhar Makkan (311),धार मकन (311),Churah(Sub-District) / Chamba(District) / Himachal Pradesh(State),00014700,006819,N,,,,
364,6944,Dhar Malgoth (428),धार मलगोठ (428),Churah(Sub-District) / Chamba(District) / Himachal Pradesh(State),00027200,006944,N,,,,
365,6818,Dhar Mehilwar(343),धार मेहलवार (343),Churah(Sub-District) / Chamba(District) / Himachal Pradesh(State),00014600,006818,N,eSignGOFile662648_19_02_2025_17_01_29.pdf,,,
366,7075,Dhar Milgu (474),धार मिलगू (474),Churah(Sub-District) / Chamba(District) / Himachal Pradesh(State),00040300,007075,N,,,,
367,7989,Dhar Mounda (220),धार मौन्दा (220),Saho(Sub-District) / Chamba(District) / Himachal Pradesh(State),00131700,007989,N,,,,
368,8178,Dhar Mummar (27),धार मुमर (27),Bharmour(Sub-District) / Chamba(District) / Himachal Pradesh(State),00150600,008178,F,,,,
369,8130,Dhar Nadeer (194),धार नडीर (194),Holi(Sub-District) / Chamba(District) / Himachal Pradesh(State),00145800,008130,F,,,,
370,6965,Dhar Nagni (435),धार नागनी (435),Churah(Sub-District) / Chamba(District) / Himachal Pradesh(State),00029300,006965,N,,,,
371,6964,Dhar Naloh (436),धार नलोह (436),Churah(Sub-District) / Chamba(District) / Himachal Pradesh(State),00029200,006964,N,,,,
372,7064,Dhar Naloh (464),धार नालोह (464),Churah(Sub-District) / Chamba(District) / Himachal Pradesh(State),00039200,007064,N,,,,
373,8238,Dhar Nanun (70),धार नानून (70),Bharmour(Sub-District) / Chamba(District) / Himachal Pradesh(State),00156600,008238,F,,,,
374,8132,Dhar Naripat (192),धार नरिपत (192),Holi(Sub-District) / Chamba(District) / Himachal Pradesh(State),00146000,008132,F,,,,
375,6947,Dhar Nousra (425),धार नौसरा (425),Churah(Sub-District) / Chamba(District) / Himachal Pradesh(State),00027500,006947,N,,,,
376,8137,Dhar Oinala (189),धार ओईनाला (189),Holi(Sub-District) / Chamba(District) / Himachal Pradesh(State),00146500,008137,F,,,,
377,7635,Dharoon (303),धरूं (303),Sihunta(Sub-District) / Chamba(District) / Himachal Pradesh(State),00096300,007635,N,,,,
378,7053,Dhar Padhragoth (499),धार पधरागोठ (499),Churah(Sub-District) / Chamba(District) / Himachal Pradesh(State),00038100,007053,N,,,,
379,6755,Dhar Panala (103),धार पनाला (103),Saach(Sub-District) / Chamba(District) / Himachal Pradesh(State),00008300,006755,F,eSignGOFile662648_10_12_2025_14_00_58.pdf,,,
380,8155,Dhar Panhairti (9),धार पनहैरटी (9),Bharmour(Sub-District) / Chamba(District) / Himachal Pradesh(State),00148300,008155,F,,,,
381,7973,Dhar Panjangula(215),धार पन्जुगला (215),Saho(Sub-District) / Chamba(District) / Himachal Pradesh(State),00130100,007973,N,,,,
382,6711,Dhar Parmar (51),धार परमार (51),Saach(Sub-District) / Chamba(District) / Himachal Pradesh(State),00003900,006711,F,,,,
383,8195,Dhar Parun Goth (46),धार पारून गोठ (46),Bharmour(Sub-District) / Chamba(District) / Himachal Pradesh(State),00152300,008195,F,,,,
384,8128,Dhar Patar (209),धार पटार (209),Holi(Sub-District) / Chamba(District) / Himachal Pradesh(State),00145600,008128,F,,,,
385,8163,Dhar Phati (18),धार फाटी (18),Bharmour(Sub-District) / Chamba(District) / Himachal Pradesh(State),00149100,008163,F,,,,
386,7871,Dhar Piyuhra (106),धार पियूहरा (106),Dharwala(Sub-District) / Chamba(District) / Himachal Pradesh(State),00119900,007871,N,,,,
387,7065,Dhar Prabha (463),धार प्रभा (463),Churah(Sub-District) / Chamba(District) / Himachal Pradesh(State),00039300,007065,N,,,,
388,7056,Dhar Pukhar (532),धार पुखर (532),Churah(Sub-District) / Chamba(District) / Himachal Pradesh(State),00038400,007056,N,,,,
389,7080,Dhar Pukhara (479),धार पुखारा (479),Churah(Sub-District) / Chamba(District) / Himachal Pradesh(State),00040800,007080,N,,,,
390,8161,Dhar Ranki (13),धार रानकी (13),Bharmour(Sub-District) / Chamba(District) / Himachal Pradesh(State),00148900,008161,F,,,,
391,7055,Dhar Ranouta (498),धार रणौता (498),Churah(Sub-District) / Chamba(District) / Himachal Pradesh(State),00038300,007055,N,,,,
392,8138,Dhar Rava (105),धार रावा (105),Holi(Sub-District) / Chamba(District) / Himachal Pradesh(State),00146600,008138,F,,,,
393,8093,Dhar Riyali (215),धार रियाली (215),Holi(Sub-District) / Chamba(District) / Himachal Pradesh(State),00142100,008093,F,,,,
394,8077,Dhar Roun (199),धार रौण (199),Holi(Sub-District) / Chamba(District) / Himachal Pradesh(State),00140500,008077,F,,,,
395,8050,Dhar Rouni (165),धार रौणी (165),Holi(Sub-District) / Chamba(District) / Himachal Pradesh(State),00137800,008050,F,,,,
396,8164,Dhar Rouni (19),धार रौणी (19),Bharmour(Sub-District) / Chamba(District) / Himachal Pradesh(State),00149200,008164,F,,,,
397,8191,Dhar Saad (39),धार साड (39),Bharmour(Sub-District) / Chamba(District) / Himachal Pradesh(State),00151900,008191,F,,,,
398,6823,Dhar Saho (306),धार साहो (306),Churah(Sub-District) / Chamba(District) / Himachal Pradesh(State),00015100,006823,N,,,,
399,8115,Dhar Saihrang (231),धार सैहरंग (231),Holi(Sub-District) / Chamba(District) / Himachal Pradesh(State),00144300,008115,F,,,,
400,8263,Dhar Sameil (52),धार समैईल (52),Bharmour(Sub-District) / Chamba(District) / Himachal Pradesh(State),00159100,008263,F,,,,
401,7602,Dharsana (256),धरसाणा (256),Bhattiyat(Sub-District) / Chamba(District) / Himachal Pradesh(State),00093000,007602,N,,,,
402,7074,Dhar Sansarpatta (472),धार संसरपट्टा (472),Churah(Sub-District) / Chamba(District) / Himachal Pradesh(State),00040200,007074,N,,,,
403,7984,Dhar Sapeka,धार सपेका (219),Saho(Sub-District) / Chamba(District) / Himachal Pradesh(State),00131200,007984,N,,,,
404,8079,Dhar Sara (200),धार सरा (200),Holi(Sub-District) / Chamba(District) / Himachal Pradesh(State),00140700,008079,F,,,,
405,8028,Dhar Sarabaili (142),धार सरावैली (142),Holi(Sub-District) / Chamba(District) / Himachal Pradesh(State),00135600,008028,F,,,,
406,8031,Dhar Sarad (154),धार सारड (154),Holi(Sub-District) / Chamba(District) / Himachal Pradesh(State),00135900,008031,F,,,,
407,6841,Dhar Sarbani (300),धार सरवणी (300),Churah(Sub-District) / Chamba(District) / Himachal Pradesh(State),00016900,006841,N,,,,
408,8078,Dhar Sarod (201),धार सरोड (201),Holi(Sub-District) / Chamba(District) / Himachal Pradesh(State),00140600,008078,F,,,,
409,8052,Dhar Satkhuni (173),धार सतखूनी (173),Holi(Sub-District) / Chamba(District) / Himachal Pradesh(State),00138000,008052,F,,,,
410,8157,Dhar Ser (14),धार सेर (14),Bharmour(Sub-District) / Chamba(District) / Himachal Pradesh(State),00148500,008157,F,,,,
411,8053,Dhar Seri (166),धार सेरी (166),Holi(Sub-District) / Chamba(District) / Himachal Pradesh(State),00138100,008053,F,,,,
412,7089,Dhar Seru (480),धार सेरू (480),Churah(Sub-District) / Chamba(District) / Himachal Pradesh(State),00041700,007089,N,,,,
413,8085,Dhar Shail (213),धार शैल (213),Holi(Sub-District) / Chamba(District) / Himachal Pradesh(State),00141300,008085,F,,,,
414,6783,Dhar Shingda (363),धार शिंगडा (363),Churah(Sub-District) / Chamba(District) / Himachal Pradesh(State),00011100,006783,N,,,,
415,6684,Dhar Shinkal (17),धार शिनकल (17),Pangi(Sub-District) / Chamba(District) / Himachal Pradesh(State),00001200,006684,F,,,,
416,8181,Dhar Silpdi (30),धार सिलपडी (30),Bharmour(Sub-District) / Chamba(District) / Himachal Pradesh(State),00150900,008181,F,,,,
417,6776,Dhar Sindhani (70),धार सिधाणी (70),Saach(Sub-District) / Chamba(District) / Himachal Pradesh(State),00010400,006776,F,,,,
418,8154,Dhar Siul (16),धार सियूल (16),Bharmour(Sub-District) / Chamba(District) / Himachal Pradesh(State),00148200,008154,F,,,,
419,7116,Dhar Sontith (159),धार सोनतिथ (159),Saluni(Sub-District) / Chamba(District) / Himachal Pradesh(State),00044400,007116,N,,,,
420,7982,Dhar Sotadbehi (218),धार सोतड वेही (218),Saho(Sub-District) / Chamba(District) / Himachal Pradesh(State),00131000,007982,N,,,,
421,7094,Dhar Supacholu (141),धार सुपाचोलू (141),Saluni(Sub-District) / Chamba(District) / Himachal Pradesh(State),00042200,007094,N,,,,
422,7092,Dhar Syahbehi (145),धार स्याहवेही (145),Saluni(Sub-District) / Chamba(District) / Himachal Pradesh(State),00042000,007092,N,,,,
423,8184,Dhar Tandei (32),धार तुन्दा (32),Bharmour(Sub-District) / Chamba(District) / Himachal Pradesh(State),00151200,008184,F,,,,
424,6757,Dhar Tarampal (106),धार तरमपाल (106),Saach(Sub-District) / Chamba(District) / Himachal Pradesh(State),00008500,006757,F,,,,
425,6844,Dhar Teru (299),धार टेरू (299),Churah(Sub-District) / Chamba(District) / Himachal Pradesh(State),00017200,006844,N,,,,
426,8185,Dhar Thanala (34),धार टान्डेई (34),Bharmour(Sub-District) / Chamba(District) / Himachal Pradesh(State),00151300,008185,F,,,,
427,6949,Dhar Theka (434),धार ठेका (434),Churah(Sub-District) / Chamba(District) / Himachal Pradesh(State),00027700,006949,N,,,,
428,7843,Dhar Theka Bhuar (75),धार ठेका भुआर (75),Dharwala(Sub-District) / Chamba(District) / Himachal Pradesh(State),00117100,007843,N,,,,
429,7833,Dhar Theka Mehli (74),धार ठेका मैहली (74),Dharwala(Sub-District) / Chamba(District) / Himachal Pradesh(State),00116100,007833,N,,,,
430,7831,Dhar Theka Swet (67),धार ठेका स्वेट (67),Dharwala(Sub-District) / Chamba(District) / Himachal Pradesh(State),00115900,007831,N,,,,
431,6746,Dhar Thimi (96),धार थिमी (96),Saach(Sub-District) / Chamba(District) / Himachal Pradesh(State),00007400,006746,F,,,,
432,6733,Dhar Topyun (60),धार टोपयून (60),Saach(Sub-District) / Chamba(District) / Himachal Pradesh(State),00006100,006733,F,,,,
433,6968,Dhar Trikund (471),धार त्रिकुन्ड (471),Churah(Sub-District) / Chamba(District) / Himachal Pradesh(State),00029600,006968,N,,,,
434,8129,Dhar Trnai (207),धार तरणै (207),Holi(Sub-District) / Chamba(District) / Himachal Pradesh(State),00145700,008129,F,,,,
435,7024,Dhar Tundara (460),धार तुन्दारा (460),Churah(Sub-District) / Chamba(District) / Himachal Pradesh(State),00035200,007024,N,,,,
436,6731,Dhar Udeen (58),धार उदीण (58),Saach(Sub-District) / Chamba(District) / Himachal Pradesh(State),00005900,006731,F,,,,
437,7738,Dharunda (261),धरून्डा (261),Pukhri(Sub-District) / Chamba(District) / Himachal Pradesh(State),00106600,007738,N,,,,
438,6675,Dharwas (11),धरवास (11),Pangi(Sub-District) / Chamba(District) / Himachal Pradesh(State),00000300,006675,F,,,,
439,6880,Dhavi (279),ढबी (279),Churah(Sub-District) / Chamba(District) / Himachal Pradesh(State),00020800,006880,N,,,,
440,7522,Dhiyun (174),धियूं (174),Kakira(Sub-District) / Chamba(District) / Himachal Pradesh(State),00085000,007522,N,,,,
441,8231,Dhoi (78),धोई (78),Bharmour(Sub-District) / Chamba(District) / Himachal Pradesh(State),00155900,008231,F,,,,
442,7652,Dhrwai (290),धरवाई (290),Sihunta(Sub-District) / Chamba(District) / Himachal Pradesh(State),00098000,007652,N,,,,
443,7401,Dhuda Sapad (116),धूडा सपड (116),Dalhousie(Sub-District) / Chamba(District) / Himachal Pradesh(State),00072900,007401,N,,,,
444,7391,Dhundyara (107),ढुन्डयारा (107),Dalhousie(Sub-District) / Chamba(District) / Himachal Pradesh(State),00071900,007391,N,,,,
445,7430,Dhunera (56),धुनेरा (56),Dalhousie(Sub-District) / Chamba(District) / Himachal Pradesh(State),00075800,007430,N,,,,
446,7198,Dhutta (197),धुत्ता (197),Saluni(Sub-District) / Chamba(District) / Himachal Pradesh(State),00052600,007198,N,,,,
447,7497,Dibar Khola (142),डिब्बर खोला (142),Kakira(Sub-District) / Chamba(District) / Himachal Pradesh(State),00082500,007497,N,,,,
448,7434,Dibrehan (52),डिबरैहन (52),Dalhousie(Sub-District) / Chamba(District) / Himachal Pradesh(State),00076200,007434,N,,,,
449,7955,Digar (185),डिगर (185),Saho(Sub-District) / Chamba(District) / Himachal Pradesh(State),00128300,007955,N,,,,
450,7126,Digori (163),दिगोडी (163),Saluni(Sub-District) / Chamba(District) / Himachal Pradesh(State),00045400,007126,N,,,,
451,6892,Dikala (245),डिकाला (245),Churah(Sub-District) / Chamba(District) / Himachal Pradesh(State),00022000,006892,N,,,,
452,6794,Dind (372),दिन्द (372),Churah(Sub-District) / Chamba(District) / Himachal Pradesh(State),00012200,006794,N,,,,
453,8201,Diyoki (123),दियोकी (123),Bharmour(Sub-District) / Chamba(District) / Himachal Pradesh(State),00152900,008201,F,,,,
454,7026,Diyola (504),दियोला (504),Churah(Sub-District) / Chamba(District) / Himachal Pradesh(State),00035400,007026,N,,,,
455,6934,Dob Dikriyund (413),डोब डिकरयून्ड (413),Churah(Sub-District) / Chamba(District) / Himachal Pradesh(State),00026200,006934,N,,,,
456,7554,Dobhu (198),डोभू (198),Bhattiyat(Sub-District) / Chamba(District) / Himachal Pradesh(State),00088200,007554,N,,,,
457,7251,Dol (82),डोल (82),Telka(Sub-District) / Chamba(District) / Himachal Pradesh(State),00057900,007251,N,,,,
458,7385,Dooka (102),डूका (102),Dalhousie(Sub-District) / Chamba(District) / Himachal Pradesh(State),00071300,007385,N,,,,
459,7580,Doth (239),दोठ (239),Bhattiyat(Sub-District) / Chamba(District) / Himachal Pradesh(State),00090800,007580,N,,,,
460,6902,Dounri (408),डौंरी (408),Churah(Sub-District) / Chamba(District) / Himachal Pradesh(State),00023000,006902,N,,,,
461,8148,D.P.F Agasan (110),डी0 पी0 एफ0 अगासन (110),Bharmour(Sub-District) / Chamba(District) / Himachal Pradesh(State),00147600,008148,F,,,,
462,8103,D.P.F. Agrali (240),डी0 पी0 एफ0 अगराली (240),Holi(Sub-District) / Chamba(District) / Himachal Pradesh(State),00143100,008103,F,,,,
463,6769,D.P.F. Ahad (71),डी0 पी0 एफ0 आहड (71),Saach(Sub-District) / Chamba(District) / Himachal Pradesh(State),00009700,006769,F,,,,
464,8202,D.P.F. Arki (119),डी0 पी0 एफ0 अरकी (119),Bharmour(Sub-District) / Chamba(District) / Himachal Pradesh(State),00153000,008202,F,,,,
465,6988,D.P.F. Badruni (519),डी0 पी0 एफ0 वदरूणी (519),Churah(Sub-District) / Chamba(District) / Himachal Pradesh(State),00031600,006988,N,,,,
466,8125,D.P.F. Bajol (222),डी0 पी0 एफ0 वजोल (222),Holi(Sub-District) / Chamba(District) / Himachal Pradesh(State),00145300,008125,F,,,,
467,7057,D.P.F.Banotu (533),डी0 पी0 एफ0 बनोटू (533),Churah(Sub-District) / Chamba(District) / Himachal Pradesh(State),00038500,007057,N,,,,
468,7014,D.P.F. Behlun (541),डी0 पी0 एफ0 वहलूण (541),Churah(Sub-District) / Chamba(District) / Himachal Pradesh(State),00034200,007014,N,,,,
469,8218,D.P.F. Bharmani (102),डी0 पी0 एफ0 भरमाणी (102),Bharmour(Sub-District) / Chamba(District) / Himachal Pradesh(State),00154600,008218,F,,,,
470,8032,D.P.F. Bharwali Barnot (153),डी0 पी0 एफ0 भरवाली बरनोट (153),Holi(Sub-District) / Chamba(District) / Himachal Pradesh(State),00136000,008032,F,,,,
471,8076,D.P.F. Bhunkhar (198),डी0 पी0 एफ0 भुंखार (198),Holi(Sub-District) / Chamba(District) / Himachal Pradesh(State),00140400,008076,F,,,,
472,8109,D.P.F. Byada (235),डी0 पी0 एफ0 व्याडा (235),Holi(Sub-District) / Chamba(District) / Himachal Pradesh(State),00143700,008109,F,,,,
473,6847,D.P.F. Chandrol (290),डी0 पी0 एफ0 चन्द्रौल (290),Churah(Sub-District) / Chamba(District) / Himachal Pradesh(State),00017500,006847,N,,,,
474,6994,D.P.F.Chanjla (553),डी0 पी0 एफ0 चांजला (553),Churah(Sub-District) / Chamba(District) / Himachal Pradesh(State),00032200,006994,N,,,,
475,6858,D.P.F.Chili (273),डी0 पी0 एफ0 चिल्ली (273),Churah(Sub-District) / Chamba(District) / Himachal Pradesh(State),00018600,006858,N,,,,
476,8071,D.P.F. Chilmili (182),डी0 पी0 एफ0 चिलमिली (182),Holi(Sub-District) / Chamba(District) / Himachal Pradesh(State),00139900,008071,F,,,,
477,6815,D.P.F. Chiyuli (341),डी0 पी0 एफ0 चियूली (341),Churah(Sub-District) / Chamba(District) / Himachal Pradesh(State),00014300,006815,N,,,,
478,8255,D.P.F. Chobia (57),डी0 पी0 एफ0 चोभिया (57),Bharmour(Sub-District) / Chamba(District) / Himachal Pradesh(State),00158300,008255,F,,,,
479,8113,D.P.F. Chulan (236),डी0 पी0 एफ0 चुलण (236),Holi(Sub-District) / Chamba(District) / Himachal Pradesh(State),00144100,008113,F,,,,
480,8018,D.P.F. Chunjasar (132),डी0 पी0 एफ0 चुंजासर (132),Holi(Sub-District) / Chamba(District) / Himachal Pradesh(State),00134600,008018,F,,,,
481,7799,D.P.F. Dain Kund (307),डी0 पी0 एफ0 डैनकुन्ड (307),Chamba(Sub-District) / Chamba(District) / Himachal Pradesh(State),00112700,007799,N,,,,
482,8117,D.P.F. Dangi (229),डी0 पी0 एफ0 डन्गी (229),Holi(Sub-District) / Chamba(District) / Himachal Pradesh(State),00144500,008117,F,,,,
483,8204,D.P.F. Deoki (122),डी0 पी0 एफ0 दियोकी (122),Bharmour(Sub-District) / Chamba(District) / Himachal Pradesh(State),00153200,008204,F,,,,
484,8119,D.P.F. Dhan Chhan (228),डी0 पी0 एफ0 धनछन (228),Holi(Sub-District) / Chamba(District) / Himachal Pradesh(State),00144700,008119,F,,,,
485,7433,D.P.F. Dibrehan (51),डी0 पी0 एफ0 डिबरैहन (51),Dalhousie(Sub-District) / Chamba(District) / Himachal Pradesh(State),00076100,007433,N,,,,
486,8116,D.P.F. Diyoti (230),डी0 पी0 एफ0 दियोटी (230),Holi(Sub-District) / Chamba(District) / Himachal Pradesh(State),00144400,008116,F,,,,
487,6903,D.P.F. Dounri (406),डी0 पी0 एफ0 डौंरी (406),Churah(Sub-District) / Chamba(District) / Himachal Pradesh(State),00023100,006903,N,,,,
488,7018,D.P.F. Gadyog (508),डी0 पी0 एफ0 गदयोग (508),Churah(Sub-District) / Chamba(District) / Himachal Pradesh(State),00034600,007018,N,,,,
489,6775,D.P.F.Gajrahan (69),डी0 पी0 एफ0 गजराहण (69),Saach(Sub-District) / Chamba(District) / Himachal Pradesh(State),00010300,006775,F,,,,
490,7331,D.P.F. Galehan (48),डी0 पी0 एफ0 गलैहण (48),Bhalai(Sub-District) / Chamba(District) / Himachal Pradesh(State),00065900,007331,N,,,,
491,8098,D.P.F. Gandir (247),डी0 पी0 एफ0 गण्डीर (247),Holi(Sub-District) / Chamba(District) / Himachal Pradesh(State),00142600,008098,F,,,,
492,8207,D.P.F. Grima (117),डी0 पी0 एफ0 गरीमा (117),Bharmour(Sub-District) / Chamba(District) / Himachal Pradesh(State),00153500,008207,F,,,,
493,6991,D.P.F.Gutkar (551),डी0 पी0 एफ0 गुटकर (551),Churah(Sub-District) / Chamba(District) / Himachal Pradesh(State),00031900,006991,N,,,,
494,6995,D.P.F.Gwari (549),डी0 पी0 एफ0 गुवाड (549),Churah(Sub-District) / Chamba(District) / Himachal Pradesh(State),00032300,006995,N,,,,
495,6855,D.P.F. Halei (285),डी0 पी0 एफ0 हलेई (285),Churah(Sub-District) / Chamba(District) / Himachal Pradesh(State),00018300,006855,N,,,,
496,7027,D.P.F.Jala (503),डी0 पी0 एफ0 जाला (503),Churah(Sub-District) / Chamba(District) / Himachal Pradesh(State),00035500,007027,N,,,,
497,7455,D.P.F. Jandrighat (90),डी0 पी0 एफ0 जंदरीघाट  (90),Dalhousie(Sub-District) / Chamba(District) / Himachal Pradesh(State),00078300,007455,N,,,,
498,7013,D.P.F. Janunh (542),डी0 प0 एफ0 जनूँह (542),Churah(Sub-District) / Chamba(District) / Himachal Pradesh(State),00034100,007013,N,,,,
499,6853,D.P.F.Jawala (286),डी0 पी0 एफ0 ज्वाला (286),Churah(Sub-District) / Chamba(District) / Himachal Pradesh(State),00018100,006853,N,,,,
500,6885,D.P.F. Jhoula (276),डी0पी0 एफ0 झौला (276),Churah(Sub-District) / Chamba(District) / Himachal Pradesh(State),00021300,006885,N,,,,
501,7794,D.P.F. Jhurdu (28),डी0 पी0 एफ0 झुरडू (28),Chamba(Sub-District) / Chamba(District) / Himachal Pradesh(State),00112200,007794,N,,,,
502,7079,D.P.F.Jured (478),डी0 पी0 एफ0 जुरेड (478),Churah(Sub-District) / Chamba(District) / Himachal Pradesh(State),00040700,007079,N,,,,
503,8135,D.P.F. Kalah (190),डी0 पी0 एफ0 कलाह (190),Holi(Sub-District) / Chamba(District) / Himachal Pradesh(State),00146300,008135,F,,,,
504,7043,D.P.F. Kalod (535),डी0 पी0 एफ कलोड (535),Churah(Sub-District) / Chamba(District) / Himachal Pradesh(State),00037100,007043,N,,,,
505,7890,D.P.F. Kanhetar (125),अ0 व0 खनेतर (125),Dharwala(Sub-District) / Chamba(District) / Himachal Pradesh(State),00121800,007890,N,,,,
506,7791,D.P.F.Kargad Rakh (32),डी.पी.एफ. करगड राख (32),Chamba(Sub-District) / Chamba(District) / Himachal Pradesh(State),00111900,007791,N,,,,
507,6837,D.P.F. Khairna (287),डी0 पी0 एफ0 खैरना (287),Churah(Sub-District) / Chamba(District) / Himachal Pradesh(State),00016500,006837,N,,,,
508,7044,D.P.F. Khairna (534),डी0 पी0 एफ0 खैरना (534),Churah(Sub-District) / Chamba(District) / Himachal Pradesh(State),00037200,007044,N,,,,
509,6840,D.P.F.Khajrala (302),डी0 पी0 एफ0 खजराला (302),Churah(Sub-District) / Chamba(District) / Himachal Pradesh(State),00016800,006840,N,,,,
510,6852,D.P.F.Khangu (289),डी0 पी0एफ0 खंगू (289),Churah(Sub-District) / Chamba(District) / Himachal Pradesh(State),00018000,006852,N,,,,
511,8096,D.P.F. Khudma (245),डी0 पी0 एफ0 खुदमा (245),Holi(Sub-District) / Chamba(District) / Himachal Pradesh(State),00142400,008096,F,,,,
512,8127,D.P.F. Khuthi (208),डी0 पी0 एफ0 खुथी (208),Holi(Sub-District) / Chamba(District) / Himachal Pradesh(State),00145500,008127,F,,,,
513,6990,D.P.F. Kiani (517),डी0 पी0 एफ0 कियानी (517),Churah(Sub-District) / Chamba(District) / Himachal Pradesh(State),00031800,006990,N,,,,
514,7163,D.P.F. Kilor (178),डी0 पी0 एफ0 किलोड (178),Saluni(Sub-District) / Chamba(District) / Himachal Pradesh(State),00049100,007163,N,,,,
515,7010,D.P.F. Kulaj (547),डी0 पी0 एफ0 कुल्ज (547),Churah(Sub-District) / Chamba(District) / Himachal Pradesh(State),00033800,007010,N,,,,
516,8061,D.P.F. Kuthed (174),डी0 पी0 एफ0 कुठेड (174),Holi(Sub-District) / Chamba(District) / Himachal Pradesh(State),00138900,008061,F,,,,
517,6985,D.P.F.Langha (512),डी0 पी0 एफ0 लंघा (512),Churah(Sub-District) / Chamba(District) / Himachal Pradesh(State),00031300,006985,N,,,,
518,8110,D.P.F. Langha Knour (234),डी0 पी0 एफ0 लंघाकनौर (234),Holi(Sub-District) / Chamba(District) / Himachal Pradesh(State),00143800,008110,F,,,,
519,7281,D.P.F. Nangali (57),डी0 पी0 एफ0 नगाली (57),Bhalai(Sub-District) / Chamba(District) / Himachal Pradesh(State),00060900,007281,N,,,,
520,8107,D.P.F. Pandban (250),डी0 पी0 एफ0 पण्डवन (250),Holi(Sub-District) / Chamba(District) / Himachal Pradesh(State),00143500,008107,F,,,,
521,8087,D.P.F. Paninali (212),डी0 पी0 एफ0 पानीनाली (212),Holi(Sub-District) / Chamba(District) / Himachal Pradesh(State),00141500,008087,F,,,,
522,6678,D.P.F.Pinchho (10),डी0 पी0 एफ0 पिन्छो (10),Pangi(Sub-District) / Chamba(District) / Himachal Pradesh(State),00000600,006678,F,,,,
523,6759,D.P.F.Pingu (102),डी. पी. एफ. पिन्गू (102),Saach(Sub-District) / Chamba(District) / Himachal Pradesh(State),00008700,006759,F,,,,
524,6928,D.P.F. Pukhtla (397),डी0 पी0 एफ0 पुख्तला (397),Churah(Sub-District) / Chamba(District) / Himachal Pradesh(State),00025600,006928,N,,,,
525,7017,D.P.F.Saloh (514),डी0 पी0 एफ0 सलोह (514),Churah(Sub-District) / Chamba(District) / Himachal Pradesh(State),00034500,007017,N,,,,
526,8080,D.P.F. Sangela (203),डी0 पी0 एफ0 संगेला (203),Holi(Sub-District) / Chamba(District) / Himachal Pradesh(State),00140800,008080,F,,,,
527,7705,D.P.F. Sapdah (269),डी. पी. एफ. सपडाह (269),Pukhri(Sub-District) / Chamba(District) / Himachal Pradesh(State),00103300,007705,N,,,,
528,8016,D.P.F. Sarli (131),डी. पी. एफ. साडली (131),Holi(Sub-District) / Chamba(District) / Himachal Pradesh(State),00134400,008016,F,,,,
529,8222,D.P.F. Satli (90),डी0 पी0 एफ0 सठली (90),Bharmour(Sub-District) / Chamba(District) / Himachal Pradesh(State),00155000,008222,F,,,,
530,8063,D.P.F. Sdaser (177),डी0 पी0 एफ0 सदासेर (177),Holi(Sub-District) / Chamba(District) / Himachal Pradesh(State),00139100,008063,F,,,,
531,8026,D.P.F. Seri (138),डी0 पी0 एफ0 सेरी (138),Holi(Sub-District) / Chamba(District) / Himachal Pradesh(State),00135400,008026,F,,,,
532,6882,D.P.F.Seri (280),डी0 पी0 एफ0 सेरी (280),Churah(Sub-District) / Chamba(District) / Himachal Pradesh(State),00021000,006882,N,,,,
533,7009,D.P.F. Seru (544),डी0 पी0 एफ0 सेरू (544),Churah(Sub-District) / Chamba(District) / Himachal Pradesh(State),00033700,007009,N,,,,
534,7217,D.P.F. Singa (238),डी0 पी0 एफ0 सिंगा (238),Saluni(Sub-District) / Chamba(District) / Himachal Pradesh(State),00054500,007217,N,,,,
535,8041,D.P.F. Siya (143),डी0 पी0 एफ0 सिया (143),Holi(Sub-District) / Chamba(District) / Himachal Pradesh(State),00136900,008041,F,,,,
536,8023,D.P.F. Swai (137),डी0 पी0 एफ0 स्वाई (137),Holi(Sub-District) / Chamba(District) / Himachal Pradesh(State),00135100,008023,F,,,,
537,7415,D.P.F. Tahudhar (30),डी0 पी0 एफ0 टाहुधार (30),Dalhousie(Sub-District) / Chamba(District) / Himachal Pradesh(State),00074300,007415,N,,,,
538,6843,D.P.F.Teru (294),डी0 पी0 एफ0 टेरू (294),Churah(Sub-District) / Chamba(District) / Himachal Pradesh(State),00017100,006843,N,,,,
539,8095,D.P.F. Thanetar (244),डी0 पी0 एफ0 थनेतर (244),Holi(Sub-District) / Chamba(District) / Himachal Pradesh(State),00142300,008095,F,,,,
540,6910,D.P.F.Topi (398),डी0 पी0 एफ0 टोपी (398),Churah(Sub-District) / Chamba(District) / Himachal Pradesh(State),00023800,006910,N,,,,
541,7156,D.P.F. Tribhol (179),डी0 पी0 एफ0 त्रिभोल (179),Saluni(Sub-District) / Chamba(District) / Himachal Pradesh(State),00048400,007156,N,,,,
542,8179,D.P.F. Tunda (28),डी0 पी0 एफ0 तुन्दा (28),Bharmour(Sub-District) / Chamba(District) / Himachal Pradesh(State),00150700,008179,F,,,,
543,7464,Drabad (71),द्रबड (71),Dalhousie(Sub-District) / Chamba(District) / Himachal Pradesh(State),00079200,007464,N,,,,
544,7998,Drabla (232),द्रवला (232),Saho(Sub-District) / Chamba(District) / Himachal Pradesh(State),00132600,007998,N,,,,
545,7312,Drabla (30),द्रबला (30),Bhalai(Sub-District) / Chamba(District) / Himachal Pradesh(State),00064000,007312,N,,,,
546,7767,Dradha (3),द्रढा (3),Chamba(Sub-District) / Chamba(District) / Himachal Pradesh(State),00109500,007767,N,,,,
547,7535,Draman (183),द्रमण (183),Bhattiyat(Sub-District) / Chamba(District) / Himachal Pradesh(State),00086300,007535,N,,,,
548,7788,Draman (19),द्रमण (19),Chamba(Sub-District) / Chamba(District) / Himachal Pradesh(State),00111600,007788,N,,,,
549,7376,Draman (6),द्रमण (6),Dalhousie(Sub-District) / Chamba(District) / Himachal Pradesh(State),00070400,007376,N,,,,
550,7682,Dramnala (327a),द्रमनाला (327a),Sihunta(Sub-District) / Chamba(District) / Himachal Pradesh(State),00101000,007682,N,,,,
551,7671,Draon (317),द्रौण (317),Sihunta(Sub-District) / Chamba(District) / Himachal Pradesh(State),00099900,007671,N,,,,
552,7031,Drebad (528),द्रेवड (528),Churah(Sub-District) / Chamba(District) / Himachal Pradesh(State),00035900,007031,N,,,,
553,7340,Drekri (94),द्रेकडी (94),Telka(Sub-District) / Chamba(District) / Himachal Pradesh(State),00066800,007340,N,,,,
554,7158,Drobdi (172),द्रोबडी (172),Saluni(Sub-District) / Chamba(District) / Himachal Pradesh(State),00048600,007158,N,,,,
555,7275,Dror (104),द्रोड (104),Telka(Sub-District) / Chamba(District) / Himachal Pradesh(State),00060300,007275,N,,,,
556,7610,Drumma (235),दरूमा (235),Sihunta(Sub-District) / Chamba(District) / Himachal Pradesh(State),00093800,007610,N,,,,
557,6931,Dudra (419),दुदरा (419),Churah(Sub-District) / Chamba(District) / Himachal Pradesh(State),00025900,006931,N,,,,
558,7320,Dughar (39),डुघार (39),Bhalai(Sub-District) / Chamba(District) / Himachal Pradesh(State),00064800,007320,N,,,,
559,7001,Dughli (568),डुघली (568),Churah(Sub-District) / Chamba(District) / Himachal Pradesh(State),00032900,007001,N,,,,
560,7632,Dukhar (275),डूखर (275),Sihunta(Sub-District) / Chamba(District) / Himachal Pradesh(State),00096000,007632,N,,,,
561,7923,Dulada (158),डुलाडा (158),Dharwala(Sub-District) / Chamba(District) / Himachal Pradesh(State),00125100,007923,N,,,,
562,7725,Dulahar (265),डुलाहर (265),Pukhri(Sub-District) / Chamba(District) / Himachal Pradesh(State),00105300,007725,N,,,,
563,7714,Dulahar (295),दुलाहर (295),Pukhri(Sub-District) / Chamba(District) / Himachal Pradesh(State),00104200,007714,N,,,,
564,8233,Dunda (82),डुन्डा (82),Bharmour(Sub-District) / Chamba(District) / Himachal Pradesh(State),00156100,008233,F,,,,
565,7648,Dungru (299),डुंगरू (299),Sihunta(Sub-District) / Chamba(District) / Himachal Pradesh(State),00097600,007648,N,,,,
566,7651,Duppar (292),दुपर (292),Sihunta(Sub-District) / Chamba(District) / Himachal Pradesh(State),00097900,007651,N,,,,
567,8081,Dyol (206),दयोल (206),Holi(Sub-District) / Chamba(District) / Himachal Pradesh(State),00140900,008081,F,,,,
568,7090,Dyothal Dhar (481),दयोथल धार (481),Churah(Sub-District) / Chamba(District) / Himachal Pradesh(State),00041800,007090,N,,,,
569,7826,East Chhbaru (61),ईस्ट छवारू (61),Chamba(Sub-District) / Chamba(District) / Himachal Pradesh(State),00115400,007826,N,,,,
570,7896,Ehlami (132),ऐहलमी (132),Dharwala(Sub-District) / Chamba(District) / Himachal Pradesh(State),00122400,007896,N,,,,
571,7829,Fagdi (65),फागडी (65),Dharwala(Sub-District) / Chamba(District) / Himachal Pradesh(State),00115700,007829,N,,,,
572,7207,Fagdog (259),फगडोग (259),Saluni(Sub-District) / Chamba(District) / Himachal Pradesh(State),00053500,007207,N,,,,
573,7596,Fagot (247),फगोट (247),Bhattiyat(Sub-District) / Chamba(District) / Himachal Pradesh(State),00092400,007596,N,,,,
574,7595,Fagot Jangal (246),फगोट जंगल (246),Bhattiyat(Sub-District) / Chamba(District) / Himachal Pradesh(State),00092300,007595,N,,,,
575,7613,Falahad (238),फलाहड (238),Sihunta(Sub-District) / Chamba(District) / Himachal Pradesh(State),00094100,007613,N,,,,
576,7060,Fanouhta (494),फनौहता (494),Churah(Sub-District) / Chamba(District) / Himachal Pradesh(State),00038800,007060,N,,,,
577,7449,Farotka (86),फरोटका (86),Dalhousie(Sub-District) / Chamba(District) / Himachal Pradesh(State),00077700,007449,N,,,,
578,7792,Fatepur (21),फतेपुर (21),Chamba(Sub-District) / Chamba(District) / Himachal Pradesh(State),00112000,007792,N,,,,
579,6722,Findpar (88),फिण्डपार (88),Saach(Sub-District) / Chamba(District) / Himachal Pradesh(State),00005000,006722,F,,,,
580,6717,Findru (40),फिनडरू (40),Saach(Sub-District) / Chamba(District) / Himachal Pradesh(State),00004500,006717,F,,,,
581,7531,Fogla (166),फोगला(166),Kakira(Sub-District) / Chamba(District) / Himachal Pradesh(State),00085900,007531,N,,,,
582,7914,Gaan (143),गाण (143),Dharwala(Sub-District) / Chamba(District) / Himachal Pradesh(State),00124200,007914,N,,,,
583,6961,Gadfari (445),गडफरी (445),Churah(Sub-District) / Chamba(District) / Himachal Pradesh(State),00028900,006961,N,,,,
584,7360,Gadh (34),गढ (34),Dalhousie(Sub-District) / Chamba(District) / Himachal Pradesh(State),00068800,007360,N,,,,
585,6893,Gadhwalka (250),गढवालका (250),Churah(Sub-District) / Chamba(District) / Himachal Pradesh(State),00022100,006893,N,,,,
586,7020,Gadyog (507),गदयोग (507),Churah(Sub-District) / Chamba(District) / Himachal Pradesh(State),00034800,007020,N,,,,
587,7039,Gagaina (562),गगैना (562),Churah(Sub-District) / Chamba(District) / Himachal Pradesh(State),00036700,007039,N,,,,
588,7930,Gagla (164),गागला (164),Chamba(Sub-District) / Chamba(District) / Himachal Pradesh(State),00125800,007930,N,,,,
589,7245,Gahal (83),गहल (83),Saluni(Sub-District) / Chamba(District) / Himachal Pradesh(State),00057300,007245,N,,,,
590,7567,Gahar (215),गाहर (215),Bhattiyat(Sub-District) / Chamba(District) / Himachal Pradesh(State),00089500,007567,N,,,,
591,6697,Gahar Bindrabani (2),गाहर बिन्द्रावणी (2),Pangi(Sub-District) / Chamba(District) / Himachal Pradesh(State),00002500,006697,F,,,,
592,6696,Gahar Dunei (1),गाहर दुनेई (1),Pangi(Sub-District) / Chamba(District) / Himachal Pradesh(State),00002400,006696,F,,,,
593,7289,Gahua (13),गहुआ (13),Bhalai(Sub-District) / Chamba(District) / Himachal Pradesh(State),00061700,007289,N,,,,
594,7807,Gajnuin (37),गजनूंई (37),Chamba(Sub-District) / Chamba(District) / Himachal Pradesh(State),00113500,007807,N,,,,
595,7876,Galthan (114),गलथन (114),Dharwala(Sub-District) / Chamba(District) / Himachal Pradesh(State),00120400,007876,N,,,,
596,6913,Galua (380),गलुआ (380),Churah(Sub-District) / Chamba(District) / Himachal Pradesh(State),00024100,006913,N,,,,
597,7472,Gandhyar (65),गन्ढयार (65),Dalhousie(Sub-District) / Chamba(District) / Himachal Pradesh(State),00080000,007472,N,,,,
598,7239,Gangla (227),गंगला (227),Saluni(Sub-District) / Chamba(District) / Himachal Pradesh(State),00056700,007239,N,,,,
599,7253,Ganwah (80),गणवाह (80),Saluni(Sub-District) / Chamba(District) / Himachal Pradesh(State),00058100,007253,N,,,,
600,7533,Garana (127),गडाना (127),Kakira(Sub-District) / Chamba(District) / Himachal Pradesh(State),00086100,007533,N,,,,
601,6797,Garh (377),गढ (377),Churah(Sub-District) / Chamba(District) / Himachal Pradesh(State),00012500,006797,N,,,,
602,7007,Garh (556),गढ (556),Churah(Sub-District) / Chamba(District) / Himachal Pradesh(State),00033500,007007,N,,,,
603,7270,Garjindu (107),गरझींडू (107),Telka(Sub-District) / Chamba(District) / Himachal Pradesh(State),00059800,007270,N,,,,
604,7650,Garnota (293),गरनोटा (293),Sihunta(Sub-District) / Chamba(District) / Himachal Pradesh(State),00097800,007650,N,,,,
605,8020,Garola (134),गरोला (134),Holi(Sub-District) / Chamba(District) / Himachal Pradesh(State),00134800,008020,F,,,,
606,7963,Gawad (200),गवाड (200),Saho(Sub-District) / Chamba(District) / Himachal Pradesh(State),00129100,007963,N,,,,
607,6715,Gawari (41),गवाडी (41),Saach(Sub-District) / Chamba(District) / Himachal Pradesh(State),00004300,006715,F,,,,
608,7868,Gehra (104),गैहरा (104),Dharwala(Sub-District) / Chamba(District) / Himachal Pradesh(State),00119600,007868,N,,,,
609,7754,Gela (280),गैला (280),Chamba(Sub-District) / Chamba(District) / Himachal Pradesh(State),00108200,007754,N,,,,
610,7574,Ghadasni Pul (228),घडासनी पुल (228),Bhattiyat(Sub-District) / Chamba(District) / Himachal Pradesh(State),00090200,007574,N,,,,
611,7147,Ghadetra(113),घडेत्रा (113),Saluni(Sub-District) / Chamba(District) / Himachal Pradesh(State),00047500,007147,N,eSignGOFile662648_19_02_2025_17_11_18.pdf,,,
612,8089,Ghadhoh (210),घढौह (210),Holi(Sub-District) / Chamba(District) / Himachal Pradesh(State),00141700,008089,F,,,,
613,7436,Ghaghidhar Jangal (59),घघीधार जंगल (59),Dalhousie(Sub-District) / Chamba(District) / Himachal Pradesh(State),00076400,007436,N,,,,
614,8009,Ghaghrouta (252),घघरौता (252),Saho(Sub-District) / Chamba(District) / Himachal Pradesh(State),00133700,008009,N,,,,
615,7149,Ghanetar(171),घनेत्र (171),Saluni(Sub-District) / Chamba(District) / Himachal Pradesh(State),00047700,007149,N,eSignGOFile662648_19_02_2025_17_22_12.pdf,,,
616,6693,Ghangheet (27),घंघीत (27),Pangi(Sub-District) / Chamba(District) / Himachal Pradesh(State),00002100,006693,F,,,,
617,7659,Gharanu (283),घरानू (283),Sihunta(Sub-District) / Chamba(District) / Himachal Pradesh(State),00098700,007659,N,,,,
618,8210,Ghared (48),घरेड (48),Bharmour(Sub-District) / Chamba(District) / Himachal Pradesh(State),00153800,008210,F,,,,
619,7736,Ghargran (240),घरग्रां (240),Pukhri(Sub-District) / Chamba(District) / Himachal Pradesh(State),00106400,007736,N,,,,
620,7937,Gharmani (170),घरमाणी (170),Chamba(Sub-District) / Chamba(District) / Himachal Pradesh(State),00126500,007937,N,,,,
621,7985,Gharosan Dhar(224),घरोसन धार (224),Saho(Sub-District) / Chamba(District) / Himachal Pradesh(State),00131300,007985,N,,,,
622,7454,Gharota (88),घरोटा (88),Dalhousie(Sub-District) / Chamba(District) / Himachal Pradesh(State),00078200,007454,N,,,,
623,7966,Ghatred (194),घतरेड (194),Saho(Sub-District) / Chamba(District) / Himachal Pradesh(State),00129400,007966,N,,,,
624,7764,Ghatta (306),घट्टा (306),Pukhri(Sub-District) / Chamba(District) / Himachal Pradesh(State),00109200,007764,N,,,,
625,6727,Gheesal (49),घीसल (49),Saach(Sub-District) / Chamba(District) / Himachal Pradesh(State),00005500,006727,F,,,,
626,7062,Ghewa (496),घेवा (496),Churah(Sub-District) / Chamba(District) / Himachal Pradesh(State),00039000,007062,N,,,,
627,8168,Ghudaith (20),घुडैठ (20),Bharmour(Sub-District) / Chamba(District) / Himachal Pradesh(State),00149600,008168,F,,,,
628,6800,Ghulei (370),घुलेई (370),Churah(Sub-District) / Chamba(District) / Himachal Pradesh(State),00012800,006800,N,,,,
629,7243,Ghundera (221),घुण्डेरा (221),Saluni(Sub-District) / Chamba(District) / Himachal Pradesh(State),00057100,007243,N,,,,
630,7894,Girad (128),गिरड (128),Dharwala(Sub-District) / Chamba(District) / Himachal Pradesh(State),00122200,007894,N,,,,
631,7614,Godhra (266),गोधरा (266),Sihunta(Sub-District) / Chamba(District) / Himachal Pradesh(State),00094200,007614,N,,,,
632,7693,Gola (342),गोला (342),Sihunta(Sub-District) / Chamba(District) / Himachal Pradesh(State),00102100,007693,N,,,,
633,7469,Goli (68),गोली (68),Dalhousie(Sub-District) / Chamba(District) / Himachal Pradesh(State),00079700,007469,N,,,,
634,7695,Gorat Bangotu (331),गोरत बनगोटू (331),Sihunta(Sub-District) / Chamba(District) / Himachal Pradesh(State),00102300,007695,N,,,,
635,7230,Gothan (219),गोठाण (219),Saluni(Sub-District) / Chamba(District) / Himachal Pradesh(State),00055800,007230,N,,,,
636,8002,Gouhand (245),गौहन्ड (245),Saho(Sub-District) / Chamba(District) / Himachal Pradesh(State),00133000,008002,N,,,,
637,8216,Gousan (95),गोसन (95),Bharmour(Sub-District) / Chamba(District) / Himachal Pradesh(State),00154400,008216,F,,,,
638,8206,Greema (118),ग्रीमा (118),Bharmour(Sub-District) / Chamba(District) / Himachal Pradesh(State),00153400,008206,F,,,,
639,7193,Grohan (201),ग्रोहण (201),Saluni(Sub-District) / Chamba(District) / Himachal Pradesh(State),00052100,007193,N,,,,
640,8122,Grounda (224),ग्रोंडा (224),Holi(Sub-District) / Chamba(District) / Himachal Pradesh(State),00145000,008122,F,,,,
641,7903,Groundi (138),ग्रौंडी (138),Dharwala(Sub-District) / Chamba(District) / Himachal Pradesh(State),00123100,007903,N,,,,
642,6792,Gudan (374),गुडण (374),Churah(Sub-District) / Chamba(District) / Himachal Pradesh(State),00012000,006792,N,,,,
643,7933,Gudda (167),गुड्डा (167),Chamba(Sub-District) / Chamba(District) / Himachal Pradesh(State),00126100,007933,N,,,,
644,7658,Gudhal (284),गुढाल (284),Sihunta(Sub-District) / Chamba(District) / Himachal Pradesh(State),00098600,007658,N,,,,
645,6789,Guila (357),गुईला (357),Churah(Sub-District) / Chamba(District) / Himachal Pradesh(State),00011700,006789,N,,,,
646,7276,Gul (1),गुल (1),Telka(Sub-District) / Chamba(District) / Himachal Pradesh(State),00060400,007276,N,,,,
647,7589,Gulahad (221),गुलाहड (221),Bhattiyat(Sub-District) / Chamba(District) / Himachal Pradesh(State),00091700,007589,N,,,,
648,7179,Gulel (199),गुलेल (199),Saluni(Sub-District) / Chamba(District) / Himachal Pradesh(State),00050700,007179,N,,,,
649,7173,Gumbra (184),गुम्बरा (184),Saluni(Sub-District) / Chamba(District) / Himachal Pradesh(State),00050100,007173,N,,,,
650,7618,Gumrahr (262),गुमराहर (262),Sihunta(Sub-District) / Chamba(District) / Himachal Pradesh(State),00094600,007618,N,,,,
651,7460,Gunyala (77),गुन्याला (77),Dalhousie(Sub-District) / Chamba(District) / Himachal Pradesh(State),00078800,007460,N,,,,
652,7921,Gurad (157),गुराड (157),Dharwala(Sub-District) / Chamba(District) / Himachal Pradesh(State),00124900,007921,N,,,,
653,7445,Gural (96),गुराल (96),Dalhousie(Sub-District) / Chamba(District) / Himachal Pradesh(State),00077300,007445,N,,,,
654,7461,Gutadi (79),गुतडी (79),Dalhousie(Sub-District) / Chamba(District) / Himachal Pradesh(State),00078900,007461,N,,,,
655,8075,Guwad (197),गुवाड (197),Holi(Sub-District) / Chamba(District) / Himachal Pradesh(State),00140300,008075,F,,,,
656,8073,Guwahla (196),गुवाहला (196),Holi(Sub-District) / Chamba(District) / Himachal Pradesh(State),00140100,008073,F,,,,
657,8057,Guwari (171),गुवाडी (171),Holi(Sub-District) / Chamba(District) / Himachal Pradesh(State),00138500,008057,F,,,,
658,8126,Guwari (220),गुवाडी (220),Holi(Sub-District) / Chamba(District) / Himachal Pradesh(State),00145400,008126,F,,,,
659,6907,Guwari (400),गुवाडी (400),Churah(Sub-District) / Chamba(District) / Himachal Pradesh(State),00023500,006907,N,,,,
660,7853,Gwad (91),गवाड (91),Dharwala(Sub-District) / Chamba(District) / Himachal Pradesh(State),00118100,007853,N,,,,
661,8169,Haat (21),हाट (21),Bharmour(Sub-District) / Chamba(District) / Himachal Pradesh(State),00149700,008169,F,,,,
662,7935,Hadar (169),हडार (169),Chamba(Sub-District) / Chamba(District) / Himachal Pradesh(State),00126300,007935,N,,,,
663,7323,Hadla (40),हडला (40),Bhalai(Sub-District) / Chamba(District) / Himachal Pradesh(State),00065100,007323,N,,,,
664,8232,Hadsar (80),हडसर (80),Bharmour(Sub-District) / Chamba(District) / Himachal Pradesh(State),00156000,008232,F,,,,
665,7258,Halela (91),हलेला (91),Telka(Sub-District) / Chamba(District) / Himachal Pradesh(State),00058600,007258,N,,,,
666,6866,Haloga (337),हलोगा (337),Churah(Sub-District) / Chamba(District) / Himachal Pradesh(State),00019400,006866,N,,,,
667,7724,Hamal (273),हमल (273),Pukhri(Sub-District) / Chamba(District) / Himachal Pradesh(State),00105200,007724,N,,,,
668,6871,Haratwas (332),हरतवास (332),Churah(Sub-District) / Chamba(District) / Himachal Pradesh(State),00019900,006871,N,,,,
669,7752,Haripur (283),हरिपुर (283),Chamba(Sub-District) / Chamba(District) / Himachal Pradesh(State),00108000,007752,N,,,,
670,7577,Hathi Dhar (232),हाथीधार (232),Bhattiyat(Sub-District) / Chamba(District) / Himachal Pradesh(State),00090500,007577,N,,,,
671,7611,Hathi Dhar Jangal (236),हाथीधार जंगल (236),Sihunta(Sub-District) / Chamba(District) / Himachal Pradesh(State),00093900,007611,N,,,,
672,7524,Hathola (175),हथोला(175),Bhattiyat(Sub-District) / Chamba(District) / Himachal Pradesh(State),00085200,007524,N,eSignGOFile662648_06_06_2025_10_50_35.pdf,,,
673,7490,Hatli (138),हटली (138),Kakira(Sub-District) / Chamba(District) / Himachal Pradesh(State),00081800,007490,N,,,,
674,7704,Hatli (345),हटली (345),Sihunta(Sub-District) / Chamba(District) / Himachal Pradesh(State),00103200,007704,N,,,,
675,7016,Helan (522),हेलन (522),Churah(Sub-District) / Chamba(District) / Himachal Pradesh(State),00034400,007016,N,,,,
676,8054,Heling (168),हेलिंग (168),Holi(Sub-District) / Chamba(District) / Himachal Pradesh(State),00138200,008054,F,,,,
677,6728,Hilour (50),हिलौर (50),Saach(Sub-District) / Chamba(District) / Himachal Pradesh(State),00005600,006728,F,,,,
678,6876,Hiyad (326),हियाड (326),Churah(Sub-District) / Chamba(District) / Himachal Pradesh(State),00020400,006876,N,,,,
679,8069,Holi (186),होली (186),Holi(Sub-District) / Chamba(District) / Himachal Pradesh(State),00139700,008069,F,,,,
680,7526,Howar Jarei (177),होवार जरेई (177),Bhattiyat(Sub-District) / Chamba(District) / Himachal Pradesh(State),00085400,007526,N,,,,
681,6685,Hudan Bhatori (18),हुडान भटोरी (18),Pangi(Sub-District) / Chamba(District) / Himachal Pradesh(State),00001300,006685,F,,,,
682,6691,Hugal (25),हूगाल (25),Pangi(Sub-District) / Chamba(District) / Himachal Pradesh(State),00001900,006691,F,,,,
683,7538,Hunera (186),हुनेरा (186),Bhattiyat(Sub-District) / Chamba(District) / Himachal Pradesh(State),00086600,007538,N,,,,
684,7765,Hunjhad (1),हुंझाड (1),Chamba(Sub-District) / Chamba(District) / Himachal Pradesh(State),00109300,007765,N,,,,
685,7827,Hured (62),हुरेड (62),Chamba(Sub-District) / Chamba(District) / Himachal Pradesh(State),00115500,007827,N,,,,
686,7242,Indereshwar (223),ईन्द्रेश्वर (223),Saluni(Sub-District) / Chamba(District) / Himachal Pradesh(State),00057000,007242,N,,,,
687,8001,Jadera (244),जडेरा (244),Saho(Sub-District) / Chamba(District) / Himachal Pradesh(State),00132900,008001,N,,,,
688,8165,Jagat (4),जगत (4),Bharmour(Sub-District) / Chamba(District) / Himachal Pradesh(State),00149300,008165,F,,,,
689,7875,Jaintra (110),जैंतरा (110),Dharwala(Sub-District) / Chamba(District) / Himachal Pradesh(State),00120300,007875,N,,,,
690,7069,Jakhla (488),जखला (488),Churah(Sub-District) / Chamba(District) / Himachal Pradesh(State),00039700,007069,N,,,,
691,7155,Jakhral (174),जखराल (174),Saluni(Sub-District) / Chamba(District) / Himachal Pradesh(State),00048300,007155,N,,,,
692,7246,Jalai (86),जलाई (86),Saluni(Sub-District) / Chamba(District) / Himachal Pradesh(State),00057400,007246,N,,,,
693,7119,Jalari (162),जलाडी (162),Saluni(Sub-District) / Chamba(District) / Himachal Pradesh(State),00044700,007119,N,,,,
694,7125,Jalot (130),जलोट (130),Saluni(Sub-District) / Chamba(District) / Himachal Pradesh(State),00045300,007125,N,,,,
695,7213,Jalot (256),जलोट (256),Saluni(Sub-District) / Chamba(District) / Himachal Pradesh(State),00054100,007213,N,,,,
696,7540,Jambal (178),जाम्बल (178),Bhattiyat(Sub-District) / Chamba(District) / Himachal Pradesh(State),00086800,007540,N,,,,
697,7123,Jamla (126),जमला (126),Saluni(Sub-District) / Chamba(District) / Himachal Pradesh(State),00045100,007123,N,,,,
698,7041,Jandrah (560),जंदराह (560),Churah(Sub-District) / Chamba(District) / Himachal Pradesh(State),00036900,007041,N,,,,
699,7310,Jandrera (24),जन्द्रेडा (24),Bhalai(Sub-District) / Chamba(District) / Himachal Pradesh(State),00063800,007310,N,,,,
700,7606,Jandrog (258),जंदरोग (258),Bhattiyat(Sub-District) / Chamba(District) / Himachal Pradesh(State),00093400,007606,N,,,,
701,6752,Jangal Ajog (99),जंगल अजोग (99),Saach(Sub-District) / Chamba(District) / Himachal Pradesh(State),00008000,006752,F,,,,
702,8004,Jangal Badhwa (247),जंगल वाढवा (247),Saho(Sub-District) / Chamba(District) / Himachal Pradesh(State),00133200,008004,N,,,,
703,7934,Jangal Bagdu (168),जंगल बगडू (168),Chamba(Sub-District) / Chamba(District) / Himachal Pradesh(State),00126200,007934,N,,,,
704,7812,Jangal Bakhtpur (46),जंगल बख्तपुर (46),Chamba(Sub-District) / Chamba(District) / Himachal Pradesh(State),00114000,007812,N,,,,
705,6741,Jangal Bambal (86),जंगल बम्बल (86),Saach(Sub-District) / Chamba(District) / Himachal Pradesh(State),00006900,006741,F,,,,
706,7928,Jangal Bani (163),जंगल वणी (163),Chamba(Sub-District) / Chamba(District) / Himachal Pradesh(State),00125600,007928,N,,,,
707,7825,Jangal Bhandarbani (60),जंगल भंडारवणी (60),Chamba(Sub-District) / Chamba(District) / Himachal Pradesh(State),00115300,007825,N,,,,
708,7737,Jangal Bhatka (259),जंगल भटका (259),Pukhri(Sub-District) / Chamba(District) / Himachal Pradesh(State),00106500,007737,N,,,,
709,6714,Jangal Biyusari (42),जंगल बियूसरी (42),Saach(Sub-District) / Chamba(District) / Himachal Pradesh(State),00004200,006714,F,,,,
710,6745,Jangal Chakmand (94),जंगल चकमन्ड (94),Saach(Sub-District) / Chamba(District) / Himachal Pradesh(State),00007300,006745,F,,,,
711,6707,Jangal Chhatwani (35),जंगल छटवाणी (35),Pangi(Sub-District) / Chamba(District) / Himachal Pradesh(State),00003500,006707,F,,,,
712,8187,Jangal Dagola (36),जंगल डगोला (36),Bharmour(Sub-District) / Chamba(District) / Himachal Pradesh(State),00151500,008187,F,,,,
713,6920,Jangal Daloran (389),जंगल दलोरन (389),Churah(Sub-District) / Chamba(District) / Himachal Pradesh(State),00024800,006920,N,,,,
714,7957,Jangal Dhandi (190),जंगल ढाण्डी (190),Saho(Sub-District) / Chamba(District) / Himachal Pradesh(State),00128500,007957,N,,,,
715,7685,Jangal Dharta (313),जंगल धारटा (313),Sihunta(Sub-District) / Chamba(District) / Himachal Pradesh(State),00101300,007685,N,,,,
716,7965,Jangal Drobi (195),जंगल द्रोवी (195),Saho(Sub-District) / Chamba(District) / Himachal Pradesh(State),00129300,007965,N,,,,
717,7609,Jangal Druma (234),जंगल दुरुमा (234),Sihunta(Sub-District) / Chamba(District) / Himachal Pradesh(State),00093700,007609,N,,,,
718,7961,Jangal Gawad (199),जंगल गवाड (199),Saho(Sub-District) / Chamba(District) / Himachal Pradesh(State),00128900,007961,N,,,,
719,7873,Jangal Gharjharn (107),जंगल घरझारण (107),Dharwala(Sub-District) / Chamba(District) / Himachal Pradesh(State),00120100,007873,N,,,,
720,7813,Jangal Halel (45),जंगल हलेल (45),Chamba(Sub-District) / Chamba(District) / Himachal Pradesh(State),00114100,007813,N,,,,
721,7734,Jangal Jajjar (279),जंगल जजर (279),Pukhri(Sub-District) / Chamba(District) / Himachal Pradesh(State),00106200,007734,N,,,,
722,7808,Jangal Jankhad (36),जंगल जनखड (36),Chamba(Sub-District) / Chamba(District) / Himachal Pradesh(State),00113600,007808,N,,,,
723,7944,Jangal Jhumar (188),जंगल झुमार (188),Chamba(Sub-District) / Chamba(District) / Himachal Pradesh(State),00127200,007944,N,,,,
724,6764,Jangal Kadunala (78),जंगल कडुनाला (78),Saach(Sub-District) / Chamba(District) / Himachal Pradesh(State),00009200,006764,F,,,,
725,6719,Jangal Kagal (89),जंगल कागल (89),Saach(Sub-District) / Chamba(District) / Himachal Pradesh(State),00004700,006719,F,,,,
726,6699,Jangal Kalatop (29),जंगल कालाटोप (29),Pangi(Sub-District) / Chamba(District) / Himachal Pradesh(State),00002700,006699,F,,,,
727,7954,Jangal Kalhuni (192),जंगल कलहूणी (192),Saho(Sub-District) / Chamba(District) / Himachal Pradesh(State),00128200,007954,N,,,,
728,6676,Jangal Kanyun (8),जंगल कन्यूण (8),Pangi(Sub-District) / Chamba(District) / Himachal Pradesh(State),00000400,006676,F,,,,
729,6747,Jangal Kaslun (97),जंगल कसलूण (97),Saach(Sub-District) / Chamba(District) / Himachal Pradesh(State),00007500,006747,F,,,,
730,7795,Jangal Khajjiyar (29),जंगल खज्जियार (29),Chamba(Sub-District) / Chamba(District) / Himachal Pradesh(State),00112300,007795,N,,,,
731,7798,Jangal Khajroth (27),जंगल खजरोठ (27),Chamba(Sub-District) / Chamba(District) / Himachal Pradesh(State),00112600,007798,N,,,,
732,6742,Jangal Kulal (93),जंगल कुलाल (93),Saach(Sub-District) / Chamba(District) / Himachal Pradesh(State),00007000,006742,F,,,,
733,7970,Jangal Lathun (204),जंगल लाठूं (204),Saho(Sub-District) / Chamba(District) / Himachal Pradesh(State),00129800,007970,N,,,,
734,7909,Jangal Lower Digred (144),जंगल लोअर डिग्रेड (144),Dharwala(Sub-District) / Chamba(District) / Himachal Pradesh(State),00123700,007909,N,,,,
735,7483,Jangal Mamul (164),जंगल मामल (164),Kakira(Sub-District) / Chamba(District) / Himachal Pradesh(State),00081100,007483,N,,,,
736,7952,Jangal Mandu (184),जंगल मांडू (184),Saho(Sub-District) / Chamba(District) / Himachal Pradesh(State),00128000,007952,N,,,,
737,7969,Jangal Manglasani (205),जंगल मंगलासनी (205),Saho(Sub-District) / Chamba(District) / Himachal Pradesh(State),00129700,007969,N,,,,
738,7877,Jangal Marour (113),जंगल मरौर (113),Dharwala(Sub-District) / Chamba(District) / Himachal Pradesh(State),00120500,007877,N,,,,
739,8005,Jangal Mehad (249),जंगल मैहड (249),Saho(Sub-District) / Chamba(District) / Himachal Pradesh(State),00133300,008005,N,,,,
740,7887,Jangal Mehduda Gwara (122),जंगल मैहदूदा गवारा (122),Dharwala(Sub-District) / Chamba(District) / Himachal Pradesh(State),00121500,007887,N,,,,
741,7845,Jangal Mehduda Kalwara (82),जंगल महदूदा कलवारा (82),Dharwala(Sub-District) / Chamba(District) / Himachal Pradesh(State),00117300,007845,N,,,,
742,6768,Jangal Moji (72),जंगल मोजी (72),Saach(Sub-District) / Chamba(District) / Himachal Pradesh(State),00009600,006768,F,,,,
743,7699,Jangal Nadlu (334),जंगल नडलू (334),Sihunta(Sub-District) / Chamba(District) / Himachal Pradesh(State),00102700,007699,N,,,,
744,6754,Jangal Neeldhar (101),जंगल नीलधार (101),Saach(Sub-District) / Chamba(District) / Himachal Pradesh(State),00008200,006754,F,,,,
745,7660,Jangal Nidal (319),जंगल निडाल (319),Sihunta(Sub-District) / Chamba(District) / Himachal Pradesh(State),00098800,007660,N,,,,
746,7882,Jangal Piyuhra (112),जंगल पियूहरा (112),Dharwala(Sub-District) / Chamba(District) / Himachal Pradesh(State),00121000,007882,N,,,,
747,6701,Jangal Punto (31),जंगल पुन्टो (31),Pangi(Sub-District) / Chamba(District) / Himachal Pradesh(State),00002900,006701,F,,,,
748,6762,Jangal Purthi (81),जंगल पुरथी (81),Saach(Sub-District) / Chamba(District) / Himachal Pradesh(State),00009000,006762,F,,,,
749,6716,Jangal Ragi (43),जंगल रागी (43),Saach(Sub-District) / Chamba(District) / Himachal Pradesh(State),00004400,006716,F,,,,
750,6751,Jangal Ranu (98),जंगल राणू (98),Saach(Sub-District) / Chamba(District) / Himachal Pradesh(State),00007900,006751,F,,,,
751,7892,Jangal Reserve Khidkal (127),जंगल रिजर्व खिडकल (127),Dharwala(Sub-District) / Chamba(District) / Himachal Pradesh(State),00122000,007892,N,,,,
752,7960,Jangal Sahna (202),जंगल साहणा (202),Saho(Sub-District) / Chamba(District) / Himachal Pradesh(State),00128800,007960,N,,,,
753,7979,Jangal Samaila (209),जंगल समैला (209),Saho(Sub-District) / Chamba(District) / Himachal Pradesh(State),00130700,007979,N,,,,
754,6771,Jangal Sechu (64),जंगल सेचू (64),Saach(Sub-District) / Chamba(District) / Himachal Pradesh(State),00009900,006771,F,,,,
755,6761,Jangal Shonr (80),जंगल शौर (80),Saach(Sub-District) / Chamba(District) / Himachal Pradesh(State),00008900,006761,F,,,,
756,6718,Jangal Sidh Ka Dehra (39),जंगल सिध का देहरा (39),Saach(Sub-District) / Chamba(District) / Himachal Pradesh(State),00004600,006718,F,,,,
757,8182,Jangal Silpdi (31),जंगल सिलपडी (31),Bharmour(Sub-District) / Chamba(District) / Himachal Pradesh(State),00151000,008182,F,,,,
758,8189,Jangal Sua (38),जंगल सुआ (38),Bharmour(Sub-District) / Chamba(District) / Himachal Pradesh(State),00151700,008189,F,,,,
759,7864,Jangal Sukrahal (101),अ0 व0 सुकराहल (101),Dharwala(Sub-District) / Chamba(District) / Himachal Pradesh(State),00119200,007864,N,,,,
760,6749,Jangal Thandal (84),जंगल थांडल (84),Saach(Sub-District) / Chamba(District) / Himachal Pradesh(State),00007700,006749,F,,,,
761,7869,Jangal Trouni (103),जंगल त्रौणी (103),Dharwala(Sub-District) / Chamba(District) / Himachal Pradesh(State),00119700,007869,N,,,,
762,7910,Jangal Upper Digred (139),जंगल अप्पर डिग्रेड (139),Dharwala(Sub-District) / Chamba(District) / Himachal Pradesh(State),00123800,007910,N,,,,
763,6677,Jangal Urnu (9),जंगल उर्णू  (9),Pangi(Sub-District) / Chamba(District) / Himachal Pradesh(State),00000500,006677,F,,,,
764,7946,Jangal Uteep (180),जंगल ऊटीप (180),Chamba(Sub-District) / Chamba(District) / Himachal Pradesh(State),00127400,007946,N,,,,
765,7926,Janghi (160),जांघी (160),Chamba(Sub-District) / Chamba(District) / Himachal Pradesh(State),00125400,007926,N,,,,
766,6952,Janjog (423),जंजोग (423),Churah(Sub-District) / Chamba(District) / Himachal Pradesh(State),00028000,006952,N,,,,
767,7332,Janna (66),जन्ना (66),Bhalai(Sub-District) / Chamba(District) / Himachal Pradesh(State),00066000,007332,N,,,,
768,7920,Janni (156),जन्नी (156),Dharwala(Sub-District) / Chamba(District) / Himachal Pradesh(State),00124800,007920,N,,,,
769,7353,Janoli (43),जनोली (43),Dalhousie(Sub-District) / Chamba(District) / Himachal Pradesh(State),00068100,007353,N,,,,
770,7012,Januh (546),जनूंह (546),Churah(Sub-District) / Chamba(District) / Himachal Pradesh(State),00034000,007012,N,,,,
771,6981,Jasourgarh (509),जसौरगढ (509),Churah(Sub-District) / Chamba(District) / Himachal Pradesh(State),00030900,006981,N,,,,
772,7629,Jasur (277),जसूर (277),Sihunta(Sub-District) / Chamba(District) / Himachal Pradesh(State),00095700,007629,N,,,,
773,7823,Jatkari (58),जटकरी (58),Chamba(Sub-District) / Chamba(District) / Himachal Pradesh(State),00115100,007823,N,,,,
774,7224,Jatouta (213),जटौता (213),Saluni(Sub-District) / Chamba(District) / Himachal Pradesh(State),00055200,007224,N,,,,
775,7572,Jatrun (219),जतरून (219),Bhattiyat(Sub-District) / Chamba(District) / Himachal Pradesh(State),00090000,007572,N,,,,
776,7818,Jhadain (54),झडैं (54),Chamba(Sub-District) / Chamba(District) / Himachal Pradesh(State),00114600,007818,N,,,,
777,6861,Jhajja (319),झज्जा (319),Churah(Sub-District) / Chamba(District) / Himachal Pradesh(State),00018900,006861,N,,,,
778,6692,Jhalwas (20),झलवास (20),Pangi(Sub-District) / Chamba(District) / Himachal Pradesh(State),00002000,006692,F,,,,
779,7566,Jhanuin (214),झनूई (214),Bhattiyat(Sub-District) / Chamba(District) / Himachal Pradesh(State),00089400,007566,N,,,,
780,8244,Jhikli Kugti (75),झिकली कुगती (75),Bharmour(Sub-District) / Chamba(District) / Himachal Pradesh(State),00157200,008244,F,,,,
781,8134,Jhikli Tiyari (187),झिकली तियारी (187),Holi(Sub-District) / Chamba(District) / Himachal Pradesh(State),00146200,008134,F,,,,
782,7346,Jhouda (59),झौडा (59),Telka(Sub-District) / Chamba(District) / Himachal Pradesh(State),00067400,007346,N,,,,
783,7740,Jhulada (258),झुलाडा (258),Pukhri(Sub-District) / Chamba(District) / Himachal Pradesh(State),00106800,007740,N,,,,
784,7912,Jnagal Braghun (141),जंगल ब्राघुण (141),Dharwala(Sub-District) / Chamba(District) / Himachal Pradesh(State),00124000,007912,N,,,,
785,7471,Jokana (66),जोकना (66),Dalhousie(Sub-District) / Chamba(District) / Himachal Pradesh(State),00079900,007471,N,,,,
786,7640,Jolna Khas (308),जोलना खास (308),Sihunta(Sub-District) / Chamba(District) / Himachal Pradesh(State),00096800,007640,N,,,,
787,8027,Joon (141),जूं (141),Holi(Sub-District) / Chamba(District) / Himachal Pradesh(State),00135500,008027,F,,,,
788,6867,Joonth (338),जूंठ (338),Churah(Sub-District) / Chamba(District) / Himachal Pradesh(State),00019500,006867,N,,,,
789,6807,Junas (355),जुनास (355),Churah(Sub-District) / Chamba(District) / Himachal Pradesh(State),00013500,006807,N,,,,
790,7203,Jundhabal (207),जुंढावल (207),Saluni(Sub-District) / Chamba(District) / Himachal Pradesh(State),00053100,007203,N,,,,
791,6941,Jungra (422),जुंगरा (422),Churah(Sub-District) / Chamba(District) / Himachal Pradesh(State),00026900,006941,N,,,,
792,7048,Jungrar (531),जुंगरार (531),Churah(Sub-District) / Chamba(District) / Himachal Pradesh(State),00037600,007048,N,,,,
793,7078,Juri (476),जूरी (476),Churah(Sub-District) / Chamba(District) / Himachal Pradesh(State),00040600,007078,N,,,,
794,7255,Jusaf (226),जूसफ (226),Saluni(Sub-District) / Chamba(District) / Himachal Pradesh(State),00058300,007255,N,,,,
795,7277,Jutrahan (3),जुतराहन (3),Telka(Sub-District) / Chamba(District) / Himachal Pradesh(State),00060500,007277,N,,,,
796,6874,Juwari (329),जुवारी (329),Churah(Sub-District) / Chamba(District) / Himachal Pradesh(State),00020200,006874,N,,,,
797,7983,Jwali Dhar (217),ज्वाली धार (217),Saho(Sub-District) / Chamba(District) / Himachal Pradesh(State),00131100,007983,N,,,,
798,7916,Jyoti (152),ज्योटी (152),Dharwala(Sub-District) / Chamba(District) / Himachal Pradesh(State),00124400,007916,N,,,,
799,7670,Kadah (296),कडाह (296),Sihunta(Sub-District) / Chamba(District) / Himachal Pradesh(State),00099800,007670,N,,,,
800,7314,Kafalyani (29),कफलयाणी (29),Bhalai(Sub-District) / Chamba(District) / Himachal Pradesh(State),00064200,007314,N,,,,
801,7442,Kafla (83),कफला (83),Dalhousie(Sub-District) / Chamba(District) / Himachal Pradesh(State),00077000,007442,N,,,,
802,7559,Kahlam (205),कहलम (205),Bhattiyat(Sub-District) / Chamba(District) / Himachal Pradesh(State),00088700,007559,N,,,,
803,7512,Kahlan (158),काहलन (158),Kakira(Sub-District) / Chamba(District) / Himachal Pradesh(State),00084000,007512,N,,,,
804,7544,Kahri (190),काहरी (190),Bhattiyat(Sub-District) / Chamba(District) / Himachal Pradesh(State),00087200,007544,N,,,,
805,7377,Kaihal (19),कैहल (19),Dalhousie(Sub-District) / Chamba(District) / Himachal Pradesh(State),00070500,007377,N,,,,
806,6873,Kaihla (331),कैहला (331),Churah(Sub-District) / Chamba(District) / Himachal Pradesh(State),00020100,006873,N,,,,
807,7744,Kaila (242),कैला (242),Chamba(Sub-District) / Chamba(District) / Himachal Pradesh(State),00107200,007744,N,,,,
808,6992,Kaila (552),कैला (552),Churah(Sub-District) / Chamba(District) / Himachal Pradesh(State),00032000,006992,N,,,,
809,7141,Kainthli (169),कैंथली (169),Saluni(Sub-District) / Chamba(District) / Himachal Pradesh(State),00046900,007141,N,,,,
810,7004,Kainthli (564),कैंथली (564),Churah(Sub-District) / Chamba(District) / Himachal Pradesh(State),00033200,007004,N,,,,
811,7797,Kakaila (26),काकेला (26),Chamba(Sub-District) / Chamba(District) / Himachal Pradesh(State),00112500,007797,N,,,,
812,7514,Kakira Jarai (160),ककीरा जरेई (160),Kakira(Sub-District) / Chamba(District) / Himachal Pradesh(State),00084200,007514,N,,,,
813,7515,Kakira Kasba (161),ककीरा कस्वा (161),Kakira(Sub-District) / Chamba(District) / Himachal Pradesh(State),00084300,007515,N,,,,
814,7947,Kakiyan (181),ककीयां (181),Chamba(Sub-District) / Chamba(District) / Himachal Pradesh(State),00127500,007947,N,,,,
815,7473,Kakiyana (63),ककियाणा (63),Dalhousie(Sub-District) / Chamba(District) / Himachal Pradesh(State),00080100,007473,N,,,,
816,7696,Kakroti (332),ककरोटी (332),Sihunta(Sub-District) / Chamba(District) / Himachal Pradesh(State),00102400,007696,N,,,,
817,7692,Kakroti Jangal (343),ककरोटी जंगल (343),Sihunta(Sub-District) / Chamba(District) / Himachal Pradesh(State),00102000,007692,N,,,,
818,8133,Kalah (191),कलाह (191),Holi(Sub-District) / Chamba(District) / Himachal Pradesh(State),00146100,008133,F,,,,
819,7510,Kala Phat (155),कालाफाट (155),Kakira(Sub-District) / Chamba(District) / Himachal Pradesh(State),00083800,007510,N,,,,
820,7420,Kalar (14),कलर (14),Dalhousie(Sub-District) / Chamba(District) / Himachal Pradesh(State),00074800,007420,N,,,,
821,7641,Kalarjolna (309),कलर जोलना (309),Sihunta(Sub-District) / Chamba(District) / Himachal Pradesh(State),00096900,007641,N,,,,
822,7599,Kalasan (252),कलासन (252),Bhattiyat(Sub-District) / Chamba(District) / Himachal Pradesh(State),00092700,007599,N,,,,
823,7600,Kalasan Jangal (253),कलासन जंगल (253),Bhattiyat(Sub-District) / Chamba(District) / Himachal Pradesh(State),00092800,007600,N,,,,
824,6911,Kalei (399),कलेई (399),Churah(Sub-District) / Chamba(District) / Himachal Pradesh(State),00023900,006911,N,,,,
825,6996,Kalhel (550),कल्हेल (550),Churah(Sub-District) / Chamba(District) / Himachal Pradesh(State),00032400,006996,N,,,,
826,7915,Kalmala (151),कलमला (151),Dharwala(Sub-District) / Chamba(District) / Himachal Pradesh(State),00124300,007915,N,,,,
827,6888,Kalog (242),कलोग (242),Churah(Sub-District) / Chamba(District) / Himachal Pradesh(State),00021600,006888,N,,,,
828,7900,Kalouns (135),कलौंस (135),Dharwala(Sub-District) / Chamba(District) / Himachal Pradesh(State),00122800,007900,N,,,,
829,6877,Kalthot (327),कलथोट (327),Churah(Sub-District) / Chamba(District) / Himachal Pradesh(State),00020500,006877,N,,,,
830,7846,Kalwara (81),कलवारा (81),Dharwala(Sub-District) / Chamba(District) / Himachal Pradesh(State),00117400,007846,N,,,,
831,6889,Kalyas (241),कलयास (241),Churah(Sub-District) / Chamba(District) / Himachal Pradesh(State),00021700,006889,N,,,,
832,7318,Kamandi (36),कमांदी (36),Bhalai(Sub-District) / Chamba(District) / Himachal Pradesh(State),00064600,007318,N,,,,
833,7645,Kamla (294),कामला (294),Sihunta(Sub-District) / Chamba(District) / Himachal Pradesh(State),00097300,007645,N,,,,
834,6993,Kamotha (570),कमोथा (570),Churah(Sub-District) / Chamba(District) / Himachal Pradesh(State),00032100,006993,N,,,,
835,7357,Kandei (37),कन्डेई (37),Dalhousie(Sub-District) / Chamba(District) / Himachal Pradesh(State),00068500,007357,N,,,,
836,7182,Kandhwara (270),कंधवारा (270),Saluni(Sub-District) / Chamba(District) / Himachal Pradesh(State),00051000,007182,N,,,,
837,7329,Kandi (45),कान्डी (45),Bhalai(Sub-District) / Chamba(District) / Himachal Pradesh(State),00065700,007329,N,,,,
838,7709,Kandla (270),कन्दला (270),Pukhri(Sub-District) / Chamba(District) / Himachal Pradesh(State),00103700,007709,N,,,,
839,7322,Kanhar (41),कन्हार (41),Bhalai(Sub-District) / Chamba(District) / Himachal Pradesh(State),00065000,007322,N,,,,
840,7891,Kanhetar (124),कन्हेतर (124),Dharwala(Sub-District) / Chamba(District) / Himachal Pradesh(State),00121900,007891,N,,,,
841,7315,Kantha (32),कण्ठा (32),Bhalai(Sub-District) / Chamba(District) / Himachal Pradesh(State),00064300,007315,N,,,,
842,7431,Kanyadka (57),कन्याडका (57),Dalhousie(Sub-District) / Chamba(District) / Himachal Pradesh(State),00075900,007431,N,,,,
843,7374,Kanyarka Fati (9),कन्यारका फाटी (9),Dalhousie(Sub-District) / Chamba(District) / Himachal Pradesh(State),00070200,007374,N,,,,
844,7816,Kapahra (51),कपाहडा (51),Chamba(Sub-District) / Chamba(District) / Himachal Pradesh(State),00114400,007816,N,,,,
845,7356,Kapei (38),कपेई (38),Dalhousie(Sub-District) / Chamba(District) / Himachal Pradesh(State),00068400,007356,N,,,,
846,6702,Karel (32),करेल (32),Pangi(Sub-District) / Chamba(District) / Himachal Pradesh(State),00003000,006702,F,,,,
847,7459,Karelnu (78),करेलनू (78),Dalhousie(Sub-District) / Chamba(District) / Himachal Pradesh(State),00078700,007459,N,,,,
848,7047,Kareri (530),करेरी (530),Churah(Sub-District) / Chamba(District) / Himachal Pradesh(State),00037500,007047,N,,,,
849,7302,Kareu (18),करेऊ (18),Bhalai(Sub-District) / Chamba(District) / Himachal Pradesh(State),00063000,007302,N,,,,
850,7939,Kariyan (174),करीयां (174),Chamba(Sub-District) / Chamba(District) / Himachal Pradesh(State),00126700,007939,N,,,,
851,6975,Karmadi (447),करमडी (447),Churah(Sub-District) / Chamba(District) / Himachal Pradesh(State),00030300,006975,N,,,,
852,7719,Karori (298),करोडी (298),Pukhri(Sub-District) / Chamba(District) / Himachal Pradesh(State),00104700,007719,N,,,,
853,7348,Karwal (55),करवाल (55),Telka(Sub-District) / Chamba(District) / Himachal Pradesh(State),00067600,007348,N,,,,
854,7484,Kasba Ghatasani (163),कस्वा घटासनी (163),Kakira(Sub-District) / Chamba(District) / Himachal Pradesh(State),00081200,007484,N,,,,
855,7488,Kasba Naini Khad (135),कस्वा नैनीखड(135),Kakira(Sub-District) / Chamba(District) / Himachal Pradesh(State),00081600,007488,N,,,,
856,7411,Kaswa Banikhet (98A),कस्वा बनीखेत (98a),Dalhousie(Sub-District) / Chamba(District) / Himachal Pradesh(State),00073900,007411,N,,,,
857,7443,Kaswa Bathri (82A),कस्वा बाथरी (82a),Dalhousie(Sub-District) / Chamba(District) / Himachal Pradesh(State),00077100,007443,N,,,,
858,8214,Kaswa Bharmour (97/1),कस्बा भरमौर (97/1),Bharmour(Sub-District) / Chamba(District) / Himachal Pradesh(State),00154200,008214,F,,,,
859,939699,Kaswa Chowari (220),कस्वा चुवाडी (220),Bhattiyat(Sub-District) / Chamba(District) / Himachal Pradesh(State),,000000,N,,,,
860,7468,Kaswa Debidehra (81A),कस्वा देवीदेहरा (81a),Dalhousie(Sub-District) / Chamba(District) / Himachal Pradesh(State),00079600,007468,N,,,,
861,7683,Kaswa Dhulara (327B),कस्वा धुलारा (327b),Sihunta(Sub-District) / Chamba(District) / Himachal Pradesh(State),00101100,007683,N,,,,
862,7525,Kaswa Howar (177),कस्वा होवार (177),Bhattiyat(Sub-District) / Chamba(District) / Himachal Pradesh(State),00085300,007525,N,,,,
863,7593,Kaswa Raipur (245),कस्वा रायपुर (245),Bhattiyat(Sub-District) / Chamba(District) / Himachal Pradesh(State),00092100,007593,N,,,,
864,7630,Kaswa Samot (276B),कस्वा समोट (276b),Sihunta(Sub-District) / Chamba(District) / Himachal Pradesh(State),00095800,007630,N,,,,
865,7647,Kaswa Sihunta (300B),कस्वा सिहुन्ता (300b),Sihunta(Sub-District) / Chamba(District) / Himachal Pradesh(State),00097500,007647,N,,,,
866,6901,Kaswati Bhanjraru (410),कस्वाती भंजराडू (410),Churah(Sub-District) / Chamba(District) / Himachal Pradesh(State),00022900,006901,N,,,,
867,6936,Kaswati Tissa (411),कस्वाती तीसा (411),Churah(Sub-District) / Chamba(District) / Himachal Pradesh(State),00026400,006936,N,,,,
868,7625,Kaswatundi (270B),कस्वा टुन्डी (270b),Sihunta(Sub-District) / Chamba(District) / Himachal Pradesh(State),00095300,007625,N,,,,
869,7943,Kathanna (177),कठन्ना (177),Chamba(Sub-District) / Chamba(District) / Himachal Pradesh(State),00127100,007943,N,,,,
870,7612,Kathet (237),कथेट (237),Sihunta(Sub-District) / Chamba(District) / Himachal Pradesh(State),00094000,007612,N,,,,
871,7656,Kathiyadi (281),कथियाडी (281),Sihunta(Sub-District) / Chamba(District) / Himachal Pradesh(State),00098400,007656,N,,,,
872,7678,Kathla (325),काथला (325),Sihunta(Sub-District) / Chamba(District) / Himachal Pradesh(State),00100600,007678,N,,,,
873,939701,Kathlag (346-1),कथलग (346-1),Dalhousie(Sub-District) / Chamba(District) / Himachal Pradesh(State),,000000,N,,,,
874,7679,Kathla Jangal (326),काथला जंगल (326),Sihunta(Sub-District) / Chamba(District) / Himachal Pradesh(State),00100700,007679,N,,,,
875,7025,Kathwar (461),कठवाड (461),Churah(Sub-District) / Chamba(District) / Himachal Pradesh(State),00035300,007025,N,,,,
876,8000,Kega (255),केगा (255),Saho(Sub-District) / Chamba(District) / Himachal Pradesh(State),00132800,008000,N,,,,
877,7476,Kehlu (121),कैहलू (121),Kakira(Sub-District) / Chamba(District) / Himachal Pradesh(State),00080400,007476,N,,,,
878,7582,Kelan (241),केलन (241),Bhattiyat(Sub-District) / Chamba(District) / Himachal Pradesh(State),00091000,007582,N,,,,
879,7256,Khadar (77),खडार (77),Saluni(Sub-District) / Chamba(District) / Himachal Pradesh(State),00058400,007256,N,,,,
880,7389,Khaddi (104),खड्डी (104),Dalhousie(Sub-District) / Chamba(District) / Himachal Pradesh(State),00071700,007389,N,,,,
881,7380,Khairi (1),खैरी (1),Dalhousie(Sub-District) / Chamba(District) / Himachal Pradesh(State),00070800,007380,N,,,,
882,7793,Khajjiyar (31),खज्जियार (31),Chamba(Sub-District) / Chamba(District) / Himachal Pradesh(State),00112100,007793,N,,,,
883,6943,Khajua (431),खजुआ (431),Churah(Sub-District) / Chamba(District) / Himachal Pradesh(State),00027100,006943,N,,,,
884,7309,Khajura (23),खजूरा (23),Bhalai(Sub-District) / Chamba(District) / Himachal Pradesh(State),00063700,007309,N,,,,
885,7279,Khal (4),खल (4),Bhalai(Sub-District) / Chamba(District) / Himachal Pradesh(State),00060700,007279,N,,,,
886,7274,Khaloh (108),खलोह (108),Telka(Sub-District) / Chamba(District) / Himachal Pradesh(State),00060200,007274,N,,,,
887,7204,Khalu (205),खलू (205),Saluni(Sub-District) / Chamba(District) / Himachal Pradesh(State),00053200,007204,N,,,,
888,7197,Khalur (195),खलूर (195),Saluni(Sub-District) / Chamba(District) / Himachal Pradesh(State),00052500,007197,N,,,,
889,8118,Khanar (227),खनार (227),Holi(Sub-District) / Chamba(District) / Himachal Pradesh(State),00144600,008118,F,,,,
890,7067,Khander (467),खंडेर (467),Churah(Sub-District) / Chamba(District) / Himachal Pradesh(State),00039500,007067,N,,,,
891,6897,Khandyaru (248),खंडयारू (248),Churah(Sub-District) / Chamba(District) / Himachal Pradesh(State),00022500,006897,N,,,,
892,6851,Khangu (288),खंगू (288),Churah(Sub-District) / Chamba(District) / Himachal Pradesh(State),00017900,006851,N,,,,
893,8200,Khani (125),खणी (125),Bharmour(Sub-District) / Chamba(District) / Himachal Pradesh(State),00152800,008200,F,,,,
894,7341,Khankund (95),खनकुन्ड (95),Telka(Sub-District) / Chamba(District) / Himachal Pradesh(State),00066900,007341,N,,,,
895,7626,Khanoda (269),खनौडा (269),Sihunta(Sub-District) / Chamba(District) / Himachal Pradesh(State),00095400,007626,N,,,,
896,7521,Khareda (173),खडेडा (173),Kakira(Sub-District) / Chamba(District) / Himachal Pradesh(State),00084900,007521,N,,,,
897,7439,Kharida (62),खरीडा (62),Dalhousie(Sub-District) / Chamba(District) / Himachal Pradesh(State),00076700,007439,N,,,,
898,7244,Kharothi (79),खरौठी (79),Saluni(Sub-District) / Chamba(District) / Himachal Pradesh(State),00057200,007244,N,,,,
899,7180,Khedi (200),खेडी (200),Saluni(Sub-District) / Chamba(District) / Himachal Pradesh(State),00050800,007180,N,,,,
900,7299,Khilgran (14),खिलग्रां (14),Bhalai(Sub-District) / Chamba(District) / Himachal Pradesh(State),00062700,007299,N,,,,
901,6725,Khinan (46),खिनण (46),Saach(Sub-District) / Chamba(District) / Himachal Pradesh(State),00005300,006725,F,,,,
902,7456,Kholi Kufar (76),खोली कूफर (76),Dalhousie(Sub-District) / Chamba(District) / Himachal Pradesh(State),00078400,007456,N,,,,
903,7394,Khorti (117),खोरटी (117),Dalhousie(Sub-District) / Chamba(District) / Himachal Pradesh(State),00072200,007394,N,,,,
904,7532,Khorti Jangal (128),खोरटी जंगल (128),Kakira(Sub-District) / Chamba(District) / Himachal Pradesh(State),00086000,007532,N,,,,
905,7367,Khun (28),खूं (28),Dalhousie(Sub-District) / Chamba(District) / Himachal Pradesh(State),00069500,007367,N,,,,
906,8224,Khund (88),खुन्ड (88),Bharmour(Sub-District) / Chamba(District) / Himachal Pradesh(State),00155200,008224,F,,,,
907,7888,Khundel (123),खुन्देल (123),Dharwala(Sub-District) / Chamba(District) / Himachal Pradesh(State),00121600,007888,N,,,,
908,7096,Khundimral (139),खुन्डीमराल (139),Saluni(Sub-District) / Chamba(District) / Himachal Pradesh(State),00042400,007096,N,,,,
909,7284,Kiani (7),कियाणी (7),Bhalai(Sub-District) / Chamba(District) / Himachal Pradesh(State),00061200,007284,N,,,,
910,7919,Kilod (150),किलोड (150),Dharwala(Sub-District) / Chamba(District) / Himachal Pradesh(State),00124700,007919,N,,,,
911,7328,Kilod (47),किलोड (47),Bhalai(Sub-District) / Chamba(District) / Himachal Pradesh(State),00065600,007328,N,,,,
912,7165,Kilor (176),किलोड (176),Saluni(Sub-District) / Chamba(District) / Himachal Pradesh(State),00049300,007165,N,,,,
913,6954,Kilwala (441),किलवाला (441),Churah(Sub-District) / Chamba(District) / Himachal Pradesh(State),00028200,006954,N,,,,
914,7976,Kiri (212),कीडी (212),Saho(Sub-District) / Chamba(District) / Himachal Pradesh(State),00130400,007976,N,,,,
915,7634,Kiyod (272),कियोड (272),Sihunta(Sub-District) / Chamba(District) / Himachal Pradesh(State),00096200,007634,N,,,,
916,7703,Kohlan (344),कोहलन (344),Sihunta(Sub-District) / Chamba(District) / Himachal Pradesh(State),00103100,007703,N,,,,
917,7773,Kohlri (25),कोहलडी (25),Chamba(Sub-District) / Chamba(District) / Himachal Pradesh(State),00110100,007773,N,,,,
918,7815,Kolka (52),कोलका (52),Chamba(Sub-District) / Chamba(District) / Himachal Pradesh(State),00114300,007815,N,,,,
919,6709,Kothi (38),कोठी (38),Pangi(Sub-District) / Chamba(District) / Himachal Pradesh(State),00003700,006709,F,,,,
920,7227,Kotla (215),कोटला (215),Saluni(Sub-District) / Chamba(District) / Himachal Pradesh(State),00055500,007227,N,,,,
921,7536,Kuddi (185),कुड्डी (185),Bhattiyat(Sub-District) / Chamba(District) / Himachal Pradesh(State),00086400,007536,N,,,,
922,7592,Kuddi (244),कुड्डी (244),Bhattiyat(Sub-District) / Chamba(District) / Himachal Pradesh(State),00092000,007592,N,,,,
923,7481,Kudera (165),कुडेरा (165),Kakira(Sub-District) / Chamba(District) / Himachal Pradesh(State),00080900,007481,N,,,,
924,6704,Kuffa (23),कुफा (23),Pangi(Sub-District) / Chamba(District) / Himachal Pradesh(State),00003200,006704,F,,,,
925,7338,Kuhnd (93),कुहन्ड (93),Telka(Sub-District) / Chamba(District) / Himachal Pradesh(State),00066600,007338,N,,,,
926,7655,Kui (280),कुई (280),Sihunta(Sub-District) / Chamba(District) / Himachal Pradesh(State),00098300,007655,N,,,,
927,6743,Kulal (92),कुलाल (92),Saach(Sub-District) / Chamba(District) / Himachal Pradesh(State),00007100,006743,F,,,,
928,8074,Kuleth (195),कुलेठ (195),Holi(Sub-District) / Chamba(District) / Himachal Pradesh(State),00140200,008074,F,,,,
929,7564,Kulhetar (212),कुलहेत्र (212),Bhattiyat(Sub-District) / Chamba(District) / Himachal Pradesh(State),00089200,007564,N,,,,
930,6713,Kumar (44),कुमार (44),Saach(Sub-District) / Chamba(District) / Himachal Pradesh(State),00004100,006713,F,,,,
931,7950,Kumharka (187),कुम्हारका (187),Saho(Sub-District) / Chamba(District) / Himachal Pradesh(State),00127800,007950,N,,,,
932,7657,Kumharka (282),कुम्हारका (282),Sihunta(Sub-District) / Chamba(District) / Himachal Pradesh(State),00098500,007657,N,,,,
933,7038,Kumharka (559),कुम्हारका (559),Churah(Sub-District) / Chamba(District) / Himachal Pradesh(State),00036600,007038,N,,,,
934,7392,Kunah (108),कुनाह (108),Dalhousie(Sub-District) / Chamba(District) / Himachal Pradesh(State),00072000,007392,N,,,,
935,7257,Kund (90),कुंड (90),Telka(Sub-District) / Chamba(District) / Himachal Pradesh(State),00058500,007257,N,,,,
936,7278,Kunda (2),कुन्डा (2),Bhalai(Sub-District) / Chamba(District) / Himachal Pradesh(State),00060600,007278,N,,,,
937,6891,Kunda (243),कुंडा (243),Churah(Sub-District) / Chamba(District) / Himachal Pradesh(State),00021900,006891,N,,,,
938,7088,Kunda (483),कुंडा (483),Churah(Sub-District) / Chamba(District) / Himachal Pradesh(State),00041600,007088,N,,,,
939,7176,Kundhal (186),कुंधल (186),Saluni(Sub-District) / Chamba(District) / Himachal Pradesh(State),00050400,007176,N,,,,
940,7222,Kundi (211),कुन्दी (211),Saluni(Sub-District) / Chamba(District) / Himachal Pradesh(State),00055000,007222,N,,,,
941,7856,Kundi (86),कुन्डी (86),Dharwala(Sub-District) / Chamba(District) / Himachal Pradesh(State),00118400,007856,N,,,,
942,7917,Kuned (153),कुनेड (153),Dharwala(Sub-District) / Chamba(District) / Himachal Pradesh(State),00124500,007917,N,,,,
943,7774,Kunha (10),कुन्हा (10),Chamba(Sub-District) / Chamba(District) / Himachal Pradesh(State),00110200,007774,N,,,,
944,7402,Kunna (115),कुन्ना (115),Dalhousie(Sub-District) / Chamba(District) / Himachal Pradesh(State),00073000,007402,N,,,,
945,7874,Kunr (109),कूंर (109),Dharwala(Sub-District) / Chamba(District) / Himachal Pradesh(State),00120200,007874,N,,,,
946,7234,Kuntedi (232),कुन्टेडी (232),Saluni(Sub-District) / Chamba(District) / Himachal Pradesh(State),00056200,007234,N,,,,
947,7478,Kuntla (131),कुंतला (131),Kakira(Sub-District) / Chamba(District) / Himachal Pradesh(State),00080600,007478,N,,,,
948,7995,Kuraina (231),कुरैना (231),Saho(Sub-District) / Chamba(District) / Himachal Pradesh(State),00132300,007995,N,,,,
949,7931,Kuranh (165),कुरांह (165),Chamba(Sub-District) / Chamba(District) / Himachal Pradesh(State),00125900,007931,N,,,,
950,7988,Kureel (223),कुरील (223),Saho(Sub-District) / Chamba(District) / Himachal Pradesh(State),00131600,007988,N,,,,
951,7406,Kurla (112),कुरला (112),Dalhousie(Sub-District) / Chamba(District) / Himachal Pradesh(State),00073400,007406,N,,,,
952,6679,Kuthah (12),कुठाह (12),Pangi(Sub-District) / Chamba(District) / Himachal Pradesh(State),00000700,006679,F,,,,
953,6726,Kuthal (48),कुठल (48),Saach(Sub-District) / Chamba(District) / Himachal Pradesh(State),00005400,006726,F,,,,
954,7710,Kuthar (272),कुठार (272),Pukhri(Sub-District) / Chamba(District) / Himachal Pradesh(State),00103800,007710,N,,,,
955,8192,Kuthar (41),कुठार (41),Bharmour(Sub-District) / Chamba(District) / Himachal Pradesh(State),00152000,008192,F,,,,
956,6998,Kuthar (548),कुठार (548),Churah(Sub-District) / Chamba(District) / Himachal Pradesh(State),00032600,006998,N,,,,
957,8060,Kuthed (175),कुठेड (175),Holi(Sub-District) / Chamba(District) / Himachal Pradesh(State),00138800,008060,F,,,,
958,6878,Kuthed (328),कुठेड (328),Churah(Sub-District) / Chamba(District) / Himachal Pradesh(State),00020600,006878,N,,,,
959,7022,Kuthed (505),कुठेड (505),Churah(Sub-District) / Chamba(District) / Himachal Pradesh(State),00035000,007022,N,,,,
960,7432,Kuthed (54),कुठेड (54),Dalhousie(Sub-District) / Chamba(District) / Himachal Pradesh(State),00076000,007432,N,,,,
961,7200,Kuthehad (203),कुठेहड (203),Saluni(Sub-District) / Chamba(District) / Himachal Pradesh(State),00052800,007200,N,,,,
962,7565,Kuthehad (213),कुठेहड (213),Bhattiyat(Sub-District) / Chamba(District) / Himachal Pradesh(State),00089300,007565,N,,,,
963,7741,Kuthehar (257),कुठेहड (257),Pukhri(Sub-District) / Chamba(District) / Himachal Pradesh(State),00106900,007741,N,,,,
964,7927,Kuthehd (162),कुठेहड (162),Chamba(Sub-District) / Chamba(District) / Himachal Pradesh(State),00125500,007927,N,,,,
965,8162,Kuthehd (17),कुठेहड (17),Bharmour(Sub-District) / Chamba(District) / Himachal Pradesh(State),00149000,008162,F,,,,
966,7743,Kuthehd (241),कुठेहड (241),Chamba(Sub-District) / Chamba(District) / Himachal Pradesh(State),00107100,007743,N,,,,
967,6906,Kuthehd (403),कुठेहड (403),Churah(Sub-District) / Chamba(District) / Himachal Pradesh(State),00023400,006906,N,,,,
968,7708,Kuthwari (271),कठवाडी (271),Pukhri(Sub-District) / Chamba(District) / Himachal Pradesh(State),00103600,007708,N,,,,
969,7400,Kutplahan (126),कुटपलाहन (126),Dalhousie(Sub-District) / Chamba(District) / Himachal Pradesh(State),00072800,007400,N,,,,
970,8044,Kwarsi (159),क्वारसी (159),Holi(Sub-District) / Chamba(District) / Himachal Pradesh(State),00137200,008044,F,,,,
971,6689,Kwas (24),कवास (24),Pangi(Sub-District) / Chamba(District) / Himachal Pradesh(State),00001700,006689,F,,,,
972,7757,Kyani (286),कियाणी (286),Pukhri(Sub-District) / Chamba(District) / Himachal Pradesh(State),00108500,007757,N,,,,
973,7867,Ladda (102),लड्डा (102),Dharwala(Sub-District) / Chamba(District) / Himachal Pradesh(State),00119500,007867,N,,,,
974,7215,Lader (255),लडेर (255),Saluni(Sub-District) / Chamba(District) / Himachal Pradesh(State),00054300,007215,N,,,,
975,7036,Ladhan (557),लढाण (557),Churah(Sub-District) / Chamba(District) / Himachal Pradesh(State),00036400,007036,N,,,,
976,6856,Ladrora (284),लदरोरा (284),Churah(Sub-District) / Chamba(District) / Himachal Pradesh(State),00018400,006856,N,,,,
977,7259,Ladwah (92),लदवाह (92),Telka(Sub-District) / Chamba(District) / Himachal Pradesh(State),00058700,007259,N,,,,
978,7971,Lagga (203),लग्गा (203),Saho(Sub-District) / Chamba(District) / Himachal Pradesh(State),00129900,007971,N,,,,
979,7409,Lahad (105),लाहड (105),Dalhousie(Sub-District) / Chamba(District) / Himachal Pradesh(State),00073700,007409,N,,,,
980,7379,Lahadi (22),लाहडी (22),Dalhousie(Sub-District) / Chamba(District) / Himachal Pradesh(State),00070700,007379,N,,,,
981,8199,Lahal (124),लाहल (124),Bharmour(Sub-District) / Chamba(District) / Himachal Pradesh(State),00152700,008199,F,,,,
982,7184,Lahra (267),लाहरा (267),Saluni(Sub-District) / Chamba(District) / Himachal Pradesh(State),00051200,007184,N,,,,
983,7485,Lahru (132),लाहडू (132),Kakira(Sub-District) / Chamba(District) / Himachal Pradesh(State),00081300,007485,N,,,,
984,7834,Lakra (69),लकडा (69),Dharwala(Sub-District) / Chamba(District) / Himachal Pradesh(State),00116200,007834,N,,,,
985,7373,Lalehad (17),ललेहड (17),Dalhousie(Sub-District) / Chamba(District) / Himachal Pradesh(State),00070100,007373,N,,,,
986,7664,Lambhyal (287),लम्भयाल (287),Sihunta(Sub-District) / Chamba(District) / Himachal Pradesh(State),00099200,007664,N,,,,
987,7185,Lamhouta (252),लमहौता (252),Saluni(Sub-District) / Chamba(District) / Himachal Pradesh(State),00051300,007185,N,,,,
988,8203,Lamnouta (120),लमणौता (120),Bharmour(Sub-District) / Chamba(District) / Himachal Pradesh(State),00153100,008203,F,,,,
989,8056,Lamu (169),लामू (169),Holi(Sub-District) / Chamba(District) / Himachal Pradesh(State),00138400,008056,F,,,,
990,7101,Langera (143),लंगेरा (143),Saluni(Sub-District) / Chamba(District) / Himachal Pradesh(State),00042900,007101,N,,,,
991,6984,Langha (511),लंघा (511),Churah(Sub-District) / Chamba(District) / Himachal Pradesh(State),00031200,006984,N,,,,
992,7162,Langoi (187),लांगोई (187),Saluni(Sub-District) / Chamba(District) / Himachal Pradesh(State),00049000,007162,N,,,,
993,7569,Lanoh (217),लनोह (217),Bhattiyat(Sub-District) / Chamba(District) / Himachal Pradesh(State),00089700,007569,N,,,,
994,7209,Lanot (209),लणोट (209),Saluni(Sub-District) / Chamba(District) / Himachal Pradesh(State),00053700,007209,N,,,,
995,7885,Lech (120),लेच (120),Dharwala(Sub-District) / Chamba(District) / Himachal Pradesh(State),00121300,007885,N,,,,
996,6978,Leswin (451),लेसुंई (451),Churah(Sub-District) / Chamba(District) / Himachal Pradesh(State),00030600,006978,N,,,,
997,6737,Leu (55),लेऊ (55),Saach(Sub-District) / Chamba(District) / Himachal Pradesh(State),00006500,006737,F,,,,
998,7265,Ligga (69),लिग्गा (69),Telka(Sub-District) / Chamba(District) / Himachal Pradesh(State),00059300,007265,N,,,,
999,6865,Liyunda (339),लियून्डा (339),Churah(Sub-District) / Chamba(District) / Himachal Pradesh(State),00019300,006865,N,,,,
1000,7690,Lodhargarh (329),लोधरगढ (329),Sihunta(Sub-District) / Chamba(District) / Himachal Pradesh(State),00101800,007690,N,,,,
1001,7316,Lohad (31),लोहाड (31),Bhalai(Sub-District) / Chamba(District) / Himachal Pradesh(State),00064400,007316,N,,,,
1002,7229,Lohani (85),लोहाणी (85),Saluni(Sub-District) / Chamba(District) / Himachal Pradesh(State),00055700,007229,N,,,,
1003,7723,Lohduin (292),लोहडुई (292),Pukhri(Sub-District) / Chamba(District) / Himachal Pradesh(State),00105100,007723,N,,,,
1004,7720,Loni (291),लोणी (291),Pukhri(Sub-District) / Chamba(District) / Himachal Pradesh(State),00104800,007720,N,,,,
1005,7388,Loona (103),लून्ना (103),Dalhousie(Sub-District) / Chamba(District) / Himachal Pradesh(State),00071600,007388,N,,,,
1006,8171,Loona (3),लूणा (3),Bharmour(Sub-District) / Chamba(District) / Himachal Pradesh(State),00149900,008171,F,,,,
1007,7852,Lothal (90),लोथल (90),Dharwala(Sub-District) / Chamba(District) / Himachal Pradesh(State),00118000,007852,N,,,,
1008,7942,Ludu (178),लुडू (178),Chamba(Sub-District) / Chamba(District) / Himachal Pradesh(State),00127000,007942,N,,,,
1009,7550,Luhani (196),लुहानी (196),Bhattiyat(Sub-District) / Chamba(District) / Himachal Pradesh(State),00087800,007550,N,,,,
1010,6674,Luj (7),लुज (7),Pangi(Sub-District) / Chamba(District) / Himachal Pradesh(State),00000200,006674,F,,,,
1011,7435,Lunah (53),लूणाह (53),Dalhousie(Sub-District) / Chamba(District) / Himachal Pradesh(State),00076300,007435,N,,,,
1012,6933,Madan Salancha (414),मदन सलांचा (414),Churah(Sub-District) / Chamba(District) / Himachal Pradesh(State),00026100,006933,N,,,,
1013,8040,Madhota (145),मढौता (145),Holi(Sub-District) / Chamba(District) / Himachal Pradesh(State),00136800,008040,F,,,,
1014,7513,Maghnuh (159),मघनूं (159),Kakira(Sub-District) / Chamba(District) / Himachal Pradesh(State),00084100,007513,N,,,,
1015,6703,Mahliyat (33),महालियत (33),Pangi(Sub-District) / Chamba(District) / Himachal Pradesh(State),00003100,006703,F,,,,
1016,8259,Mahndo (49),माहन्डो (49),Bharmour(Sub-District) / Chamba(District) / Himachal Pradesh(State),00158700,008259,F,,,,
1017,7518,Mahot (170),महोठ (170),Kakira(Sub-District) / Chamba(District) / Himachal Pradesh(State),00084600,007518,N,,,,
1018,7519,Mahot Jangal (169),महोठ जंगल (169),Kakira(Sub-District) / Chamba(District) / Himachal Pradesh(State),00084700,007519,N,,,,
1019,7174,Maida (182),मैडा (182),Saluni(Sub-District) / Chamba(District) / Himachal Pradesh(State),00050200,007174,N,,,,
1020,8010,Maingal (250),मैंगल (250),Saho(Sub-District) / Chamba(District) / Himachal Pradesh(State),00133800,008010,N,,,,
1021,7850,Majhata (88),मझाटा (88),Dharwala(Sub-District) / Chamba(District) / Himachal Pradesh(State),00117800,007850,N,,,,
1022,6801,Majhoga (379),मझौगा (379),Churah(Sub-District) / Chamba(District) / Himachal Pradesh(State),00012900,006801,N,,,,
1023,6827,Makkan (310),मकन (310),Churah(Sub-District) / Chamba(District) / Himachal Pradesh(State),00015500,006827,N,,,,
1024,7337,Malal (63),मलाल (63),Telka(Sub-District) / Chamba(District) / Himachal Pradesh(State),00066500,007337,N,,,,
1025,8217,Malkouta (94),मलकौता (94),Bharmour(Sub-District) / Chamba(District) / Himachal Pradesh(State),00154500,008217,F,,,,
1026,7886,Malla (121),मल्ला (121),Dharwala(Sub-District) / Chamba(District) / Himachal Pradesh(State),00121400,007886,N,,,,
1027,7929,Malla (161),मल्ला (161),Chamba(Sub-District) / Chamba(District) / Himachal Pradesh(State),00125700,007929,N,,,,
1028,7441,Maluda (94),मलूडा (94),Dalhousie(Sub-District) / Chamba(District) / Himachal Pradesh(State),00076900,007441,N,,,,
1029,7558,Malunda (204),मलूंडा (204),Bhattiyat(Sub-District) / Chamba(District) / Himachal Pradesh(State),00088600,007558,N,,,,
1030,7293,Malur (51),मलूर (51),Bhalai(Sub-District) / Chamba(District) / Himachal Pradesh(State),00062100,007293,N,,,,
1031,6808,Malwas (348),मलवास (348),Churah(Sub-District) / Chamba(District) / Himachal Pradesh(State),00013600,006808,N,,,,
1032,7482,Mamal (163),मामल (163),Kakira(Sub-District) / Chamba(District) / Himachal Pradesh(State),00081000,007482,N,,,,
1033,7470,Mandhyar (67),मन्धयार (67),Dalhousie(Sub-District) / Chamba(District) / Himachal Pradesh(State),00079800,007470,N,,,,
1034,7298,Mandoh (15),मंडोह (15),Bhalai(Sub-District) / Chamba(District) / Himachal Pradesh(State),00062600,007298,N,,,,
1035,7590,Mandrihar (242),मंदरीहार (242),Bhattiyat(Sub-District) / Chamba(District) / Himachal Pradesh(State),00091800,007590,N,,,,
1036,7949,Mandu (183),मान्डू (183),Saho(Sub-District) / Chamba(District) / Himachal Pradesh(State),00127700,007949,N,,,,
1037,6958,Mangalwas (438),मंगलवास (438),Churah(Sub-District) / Chamba(District) / Himachal Pradesh(State),00028600,006958,N,,,,
1038,7810,Mangla (49),मंगला (49),Chamba(Sub-District) / Chamba(District) / Himachal Pradesh(State),00113800,007810,N,,,,
1039,6809,Mangli (345),मंगली (345),Churah(Sub-District) / Chamba(District) / Himachal Pradesh(State),00013700,006809,N,,,,
1040,6972,Mangloa (455),मंगलोआ (455),Churah(Sub-District) / Chamba(District) / Himachal Pradesh(State),00030000,006972,N,,,,
1041,7620,Manhuta (265),मनहूता (265),Sihunta(Sub-District) / Chamba(District) / Himachal Pradesh(State),00094800,007620,N,,,,
1042,7238,Manjeer (228),मंजीर (228),Saluni(Sub-District) / Chamba(District) / Himachal Pradesh(State),00056600,007238,N,,,,
1043,7336,Manjhal (64),मांझल (64),Bhalai(Sub-District) / Chamba(District) / Himachal Pradesh(State),00066400,007336,N,,,,
1044,7352,Manjhdhar (44),मंझधार (44),Dalhousie(Sub-District) / Chamba(District) / Himachal Pradesh(State),00068000,007352,N,,,,
1045,7662,Manjhoi (285),मनझोई (285),Sihunta(Sub-District) / Chamba(District) / Himachal Pradesh(State),00099000,007662,N,,,,
1046,6983,Manju (516),मांजू (516),Churah(Sub-District) / Chamba(District) / Himachal Pradesh(State),00031100,006983,N,,,,
1047,7802,Mankot (43),मानकोट (43),Chamba(Sub-District) / Chamba(District) / Himachal Pradesh(State),00113000,007802,N,,,,
1048,7520,Manola (171),मनोला (171),Kakira(Sub-District) / Chamba(District) / Himachal Pradesh(State),00084800,007520,N,,,,
1049,7466,Manola (69),मनोला (69),Dalhousie(Sub-District) / Chamba(District) / Himachal Pradesh(State),00079400,007466,N,,,,
1050,6787,Mansa (359),मनसा (359),Churah(Sub-District) / Chamba(District) / Himachal Pradesh(State),00011500,006787,N,,,,
1051,7190,Manyoga (269),मनयोगा (269),Saluni(Sub-District) / Chamba(District) / Himachal Pradesh(State),00051800,007190,N,,,,
1052,7605,Maradi (248),मराडी (248),Bhattiyat(Sub-District) / Chamba(District) / Himachal Pradesh(State),00093300,007605,N,,,,
1053,7145,Marhot(118),मरहोट (118),Saluni(Sub-District) / Chamba(District) / Himachal Pradesh(State),00047300,007145,N,eSignGOFile662648_19_02_2025_17_24_01.pdf,,,
1054,7881,Marour (118),मरौर (118),Dharwala(Sub-District) / Chamba(District) / Himachal Pradesh(State),00120900,007881,N,,,,
1055,7707,Masrund (267),मसरून्ड (267),Pukhri(Sub-District) / Chamba(District) / Himachal Pradesh(State),00103500,007707,N,,,,
1056,7878,Masu (115),मासू (115),Dharwala(Sub-District) / Chamba(District) / Himachal Pradesh(State),00120600,007878,N,,,,
1057,7539,Matihar (179),मतिहार (179),Bhattiyat(Sub-District) / Chamba(District) / Himachal Pradesh(State),00086700,007539,N,,,,
1058,6832,Matiyund (322),मटियून्ड (322),Churah(Sub-District) / Chamba(District) / Himachal Pradesh(State),00016000,006832,N,,,,
1059,7463,Matola (72),मटोला (72),Dalhousie(Sub-District) / Chamba(District) / Himachal Pradesh(State),00079100,007463,N,,,,
1060,7711,Maua (293),मऊआ (293),Pukhri(Sub-District) / Chamba(District) / Himachal Pradesh(State),00103900,007711,N,,,,
1061,7081,Mehla (486),मैहला (486),Churah(Sub-District) / Chamba(District) / Himachal Pradesh(State),00040900,007081,N,,,,
1062,7835,Mehla (64),मैहला (64),Dharwala(Sub-District) / Chamba(District) / Himachal Pradesh(State),00116300,007835,N,,,,
1063,7384,Mel (5),मेल (5),Dalhousie(Sub-District) / Chamba(District) / Himachal Pradesh(State),00071200,007384,N,,,,
1064,7199,Meru (204),मेरू (204),Saluni(Sub-District) / Chamba(District) / Himachal Pradesh(State),00052700,007199,N,,,,
1065,6729,Micham (53),मिचम (53),Saach(Sub-District) / Chamba(District) / Himachal Pradesh(State),00005700,006729,F,,,,
1066,7499,Mihal (145),मिहाल (145),Kakira(Sub-District) / Chamba(District) / Himachal Pradesh(State),00082700,007499,N,,,,
1067,7361,Mihnu (36),मीहणू (36),Dalhousie(Sub-District) / Chamba(District) / Himachal Pradesh(State),00068900,007361,N,,,,
1068,6723,Mindhal (87),मिन्धल (87),Saach(Sub-District) / Chamba(District) / Himachal Pradesh(State),00005100,006723,F,,,,
1069,7806,Miyari (39),मियाडी (39),Chamba(Sub-District) / Chamba(District) / Himachal Pradesh(State),00113400,007806,N,,,,
1070,6914,Miyas (384),मियास (384),Churah(Sub-District) / Chamba(District) / Himachal Pradesh(State),00024200,006914,N,,,,
1071,6767,Moji (73),मौजी (73),Saach(Sub-District) / Chamba(District) / Himachal Pradesh(State),00009500,006767,F,,,,
1072,7907,Mokhari (149),मौखरी (149),Dharwala(Sub-District) / Chamba(District) / Himachal Pradesh(State),00123500,007907,N,,,,
1073,7160,Mool Kihar (190),मूल किहार (190),Saluni(Sub-District) / Chamba(District) / Himachal Pradesh(State),00048800,007160,N,,,,
1074,7639,Morthu Jangal (307),मोरठू जंगल (307),Sihunta(Sub-District) / Chamba(District) / Himachal Pradesh(State),00096700,007639,N,,,,
1075,7638,Morthu Jhikla (306),मोरठू झिकला (306),Sihunta(Sub-District) / Chamba(District) / Himachal Pradesh(State),00096600,007638,N,,,,
1076,7637,Morthu Uperla (305),मोरठू उपरला (305),Sihunta(Sub-District) / Chamba(District) / Himachal Pradesh(State),00096500,007637,N,,,,
1077,7830,Mortu Jangal (66),अ0 व0 मोरतू (66),Dharwala(Sub-District) / Chamba(District) / Himachal Pradesh(State),00115800,007830,N,,,,
1078,939703,Moti Tibba (346-3),मोती टिव्वा (346-3),Dalhousie(Sub-District) / Chamba(District) / Himachal Pradesh(State),,000000,N,,,,
1079,7669,Motla (316),मोतला (316),Sihunta(Sub-District) / Chamba(District) / Himachal Pradesh(State),00099700,007669,N,,,,
1080,7167,Mouda (102),मौडा (102),Telka(Sub-District) / Chamba(District) / Himachal Pradesh(State),00049500,007167,N,,,,
1081,7077,Mouha (473),मौहा (473),Churah(Sub-District) / Chamba(District) / Himachal Pradesh(State),00040500,007077,N,,,,
1082,7712,Mouhadi (294),मौहडी (294),Pukhri(Sub-District) / Chamba(District) / Himachal Pradesh(State),00104000,007712,N,,,,
1083,7716,Mouhal (300),मौहल (300),Pukhri(Sub-District) / Chamba(District) / Himachal Pradesh(State),00104400,007716,N,,,,
1084,8228,Mouhan (83),मौहण (83),Bharmour(Sub-District) / Chamba(District) / Himachal Pradesh(State),00155600,008228,F,,,,
1085,7940,Mugla (175),मुगला (175),Chamba(Sub-District) / Chamba(District) / Himachal Pradesh(State),00126800,007940,N,,,,
1086,7228,Mundah (216),मुंडाह (216),Saluni(Sub-District) / Chamba(District) / Himachal Pradesh(State),00055600,007228,N,,,,
1087,7870,Mundhara (105),मुंढारा (105),Dharwala(Sub-District) / Chamba(District) / Himachal Pradesh(State),00119800,007870,N,,,,
1088,7684,Murhetra (314),मुरहेत्रा (314),Sihunta(Sub-District) / Chamba(District) / Himachal Pradesh(State),00101200,007684,N,,,,
1089,7216,Nachnoti (265),नचणोटी (265),Saluni(Sub-District) / Chamba(District) / Himachal Pradesh(State),00054400,007216,N,,,,
1090,7579,Nadal (225),नडल (225),Bhattiyat(Sub-District) / Chamba(District) / Himachal Pradesh(State),00090700,007579,N,,,,
1091,7282,Nadal (5),नडल (5),Bhalai(Sub-District) / Chamba(District) / Himachal Pradesh(State),00061000,007282,N,,,,
1092,7427,Nagali (48),नगाली (48),Dalhousie(Sub-District) / Chamba(District) / Himachal Pradesh(State),00075500,007427,N,,,,
1093,7280,Nagali (58),नगाली (58),Bhalai(Sub-District) / Chamba(District) / Himachal Pradesh(State),00060800,007280,N,,,,
1094,7766,Naghuin (2),नघुई (2),Chamba(Sub-District) / Chamba(District) / Himachal Pradesh(State),00109400,007766,N,,,,
1095,7283,Nagod (6),नगोड (6),Bhalai(Sub-District) / Chamba(District) / Himachal Pradesh(State),00061100,007283,N,,,,
1096,7676,Nahana (324),नहाना (324),Sihunta(Sub-District) / Chamba(District) / Himachal Pradesh(State),00100400,007676,N,,,,
1097,7487,Naini Khad Jarei (135),नैनीखड जरेई (135),Kakira(Sub-District) / Chamba(District) / Himachal Pradesh(State),00081500,007487,N,,,,
1098,7326,Naled (43),नलेड (43),Bhalai(Sub-District) / Chamba(District) / Himachal Pradesh(State),00065400,007326,N,,,,
1099,7688,Naloh (312),नलोह (312),Sihunta(Sub-District) / Chamba(District) / Himachal Pradesh(State),00101600,007688,N,,,,
1100,7263,Nandan (225),नंदन (225),Saluni(Sub-District) / Chamba(District) / Himachal Pradesh(State),00059100,007263,N,,,,
1101,7735,Nandlera (276),नन्दलेरा (276),Pukhri(Sub-District) / Chamba(District) / Himachal Pradesh(State),00106300,007735,N,,,,
1102,6833,Nanori (321),ननोडी (321),Churah(Sub-District) / Chamba(District) / Himachal Pradesh(State),00016100,006833,N,,,,
1103,7753,Nanu (281),नाणू (281),Chamba(Sub-District) / Chamba(District) / Himachal Pradesh(State),00108100,007753,N,,,,
1104,8091,Navei (217),नवेई (217),Holi(Sub-District) / Chamba(District) / Himachal Pradesh(State),00141900,008091,F,,,,
1105,8102,Nayagran (219),न्याग्रां (219),Holi(Sub-District) / Chamba(District) / Himachal Pradesh(State),00143000,008102,F,,,,
1106,6953,Nera (417),नेरा (417),Churah(Sub-District) / Chamba(District) / Himachal Pradesh(State),00028100,006953,N,,,,
1107,7731,Nihuin (275),निहुईं (275),Pukhri(Sub-District) / Chamba(District) / Himachal Pradesh(State),00105900,007731,N,,,,
1108,7428,Nuhn (46),नूँह (46),Dalhousie(Sub-District) / Chamba(District) / Himachal Pradesh(State),00075600,007428,N,,,,
1109,7817,Ohli (50),ओहली (50),Chamba(Sub-District) / Chamba(District) / Himachal Pradesh(State),00114500,007817,N,,,,
1110,6868,Oula (335),औला (335),Churah(Sub-District) / Chamba(District) / Himachal Pradesh(State),00019600,006868,N,,,,
1111,6805,Ounn (349),औण (349),Churah(Sub-District) / Chamba(District) / Himachal Pradesh(State),00013300,006805,N,,,,
1112,8170,Oura (22),औरा (22),Bharmour(Sub-District) / Chamba(District) / Himachal Pradesh(State),00149800,008170,F,,,,
1113,8007,Oyal (254),ओयल (254),Saho(Sub-District) / Chamba(District) / Himachal Pradesh(State),00133500,008007,N,,,,
1114,7993,Padhar (229),पधर (229),Saho(Sub-District) / Chamba(District) / Himachal Pradesh(State),00132100,007993,N,,,,
1115,6932,Padhar (415),पधर (415),Churah(Sub-District) / Chamba(District) / Himachal Pradesh(State),00026000,006932,N,,,,
1116,7465,Padhrotu (70),पधरोटू (70),Dalhousie(Sub-District) / Chamba(District) / Himachal Pradesh(State),00079300,007465,N,,,,
1117,7175,Pal (185),पल (185),Saluni(Sub-District) / Chamba(District) / Himachal Pradesh(State),00050300,007175,N,,,,
1118,8193,Palan (42),पालान (42),Bharmour(Sub-District) / Chamba(District) / Himachal Pradesh(State),00152100,008193,F,,,,
1119,8197,Palan Pulan (45),पालन पूलन (45),Bharmour(Sub-District) / Chamba(District) / Himachal Pradesh(State),00152500,008197,F,,,,
1120,8221,Paldha (91),पालधा (91),Bharmour(Sub-District) / Chamba(District) / Himachal Pradesh(State),00154900,008221,F,,,,
1121,7762,Palehi (302),पलेई (302),Pukhri(Sub-District) / Chamba(District) / Himachal Pradesh(State),00109000,007762,N,,,,
1122,7745,Paluhn (239),पलूंह (239),Chamba(Sub-District) / Chamba(District) / Himachal Pradesh(State),00107300,007745,N,,,,
1123,7997,Palyur (233),पल्यूर (233),Saho(Sub-District) / Chamba(District) / Himachal Pradesh(State),00132500,007997,N,,,,
1124,7429,Pandol (55),पंन्डोल (55),Dalhousie(Sub-District) / Chamba(District) / Himachal Pradesh(State),00075700,007429,N,,,,
1125,7622,Panjla (268),पंजला (268),Sihunta(Sub-District) / Chamba(District) / Himachal Pradesh(State),00095000,007622,N,,,,
1126,7776,Panjoh (7),पंजोह (7),Chamba(Sub-District) / Chamba(District) / Himachal Pradesh(State),00110400,007776,N,,,,
1127,7287,Panjola (9),पंजोला (9),Bhalai(Sub-District) / Chamba(District) / Himachal Pradesh(State),00061500,007287,N,,,,
1128,7537,Panjoli (184),पंजोली (184),Bhattiyat(Sub-District) / Chamba(District) / Himachal Pradesh(State),00086500,007537,N,,,,
1129,8209,Panjsei (98),पंजसेई (98),Bharmour(Sub-District) / Chamba(District) / Himachal Pradesh(State),00153700,008209,F,,,,
1130,6957,Pantwar (439),पन्तवाड (439),Churah(Sub-District) / Chamba(District) / Himachal Pradesh(State),00028500,006957,N,,,,
1131,7617,Parasyara (261),परसयारा (261),Sihunta(Sub-District) / Chamba(District) / Himachal Pradesh(State),00094500,007617,N,,,,
1132,7307,Parchhi (22),परछी (22),Bhalai(Sub-District) / Chamba(District) / Himachal Pradesh(State),00063500,007307,N,,,,
1133,7578,Parchhor (231),परछोड (231),Bhattiyat(Sub-District) / Chamba(District) / Himachal Pradesh(State),00090600,007578,N,,,,
1134,7241,Parjana (231),परजना (231),Saluni(Sub-District) / Chamba(District) / Himachal Pradesh(State),00056900,007241,N,,,,
1135,6712,Parmar (45),परमार (45),Saach(Sub-District) / Chamba(District) / Himachal Pradesh(State),00004000,006712,F,,,,
1136,6706,Parmas (22),परमस (22),Pangi(Sub-District) / Chamba(District) / Himachal Pradesh(State),00003400,006706,F,,,,
1137,7883,Piyuhra (111),पियूहरा (111),Dharwala(Sub-District) / Chamba(District) / Himachal Pradesh(State),00121100,007883,N,,,,
1138,7040,Pleran (561),पलेरन (561),Churah(Sub-District) / Chamba(District) / Himachal Pradesh(State),00036800,007040,N,,,,
1139,7066,Prabha (468),प्रभा (468),Churah(Sub-District) / Chamba(District) / Himachal Pradesh(State),00039400,007066,N,,,,
1140,6690,Praghwal (28),प्रधवाल (28),Pangi(Sub-District) / Chamba(District) / Himachal Pradesh(State),00001800,006690,F,,,,
1141,7713,Prahnuin (296),प्राहनुई (296),Pukhri(Sub-District) / Chamba(District) / Himachal Pradesh(State),00104100,007713,N,,,,
1142,6895,Prandari (249),प्रांदडी (249),Churah(Sub-District) / Chamba(District) / Himachal Pradesh(State),00022300,006895,N,,,,
1143,8227,Pranghala (84),प्रंघाला (84),Bharmour(Sub-District) / Chamba(District) / Himachal Pradesh(State),00155500,008227,F,,,,
1144,7573,Prawat (226),प्रवाट (226),Bhattiyat(Sub-District) / Chamba(District) / Himachal Pradesh(State),00090100,007573,N,,,,
1145,7908,Preena (145),प्रीणा (145),Dharwala(Sub-District) / Chamba(District) / Himachal Pradesh(State),00123600,007908,N,,,,
1146,6698,Pregram (3),प्रेग्राम (3),Pangi(Sub-District) / Chamba(District) / Himachal Pradesh(State),00002600,006698,F,,,,
1147,7560,Priyungal (206),प्रयुन्गल (206),Bhattiyat(Sub-District) / Chamba(District) / Himachal Pradesh(State),00088800,007560,N,,,,
1148,7822,Priyungal (53),प्रियुन्गल (53),Chamba(Sub-District) / Chamba(District) / Himachal Pradesh(State),00115000,007822,N,,,,
1149,7588,Priyungal Jangal (207),प्रयुन्गल जंगल (207),Bhattiyat(Sub-District) / Chamba(District) / Himachal Pradesh(State),00091600,007588,N,,,,
1150,7992,Protha (226),प्रौथा (226),Saho(Sub-District) / Chamba(District) / Himachal Pradesh(State),00132000,007992,N,,,,
1151,7108,Pryungal (134),प्रयुन्गल (134),Saluni(Sub-District) / Chamba(District) / Himachal Pradesh(State),00043600,007108,N,,,,
1152,7139,Pudhan (120),पुढन (120),Saluni(Sub-District) / Chamba(District) / Himachal Pradesh(State),00046700,007139,N,,,,
1153,7689,Pukhred (330),पुखरेड (330),Sihunta(Sub-District) / Chamba(District) / Himachal Pradesh(State),00101700,007689,N,,,,
1154,7722,Pukhri (290),पुखरी (290),Pukhri(Sub-District) / Chamba(District) / Himachal Pradesh(State),00105000,007722,N,,,,
1155,7413,Pukhri (97),पुखरी (97),Dalhousie(Sub-District) / Chamba(District) / Himachal Pradesh(State),00074100,007413,N,,,,
1156,7674,Pukhru (322),पुखरू (322),Sihunta(Sub-District) / Chamba(District) / Himachal Pradesh(State),00100200,007674,N,,,,
1157,7675,Pukhru Jangal (323),पुखरू जंगल (323),Sihunta(Sub-District) / Chamba(District) / Himachal Pradesh(State),00100300,007675,N,,,,
1158,6912,Pukhtla (395),पुख्तला (395),Churah(Sub-District) / Chamba(District) / Himachal Pradesh(State),00024000,006912,N,,,,
1159,6700,Punto (30),पुन्टो (30),Pangi(Sub-District) / Chamba(District) / Himachal Pradesh(State),00002800,006700,F,,,,
1160,7545,Purkhda (191),पुरखडा (191),Bhattiyat(Sub-District) / Chamba(District) / Himachal Pradesh(State),00087300,007545,N,,,,
1161,6763,Purthi (82),पुरथी (82),Saach(Sub-District) / Chamba(District) / Himachal Pradesh(State),00009100,006763,F,,,,
1162,7967,Raan (196),रान (196),Saho(Sub-District) / Chamba(District) / Himachal Pradesh(State),00129500,007967,N,,,,
1163,7905,Radi (148),राडी (148),Dharwala(Sub-District) / Chamba(District) / Himachal Pradesh(State),00123300,007905,N,,,,
1164,7594,Raipur Jarei(245),रायपुर जरेई (245),Bhattiyat(Sub-District) / Chamba(District) / Himachal Pradesh(State),00092200,007594,N,,,,
1165,8151,Raitan (116),रैटन (116),Bharmour(Sub-District) / Chamba(District) / Himachal Pradesh(State),00147900,008151,F,,,,
1166,7666,Rajein (298),रजैई (298),Sihunta(Sub-District) / Chamba(District) / Himachal Pradesh(State),00099400,007666,N,,,,
1167,7932,Rajera (166),रजेरा (166),Chamba(Sub-District) / Chamba(District) / Himachal Pradesh(State),00126000,007932,N,,,,
1168,7986,Rajindu (225),रजिन्डू (225),Saho(Sub-District) / Chamba(District) / Himachal Pradesh(State),00131400,007986,N,,,,
1169,7758,Raj Nagar (287),राजनगर (287),Pukhri(Sub-District) / Chamba(District) / Himachal Pradesh(State),00108600,007758,N,,,,
1170,8220,Rajour (92),रजौर (92),Bharmour(Sub-District) / Chamba(District) / Himachal Pradesh(State),00154800,008220,F,,,,
1171,7755,Rajpura (284),राजपुरा (284),Chamba(Sub-District) / Chamba(District) / Himachal Pradesh(State),00108300,007755,N,,,,
1172,7547,Rakhed (193),रखेड (193),Bhattiyat(Sub-District) / Chamba(District) / Himachal Pradesh(State),00087500,007547,N,,,,
1173,7925,Rakh Jarei (159a),राख जरेई (159a),Chamba(Sub-District) / Chamba(District) / Himachal Pradesh(State),00125300,007925,N,,,,
1174,7924,Rakh Kaswati (159b),राख कस्वाती (159b),Chamba(Sub-District) / Chamba(District) / Himachal Pradesh(State),00125200,007924,N,,,,
1175,7681,Ralban Jangal (328),रलबन जंगल (328),Sihunta(Sub-District) / Chamba(District) / Himachal Pradesh(State),00100900,007681,N,,,,
1176,7838,Rambho (72),राम्भो (72),Dharwala(Sub-District) / Chamba(District) / Himachal Pradesh(State),00116600,007838,N,,,,
1177,6899,Ramyund (239),रमयून्ड (239),Churah(Sub-District) / Chamba(District) / Himachal Pradesh(State),00022700,006899,N,,,,
1178,7805,Randoh (40),रंडोह (40),Chamba(Sub-District) / Chamba(District) / Himachal Pradesh(State),00113300,007805,N,,,,
1179,7523,Rang (176),रांग (176),Kakira(Sub-District) / Chamba(District) / Himachal Pradesh(State),00085100,007523,N,,,,
1180,7354,Rangar (45),रंगड (45),Dalhousie(Sub-District) / Chamba(District) / Himachal Pradesh(State),00068200,007354,N,,,,
1181,6695,Rani Ka Gahar (4),रानी की गाहर (4),Pangi(Sub-District) / Chamba(District) / Himachal Pradesh(State),00002300,006695,F,,,,
1182,7133,Ranjni (128),रंजणी (128),Saluni(Sub-District) / Chamba(District) / Himachal Pradesh(State),00046100,007133,N,,,,
1183,7153,Ranka (111),राणका (111),Saluni(Sub-District) / Chamba(District) / Himachal Pradesh(State),00048100,007153,N,,,,
1184,7603,Rath Bhora (255),रथ भौंरा (255),Bhattiyat(Sub-District) / Chamba(District) / Himachal Pradesh(State),00093100,007603,N,,,,
1185,7804,Rathiyar (38),रठियार (38),Chamba(Sub-District) / Chamba(District) / Himachal Pradesh(State),00113200,007804,N,,,,
1186,6748,Rei (85),रेई (85),Saach(Sub-District) / Chamba(District) / Himachal Pradesh(State),00007600,006748,F,,,,
1187,7841,Reserve Jangal Bhuar (77),रिजर्व जंगल भुआर (77),Dharwala(Sub-District) / Chamba(District) / Himachal Pradesh(State),00116900,007841,N,,,,
1188,7879,Reserve Jangal Chhatradi (116),रिजर्व जंगल छतराडी (116),Dharwala(Sub-District) / Chamba(District) / Himachal Pradesh(State),00120700,007879,N,,,,
1189,7895,Reserve Jangal Lower Ehlami (130),रिजर्व जंगल लोअर ऐहलमी (130),Dharwala(Sub-District) / Chamba(District) / Himachal Pradesh(State),00122300,007895,N,,,,
1190,7842,Reserve Jangal Rambho (73),रिजर्व जंगल राम्भो (73),Dharwala(Sub-District) / Chamba(District) / Himachal Pradesh(State),00117000,007842,N,,,,
1191,7897,Reserve Jangal Upper Ehlami (133),रिजर्व जंगल अपर ऐहलमी (133),Dharwala(Sub-District) / Chamba(District) / Himachal Pradesh(State),00122500,007897,N,,,,
1192,6839,R.F. Aail (301),अ0 व0 आईल (301),Churah(Sub-District) / Chamba(District) / Himachal Pradesh(State),00016700,006839,N,,,,
1193,8101,R. F. Agrali (241),अ0 व0 अगराली (241),Holi(Sub-District) / Chamba(District) / Himachal Pradesh(State),00142900,008101,F,,,,
1194,8045,R.F. Aldrun (157),अ0 व0 अलद्रूण (157),Holi(Sub-District) / Chamba(District) / Himachal Pradesh(State),00137300,008045,F,,,,
1195,8072,R.F. Anderlagran (181),अ0 व0 अन्द्रलाग्रां (181),Holi(Sub-District) / Chamba(District) / Himachal Pradesh(State),00140000,008072,F,,,,
1196,6945,R. F. Bada (429),अ0 व0 वाडा (429),Churah(Sub-District) / Chamba(District) / Himachal Pradesh(State),00027300,006945,N,,,,
1197,7273,R.F. Badhka (105),अ0 व0 बाढका (105),Telka(Sub-District) / Chamba(District) / Himachal Pradesh(State),00060100,007273,N,,,,
1198,7398,R.F. Balera (124),अ0 व0 वलेरा (124),Dalhousie(Sub-District) / Chamba(District) / Himachal Pradesh(State),00072600,007398,N,,,,
1199,7143,R.F. Bangoli (116),अ0 व0 वन्गोली (116),Saluni(Sub-District) / Chamba(District) / Himachal Pradesh(State),00047100,007143,N,,,,
1200,7416,R.F. Banikhet (99),अ0 व0 बनीखेत  (99),Dalhousie(Sub-District) / Chamba(District) / Himachal Pradesh(State),00074400,007416,N,,,,
1201,7093,R.F. Beed (144),अ0 व0 बीड (144),Saluni(Sub-District) / Chamba(District) / Himachal Pradesh(State),00042100,007093,N,,,,
1202,6973,R.F. Behnota (453),अ0 व0 वहनोता (453),Churah(Sub-District) / Chamba(District) / Himachal Pradesh(State),00030100,006973,N,,,,
1203,7091,R.F. Bhangothali (146),अ0 व0 भंगोठली (146),Saluni(Sub-District) / Chamba(District) / Himachal Pradesh(State),00041900,007091,N,,,,
1204,8035,R.F. Bharwali Barnot (156),अ0 व0 भरवाली बरनोट (156),Holi(Sub-District) / Chamba(District) / Himachal Pradesh(State),00136300,008035,F,,,,
1205,8025,R.F. Bhaun (139),अ0 व0 भौहन (139),Holi(Sub-District) / Chamba(District) / Himachal Pradesh(State),00135300,008025,F,,,,
1206,8243,R.F. Bhyanu (73),अ0 व0 भयाणू (73),Bharmour(Sub-District) / Chamba(District) / Himachal Pradesh(State),00157100,008243,F,,,,
1207,7115,R.F. Boda (158),अ0 व0 बोदा (158),Saluni(Sub-District) / Chamba(District) / Himachal Pradesh(State),00044300,007115,N,,,,
1208,7863,R.F. Brehi (98),अ0 व0 ब्रेही (98),Dharwala(Sub-District) / Chamba(District) / Himachal Pradesh(State),00119100,007863,N,,,,
1209,6821,R.F.Chachul (308),अ0 व0 चचूल (308),Churah(Sub-District) / Chamba(District) / Himachal Pradesh(State),00014900,006821,N,,,,
1210,7054,R.F.Chamar Chuna (497),अ0 व0 चमार चूना (497),Churah(Sub-District) / Chamba(District) / Himachal Pradesh(State),00038200,007054,N,,,,
1211,6848,R.F. Chandrol (295),अ0 व0 चन्द्रौल (295),Churah(Sub-District) / Chamba(District) / Himachal Pradesh(State),00017600,006848,N,,,,
1212,6921,R.F.Chandru (390),अ0 व0 चण्डरू (390),Churah(Sub-District) / Chamba(District) / Himachal Pradesh(State),00024900,006921,N,,,,
1213,7110,R.F Charbhaint (133),अ0 व0 चढभैन्ट (133),Saluni(Sub-District) / Chamba(District) / Himachal Pradesh(State),00043800,007110,N,eSignGOFile662648_19_02_2025_17_26_54.pdf,,,
1214,7045,R.F. Chhatri (536),अ0 व0 छतरी (536),Churah(Sub-District) / Chamba(District) / Himachal Pradesh(State),00037300,007045,N,,,,
1215,7109,R.F. Chhotajoda (135),अ0 व0 छोटाजोडा (135),Saluni(Sub-District) / Chamba(District) / Himachal Pradesh(State),00043700,007109,N,,,,
1216,6694,R.F.Chilkot (5),अ0 व0 चिलकोट  (5),Pangi(Sub-District) / Chamba(District) / Himachal Pradesh(State),00002200,006694,F,,,,
1217,6884,R.F. Chilli (274),अ0 व0 चिल्ली (274),Churah(Sub-District) / Chamba(District) / Himachal Pradesh(State),00021200,006884,N,,,,
1218,8256,R.F.Chobhia (56),अ0 व0 चोभिया (56),Bharmour(Sub-District) / Chamba(District) / Himachal Pradesh(State),00158400,008256,F,,,,
1219,8017,R.F. Chobhu Rakhani (127),अ0 व0 चोभू रखानी (127),Holi(Sub-District) / Chamba(District) / Himachal Pradesh(State),00134500,008017,F,,,,
1220,8048,R.F. Chudimul (162),अ0 व0 चूडीमूल (162),Holi(Sub-District) / Chamba(District) / Himachal Pradesh(State),00137600,008048,F,,,,
1221,8104,R.F. Chulan (239),अ0 व0 चुलण (239),Holi(Sub-District) / Chamba(District) / Himachal Pradesh(State),00143200,008104,F,,,,
1222,7106,R.F. Dandi (150),अ0 व0 डंडी (150),Saluni(Sub-District) / Chamba(District) / Himachal Pradesh(State),00043400,007106,N,,,,
1223,6950,R.F. Dangamakhua (430),अ0 व0 डंगामखुआ (430),Churah(Sub-District) / Chamba(District) / Himachal Pradesh(State),00027800,006950,N,,,,
1224,7086,R.F.Dehra (484),अ0 व0 देहरा (484),Churah(Sub-District) / Chamba(District) / Himachal Pradesh(State),00041400,007086,N,,,,
1225,6924,R.F.Devi Kothi (382),अ0 व0 देवीकोठी (382),Churah(Sub-District) / Chamba(District) / Himachal Pradesh(State),00025200,006924,N,,,,
1226,7135,R.F. Dhajju (122),अ0 व0 धज्जू (122),Saluni(Sub-District) / Chamba(District) / Himachal Pradesh(State),00046300,007135,N,,,,
1227,6987,R.F.Dhand (515),अ0 व0 ढांड (515),Churah(Sub-District) / Chamba(District) / Himachal Pradesh(State),00031500,006987,N,,,,
1228,8247,R.F. Dharaul (65),अ0 व0 धरौल (65),Bharmour(Sub-District) / Chamba(District) / Himachal Pradesh(State),00157500,008247,F,,,,
1229,6795,R.F.Dind (375),अ0 व0 दिन्द (375),Churah(Sub-District) / Chamba(District) / Himachal Pradesh(State),00012300,006795,N,,,,
1230,7177,R.F. Dounri (191),अ0 व0 डौंरी (191),Saluni(Sub-District) / Chamba(District) / Himachal Pradesh(State),00050500,007177,N,,,,
1231,6904,R.F. Dounri (407),अ0 व0 डौंरी (407),Churah(Sub-District) / Chamba(District) / Himachal Pradesh(State),00023200,006904,N,,,,
1232,7862,R.F.Drakund (97),अ0 व0 द्रकुन्ड (97),Dharwala(Sub-District) / Chamba(District) / Himachal Pradesh(State),00119000,007862,N,,,,
1233,8019,R.F. Druma (133),अ0 व0 द्रुम्मा (133),Holi(Sub-District) / Chamba(District) / Himachal Pradesh(State),00134700,008019,F,,,,
1234,8234,R.F. Dunda (81),अ0 व0 डुन्डा (81),Bharmour(Sub-District) / Chamba(District) / Himachal Pradesh(State),00156200,008234,F,,,,
1235,7061,R.F. Dwari (495),अ0 व0 दवारी (495),Churah(Sub-District) / Chamba(District) / Himachal Pradesh(State),00038900,007061,N,,,,
1236,8082,R.F. Dyol (204),अ0 व0 दयोल (204),Holi(Sub-District) / Chamba(District) / Himachal Pradesh(State),00141000,008082,F,,,,
1237,8083,R.F. Dyosad (205),अ0 व0  दयोसड (205),Holi(Sub-District) / Chamba(District) / Himachal Pradesh(State),00141100,008083,F,,,,
1238,7122,R.F. Fatdi-I (125),अ0 व0 फटडी-I (125),Saluni(Sub-District) / Chamba(District) / Himachal Pradesh(State),00045000,007122,N,,,,
1239,7121,R.F. Fatdi-II (131),अ0 व0 फटडी-II (131),Saluni(Sub-District) / Chamba(District) / Himachal Pradesh(State),00044900,007121,N,,,,
1240,6962,R.F. Gadfari (446),अ0 व0 गडफरी (446),Churah(Sub-District) / Chamba(District) / Himachal Pradesh(State),00029000,006962,N,,,,
1241,7098,R.F. Gagli (142),अ0 व0 गगली (142),Saluni(Sub-District) / Chamba(District) / Himachal Pradesh(State),00042600,007098,N,,,,
1242,7214,R.F. Gambhir (264),अ0 व0 गम्भीर (264),Saluni(Sub-District) / Chamba(District) / Himachal Pradesh(State),00054200,007214,N,,,,
1243,8099,R.F. Gandir (248),अ0 व0 गण्डीर (248),Holi(Sub-District) / Chamba(District) / Himachal Pradesh(State),00142700,008099,F,,,,
1244,7152,R.F. Ghadetra (112),अ0 व0 घडेत्रा (112),Saluni(Sub-District) / Chamba(District) / Himachal Pradesh(State),00048000,007152,N,,,,
1245,7194,R.F. Ghatrund (198),अ0 व0 घतरून्ड (198),Saluni(Sub-District) / Chamba(District) / Himachal Pradesh(State),00052200,007194,N,,,,
1246,7051,R.F.Ghunji (500),अ0 व0 घुणजी (500),Churah(Sub-District) / Chamba(District) / Himachal Pradesh(State),00037900,007051,N,,,,
1247,8047,R.F. Glod (158),अ0 व0 गलोड (158),Holi(Sub-District) / Chamba(District) / Himachal Pradesh(State),00137500,008047,F,,,,
1248,7231,R.F. Gothan (218),अ0 व0 गोठाण (218),Saluni(Sub-District) / Chamba(District) / Himachal Pradesh(State),00055900,007231,N,,,,
1249,6791,R.F. Gudan (373),अ0 व0 गुडण (373),Churah(Sub-District) / Chamba(District) / Himachal Pradesh(State),00011900,006791,N,,,,
1250,6790,R.F.Guila (356),अ0 व0 गुईला (356),Churah(Sub-District) / Chamba(District) / Himachal Pradesh(State),00011800,006790,N,,,,
1251,7111,R.F. Guinala (152),अ0 व0 गुईनाला (152),Saluni(Sub-District) / Chamba(District) / Himachal Pradesh(State),00043900,007111,N,,,,
1252,7866,R.F.Gunu (100),अ0 व0 गुणू (100),Dharwala(Sub-District) / Chamba(District) / Himachal Pradesh(State),00119400,007866,N,,,,
1253,7102,R.F. Guwari (147),अ0 व0 गुवाडी (147),Saluni(Sub-District) / Chamba(District) / Himachal Pradesh(State),00043000,007102,N,,,,
1254,8058,R.F. Guwari (170),अ0 व0 गुवाडी (170),Holi(Sub-District) / Chamba(District) / Himachal Pradesh(State),00138600,008058,F,,,,
1255,8251,R.F. Hadsarbilgarsani-I (61),अ0 व0 हडसर बिलगरसानी-I (61),Bharmour(Sub-District) / Chamba(District) / Himachal Pradesh(State),00157900,008251,F,,,,
1256,8250,R.F. Hadsarbilgarsani-II (62),अ0 व0 हडसर बिलगरसानी-II (62),Bharmour(Sub-District) / Chamba(District) / Himachal Pradesh(State),00157800,008250,F,,,,
1257,6812,R.F. Halaira (344),अ0 व0 हलैरा (344),Churah(Sub-District) / Chamba(District) / Himachal Pradesh(State),00014000,006812,N,,,,
1258,8055,R.F. Heling (167),अ0 व0 हेलिंग (167),Holi(Sub-District) / Chamba(District) / Himachal Pradesh(State),00138300,008055,F,,,,
1259,6887,R.F.Himgiri (244),अ0 व0 हिमगिरी (244),Churah(Sub-District) / Chamba(District) / Himachal Pradesh(State),00021500,006887,N,,,,
1260,8043,R.F. Hipam Maroth (160),अ0 व0 हिपम मरोठ (160),Holi(Sub-District) / Chamba(District) / Himachal Pradesh(State),00137100,008043,F,,,,
1261,6829,R.F. Jagbani (314),अ0 व0 जगवणी (314),Churah(Sub-District) / Chamba(District) / Himachal Pradesh(State),00015700,006829,N,,,,
1262,7118,R.F. Jalari (161),अ0 व0 जलाडी (161),Saluni(Sub-District) / Chamba(District) / Himachal Pradesh(State),00044600,007118,N,,,,
1263,7124,R.F. Jamla (129),अ0 व0 जमला (129),Saluni(Sub-District) / Chamba(District) / Himachal Pradesh(State),00045200,007124,N,,,,
1264,7085,R.F.Jammu Kilwali (482),अ0 व0 जम्मू किलवाली (482),Churah(Sub-District) / Chamba(District) / Himachal Pradesh(State),00041300,007085,N,,,,
1265,6816,R.F. Joonth (340),अ0 व0 जून्ठ (340),Churah(Sub-District) / Chamba(District) / Himachal Pradesh(State),00014400,006816,N,,,,
1266,7071,R.F.Jured (477),अ0 व0 जुरेड (477),Churah(Sub-District) / Chamba(District) / Himachal Pradesh(State),00039900,007071,N,,,,
1267,6766,R.F.Kaban (74),अ0 व0 कावण (74),Saach(Sub-District) / Chamba(District) / Himachal Pradesh(State),00009400,006766,F,,,,
1268,6872,R.F. Kaihla (330),अ0 व0 कैहला (330),Churah(Sub-District) / Chamba(District) / Himachal Pradesh(State),00020000,006872,N,,,,
1269,7458,R.F. Kalatop (73),अ0 व0 कालाटोप (73),Dalhousie(Sub-District) / Chamba(District) / Himachal Pradesh(State),00078600,007458,N,,,,
1270,7129,R.F. Kalhetra (165),अ0 व0 कल्हेत्रा (165),Saluni(Sub-District) / Chamba(District) / Himachal Pradesh(State),00045700,007129,N,,,,
1271,8022,R.F. Kalrani (135),अ0 व0 कलराणी (135),Holi(Sub-District) / Chamba(District) / Himachal Pradesh(State),00135000,008022,F,,,,
1272,7049,R.F. Kansargudei (527),अ0 व0 कंसर गुडेई (527),Churah(Sub-District) / Chamba(District) / Himachal Pradesh(State),00037700,007049,N,,,,
1273,7028,R.F. Khajrala (502),अ0 व0 खजराला (502),Churah(Sub-District) / Chamba(District) / Himachal Pradesh(State),00035600,007028,N,,,,
1274,7138,R.F. Khani (129),अ0 व0 खणी (129),Saluni(Sub-District) / Chamba(District) / Himachal Pradesh(State),00046600,007138,N,,,,
1275,6854,R.F. Khnagu (272),अ0 व0 खंगू (272),Churah(Sub-District) / Chamba(District) / Himachal Pradesh(State),00018200,006854,N,,,,
1276,7127,R.F. Khoran (164),अ0 व0 खोरन (164),Saluni(Sub-District) / Chamba(District) / Himachal Pradesh(State),00045500,007127,N,,,,
1277,8225,R.F. Khund (87),अ0 व0 खुन्ड (87),Bharmour(Sub-District) / Chamba(District) / Himachal Pradesh(State),00155300,008225,F,,,,
1278,7164,R.F. Kilor (177),अ0 व0 किलोड (177),Saluni(Sub-District) / Chamba(District) / Himachal Pradesh(State),00049200,007164,N,,,,
1279,6956,R.F. Kilwala (440),अ0 व0 किलवाला (440),Churah(Sub-District) / Chamba(District) / Himachal Pradesh(State),00028400,006956,N,,,,
1280,8235,R.F. Kugti (77),अ0 व0 कुगती (77),Bharmour(Sub-District) / Chamba(District) / Himachal Pradesh(State),00156300,008235,F,,,,
1281,7134,R.F. Kukeran (127),अ0 व0 कुकेरण (127),Saluni(Sub-District) / Chamba(District) / Himachal Pradesh(State),00046200,007134,N,,,,
1282,7857,R. F. Kundi C-3 (84),अ0 व0 कुन्डी सी-3 (84),Dharwala(Sub-District) / Chamba(District) / Himachal Pradesh(State),00118500,007857,N,,,,
1283,7855,R.F. Kundi C-4 (85),अ0 व0 कुन्डी सी-4 (85),Dharwala(Sub-District) / Chamba(District) / Himachal Pradesh(State),00118300,007855,N,,,,
1284,7107,R.F. Laded (151),अ0 व0 लडेड (151),Saluni(Sub-District) / Chamba(District) / Himachal Pradesh(State),00043500,007107,N,,,,
1285,8245,R.F. Lahal (74),अ0 व0 लाहल (74),Bharmour(Sub-District) / Chamba(District) / Himachal Pradesh(State),00157300,008245,F,,,,
1286,6864,R.F.Landun (336),अ0 व0 लण्डूण (336),Churah(Sub-District) / Chamba(District) / Himachal Pradesh(State),00019200,006864,N,,,,
1287,7100,R.F. Langera (136),अ0 व0 लंगेरा (136),Saluni(Sub-District) / Chamba(District) / Himachal Pradesh(State),00042800,007100,N,,,,
1288,7832,R.F. Lanot Fatnu (68),अ0 व0 लनोट फटनू (68),Dharwala(Sub-District) / Chamba(District) / Himachal Pradesh(State),00116000,007832,N,,,,
1289,7030,R.F. Lindibehi Badi (524),अ0 व0 लिण्डी वेही वडी (524),Churah(Sub-District) / Chamba(District) / Himachal Pradesh(State),00035800,007030,N,,,,
1290,7029,R.F. Lindibehi Chhoti (525),अ0 व0 लिण्डी वेही छोटी (525),Churah(Sub-District) / Chamba(District) / Himachal Pradesh(State),00035700,007029,N,,,,
1291,7837,R. F. Loa (71),अ0 व0 लोआ (71),Dharwala(Sub-District) / Chamba(District) / Himachal Pradesh(State),00116500,007837,N,,,,
1292,8037,R.F. Lower Kareri (147),अ0 व0 नीचली करेरी (147),Holi(Sub-District) / Chamba(District) / Himachal Pradesh(State),00136500,008037,F,,,,
1293,6927,R.F. Lower Tain (393),अ0 व0 लोअर टैन (393),Churah(Sub-District) / Chamba(District) / Himachal Pradesh(State),00025500,006927,N,,,,
1294,6673,R.F.Luj (6),अ0 व0 लुज (6),Pangi(Sub-District) / Chamba(District) / Himachal Pradesh(State),00000100,006673,F,,,,
1295,8014,R.F. Madhour (129),अ0 व0 मढौर (129),Holi(Sub-District) / Chamba(District) / Himachal Pradesh(State),00134200,008014,F,,,,
1296,6810,R.F. Manjour (346),अ0 व0 मन्जौर (346),Churah(Sub-District) / Chamba(District) / Himachal Pradesh(State),00013800,006810,N,,,,
1297,6788,R.F.Mansa (358),अ0 व0 मनसा (358),Churah(Sub-District) / Chamba(District) / Himachal Pradesh(State),00011600,006788,N,,,,
1298,7146,R.F. Mehlun (117),अ0 व0 मैहलूण (117),Saluni(Sub-District) / Chamba(District) / Himachal Pradesh(State),00047400,007146,N,,,,
1299,8042,R.F. Middle Kareri (148),अ0 व0 मध्य करेरी (148),Holi(Sub-District) / Chamba(District) / Himachal Pradesh(State),00137000,008042,F,,,,
1300,8070,R.F. Mjharan (185),अ0 व0 मझारन (185),Holi(Sub-District) / Chamba(District) / Himachal Pradesh(State),00139800,008070,F,,,,
1301,8229,R.F. Mouhan (79),अ0 व0 मौहण (79),Bharmour(Sub-District) / Chamba(District) / Himachal Pradesh(State),00155700,008229,F,,,,
1302,8213,R.F. Mouru (101),अ0 व0 मौरू (101),Bharmour(Sub-District) / Chamba(District) / Himachal Pradesh(State),00154100,008213,F,,,,
1303,7058,R.F. Mundibehi (492),अ0 व0 मुन्डी वेही (492),Churah(Sub-District) / Chamba(District) / Himachal Pradesh(State),00038600,007058,N,,,,
1304,8059,R.F. Nagbanirupi Gahar (172),अ0 व0 नागवणी रूपी गाहर (172),Holi(Sub-District) / Chamba(District) / Himachal Pradesh(State),00138700,008059,F,,,,
1305,7104,R.F. Nalwar-I (153),अ0 व0 नलवाड-I (153),Saluni(Sub-District) / Chamba(District) / Himachal Pradesh(State),00043200,007104,N,,,,
1306,7113,R.F.Nalwar-II (155),अ0 व0 नलवाड-II (155),Saluni(Sub-District) / Chamba(District) / Himachal Pradesh(State),00044100,007113,N,,,,
1307,7117,R.F. Nalwar-III (157),अ0 व0 नलवाड-III (157),Saluni(Sub-District) / Chamba(District) / Himachal Pradesh(State),00044500,007117,N,,,,
1308,8092,R.F. Navei (216),अ0 व0 नवेई (216),Holi(Sub-District) / Chamba(District) / Himachal Pradesh(State),00142000,008092,F,,,,
1309,6785,R.F. Neru (361),अ0 व0 नेरू (361),Churah(Sub-District) / Chamba(District) / Himachal Pradesh(State),00011300,006785,N,,,,
1310,8194,R.F. Palan (43),अ0 व0 पालान (43),Bharmour(Sub-District) / Chamba(District) / Himachal Pradesh(State),00152200,008194,F,,,,
1311,8106,R.F. Pandban (249),अ0 व0 पण्डवन (249),Holi(Sub-District) / Chamba(District) / Himachal Pradesh(State),00143400,008106,F,,,,
1312,8088,R.F. Paninali (211),अ0 व0 पानीनाली (211),Holi(Sub-District) / Chamba(District) / Himachal Pradesh(State),00141600,008088,F,,,,
1313,7142,R.F. Panoga (115),अ0 व0 पनोगा (115),Saluni(Sub-District) / Chamba(District) / Himachal Pradesh(State),00047000,007142,N,,,,
1314,6740,R.F.Pilu (76),अ0 व0 पिल्लू (76),Saach(Sub-District) / Chamba(District) / Himachal Pradesh(State),00006800,006740,F,,,,
1315,6758,R.F.Pingu (105),अ0व0 पिन्गू (105),Saach(Sub-District) / Chamba(District) / Himachal Pradesh(State),00008600,006758,F,,,,
1316,8226,R.F. Pranghala (85),अ0 व0 प्रंघाला (85),Bharmour(Sub-District) / Chamba(District) / Himachal Pradesh(State),00155400,008226,F,,,,
1317,8145,R.F. Prehi (114),अ0 व0 प्रेही (114),Bharmour(Sub-District) / Chamba(District) / Himachal Pradesh(State),00147300,008145,F,,,,
1318,6929,R.F. Pukhtla (396),अ0 व0 पुख्तला (396),Churah(Sub-District) / Chamba(District) / Himachal Pradesh(State),00025700,006929,N,,,,
1319,8219,R.F. Rajour (93),अ0 व0 रजौर (93),Bharmour(Sub-District) / Chamba(District) / Himachal Pradesh(State),00154700,008219,F,,,,
1320,8049,R.F. Rakshnu (161),अ0 व0 राक्षणू (161),Holi(Sub-District) / Chamba(District) / Himachal Pradesh(State),00137700,008049,F,,,,
1321,7105,R.F. Ranjal (149),अ0 व0 रंजाल (149),Saluni(Sub-District) / Chamba(District) / Himachal Pradesh(State),00043300,007105,N,,,,
1322,7034,R.F.Rupani (540),अ0 व0 रूपानी (540),Churah(Sub-District) / Chamba(District) / Himachal Pradesh(State),00036200,007034,N,,,,
1323,6824,R.F. Sahu (303),अ0 व0 साहू (303),Churah(Sub-District) / Chamba(District) / Himachal Pradesh(State),00015200,006824,N,,,,
1324,6986,R.F.Saloh (513),अ0 व0 सलोह (513),Churah(Sub-District) / Chamba(District) / Himachal Pradesh(State),00031400,006986,N,,,,
1325,6908,R.F.Sambal (401),अ0 व0 सम्वल (401),Churah(Sub-District) / Chamba(District) / Himachal Pradesh(State),00023600,006908,N,,,,
1326,8158,R.F. Sambra (11),अ0 व0 साम्वरा (11),Bharmour(Sub-District) / Chamba(District) / Himachal Pradesh(State),00148600,008158,F,,,,
1327,7249,R.F. Sarola (89),अ0 व0 सारोला (89),Saluni(Sub-District) / Chamba(District) / Himachal Pradesh(State),00057700,007249,N,,,,
1328,8223,R.F. Sathli (89),अ0 व0 सठली (89),Bharmour(Sub-District) / Chamba(District) / Himachal Pradesh(State),00155100,008223,F,,,,
1329,7011,R.F.Seri (543),अ0 व0 सेरी (543),Churah(Sub-District) / Chamba(District) / Himachal Pradesh(State),00033900,007011,N,,,,
1330,6834,R.F.Shakti (320),अ0 व0 शक्ति (320),Churah(Sub-District) / Chamba(District) / Himachal Pradesh(State),00016200,006834,N,,,,
1331,6782,R.F. Shingda (364),अ0 व0 शिंगडा (364),Churah(Sub-District) / Chamba(District) / Himachal Pradesh(State),00011000,006782,N,,,,
1332,6804,R.F. Shoul (351),अ0 व0 शौल (351),Churah(Sub-District) / Chamba(District) / Himachal Pradesh(State),00013200,006804,N,,,,
1333,7035,R.F. Sikri (537),अ0 व0 सिकरी (537),Churah(Sub-District) / Chamba(District) / Himachal Pradesh(State),00036300,007035,N,,,,
1334,8038,R.F. Siya (146),अ0 व0 सिया (146),Holi(Sub-District) / Chamba(District) / Himachal Pradesh(State),00136600,008038,F,,,,
1335,8147,R.F. Siyur (112),अ0 व0 सिंयूर (112),Bharmour(Sub-District) / Chamba(District) / Himachal Pradesh(State),00147500,008147,F,,,,
1336,6842,R.F. Sugwadi (298),अ0 व0 सुगवाडी (298),Churah(Sub-District) / Chamba(District) / Himachal Pradesh(State),00017000,006842,N,,,,
1337,6806,R.F.Suila (354),अ0 व0 सुईला (354),Churah(Sub-District) / Chamba(District) / Himachal Pradesh(State),00013400,006806,N,,,,
1338,8013,R.F. Sulakhar (128),अ0 व0 सुलाखर (128),Holi(Sub-District) / Chamba(District) / Himachal Pradesh(State),00134100,008013,F,,,,
1339,7083,R.F.Sundari (490),अ0 व0 सुन्दरी (490),Churah(Sub-District) / Chamba(District) / Himachal Pradesh(State),00041100,007083,N,,,,
1340,7097,R.F.Supacholu (140),अ0 व0 सुपाचोलू (140),Saluni(Sub-District) / Chamba(District) / Himachal Pradesh(State),00042500,007097,N,,,,
1341,7412,R.F. Surkhi Gala (95),अ0 व0 सुरखी गला (95),Dalhousie(Sub-District) / Chamba(District) / Himachal Pradesh(State),00074000,007412,N,,,,
1342,8066,R.F. Sutkar (178),अ0 व0 सुटकर (178),Holi(Sub-District) / Chamba(District) / Himachal Pradesh(State),00139400,008066,F,,,,
1343,8090,R.F. Swain (218),अ0 व0 सवैण (218),Holi(Sub-District) / Chamba(District) / Himachal Pradesh(State),00141800,008090,F,,,,
1344,7137,R.F. Tanki Da Pad (121),अ0 व0 टांकी दा पड (121),Saluni(Sub-District) / Chamba(District) / Himachal Pradesh(State),00046500,007137,N,,,,
1345,6951,R.F.Taun (432),अ0 व0 टोन (432),Churah(Sub-District) / Chamba(District) / Himachal Pradesh(State),00027900,006951,N,,,,
1346,8258,R.F. Thalla (60),अ0 व0 थल्ला (60),Bharmour(Sub-District) / Chamba(District) / Himachal Pradesh(State),00158600,008258,F,,,,
1347,7131,R.F. Thamru (167),अ0 व0 थमरू (167),Saluni(Sub-District) / Chamba(District) / Himachal Pradesh(State),00045900,007131,N,,,,
1348,6857,R.F. Tikari (283),अ0 व0 टिकरी (283),Churah(Sub-District) / Chamba(District) / Himachal Pradesh(State),00018500,006857,N,,,,
1349,6922,R.F.Uppar Tain (392),अ0 व0 अप्पर टैन (392),Churah(Sub-District) / Chamba(District) / Himachal Pradesh(State),00025000,006922,N,,,,
1350,8036,R.F. Upper Kareri (149),अ0 व0 उपरली करेरी (149),Holi(Sub-District) / Chamba(District) / Himachal Pradesh(State),00136400,008036,F,,,,
1351,8167,R.F. Urei (6),अ0 व0 उरेई (6),Bharmour(Sub-District) / Chamba(District) / Himachal Pradesh(State),00149500,008167,F,,,,
1352,7673,Rikhgala (320),रिखगला (320),Sihunta(Sub-District) / Chamba(District) / Himachal Pradesh(State),00100100,007673,N,,,,
1353,7457,Rikh Nali (75),रिखनाली (75),Dalhousie(Sub-District) / Chamba(District) / Himachal Pradesh(State),00078500,007457,N,,,,
1354,7784,Rinda (22),रिण्डा (22),Chamba(Sub-District) / Chamba(District) / Himachal Pradesh(State),00111200,007784,N,,,,
1355,7451,Rouhla (92),रौहला (92),Dalhousie(Sub-District) / Chamba(District) / Himachal Pradesh(State),00077900,007451,N,,,,
1356,7494,Rouni (139),रौणी (176),Kakira(Sub-District) / Chamba(District) / Himachal Pradesh(State),00082200,007494,N,,,,
1357,7975,Rouni (211),रौणी (211),Saho(Sub-District) / Chamba(District) / Himachal Pradesh(State),00130300,007975,N,,,,
1358,7452,Rulyani (87),रूलयाणी (87),Dalhousie(Sub-District) / Chamba(District) / Himachal Pradesh(State),00078000,007452,N,,,,
1359,6955,Rundal (443),रूण्डाल (443),Churah(Sub-District) / Chamba(District) / Himachal Pradesh(State),00028300,006955,N,,,,
1360,7941,Rundega (173),रून्डेगा (173),Chamba(Sub-District) / Chamba(District) / Himachal Pradesh(State),00126900,007941,N,,,,
1361,7619,Rupaina (263),रूपेणा (263),Sihunta(Sub-District) / Chamba(District) / Himachal Pradesh(State),00094700,007619,N,,,,
1362,7759,Rupni (288),रूपणी (288),Pukhri(Sub-District) / Chamba(District) / Himachal Pradesh(State),00108700,007759,N,,,,
1363,6681,Rusmas (14),रूसमुस (14),Pangi(Sub-District) / Chamba(District) / Himachal Pradesh(State),00000900,006681,F,,,,
1364,7760,Saal (304),साल (304),Pukhri(Sub-District) / Chamba(District) / Himachal Pradesh(State),00108800,007760,N,,,,
1365,7962,Saar (201),सार (201),Saho(Sub-District) / Chamba(District) / Himachal Pradesh(State),00129000,007962,N,,,,
1366,7786,Sach (20),साच (20),Chamba(Sub-District) / Chamba(District) / Himachal Pradesh(State),00111400,007786,N,,,,
1367,6724,Sach Khas (47),साच (47),Saach(Sub-District) / Chamba(District) / Himachal Pradesh(State),00005200,006724,F,,,,
1368,8212,Sachuin (99),सचूंई (99),Bharmour(Sub-District) / Chamba(District) / Himachal Pradesh(State),00154000,008212,F,,,,
1369,7859,Sadun (94),सादूण (94),Dharwala(Sub-District) / Chamba(District) / Himachal Pradesh(State),00118700,007859,N,,,,
1370,7271,Sagoti (109),अ0 व0 बाढका (105,Telka(Sub-District) / Chamba(District) / Himachal Pradesh(State),00059900,007271,N,,,,
1371,6738,Sahli (54),साहली (54),Saach(Sub-District) / Chamba(District) / Himachal Pradesh(State),00006600,006738,F,,,,
1372,6825,Sahu (304),साहू (304),Churah(Sub-District) / Chamba(District) / Himachal Pradesh(State),00015300,006825,N,,,,
1373,6898,Sai (247),साई (247),Churah(Sub-District) / Chamba(District) / Himachal Pradesh(State),00022600,006898,N,,,,
1374,6770,Saichu (65),सेचू (65),Saach(Sub-District) / Chamba(District) / Himachal Pradesh(State),00009800,006770,F,,,,
1375,8172,Saihli (1),सैहली (1),Bharmour(Sub-District) / Chamba(District) / Himachal Pradesh(State),00150000,008172,F,,,,
1376,7563,Saila (211),सैला (211),Bhattiyat(Sub-District) / Chamba(District) / Himachal Pradesh(State),00089100,007563,N,,,,
1377,7237,Saili (229),सैली (229),Saluni(Sub-District) / Chamba(District) / Himachal Pradesh(State),00056500,007237,N,,,,
1378,6930,Sakloga (404),सकलोगा (404),Churah(Sub-District) / Chamba(District) / Himachal Pradesh(State),00025800,006930,N,,,,
1379,7913,Sakraina (142),सकरैणा (142),Dharwala(Sub-District) / Chamba(District) / Himachal Pradesh(State),00124100,007913,N,,,,
1380,7405,Sakrera (114),सकरेरा (114),Dalhousie(Sub-District) / Chamba(District) / Himachal Pradesh(State),00073300,007405,N,,,,
1381,7718,Salah (299),सलाह (299),Pukhri(Sub-District) / Chamba(District) / Himachal Pradesh(State),00104600,007718,N,,,,
1382,6909,Salahan (402),सलाहन (402),Churah(Sub-District) / Chamba(District) / Himachal Pradesh(State),00023700,006909,N,,,,
1383,6836,Salelabari (316),सलेलाबाडी (316),Churah(Sub-District) / Chamba(District) / Himachal Pradesh(State),00016400,006836,N,,,,
1384,7779,Salg (12),सालग (12),Chamba(Sub-District) / Chamba(District) / Himachal Pradesh(State),00110700,007779,N,,,,
1385,7201,Salodi (196),सलोडी (196),Saluni(Sub-District) / Chamba(District) / Himachal Pradesh(State),00052900,007201,N,,,,
1386,7327,Salodi (44),सलोडी (44),Bhalai(Sub-District) / Chamba(District) / Himachal Pradesh(State),00065500,007327,N,,,,
1387,7500,Salodka (146),सलोडका (146),Kakira(Sub-District) / Chamba(District) / Himachal Pradesh(State),00082800,007500,N,,,,
1388,7583,Saloh (224),सलोह (224),Bhattiyat(Sub-District) / Chamba(District) / Himachal Pradesh(State),00091100,007583,N,,,,
1389,7994,Saloh (228),सालोह (228),Saho(Sub-District) / Chamba(District) / Himachal Pradesh(State),00132200,007994,N,,,,
1390,7169,Salwan (98),सालवां (98),Telka(Sub-District) / Chamba(District) / Himachal Pradesh(State),00049700,007169,N,,,,
1391,7301,Saman (19),समां (19),Bhalai(Sub-District) / Chamba(District) / Himachal Pradesh(State),00062900,007301,N,,,,
1392,8159,Sambra (10),साम्वरा (10),Bharmour(Sub-District) / Chamba(District) / Himachal Pradesh(State),00148700,008159,F,,,,
1393,7350,Samleu (40),समलेऊ (40),Dalhousie(Sub-District) / Chamba(District) / Himachal Pradesh(State),00067800,007350,N,,,,
1394,7387,Samliyata (101),समलियाटा (101),Dalhousie(Sub-District) / Chamba(District) / Himachal Pradesh(State),00071500,007387,N,,,,
1395,7631,Samot (276a),समोट (276a),Sihunta(Sub-District) / Chamba(District) / Himachal Pradesh(State),00095900,007631,N,,,,
1396,7502,Samtar (147),समतर (147),Kakira(Sub-District) / Chamba(District) / Himachal Pradesh(State),00083000,007502,N,,,,
1397,7364,Sandhara (23),सन्धारा (23),Dalhousie(Sub-District) / Chamba(District) / Himachal Pradesh(State),00069200,007364,N,,,,
1398,7953,Sanduh (193),सन्डूह (193),Saho(Sub-District) / Chamba(District) / Himachal Pradesh(State),00128100,007953,N,,,,
1399,6976,Saneewa (448),सनीवा (448),Churah(Sub-District) / Chamba(District) / Himachal Pradesh(State),00030400,006976,N,,,,
1400,7112,Sanghni (156),संघणी (156),Saluni(Sub-District) / Chamba(District) / Himachal Pradesh(State),00044000,007112,N,,,,
1401,7396,Sangrehan (119),संग्रैहण (119),Dalhousie(Sub-District) / Chamba(District) / Himachal Pradesh(State),00072400,007396,N,,,,
1402,7304,Sangrut (33),संगरूट (33),Bhalai(Sub-District) / Chamba(District) / Himachal Pradesh(State),00063200,007304,N,,,,
1403,8143,Sanh (107),सांह (107),Holi(Sub-District) / Chamba(District) / Himachal Pradesh(State),00147100,008143,F,,,,
1404,7351,Sanjap (42),संजप (42),Dalhousie(Sub-District) / Chamba(District) / Himachal Pradesh(State),00067900,007351,N,,,,
1405,7349,Sanjpoi (41),संजपोई (41),Dalhousie(Sub-District) / Chamba(District) / Himachal Pradesh(State),00067700,007349,N,,,,
1406,7672,Sankhyad (318),सख्याड (318),Sihunta(Sub-District) / Chamba(District) / Himachal Pradesh(State),00100000,007672,N,,,,
1407,8006,Sanotha (248),सनोथा (248),Saho(Sub-District) / Chamba(District) / Himachal Pradesh(State),00133400,008006,N,,,,
1408,7132,Sanunh (166),सनूंह (166),Saluni(Sub-District) / Chamba(District) / Himachal Pradesh(State),00046000,007132,N,,,,
1409,6828,Sanwal (315),सनवाल (315),Churah(Sub-District) / Chamba(District) / Himachal Pradesh(State),00015600,006828,N,,,,
1410,7321,Sapahan (34),सपाहन (34),Bhalai(Sub-District) / Chamba(District) / Himachal Pradesh(State),00064900,007321,N,,,,
1411,6863,Sapdoth (324),सपडोठ (324),Churah(Sub-District) / Chamba(District) / Himachal Pradesh(State),00019100,006863,N,,,,
1412,6926,Sapranjla (394),सपरांजला (394),Churah(Sub-District) / Chamba(District) / Himachal Pradesh(State),00025400,006926,N,,,,
1413,7042,Saprot (563),शपरोट (563),Churah(Sub-District) / Chamba(District) / Himachal Pradesh(State),00037000,007042,N,,,,
1414,7987,Sara (222),सरा (222),Saho(Sub-District) / Chamba(District) / Himachal Pradesh(State),00131500,007987,N,,,,
1415,7248,Sarahar (88),सराहर (88),Saluni(Sub-District) / Chamba(District) / Himachal Pradesh(State),00057600,007248,N,,,,
1416,7303,Sarai (17),सराई (17),Bhalai(Sub-District) / Chamba(District) / Himachal Pradesh(State),00063100,007303,N,,,,
1417,7046,Sarana (538),सारना (538),Churah(Sub-District) / Chamba(District) / Himachal Pradesh(State),00037400,007046,N,,,,
1418,7584,Sarna (223),सारना (223),Bhattiyat(Sub-District) / Chamba(District) / Himachal Pradesh(State),00091200,007584,N,,,,
1419,7150,Sarog (173),सरोग (173),Saluni(Sub-District) / Chamba(District) / Himachal Pradesh(State),00047800,007150,N,,,,
1420,7667,Sarog (297),सरोग (297),Sihunta(Sub-District) / Chamba(District) / Himachal Pradesh(State),00099500,007667,N,,,,
1421,7968,Sarol (206),सरोल (206),Saho(Sub-District) / Chamba(District) / Himachal Pradesh(State),00129600,007968,N,,,,
1422,7751,Sarol (282),सरौल (282),Chamba(Sub-District) / Chamba(District) / Himachal Pradesh(State),00107900,007751,N,,,,
1423,8183,Sarotha (33),सरोठा (33),Bharmour(Sub-District) / Chamba(District) / Himachal Pradesh(State),00151100,008183,F,,,,
1424,7782,Saru (15),सरू (15),Chamba(Sub-District) / Chamba(District) / Himachal Pradesh(State),00111000,007782,N,,,,
1425,6979,Sarua (450),सारूआ (450),Churah(Sub-District) / Chamba(District) / Himachal Pradesh(State),00030700,006979,N,,,,
1426,7729,Sarunda (264),सरून्डा (264),Pukhri(Sub-District) / Chamba(District) / Himachal Pradesh(State),00105700,007729,N,,,,
1427,6796,Satyas (376),सत्यास (376),Churah(Sub-District) / Chamba(District) / Himachal Pradesh(State),00012400,006796,N,,,,
1428,7748,Sei (237),सेई (237),Chamba(Sub-District) / Chamba(District) / Himachal Pradesh(State),00107600,007748,N,,,,
1429,6869,Seikothi (334),सेईकोठी (334),Churah(Sub-District) / Chamba(District) / Himachal Pradesh(State),00019700,006869,N,,,,
1430,7477,Sel (122),सेल (122),Kakira(Sub-District) / Chamba(District) / Himachal Pradesh(State),00080500,007477,N,,,,
1431,7467,Ser (81),सेर (81),Dalhousie(Sub-District) / Chamba(District) / Himachal Pradesh(State),00079500,007467,N,,,,
1432,7918,Seri (154),सेरी (154),Dharwala(Sub-District) / Chamba(District) / Himachal Pradesh(State),00124600,007918,N,,,,
1433,6710,Seri (37),सेरी (37),Pangi(Sub-District) / Chamba(District) / Himachal Pradesh(State),00003800,006710,F,,,,
1434,7342,Seri (61),सेरी (61),Telka(Sub-District) / Chamba(District) / Himachal Pradesh(State),00067000,007342,N,,,,
1435,8211,Seri (96),सेरी (96),Bharmour(Sub-District) / Chamba(District) / Himachal Pradesh(State),00153900,008211,F,,,,
1436,6688,Seri Bhatwas (21),सेरी भटवास (21),Pangi(Sub-District) / Chamba(District) / Himachal Pradesh(State),00001600,006688,F,,,,
1437,8254,Serkao (58),सेरकाओ (58),Bharmour(Sub-District) / Chamba(District) / Himachal Pradesh(State),00158200,008254,F,,,,
1438,7187,Shagla (253),शागला (253),Saluni(Sub-District) / Chamba(District) / Himachal Pradesh(State),00051500,007187,N,,,,
1439,7181,Shaini (271),शैणी (271),Saluni(Sub-District) / Chamba(District) / Himachal Pradesh(State),00050900,007181,N,,,,
1440,6870,Shali (333),शाली (333),Churah(Sub-District) / Chamba(District) / Himachal Pradesh(State),00019800,006870,N,,,,
1441,7223,Shalla (212),शल्ला (212),Saluni(Sub-District) / Chamba(District) / Himachal Pradesh(State),00055100,007223,N,,,,
1442,7225,Shalyund (217),शलयूंड (217),Saluni(Sub-District) / Chamba(District) / Himachal Pradesh(State),00055300,007225,N,,,,
1443,6960,Shantewa (444),शन्तेवा (444),Churah(Sub-District) / Chamba(District) / Himachal Pradesh(State),00028800,006960,N,,,,
1444,7438,Sherpur (61),शेरपुर (61),Dalhousie(Sub-District) / Chamba(District) / Himachal Pradesh(State),00076600,007438,N,,,,
1445,7768,Sheru (4),शेरू (4),Chamba(Sub-District) / Chamba(District) / Himachal Pradesh(State),00109600,007768,N,,,,
1446,6937,Shikari (416),शिकारी (416),Churah(Sub-District) / Chamba(District) / Himachal Pradesh(State),00026500,006937,N,,,,
1447,6999,Shind (545),शिन्ड (545),Churah(Sub-District) / Chamba(District) / Himachal Pradesh(State),00032700,006999,N,,,,
1448,6760,Shonr (79),शौंर (79),Saach(Sub-District) / Chamba(District) / Himachal Pradesh(State),00008800,006760,F,,,,
1449,6736,Shoon (56),शूण (56),Saach(Sub-District) / Chamba(District) / Himachal Pradesh(State),00006400,006736,F,,,,
1450,6803,Shoul (353),शौल (353),Churah(Sub-District) / Chamba(District) / Himachal Pradesh(State),00013100,006803,N,,,,
1451,6942,Shrigarh (424),श्रीगढ (424),Churah(Sub-District) / Chamba(District) / Himachal Pradesh(State),00027000,006942,N,,,,
1452,7212,Shukrah (257),शुक्राह  (257),Saluni(Sub-District) / Chamba(District) / Himachal Pradesh(State),00054000,007212,N,,,,
1453,6896,Shuwai (246),शुवाई (246),Churah(Sub-District) / Chamba(District) / Himachal Pradesh(State),00022400,006896,N,,,,
1454,7732,Sidh (277),सिढ (277),Pukhri(Sub-District) / Chamba(District) / Himachal Pradesh(State),00106000,007732,N,,,,
1455,7646,Sihunta Jarei (300a),सिहुन्ता जरेई (300a),Sihunta(Sub-District) / Chamba(District) / Himachal Pradesh(State),00097400,007646,N,,,,
1456,7297,Sikaryah (16),सिकडयाह (16),Bhalai(Sub-District) / Chamba(District) / Himachal Pradesh(State),00062500,007297,N,,,,
1457,7479,Sikhnu (129),सिखनू (129),Kakira(Sub-District) / Chamba(District) / Himachal Pradesh(State),00080700,007479,N,,,,
1458,8008,Silla(253),सिल्ला (253),Saho(Sub-District) / Chamba(District) / Himachal Pradesh(State),00133600,008008,N,,,,
1459,6925,Silon (381),सिलोन (381),Churah(Sub-District) / Chamba(District) / Himachal Pradesh(State),00025300,006925,N,,,,
1460,8180,Silpdi (29),सिलपडी (29),Bharmour(Sub-District) / Chamba(District) / Himachal Pradesh(State),00150800,008180,F,,,,
1461,7311,Simni (26),सिमणी (26),Bhalai(Sub-District) / Chamba(District) / Himachal Pradesh(State),00063900,007311,N,,,,
1462,6971,Simra (456),सिमरा (456),Churah(Sub-District) / Chamba(District) / Himachal Pradesh(State),00029900,006971,N,,,,
1463,8123,Sindi (223),सिंदी (223),Holi(Sub-District) / Chamba(District) / Himachal Pradesh(State),00145100,008123,F,,,,
1464,7196,Sindla (194),सिंदला (194),Saluni(Sub-District) / Chamba(District) / Himachal Pradesh(State),00052400,007196,N,,,,
1465,7218,Singa (237),सिंगा (237),Saluni(Sub-District) / Chamba(District) / Himachal Pradesh(State),00054600,007218,N,,,,
1466,7780,Singi (24),सींगी (24),Chamba(Sub-District) / Chamba(District) / Himachal Pradesh(State),00110800,007780,N,,,,
1467,7002,Singodi (569),सिंगोडी (569),Churah(Sub-District) / Chamba(District) / Himachal Pradesh(State),00033000,007002,N,,,,
1468,7365,Sinharu (24),सिहारू (24),Dalhousie(Sub-District) / Chamba(District) / Himachal Pradesh(State),00069300,007365,N,,,,
1469,8150,Sinyur (115),सिंयूर (115),Bharmour(Sub-District) / Chamba(District) / Himachal Pradesh(State),00147800,008150,F,,,,
1470,8198,Sirad (44),सिरड (44),Bharmour(Sub-District) / Chamba(District) / Himachal Pradesh(State),00152600,008198,F,,,,
1471,7128,Siraglu (160),सिरागलू (160),Saluni(Sub-District) / Chamba(District) / Himachal Pradesh(State),00045600,007128,N,,,,
1472,6802,Siri (378),सिरी (378),Churah(Sub-District) / Chamba(District) / Himachal Pradesh(State),00013000,006802,N,,,,
1473,7956,Sittal (189),सिटल (189),Saho(Sub-District) / Chamba(District) / Himachal Pradesh(State),00128400,007956,N,,,,
1474,7260,Siyula (81),सियूला (81),Telka(Sub-District) / Chamba(District) / Himachal Pradesh(State),00058800,007260,N,,,,
1475,7615,Siyun (259),सियूण (259),Sihunta(Sub-District) / Chamba(District) / Himachal Pradesh(State),00094300,007615,N,,,,
1476,7395,Siyungat (118),सियुन्गत (118),Dalhousie(Sub-District) / Chamba(District) / Himachal Pradesh(State),00072300,007395,N,,,,
1477,7372,Sohar (18),सोहर (18),Dalhousie(Sub-District) / Chamba(District) / Himachal Pradesh(State),00070000,007372,N,,,,
1478,7037,Sohi (558),सोही (558),Churah(Sub-District) / Chamba(District) / Himachal Pradesh(State),00036500,007037,N,,,,
1479,7750,Soodi (236),सूडी (236),Chamba(Sub-District) / Chamba(District) / Himachal Pradesh(State),00107800,007750,N,,,,
1480,7171,Soori (183),सूरी (183),Saluni(Sub-District) / Chamba(District) / Himachal Pradesh(State),00049900,007171,N,,,,
1481,6989,Sothi (518),सोंठी (518),Churah(Sub-District) / Chamba(District) / Himachal Pradesh(State),00031700,006989,N,,,,
1482,6862,Souhnda (323),सौहण्डा (323),Churah(Sub-District) / Chamba(District) / Himachal Pradesh(State),00019000,006862,N,,,,
1483,7370,Sudal (26),सुदल (26),Dalhousie(Sub-District) / Chamba(District) / Himachal Pradesh(State),00069800,007370,N,,,,
1484,6879,Sudla (278),सुदला (278),Churah(Sub-District) / Chamba(District) / Himachal Pradesh(State),00020700,006879,N,,,,
1485,6846,Sugwadi (296),सुगवाडी (296),Churah(Sub-District) / Chamba(District) / Himachal Pradesh(State),00017400,006846,N,,,,
1486,7865,Sukrahal (99),सुकराहल (99),Dharwala(Sub-District) / Chamba(District) / Himachal Pradesh(State),00119300,007865,N,,,,
1487,7728,Sukretha (263),सुकरैठा (263),Pukhri(Sub-District) / Chamba(District) / Himachal Pradesh(State),00105600,007728,N,,,,
1488,8015,Sulakhar (130),सुलाखर (130),Holi(Sub-District) / Chamba(District) / Himachal Pradesh(State),00134300,008015,F,,,,
1489,7787,Sultanpur (18),सुल्तानपुर (18),Chamba(Sub-District) / Chamba(District) / Himachal Pradesh(State),00111500,007787,N,,,,
1490,7495,Sunagar (140),सुनागर (140),Kakira(Sub-District) / Chamba(District) / Himachal Pradesh(State),00082300,007495,N,,,,
1491,7849,Sunara (87),सुनारा (87),Dharwala(Sub-District) / Chamba(District) / Himachal Pradesh(State),00117700,007849,N,,,,
1492,7082,Sundari (489),सुंदरी (489),Churah(Sub-District) / Chamba(District) / Himachal Pradesh(State),00041000,007082,N,,,,
1493,7548,Sundhar (194),सुंधार (194),Bhattiyat(Sub-District) / Chamba(District) / Himachal Pradesh(State),00087600,007548,N,,,,
1494,7347,Sundhar (56),सुन्धार (56),Telka(Sub-District) / Chamba(District) / Himachal Pradesh(State),00067500,007347,N,,,,
1495,7972,Sundrani Dhar (214),धार सुन्दराणी (214),Saho(Sub-District) / Chamba(District) / Himachal Pradesh(State),00130000,007972,N,,,,
1496,7747,Sungal (235),सुंगल (235),Chamba(Sub-District) / Chamba(District) / Himachal Pradesh(State),00107500,007747,N,,,,
1497,7192,Sunj (261),सुंज (261),Saluni(Sub-District) / Chamba(District) / Himachal Pradesh(State),00052000,007192,N,,,,
1498,8196,Sup (47),सुप (47),Bharmour(Sub-District) / Chamba(District) / Himachal Pradesh(State),00152400,008196,F,,,,
1499,7264,Suraila Pukhri (73),सुरेला पुखरी (73),Saluni(Sub-District) / Chamba(District) / Himachal Pradesh(State),00059200,007264,N,,,,
1500,6683,Sural Bhatori (16),सुराल भटोरी (16),Pangi(Sub-District) / Chamba(District) / Himachal Pradesh(State),00001100,006683,F,,,,
1501,8105,Surei (238),सुरेई (238),Holi(Sub-District) / Chamba(District) / Himachal Pradesh(State),00143300,008105,F,,,,
1502,7785,Suren (17),सुरैं (17),Chamba(Sub-District) / Chamba(District) / Himachal Pradesh(State),00111300,007785,N,,,,
1503,7220,Surgani (235),सुरगाणी (235),Saluni(Sub-District) / Chamba(District) / Himachal Pradesh(State),00054800,007220,N,,,,
1504,7628,Surpada (278),सुरपडा (278),Sihunta(Sub-District) / Chamba(District) / Himachal Pradesh(State),00095600,007628,N,,,,
1505,7235,Sutanh (230),सुतांह (230),Saluni(Sub-District) / Chamba(District) / Himachal Pradesh(State),00056300,007235,N,,,,
1506,8062,Sutkar (176),सुटकर (176),Holi(Sub-District) / Chamba(District) / Himachal Pradesh(State),00139000,008062,F,,,,
1507,8024,Swai (140),स्वाई (140),Holi(Sub-District) / Chamba(District) / Himachal Pradesh(State),00135200,008024,F,,,,
1508,7070,Swala (487),स्वाला (487),Churah(Sub-District) / Chamba(District) / Himachal Pradesh(State),00039800,007070,N,,,,
1509,7008,Sweega (555),स्वीगा (555),Churah(Sub-District) / Chamba(District) / Himachal Pradesh(State),00033600,007008,N,,,,
1510,7848,Tagi (83),तागी (83),Dharwala(Sub-District) / Chamba(District) / Himachal Pradesh(State),00117600,007848,N,,,,
1511,6682,Tai (15),ताई (15),Pangi(Sub-District) / Chamba(District) / Himachal Pradesh(State),00001000,006682,F,,,,
1512,6687,Takwas (20),टकवास (20),Pangi(Sub-District) / Chamba(District) / Himachal Pradesh(State),00001500,006687,F,,,,
1513,7151,Talai (175),तलाई (175),Saluni(Sub-District) / Chamba(District) / Himachal Pradesh(State),00047900,007151,N,,,,
1514,7627,Talai Jangal (264),तलाई जंगल (264),Sihunta(Sub-District) / Chamba(District) / Himachal Pradesh(State),00095500,007627,N,,,,
1515,7319,Taleru (37),तलेरू (37),Bhalai(Sub-District) / Chamba(District) / Himachal Pradesh(State),00064700,007319,N,,,,
1516,7268,Talodi (70),तलोडी (70),Saluni(Sub-District) / Chamba(District) / Himachal Pradesh(State),00059600,007268,N,,,,
1517,7437,Tappar (58),टप्पर (58),Dalhousie(Sub-District) / Chamba(District) / Himachal Pradesh(State),00076500,007437,N,,,,
1518,7809,Tapun (35),टपूण (35),Chamba(Sub-District) / Chamba(District) / Himachal Pradesh(State),00113700,007809,N,,,,
1519,7508,Tara Garh (153),तारागढ (153),Kakira(Sub-District) / Chamba(District) / Himachal Pradesh(State),00083600,007508,N,,,,
1520,7359,Tarwad (33),टरवाड (33),Dalhousie(Sub-District) / Chamba(District) / Himachal Pradesh(State),00068700,007359,N,,,,
1521,6905,Tatrog (405),टटरोग (405),Churah(Sub-District) / Chamba(District) / Himachal Pradesh(State),00023300,006905,N,,,,
1522,7378,Tei (20),तेई (20),Dalhousie(Sub-District) / Chamba(District) / Himachal Pradesh(State),00070600,007378,N,,,,
1523,6916,Tepa (386),टेपा (386),Churah(Sub-District) / Chamba(District) / Himachal Pradesh(State),00024400,006916,N,,,,
1524,7668,Thakoli (315),थकोली (315),Sihunta(Sub-District) / Chamba(District) / Himachal Pradesh(State),00099600,007668,N,,,,
1525,7739,Thakrouta (260),ठकरौता (260),Pukhri(Sub-District) / Chamba(District) / Himachal Pradesh(State),00106700,007739,N,,,,
1526,7290,Thal (12),थल (12),Bhalai(Sub-District) / Chamba(District) / Himachal Pradesh(State),00061800,007290,N,,,,
1527,7936,Thalla (171),थल्ला (171),Chamba(Sub-District) / Chamba(District) / Himachal Pradesh(State),00126400,007936,N,,,,
1528,8176,Thalla (25),थल्ला (25),Bharmour(Sub-District) / Chamba(District) / Himachal Pradesh(State),00150400,008176,F,,,,
1529,6959,Thalli (442),थल्ली (442),Churah(Sub-District) / Chamba(District) / Himachal Pradesh(State),00028700,006959,N,,,,
1530,7166,Thaloga (101),थलोगा (101),Telka(Sub-District) / Chamba(District) / Himachal Pradesh(State),00049400,007166,N,,,,
1531,6705,Thamoh (34),थमोह (34),Pangi(Sub-District) / Chamba(District) / Himachal Pradesh(State),00003300,006705,F,,,,
1532,6875,Thanai Kothi(325),थनेई कोठी (325),Churah(Sub-District) / Chamba(District) / Himachal Pradesh(State),00020300,006875,N,eSignGOFile662648_19_02_2025_17_06_44.pdf,,,
1533,6765,Thandal (77),थांडल (77),Saach(Sub-District) / Chamba(District) / Himachal Pradesh(State),00009300,006765,F,,,,
1534,8094,Thanetar (243),थनेतर (243),Holi(Sub-District) / Chamba(District) / Himachal Pradesh(State),00142200,008094,F,,,,
1535,7534,Thanoli (182),थनोली (182),Bhattiyat(Sub-District) / Chamba(District) / Himachal Pradesh(State),00086200,007534,N,,,,
1536,7663,That Jangal (289),थत जंगल (289),Sihunta(Sub-District) / Chamba(District) / Himachal Pradesh(State),00099100,007663,N,,,,
1537,7607,Thehda Jangal (257),ठेहडा जंगल (257),Bhattiyat(Sub-District) / Chamba(District) / Himachal Pradesh(State),00093500,007607,N,,,,
1538,7099,Theka Dhar Bajubag (137),ठेका धार वाजूवग (137),Saluni(Sub-District) / Chamba(District) / Himachal Pradesh(State),00042700,007099,N,,,,
1539,7872,Theka Dhar Chala (108),ठेका धार चला (108),Dharwala(Sub-District) / Chamba(District) / Himachal Pradesh(State),00120000,007872,N,,,,
1540,7095,Theka Dhar Padhri (138),ठेका धार पधरी (138),Saluni(Sub-District) / Chamba(District) / Himachal Pradesh(State),00042300,007095,N,,,,
1541,7844,Theka Dhar Padhri (76),ठेका धार पधरी (76),Dharwala(Sub-District) / Chamba(District) / Himachal Pradesh(State),00117200,007844,N,,,,
1542,7172,Thisla (181),थिसला (181),Saluni(Sub-District) / Chamba(District) / Himachal Pradesh(State),00050000,007172,N,,,,
1543,7701,Thulel (336),थुलेल (336),Sihunta(Sub-District) / Chamba(District) / Himachal Pradesh(State),00102900,007701,N,,,,
1544,8011,Thundu (251),ठुन्डू (251),Saho(Sub-District) / Chamba(District) / Himachal Pradesh(State),00133900,008011,N,,,,
1545,7294,Tikar (52),टिकर (52),Bhalai(Sub-District) / Chamba(District) / Himachal Pradesh(State),00062200,007294,N,,,,
1546,7491,Tikkri (136),टिक्करी (136),Kakira(Sub-District) / Chamba(District) / Himachal Pradesh(State),00081900,007491,N,,,,
1547,6894,Tikkri (254),टिक्करी (254),Churah(Sub-District) / Chamba(District) / Himachal Pradesh(State),00022200,006894,N,,,,
1548,7730,Tikri (274),टिकरी (274),Pukhri(Sub-District) / Chamba(District) / Himachal Pradesh(State),00105800,007730,N,,,,
1549,7654,Tikri (279),टिक्करी (279),Sihunta(Sub-District) / Chamba(District) / Himachal Pradesh(State),00098200,007654,N,,,,
1550,6980,Tikrigarh (458),टिक्करीगढ (458),Churah(Sub-District) / Chamba(District) / Himachal Pradesh(State),00030800,006980,N,,,,
1551,7996,Tipra (230),टिपरा (230),Saho(Sub-District) / Chamba(District) / Himachal Pradesh(State),00132400,007996,N,,,,
1552,7769,Tipri (5),टिपरी (5),Chamba(Sub-District) / Chamba(District) / Himachal Pradesh(State),00109700,007769,N,,,,
1553,6935,Tisagarh (412),तीसागढ (412),Churah(Sub-District) / Chamba(District) / Himachal Pradesh(State),00026300,006935,N,,,,
1554,7335,Tiyari (65),तियारी (65),Bhalai(Sub-District) / Chamba(District) / Himachal Pradesh(State),00066300,007335,N,,,,
1555,7501,Tlahra (156),तलाहरा (156),Kakira(Sub-District) / Chamba(District) / Himachal Pradesh(State),00082900,007501,N,,,,
1556,7292,Toga (53),तोगा (53),Bhalai(Sub-District) / Chamba(District) / Himachal Pradesh(State),00062000,007292,N,,,,
1557,7733,Tosa (278),तोसा (278),Pukhri(Sub-District) / Chamba(District) / Himachal Pradesh(State),00106100,007733,N,,,,
1558,7911,Trakad Chhoi (140),त्रकड छोई (140),Dharwala(Sub-District) / Chamba(District) / Himachal Pradesh(State),00123900,007911,N,,,,
1559,6917,Trakad Dar (387),त्रकड दर (387),Churah(Sub-District) / Chamba(District) / Himachal Pradesh(State),00024500,006917,N,,,,
1560,7893,Trakad Girdahar (129),त्रकड गिरडाहर (129),Dharwala(Sub-District) / Chamba(District) / Himachal Pradesh(State),00122100,007893,N,,,,
1561,6967,Trakad Jail (433),त्रकड जैल (433),Churah(Sub-District) / Chamba(District) / Himachal Pradesh(State),00029500,006967,N,,,,
1562,6784,Trakad Jhamuni (362),त्रकड झमूणी (362),Churah(Sub-District) / Chamba(District) / Himachal Pradesh(State),00011200,006784,N,,,,
1563,6779,Trakad Kalaban (367),त्रकड कालावन (367),Churah(Sub-District) / Chamba(District) / Himachal Pradesh(State),00010700,006779,N,,,,
1564,7076,Trakad Khadtap (475),त्रकड खडताप (475),Churah(Sub-District) / Chamba(District) / Himachal Pradesh(State),00040400,007076,N,,,,
1565,6915,Trakad Kharundi (385),त्रकड खरूंडी (385),Churah(Sub-District) / Chamba(District) / Himachal Pradesh(State),00024300,006915,N,,,,
1566,6919,Trakad Khuryan (388),त्रकड खुरयान (388),Churah(Sub-District) / Chamba(District) / Himachal Pradesh(State),00024700,006919,N,,,,
1567,6799,Trakad Kutheli (369),त्रकड कुठेली (369),Churah(Sub-District) / Chamba(District) / Himachal Pradesh(State),00012700,006799,N,,,,
1568,6780,Trakad Malikundi Malur (366),त्रकड मालीकुन्डी मलूर (366),Churah(Sub-District) / Chamba(District) / Himachal Pradesh(State),00010800,006780,N,,,,
1569,6786,Trakad Mansa Nadal (360),त्रकड मनसा नडल (360),Churah(Sub-District) / Chamba(District) / Himachal Pradesh(State),00011400,006786,N,,,,
1570,6793,Trakad Ranikot (368),त्रकड रानीकोट (368),Churah(Sub-District) / Chamba(District) / Himachal Pradesh(State),00012100,006793,N,,,,
1571,7343,Trehad (60),त्रेहड (60),Telka(Sub-District) / Chamba(District) / Himachal Pradesh(State),00067100,007343,N,,,,
1572,7157,Tribhol (180),त्रिभोल (180),Saluni(Sub-District) / Chamba(District) / Himachal Pradesh(State),00048500,007157,N,,,,
1573,7568,Trimath (216),त्रिमथ (216),Bhattiyat(Sub-District) / Chamba(District) / Himachal Pradesh(State),00089600,007568,N,,,,
1574,7393,Tritha (109),त्रिठा (109),Dalhousie(Sub-District) / Chamba(District) / Himachal Pradesh(State),00072100,007393,N,,,,
1575,7980,Tritha (208),त्रिठा (208),Saho(Sub-District) / Chamba(District) / Himachal Pradesh(State),00130800,007980,N,,,,
1576,7742,Triya (256),त्रिया (256),Pukhri(Sub-District) / Chamba(District) / Himachal Pradesh(State),00107000,007742,N,,,,
1577,8146,Triyund (113),त्रियून्द (113),Bharmour(Sub-District) / Chamba(District) / Himachal Pradesh(State),00147400,008146,F,,,,
1578,7334,Tuhi (68),तुही (68),Bhalai(Sub-District) / Chamba(District) / Himachal Pradesh(State),00066200,007334,N,,,,
1579,8177,Tunda (26),तुन्दा (26),Bharmour(Sub-District) / Chamba(District) / Himachal Pradesh(State),00150500,008177,F,,,,
1580,7661,Tunda Dand (286),टुन्डा दांद (286),Sihunta(Sub-District) / Chamba(District) / Himachal Pradesh(State),00098900,007661,N,,,,
1581,7624,Tundi Jarei (270a),टुन्डी जरेई (270 A),Sihunta(Sub-District) / Chamba(District) / Himachal Pradesh(State),00095200,007624,N,,,,
1582,6686,Tundru (19),टुन्डरू (19),Pangi(Sub-District) / Chamba(District) / Himachal Pradesh(State),00001400,006686,F,,,,
1583,7854,Tur (92),तुर (92),Dharwala(Sub-District) / Chamba(District) / Himachal Pradesh(State),00118200,007854,N,,,,
1584,7585,Turkda (222),तुरकडा (222),Bhattiyat(Sub-District) / Chamba(District) / Himachal Pradesh(State),00091300,007585,N,,,,
1585,6734,Twan (61),टवाण (61),Saach(Sub-District) / Chamba(District) / Himachal Pradesh(State),00006200,006734,F,,,,
1586,7783,Udaipur 16),उदयपुर (16),Chamba(Sub-District) / Chamba(District) / Himachal Pradesh(State),00111100,007783,N,,,,
1587,6735,Udeen (57),उदीण (57),Saach(Sub-District) / Chamba(District) / Himachal Pradesh(State),00006300,006735,F,,,,
1588,8012,Ulansa (126),उलांसा (126),Holi(Sub-District) / Chamba(District) / Himachal Pradesh(State),00134000,008012,F,,,,
1589,7369,Ulehad (16),उलेहड (16),Dalhousie(Sub-District) / Chamba(District) / Himachal Pradesh(State),00069700,007369,N,,,,
1590,8242,Uperli Kugti (72),उपरली कुगती (72),Bharmour(Sub-District) / Chamba(District) / Himachal Pradesh(State),00157000,008242,F,,,,
1591,8136,Uperli Tiyari (188),उपरली तियारी (188),Holi(Sub-District) / Chamba(District) / Himachal Pradesh(State),00146400,008136,F,,,,
1592,8166,Urei (5),उरेई (5),Bharmour(Sub-District) / Chamba(District) / Himachal Pradesh(State),00149400,008166,F,,,,
1593,8114,Urna (237),उरना (237),Holi(Sub-District) / Chamba(District) / Himachal Pradesh(State),00144200,008114,F,,,,
1594,7945,Uteep (179),ऊटीप (179),Chamba(Sub-District) / Chamba(District) / Himachal Pradesh(State),00127300,007945,N,,,,
1595,7528,Utki (180),ऊटकी (180),Bhattiyat(Sub-District) / Chamba(District) / Himachal Pradesh(State),00085600,007528,N,,,,
1596,7021,Utpur (506),उटपुर (506),Churah(Sub-District) / Chamba(District) / Himachal Pradesh(State),00034900,007021,N,,,,
1597,7317,Wahngal (35),बांहगल (35),Bhalai(Sub-District) / Chamba(District) / Himachal Pradesh(State),00064500,007317,N,,,,
1598,7824,West Chhbaru (59),वैस्ट छवारू (59),Chamba(Sub-District) / Chamba(District) / Himachal Pradesh(State),00115200,007824,N,,,,
