S No,Village LGD Code,Village Name (In English),Village Name (In Local language),Hierarchy,Census 2001 Code,Census2011 Code,Pesa Status,View Government Order,View Details,View History,View Map
1,16792,Adaras Nagar (24/17),आदर्श नगर (24/17),Nadaun(Sub-District) / Hamirpur(District) / Himachal Pradesh(State),01004200,016792,N,,,,
2,17409,Adarin (30/15),आधरी (30/15),Barsar(Sub-District) / Hamirpur(District) / Himachal Pradesh(State),01056800,017409,N,,,,
3,17164,Adhwani (48/1),अधवानी  (48/1),Hamirpur(Sub-District) / Hamirpur(District) / Himachal Pradesh(State),01029900,017164,N,,,,
4,17428,Aghar (31/1),अघार (31/1),Barsar(Sub-District) / Hamirpur(District) / Himachal Pradesh(State),01058700,017428,N,,,,
5,17295,Aghar (42/41),अघार (42/41),Hamirpur(Sub-District) / Hamirpur(District) / Himachal Pradesh(State),01044700,017295,N,,,,
6,17703,Aghwin Buhli (34/65),अगवीं बूहली (34/65),Dhatwal(Sub-District) / Hamirpur(District) / Himachal Pradesh(State),01083600,017703,N,,,,
7,17704,Aghwin Upperly (34/64),अगवीं उपरली (34/64),Dhatwal(Sub-District) / Hamirpur(District) / Himachal Pradesh(State),01083700,017704,N,,,,
8,16941,Agthan (36/14),अगथान (36/14),Galore(Sub-District) / Hamirpur(District) / Himachal Pradesh(State),00992500,016941,N,,,,
9,16488,Ajjal (60/5),अजल (60/5),Tira Sujanpur(Sub-District) / Hamirpur(District) / Himachal Pradesh(State),00965600,016488,N,,,,
10,17549,Akrana Brahmna (35/11),अकराणा   ब्राहमणा (35/11),Barsar(Sub-District) / Hamirpur(District) / Himachal Pradesh(State),01070100,017549,N,,,,
11,17550,Akrana Rajputtan (35/6),अकराणा  राजपुता (35/6),Barsar(Sub-District) / Hamirpur(District) / Himachal Pradesh(State),01070200,017550,N,,,,
12,16405,Amb Ghara (54/1),अम्ब गाहरा (54/1),Tira Sujanpur(Sub-District) / Hamirpur(District) / Himachal Pradesh(State),00957300,016405,N,,,,
13,17392,Ambheri (29/5),अम्बेडी (29/5),Barsar(Sub-District) / Hamirpur(District) / Himachal Pradesh(State),01055200,017392,N,,,,
14,16673,Ambi (20/1),अम्वी (20/1),Nadaun(Sub-District) / Hamirpur(District) / Himachal Pradesh(State),00983700,016673,N,,,,
15,17629,Amboha Jhikla (41/6),अम्बोहा झिकला (41/6),Bhota(Sub-District) / Hamirpur(District) / Himachal Pradesh(State),01077100,017629,N,,,,
16,17628,Amboha Uperla (41/7),अम्बोहा उपरला (41/7),Bhota(Sub-District) / Hamirpur(District) / Himachal Pradesh(State),01077000,017628,N,,,,
17,17732,Ambota,अम्वोटा,Dhatwal(Sub-District) / Hamirpur(District) / Himachal Pradesh(State),01085600,017732,N,,,,
18,17661,Ambota (34/9),अम्बोटा (34/9),Dhatwal(Sub-District) / Hamirpur(District) / Himachal Pradesh(State),01080000,017661,N,,,,
19,17627,Ambota (41/4),अम्बोटा (41/4),Bhota(Sub-District) / Hamirpur(District) / Himachal Pradesh(State),01076900,017627,N,,,,
20,16874,Amlahru (23/1),अमलाहडू (23/1),Nadaun(Sub-District) / Hamirpur(District) / Himachal Pradesh(State),01012400,016874,N,,,,
21,16538,Amlehar (18/5),अमलैहड (18/5),Nadaun(Sub-District) / Hamirpur(District) / Himachal Pradesh(State),00970600,016538,N,,,,
22,16783,Amlehdu (24/14),अमलेहूडू (24/14),Nadaun(Sub-District) / Hamirpur(District) / Himachal Pradesh(State),01003300,016783,N,,,,
23,17880,Amman (44/64),अमन (44/64),Bhoranj(Sub-District) / Hamirpur(District) / Himachal Pradesh(State),01099500,017880,N,,,,
24,17310,Amned (42/50),अमनेड (42/50),Hamirpur(Sub-District) / Hamirpur(District) / Himachal Pradesh(State),01046200,017310,N,,,,
25,16608,Amroa (17/10),अमरोआ (17/10),Nadaun(Sub-District) / Hamirpur(District) / Himachal Pradesh(State),00977300,016608,N,,,,
26,16934,Amroh (36/30),अमरोह (36/30),Galore(Sub-District) / Hamirpur(District) / Himachal Pradesh(State),00991800,016934,N,,,,
27,18043,Amroh (43/54),अमरोह (43/54),Bhoranj(Sub-District) / Hamirpur(District) / Himachal Pradesh(State),01115800,018043,N,,,,
28,17099,Amroh (49/14),अमरोह (49/14),Hamirpur(Sub-District) / Hamirpur(District) / Himachal Pradesh(State),01023500,017099,N,,,,
29,16860,Amrota (22/19),अमरोटा (22/19),Nadaun(Sub-District) / Hamirpur(District) / Himachal Pradesh(State),01011000,016860,N,,,,
30,16852,Andara (22/2),अन्दारा (22/2),Nadaun(Sub-District) / Hamirpur(District) / Himachal Pradesh(State),01010200,016852,N,,,,
31,17055,Andreli Brahmna (52/12),अन्दरेली ब्राहमणा (52/12),Hamirpur(Sub-District) / Hamirpur(District) / Himachal Pradesh(State),01019400,017055,N,,,,
32,17053,Andreli Rangraya (52/1),अन्दरेली रांगडयां (52/1),Hamirpur(Sub-District) / Hamirpur(District) / Himachal Pradesh(State),01019200,017053,N,,,,
33,16582,Ansarah (17/33),अनसरा (17/33),Nadaun(Sub-District) / Hamirpur(District) / Himachal Pradesh(State),00974800,016582,N,,,,
34,16443,Ansla (60/1),आँसला (60/1),Tira Sujanpur(Sub-District) / Hamirpur(District) / Himachal Pradesh(State),00961100,016443,N,,,,
35,17163,Anu Kalan (47/28),अणू कलां (47/28),Hamirpur(Sub-District) / Hamirpur(District) / Himachal Pradesh(State),01029800,017163,N,,,,
36,17154,Anu Khurd (47/14),अणू खुर्द  (47/14),Hamirpur(Sub-District) / Hamirpur(District) / Himachal Pradesh(State),01028900,017154,N,,,,
37,18017,Anyawin (43/19),यानवीं (43/19),Bhoranj(Sub-District) / Hamirpur(District) / Himachal Pradesh(State),01113200,018017,N,,,,
38,17531,Arloh (32/1),अरलोह (32/1),Barsar(Sub-District) / Hamirpur(District) / Himachal Pradesh(State),01068500,017531,N,,,,
39,16440,Asthotha (57/1),असथोथा (57/1),Tira Sujanpur(Sub-District) / Hamirpur(District) / Himachal Pradesh(State),00960800,016440,N,,,,
40,16910,Atialu (26/12),अटयालू (26/12),Kangoo(Sub-District) / Hamirpur(District) / Himachal Pradesh(State),00988500,016910,N,,,,
41,17556,Awah Buhla (40/11),अवाह बुहला (40/11),Bhota(Sub-District) / Hamirpur(District) / Himachal Pradesh(State),01070800,017556,N,,,,
42,17557,Awah Uperla (40/17),अवाह उपरला (40/17),Bhota(Sub-District) / Hamirpur(District) / Himachal Pradesh(State),01070900,017557,N,,,,
43,17482,Baag (33/1),वाग (33/1),Barsar(Sub-District) / Hamirpur(District) / Himachal Pradesh(State),01063800,017482,N,,,,
44,17301,Badar (42/42),बढार (42/42),Hamirpur(Sub-District) / Hamirpur(District) / Himachal Pradesh(State),01045300,017301,N,,,,
45,16959,Badaran (36/25),वदारन (36/25),Galore(Sub-District) / Hamirpur(District) / Himachal Pradesh(State),00994400,016959,N,,,,
46,17466,Baddu (33/14),वडू  (33/14),Barsar(Sub-District) / Hamirpur(District) / Himachal Pradesh(State),01062200,017466,N,,,,
47,17227,Baddu (39/9),बड्डू (39/9),Hamirpur(Sub-District) / Hamirpur(District) / Himachal Pradesh(State),01037800,017227,N,,,,
48,18002,Badehr (43/65),बडैहर (43/65),Jahu(Sub-District) / Hamirpur(District) / Himachal Pradesh(State),01111700,018002,N,,,,
49,17385,Badehru (62/5),बडैहरू (62/5),Tauni Devi Bamson(Sub-District) / Hamirpur(District) / Himachal Pradesh(State),01054500,017385,N,,,,
50,17578,Badhan (40/47),बधान (40/47),Bhota(Sub-District) / Hamirpur(District) / Himachal Pradesh(State),01072400,017578,N,,,,
51,17829,Badhani (43/76),बधानी (43/76),Bhoranj(Sub-District) / Hamirpur(District) / Himachal Pradesh(State),01094400,017829,N,,,,
52,17890,Badhar (44-65),बढार (44/65),Bhoranj(Sub-District) / Hamirpur(District) / Himachal Pradesh(State),01100500,017890,N,,,,
53,16587,Badharan (17/34),वदारन (17/34),Nadaun(Sub-District) / Hamirpur(District) / Himachal Pradesh(State),00975300,016587,N,,,,
54,16406,Badhdhar (53/15),वद्धधार (53/15),Tira Sujanpur(Sub-District) / Hamirpur(District) / Himachal Pradesh(State),00957400,016406,N,,,,
55,16600,Badhera (17/14),बडेहडा (17/14),Nadaun(Sub-District) / Hamirpur(District) / Himachal Pradesh(State),00976500,016600,N,,,,
56,16634,Badhera (18/8),बढेरा (18/8),Nadaun(Sub-District) / Hamirpur(District) / Himachal Pradesh(State),00979800,016634,N,,,,
57,16883,Badhetar (23/19),बडैतर (23/19),Nadaun(Sub-District) / Hamirpur(District) / Himachal Pradesh(State),01013300,016883,N,,,,
58,17104,Badhiana (49/9),वध्याणा (49/9),Hamirpur(Sub-District) / Hamirpur(District) / Himachal Pradesh(State),01023900,017104,N,,,,
59,16878,Badhyar (23/15),बडयार   (23/15),Nadaun(Sub-District) / Hamirpur(District) / Himachal Pradesh(State),01012800,016878,N,,,,
60,17980,Badiana Lawana (43-7),बडयाणा लवाणया (43/7),Bhoranj(Sub-District) / Hamirpur(District) / Himachal Pradesh(State),01109500,017980,N,,,,
61,17995,Badiana Manasha (43/8),बडयाणा मिन्हासा (43/8),Bhoranj(Sub-District) / Hamirpur(District) / Himachal Pradesh(State),01111000,017995,N,,,,
62,17981,Badiana Mian (43/9),बडयाणा मियां  (43/9),Bhoranj(Sub-District) / Hamirpur(District) / Himachal Pradesh(State),01109600,017981,N,,,,
63,17487,Badloi (33/8),वदलोई (33/8),Barsar(Sub-District) / Hamirpur(District) / Himachal Pradesh(State),01064300,017487,N,,,,
64,17954,Badog Mahalbala (42/24),बड़ोग महलवाला (42/24),Bhoranj(Sub-District) / Hamirpur(District) / Himachal Pradesh(State),01106900,017954,N,,,,
65,17918,Badog Padian (42/62),बड़ोग पादया (42/62),Bhoranj(Sub-District) / Hamirpur(District) / Himachal Pradesh(State),01103300,017918,N,,,,
66,16977,Badoh (36/26),वडोह (36/26),Galore(Sub-District) / Hamirpur(District) / Himachal Pradesh(State),00996200,016977,N,,,,
67,17939,Badoh (42/78),बडोह (42/78),Bhoranj(Sub-District) / Hamirpur(District) / Himachal Pradesh(State),01105400,017939,N,,,,
68,16707,Badwana (26/23),बडवाणा (26/23),Kangoo(Sub-District) / Hamirpur(District) / Himachal Pradesh(State),00987100,016707,N,,,,
69,17369,Bafrin (45/70),बफडी(45/70),Lambloo(Sub-District) / Hamirpur(District) / Himachal Pradesh(State),01052800,017369,N,eSignGOFile662648_21_02_2025_12_12_58.pdf,,,
70,16605,Bag (17/13),बाग (17/13),Nadaun(Sub-District) / Hamirpur(District) / Himachal Pradesh(State),00977000,016605,N,,,,
71,16336,Bagehrah Buhla (63/6),बगेहड़ा बूहला (63/6),Tira Sujanpur(Sub-District) / Hamirpur(District) / Himachal Pradesh(State),00950400,016336,N,,,,
72,16335,Bagehrah Upperla (63/14),बगेहड़ा उपरला (63/14),Tira Sujanpur(Sub-District) / Hamirpur(District) / Himachal Pradesh(State),00950300,016335,N,,,,
73,16862,Bagg (22/7),बाग (22/7),Nadaun(Sub-District) / Hamirpur(District) / Himachal Pradesh(State),01011200,016862,N,,,,
74,17743,Bagg (34/48),बग (34/48),Dhatwal(Sub-District) / Hamirpur(District) / Himachal Pradesh(State),01086700,017743,N,,,,
75,17516,Baggi (32/18),बग्गी  (32/18),Barsar(Sub-District) / Hamirpur(District) / Himachal Pradesh(State),01067200,017516,N,,,,
76,17656,Baghed (34/104),भगेड़ (34/104),Dhatwal(Sub-District) / Hamirpur(District) / Himachal Pradesh(State),01079500,017656,N,,,,
77,17309,Bag Jhauri (42/61),बाग झयूरी (42/61),Hamirpur(Sub-District) / Hamirpur(District) / Himachal Pradesh(State),01046100,017309,N,,,,
78,17970,Bagwar (42/114),बगबाड (42/114),Jahu(Sub-District) / Hamirpur(District) / Himachal Pradesh(State),01108500,017970,N,,,,
79,18018,Bagwar (43/4),बगबाड (43/6),Bhoranj(Sub-District) / Hamirpur(District) / Himachal Pradesh(State),01113300,018018,N,,,,
80,17784,Bagwara (44/2),बगवाडा (44/2),Tauni Devi Bamson(Sub-District) / Hamirpur(District) / Himachal Pradesh(State),01089900,017784,N,,,,
81,16687,Bahal (20/17),बाहल (20/17),Nadaun(Sub-District) / Hamirpur(District) / Himachal Pradesh(State),00985100,016687,N,,,,
82,16734,Bahal (25/16),बहल (25/16),Kangoo(Sub-District) / Hamirpur(District) / Himachal Pradesh(State),00998500,016734,N,,,,
83,16933,Bahal (36/4),वाहल (36/4),Galore(Sub-District) / Hamirpur(District) / Himachal Pradesh(State),00991700,016933,N,,,,
84,17580,Bahal (40/15),बाहल (40/15),Bhota(Sub-District) / Hamirpur(District) / Himachal Pradesh(State),01072600,017580,N,,,,
85,17110,Bahal (51/2),बाहल (51/2),Hamirpur(Sub-District) / Hamirpur(District) / Himachal Pradesh(State),01024500,017110,N,,,,
86,17039,Bahal (62/1),बाहल (62/1),Tauni Devi Bamson(Sub-District) / Hamirpur(District) / Himachal Pradesh(State),01017800,017039,N,,,,
87,17615,Bahal Dhatwalian (41/8),बहल ढटवालियां (41/8),Bhota(Sub-District) / Hamirpur(District) / Himachal Pradesh(State),01075700,017615,N,,,,
88,17618,Bahal Masanda (41/5),वहल मसंदा (41/5),Bhota(Sub-District) / Hamirpur(District) / Himachal Pradesh(State),01076000,017618,N,,,,
89,17678,Bahal Nalochan (34/28),बहल नलोचां (34/28),Dhatwal(Sub-District) / Hamirpur(District) / Himachal Pradesh(State),01081500,017678,N,,,,
90,17669,Bahal Thakru (34/6),बाहल ठाकरु (34/6),Dhatwal(Sub-District) / Hamirpur(District) / Himachal Pradesh(State),01080700,017669,N,,,,
91,17997,Bahanwin (43/72),बाहन्वीं  (43/72),Jahu(Sub-District) / Hamirpur(District) / Himachal Pradesh(State),01111200,017997,N,,,,
92,17212,Bahdla (37/3),वाहडला (37/3),Hamirpur(Sub-District) / Hamirpur(District) / Himachal Pradesh(State),01034700,017212,N,,,,
93,17478,Bahina (33/7),वाहिना (33/7),Barsar(Sub-District) / Hamirpur(District) / Himachal Pradesh(State),01063400,017478,N,,,,
94,16998,Bahl (38/1),वहल (38/1),Galore(Sub-District) / Hamirpur(District) / Himachal Pradesh(State),01035900,016998,N,,,,
95,16408,Bahl (53/17),वहल (53/17),Tira Sujanpur(Sub-District) / Hamirpur(District) / Himachal Pradesh(State),00957600,016408,N,,,,
96,17121,Bahl Bhalwalan (49/7),बलह भलवालां (49/7),Hamirpur(Sub-District) / Hamirpur(District) / Himachal Pradesh(State),01025600,017121,N,,,,
97,17126,Bahl Dhadwalan (49/8),बलह ढडवालां (49/8),Hamirpur(Sub-District) / Hamirpur(District) / Himachal Pradesh(State),01026100,017126,N,,,,
98,17991,Bahli (43/3),बहली (43/3),Bhoranj(Sub-District) / Hamirpur(District) / Himachal Pradesh(State),01110600,017991,N,,,,
99,16323,Bahli (63/25),बहली (63/25),Tira Sujanpur(Sub-District) / Hamirpur(District) / Himachal Pradesh(State),00949100,016323,N,,,,
100,16332,Bahru (63/19),बाहडू (63/19),Tira Sujanpur(Sub-District) / Hamirpur(District) / Himachal Pradesh(State),00950000,016332,N,,,,
101,17587,Bairi (40/28),बायरी (40/28),Bhota(Sub-District) / Hamirpur(District) / Himachal Pradesh(State),01073200,017587,N,,,,
102,16325,Bairi (63/24),बैरी (63/24),Tira Sujanpur(Sub-District) / Hamirpur(District) / Himachal Pradesh(State),00949300,016325,N,,,,
103,18031,Bajoura (43/41),बजौरा (43/41),Bhoranj(Sub-District) / Hamirpur(District) / Himachal Pradesh(State),01114600,018031,N,,,,
104,17826,Bajroh (43/82),बजडौह (43/82),Bhoranj(Sub-District) / Hamirpur(District) / Himachal Pradesh(State),01094100,017826,N,,,,
105,16509,Bajrol (64/6),बज़रोल (64/6),Tira Sujanpur(Sub-District) / Hamirpur(District) / Himachal Pradesh(State),00967700,016509,N,,,,
106,17181,Bajuri Khas (47/40),बजूरी खास (47/40),Hamirpur(Sub-District) / Hamirpur(District) / Himachal Pradesh(State),01031600,017181,N,,,,
107,17816,Bajwal (44/32),बजवाल (44/32),Tauni Devi Bamson(Sub-District) / Hamirpur(District) / Himachal Pradesh(State),01093100,017816,N,,,,
108,17208,Bakarti (37/4),बकारटी (37/4),Hamirpur(Sub-District) / Hamirpur(District) / Himachal Pradesh(State),01034300,017208,N,,,,
109,17964,Bakhauta (42/115),बखौटा  (42/115),Bhoranj(Sub-District) / Hamirpur(District) / Himachal Pradesh(State),01107900,017964,N,,,,
110,16611,Bakhrun (17/18),बखडू (17/18),Nadaun(Sub-District) / Hamirpur(District) / Himachal Pradesh(State),00977600,016611,N,,,,
111,17026,Bakniar (62/12),बकन्यार (62/12),Tauni Devi Bamson(Sub-District) / Hamirpur(District) / Himachal Pradesh(State),01016500,017026,N,,,,
112,17546,Bakroh (35/12),वकरोह (35/12),Barsar(Sub-District) / Hamirpur(District) / Himachal Pradesh(State),01069900,017546,N,,,,
113,16385,Balag (54/2),बाहलग (54/2),Tira Sujanpur(Sub-District) / Hamirpur(District) / Himachal Pradesh(State),00955300,016385,N,,,,
114,16738,Balaher (25/34),बलाहर  (25/34),Kangoo(Sub-District) / Hamirpur(District) / Himachal Pradesh(State),00998900,016738,N,,,,
115,16393,Balehu (54/23),बलेहू (54/23),Tira Sujanpur(Sub-District) / Hamirpur(District) / Himachal Pradesh(State),00956100,016393,N,,,,
116,17920,Balet (42/23),बलेट  (42/23),Bhoranj(Sub-District) / Hamirpur(District) / Himachal Pradesh(State),01103500,017920,N,,,,
117,16988,Baleta Kalan (37/29),वलेटा कलां (37/29),Hamirpur(Sub-District) / Hamirpur(District) / Himachal Pradesh(State),01032700,016988,N,,,,
118,16987,Baleta Khurd (37/22),वलेटा खुर्द (37/22),Hamirpur(Sub-District) / Hamirpur(District) / Himachal Pradesh(State),01032500,016987,N,,,,
119,16810,Balh (24-1),बल्ह (24/1),Nadaun(Sub-District) / Hamirpur(District) / Himachal Pradesh(State),01006000,016810,N,,,,
120,16970,Balh (28/2),वल्ह (28/2),Galore(Sub-District) / Hamirpur(District) / Himachal Pradesh(State),00995500,016970,N,,,,
121,17153,Balh (47/11),वल्ह (47/11),Hamirpur(Sub-District) / Hamirpur(District) / Himachal Pradesh(State),01028800,017153,N,,,,
122,18021,Balh Arjan (43/36),बल्ह अर्जन (43/36),Bhoranj(Sub-District) / Hamirpur(District) / Himachal Pradesh(State),01113600,018021,N,,,,
123,17579,Balh Bhatta (40/46),बल्ह भट्टा (40/46),Bhota(Sub-District) / Hamirpur(District) / Himachal Pradesh(State),01072500,017579,N,,,,
124,17697,Balh Brahmana (34/68),बल्ह ब्राहमणां (34/68),Dhatwal(Sub-District) / Hamirpur(District) / Himachal Pradesh(State),01083000,017697,N,,,,
125,17730,Balhi Dhabed,बल्ली धवेड़,Dhatwal(Sub-District) / Hamirpur(District) / Himachal Pradesh(State),01085600,017730,N,,,,
126,17698,Balh Patialan (34/66),बल्ह पटियालां (34/66),Dhatwal(Sub-District) / Hamirpur(District) / Himachal Pradesh(State),01083100,017698,N,,,,
127,16630,Balh Patilian (17/43),बल्ह पटियाला (17/43),Nadaun(Sub-District) / Hamirpur(District) / Himachal Pradesh(State),00979400,016630,N,,,,
128,949845,Balh Rattanu (41/11),बल्ह रत्तनु (41/11),Bhota(Sub-District) / Hamirpur(District) / Himachal Pradesh(State),,000000,N,eSignGOFile662648_21_02_2025_13_44_14.pdf,,,
129,17499,Baliah Kalan (32/33),बल्याह कलां  (32/33),Barsar(Sub-District) / Hamirpur(District) / Himachal Pradesh(State),01065500,017499,N,,,,
130,17500,Baliah Khurd (32/27),बल्याह खुर्द  (32/27),Barsar(Sub-District) / Hamirpur(District) / Himachal Pradesh(State),01065600,017500,N,,,,
131,16424,Baliana (54/5),बलियाणा (54/5),Tira Sujanpur(Sub-District) / Hamirpur(District) / Himachal Pradesh(State),00959200,016424,N,,,,
132,16324,Balla Bairian (63/17),बल्ला बैरियां (63/17),Tira Sujanpur(Sub-District) / Hamirpur(District) / Himachal Pradesh(State),00949200,016324,N,,,,
133,939628,Balla Ghirthan (55/32),बल्लाघिरथा (55/32),Tira Sujanpur(Sub-District) / Hamirpur(District) / Himachal Pradesh(State),,000000,N,,,,
134,17088,Balla Girthan (50/3),वल्ला घिरथां (50/3),Hamirpur(Sub-District) / Hamirpur(District) / Himachal Pradesh(State),01022400,017088,N,,,,
135,17087,Balla Rajputan (50/2),वल्ला राजपूतां (50/2),Hamirpur(Sub-District) / Hamirpur(District) / Himachal Pradesh(State),01022300,017087,N,,,,
136,939629,Balla Rathiyan (55/33),बल्लाराठिया (55/33),Tira Sujanpur(Sub-District) / Hamirpur(District) / Himachal Pradesh(State),,000000,N,,,,
137,16594,Baloh (17/32),बलोह (17/32),Nadaun(Sub-District) / Hamirpur(District) / Himachal Pradesh(State),00975900,016594,N,,,,
138,16943,Baloh (36/16),वलोह (36/16),Galore(Sub-District) / Hamirpur(District) / Himachal Pradesh(State),00992700,016943,N,,,,
139,17771,Baloh (45/32),बलोह (45/32),Lambloo(Sub-District) / Hamirpur(District) / Himachal Pradesh(State),01051900,017771,N,,,,
140,16426,Baloh (57/3),वलोह (57/3),Tira Sujanpur(Sub-District) / Hamirpur(District) / Himachal Pradesh(State),00959400,016426,N,,,,
141,17924,Balokhar (42/37),बलोखर (42/37),Bhoranj(Sub-District) / Hamirpur(District) / Himachal Pradesh(State),01103900,017924,N,,,,
142,17218,Baloni (39/24),बलौणी (39/24),Hamirpur(Sub-District) / Hamirpur(District) / Himachal Pradesh(State),01037000,017218,N,,,,
143,17985,Balor (44/70),बलोड (44/70),Bhoranj(Sub-District) / Hamirpur(District) / Himachal Pradesh(State),01110000,017985,N,,,,
144,17156,Baloungni (46/4),बलौंगणी (46/4),Hamirpur(Sub-District) / Hamirpur(District) / Himachal Pradesh(State),01029100,017156,N,,,,
145,17315,Balu (42/45),बालू (42/45),Hamirpur(Sub-District) / Hamirpur(District) / Himachal Pradesh(State),01046700,017315,N,,,,
146,17321,Balute Tehlu (45/44),बल्यूट टैहलू (45/44),Lambloo(Sub-District) / Hamirpur(District) / Himachal Pradesh(State),01047300,017321,N,,,,
147,17325,Balute Tikhu (45/34),बल्यूट तिखु (45/34),Lambloo(Sub-District) / Hamirpur(District) / Himachal Pradesh(State),01047800,017325,N,,,,
148,16895,Bamnehr (24/37),बमनेहड (24/37),Nadaun(Sub-District) / Hamirpur(District) / Himachal Pradesh(State),01014500,016895,N,,,,
149,16992,Bamrala (37/36),भमराला (37/36),Galore(Sub-District) / Hamirpur(District) / Himachal Pradesh(State),01035300,016992,N,,,,
150,17098,Banal (49/11),बनाल (49/11),Hamirpur(Sub-District) / Hamirpur(District) / Himachal Pradesh(State),01023400,017098,N,,,,
151,16380,Banal (55/20),वनाल (55/20),Tira Sujanpur(Sub-District) / Hamirpur(District) / Himachal Pradesh(State),00954800,016380,N,,,,
152,17020,Banalag (62/30),बनलग (62/30),Tauni Devi Bamson(Sub-District) / Hamirpur(District) / Himachal Pradesh(State),01015900,017020,N,,,,
153,17472,Banan (33/2),वनण (33/2),Barsar(Sub-District) / Hamirpur(District) / Himachal Pradesh(State),01062800,017472,N,,,,
154,17979,Ban Badiana (43/11),वन बडयाणा (43/11),Bhoranj(Sub-District) / Hamirpur(District) / Himachal Pradesh(State),01109400,017979,N,,,,
155,16411,Bandhar (53/13),बणधार (53/13),Tira Sujanpur(Sub-District) / Hamirpur(District) / Himachal Pradesh(State),00957900,016411,N,,,,
156,16404,Bandhar (54/11),वणधार (54/11),Tira Sujanpur(Sub-District) / Hamirpur(District) / Himachal Pradesh(State),00957200,016404,N,,,,
157,16974,Bandos (36/27),बन्डोस (36/27),Galore(Sub-District) / Hamirpur(District) / Himachal Pradesh(State),00995900,016974,N,,,,
158,16680,Bangwari (20/8),बंगवारी (20/8),Nadaun(Sub-District) / Hamirpur(District) / Himachal Pradesh(State),00984400,016680,N,,,,
159,16778,Banh (25/46),बन्ह (25/46),Kangoo(Sub-District) / Hamirpur(District) / Himachal Pradesh(State),01002800,016778,N,,,,
160,16779,Banh II,बन्ह  II,Kangoo(Sub-District) / Hamirpur(District) / Himachal Pradesh(State),01002900,016779,N,,,,
161,17923,Ban Humal (42/43),वन हुमल (42/43),Bhoranj(Sub-District) / Hamirpur(District) / Himachal Pradesh(State),01103800,017923,N,,,,
162,17345,Bani (47/1),वणी  (47/1),Hamirpur(Sub-District) / Hamirpur(District) / Himachal Pradesh(State),01049800,017345,N,,,,
163,17522,Bani Khas (32/2),बणी खास  (32/2),Barsar(Sub-District) / Hamirpur(District) / Himachal Pradesh(State),01067700,017522,N,,,,
164,16947,Bankhad (36/5),वानखड (36/5),Galore(Sub-District) / Hamirpur(District) / Himachal Pradesh(State),00993100,016947,N,,,,
165,16593,Banoh (17/37),वनोह (17/37),Nadaun(Sub-District) / Hamirpur(District) / Himachal Pradesh(State),00975800,016593,N,,,,
166,16498,Banoh (59/1),बनोह (59/1),Tira Sujanpur(Sub-District) / Hamirpur(District) / Himachal Pradesh(State),00966600,016498,N,,,,
167,16544,Bantera (18/33),बन्टेरा (18/33),Nadaun(Sub-District) / Hamirpur(District) / Himachal Pradesh(State),00971200,016544,N,,,,
168,17689,Bara (34/23),बाड़ा (34/23),Dhatwal(Sub-District) / Hamirpur(District) / Himachal Pradesh(State),01082300,017689,N,,,,
169,17753,Baragaran (34/43),बड़ाग्रां (34/43),Dhatwal(Sub-District) / Hamirpur(District) / Himachal Pradesh(State),01087700,017753,N,,,,
170,16995,Barahlari (37/35),ब्राहलडी (37/35),Galore(Sub-District) / Hamirpur(District) / Himachal Pradesh(State),01035600,016995,N,,,,
171,16377,Baraie (54/6),बडैई (54/6),Tira Sujanpur(Sub-District) / Hamirpur(District) / Himachal Pradesh(State),00954500,016377,N,,,,
172,17688,Bara - II,बाड़ा -II,Dhatwal(Sub-District) / Hamirpur(District) / Himachal Pradesh(State),01082200,017688,N,,,,
173,17175,Baral (47/33),वारल (47/33),Hamirpur(Sub-District) / Hamirpur(District) / Himachal Pradesh(State),01031000,017175,N,,,,
174,17194,Baranda (37/21),वरांडा (37/21),Hamirpur(Sub-District) / Hamirpur(District) / Himachal Pradesh(State),01032900,017194,N,,,,
175,17794,Barara (44/9),बराड़ा (44/9),Tauni Devi Bamson(Sub-District) / Hamirpur(District) / Himachal Pradesh(State),01090900,017794,N,,,,
176,16822,Bardihar (21/4),बरदयाड (21/4),Nadaun(Sub-District) / Hamirpur(District) / Himachal Pradesh(State),01007200,016822,N,,,,
177,16637,Bareti (19/23),बडेटी (19/23),Nadaun(Sub-District) / Hamirpur(District) / Himachal Pradesh(State),00980100,016637,N,,,,
178,16818,Bari (21/1),बाडी (21/1),Nadaun(Sub-District) / Hamirpur(District) / Himachal Pradesh(State),01006800,016818,N,,,,
179,16813,Bari (24/26),वाडी (24/26),Nadaun(Sub-District) / Hamirpur(District) / Himachal Pradesh(State),01006300,016813,N,,,,
180,16740,Bari (25/12),बाडी (25/12),Kangoo(Sub-District) / Hamirpur(District) / Himachal Pradesh(State),00999100,016740,N,,,,
181,17234,Bari (39/1),बाड़ी (39/1),Hamirpur(Sub-District) / Hamirpur(District) / Himachal Pradesh(State),01038700,017234,N,,,,
182,16398,Bari (54/3),वाड़ी (54/3),Tira Sujanpur(Sub-District) / Hamirpur(District) / Himachal Pradesh(State),00956600,016398,N,,,,
183,17397,Bari Di Bhaun (29/2),बड़ी डी भों (29/2),Barsar(Sub-District) / Hamirpur(District) / Himachal Pradesh(State),01055700,017397,N,,,,
184,17383,Barin (45/62),बारीं (45/62),Tauni Devi Bamson(Sub-District) / Hamirpur(District) / Himachal Pradesh(State),01054300,017383,N,,,,
185,17429,Barittar (31/18),बड़ीतर (31/18),Barsar(Sub-District) / Hamirpur(District) / Himachal Pradesh(State),01058800,017429,N,,,,
186,17643,Barla (34/103),बरला (34/103),Dhatwal(Sub-District) / Hamirpur(District) / Himachal Pradesh(State),01078500,017643,N,,,,
187,17512,Barni (32/23),बढनी (32/23),Barsar(Sub-District) / Hamirpur(District) / Himachal Pradesh(State),01066800,017512,N,,,,
188,17168,Barnwar (47/35),बरनवाड (47/35),Hamirpur(Sub-District) / Hamirpur(District) / Himachal Pradesh(State),01030300,017168,N,,,,
189,16474,Barog (57/2),बरोग (57/2),Tira Sujanpur(Sub-District) / Hamirpur(District) / Himachal Pradesh(State),00964200,016474,N,,,,
190,17690,Baroh (34/20),बड़ोह (34/20),Dhatwal(Sub-District) / Hamirpur(District) / Himachal Pradesh(State),01082400,017690,N,,,,
191,17827,Baroh (43/83),बडोह  (43/83),Bhoranj(Sub-District) / Hamirpur(District) / Himachal Pradesh(State),01094200,017827,N,,,,
192,17337,Baroha (46/2),बरोहा (46/2),Hamirpur(Sub-District) / Hamirpur(District) / Himachal Pradesh(State),01049000,017337,N,,,,
193,16584,Baroi (17/35),बडोई (17/35),Nadaun(Sub-District) / Hamirpur(District) / Himachal Pradesh(State),00975000,016584,N,,,,
194,17510,Baroli (32/26),बरोली (32/26),Barsar(Sub-District) / Hamirpur(District) / Himachal Pradesh(State),01066600,017510,N,,,,
195,17201,Barota (37/20),वरोटा (37/20),Hamirpur(Sub-District) / Hamirpur(District) / Himachal Pradesh(State),01033600,017201,N,,,,
196,17727,Baroti,बरोटी,Dhatwal(Sub-District) / Hamirpur(District) / Himachal Pradesh(State),01085600,017727,N,,,,
197,16731,Baroti (25/29),बरोटी (25/29),Kangoo(Sub-District) / Hamirpur(District) / Himachal Pradesh(State),00998200,016731,N,,,,
198,17253,Baroti (45/10),वरोटी (45/10),Hamirpur(Sub-District) / Hamirpur(District) / Himachal Pradesh(State),01040500,017253,N,,,,
199,17440,Barsar (13/1),बड्सर (13/1),Barsar(Sub-District) / Hamirpur(District) / Himachal Pradesh(State),01059900,017440,N,,,,
200,18005,Barthwan (43/66),भरठवान (43/66),Jahu(Sub-District) / Hamirpur(District) / Himachal Pradesh(State),01112000,018005,N,,,,
201,939656,Baru(47/34),बडू (47/34),Hamirpur(Sub-District) / Hamirpur(District) / Himachal Pradesh(State),,000000,N,,,,
202,16733,Baruhi (25/19),बरुही (25/19),Kangoo(Sub-District) / Hamirpur(District) / Himachal Pradesh(State),00998400,016733,N,,,,
203,16575,Basaral (17/43),वसारल (17/43),Nadaun(Sub-District) / Hamirpur(District) / Himachal Pradesh(State),00974300,016575,N,,,,
204,16576,Basaral Jungle-I (17/43),वसारल जंगल -I (17/43),Nadaun(Sub-District) / Hamirpur(District) / Himachal Pradesh(State),00974300,016576,N,,,,
205,16577,Basaral Jungle-II,वसारल जंगल -II,Nadaun(Sub-District) / Hamirpur(District) / Himachal Pradesh(State),00974300,016577,N,,,,
206,17136,Basi (52/2),वासी (52/2),Hamirpur(Sub-District) / Hamirpur(District) / Himachal Pradesh(State),01027100,017136,N,,,,
207,16983,Basiar (36/31),भस्यार (36/31),Galore(Sub-District) / Hamirpur(District) / Himachal Pradesh(State),00996800,016983,N,,,,
208,18016,Basi Hajaman (43/12),बस्सी हजामा (43/12),Bhoranj(Sub-District) / Hamirpur(District) / Himachal Pradesh(State),01113100,018016,N,,,,
209,17859,Bassi (44/88),बस्सी (44/88),Bhoranj(Sub-District) / Hamirpur(District) / Himachal Pradesh(State),01097400,017859,N,,,,
210,17132,Bassi (48/2),बस्सी (48/2),Hamirpur(Sub-District) / Hamirpur(District) / Himachal Pradesh(State),01026700,017132,N,,,,
211,16850,Batahli (21/32),बटाहली (21/32),Nadaun(Sub-District) / Hamirpur(District) / Himachal Pradesh(State),01010000,016850,N,,,,
212,17420,Batarli Jhikly (31/3),वटारली  झिक्ली (31/3),Barsar(Sub-District) / Hamirpur(District) / Himachal Pradesh(State),01057900,017420,N,,,,
213,17421,Batarli Upperli (31/2),वटारली उपरली (31/2),Barsar(Sub-District) / Hamirpur(District) / Himachal Pradesh(State),01058000,017421,N,,,,
214,16618,Bathrun Basi (17/22),बथरू बस्सी (17/22),Nadaun(Sub-District) / Hamirpur(District) / Himachal Pradesh(State),00978300,016618,N,,,,
215,17731,Batlahu,बतलाऊ,Dhatwal(Sub-District) / Hamirpur(District) / Himachal Pradesh(State),01085600,017731,N,,,,
216,16965,Batneri (28/3),भतनेडी (28/3),Galore(Sub-District) / Hamirpur(District) / Himachal Pradesh(State),00995000,016965,N,,,,
217,16628,Batran(18/10),वटरान (18/10),Nadaun(Sub-District) / Hamirpur(District) / Himachal Pradesh(State),00979200,016628,N,,,,
218,16627,Batran Khurd (18/10),वटरान खर्द (18/10),Nadaun(Sub-District) / Hamirpur(District) / Himachal Pradesh(State),00979200,016627,N,,,,
219,17294,Baturara Brahmna (42/20),बटूरडा ब्राहमणा (42/20),Hamirpur(Sub-District) / Hamirpur(District) / Himachal Pradesh(State),01044600,017294,N,,,,
220,17296,Baturara Patyanlan (42/21),बटूरडा पटियालां (42/21),Hamirpur(Sub-District) / Hamirpur(District) / Himachal Pradesh(State),01044800,017296,N,,,,
221,17465,Batyana (33/13),वटयाणा  (33/13),Barsar(Sub-District) / Hamirpur(District) / Himachal Pradesh(State),01062100,017465,N,,,,
222,16517,Bazahar (64/9),वजाहर (64/9),Tira Sujanpur(Sub-District) / Hamirpur(District) / Himachal Pradesh(State),00968500,016517,N,,,,
223,16624,Beha (17/29),बेहा (17/29),Kangoo(Sub-District) / Hamirpur(District) / Himachal Pradesh(State),00978900,016624,N,,,,
224,17892,Behal Bagg (42/58),बहल बाग (42/58),Bhoranj(Sub-District) / Hamirpur(District) / Himachal Pradesh(State),01100700,017892,N,,,,
225,16714,Behrar (27/13),बैहरड (27/13),Kangoo(Sub-District) / Hamirpur(District) / Himachal Pradesh(State),00989300,016714,N,,,,
226,17944,Behrwin Dhatwalian (42/128),वेढ़वीं  ढटवालिया (42/128),Bhoranj(Sub-District) / Hamirpur(District) / Himachal Pradesh(State),01105900,017944,N,,,,
227,17908,Behrwin Jathan (42/102),वेढ़वीं   जटा  (42/102),Bhoranj(Sub-District) / Hamirpur(District) / Himachal Pradesh(State),01102300,017908,N,,,,
228,16666,Bela (19/38),बेला (19/38),Nadaun(Sub-District) / Hamirpur(District) / Himachal Pradesh(State),00983000,016666,N,,,,
229,17847,Belag (43/13),बैलग (43/13),Bhoranj(Sub-District) / Hamirpur(District) / Himachal Pradesh(State),01096200,017847,N,,,,
230,18032,Beri Bhattan (43/34),बैरी भट्टा (43/34),Bhoranj(Sub-District) / Hamirpur(District) / Himachal Pradesh(State),01114700,018032,N,,,,
231,18040,Beri Brahmna (43/43),बैरी ब्राह्मणा (43/43),Bhoranj(Sub-District) / Hamirpur(District) / Himachal Pradesh(State),01115500,018040,N,,,,
232,16791,Beru (24/12),बेरू (24/12),Nadaun(Sub-District) / Hamirpur(District) / Himachal Pradesh(State),01004100,016791,N,,,,
233,16531,Bhabhrean (18/7),भवडिया (18/7),Nadaun(Sub-District) / Hamirpur(District) / Himachal Pradesh(State),00969900,016531,N,,,,
234,17054,Bhaddu (52/14),भड्डू (52/14),Hamirpur(Sub-District) / Hamirpur(District) / Himachal Pradesh(State),01019300,017054,N,,,,
235,16901,Bhadhera (26/19),भढेडा (26/19),Kangoo(Sub-District) / Hamirpur(District) / Himachal Pradesh(State),00987600,016901,N,,,,
236,16357,Bhadola (55/22),भडोला (55/22),Tira Sujanpur(Sub-District) / Hamirpur(District) / Himachal Pradesh(State),00952500,016357,N,,,,
237,16376,Bhadriana (55/29),भदरयाना (55/29),Tira Sujanpur(Sub-District) / Hamirpur(District) / Himachal Pradesh(State),00954400,016376,N,,,,
238,16564,Bhadrol (19/4),भदरोल (19/4),Nadaun(Sub-District) / Hamirpur(District) / Himachal Pradesh(State),00973200,016564,N,,,,
239,17833,Bhadru (44/44),भदरू (44/44),Bhoranj(Sub-District) / Hamirpur(District) / Himachal Pradesh(State),01094800,017833,N,,,,
240,16615,Bhadrun (17/11),भदरू (17/11),Nadaun(Sub-District) / Hamirpur(District) / Himachal Pradesh(State),00978000,016615,N,,,,
241,17479,Bhaged (33/9),भगेड  (33/9),Barsar(Sub-District) / Hamirpur(District) / Himachal Pradesh(State),01063500,017479,N,,,,
242,17276,Bhagetu (42/11),भगेटू (42/11),Hamirpur(Sub-District) / Hamirpur(District) / Himachal Pradesh(State),01042800,017276,N,,,,
243,16431,Bhagol (57/4),भगोल (57/4),Tira Sujanpur(Sub-District) / Hamirpur(District) / Himachal Pradesh(State),00959900,016431,N,,,,
244,17284,Bhagot (42/5),भगोट (42/5),Hamirpur(Sub-District) / Hamirpur(District) / Himachal Pradesh(State),01043600,017284,N,,,,
245,16825,Bhagwani (21/13),भगवानी (21/13),Nadaun(Sub-District) / Hamirpur(District) / Himachal Pradesh(State),01007500,016825,N,,,,
246,17672,Bhahal Arjun (34/5),बाहल अर्जुन (34/5),Dhatwal(Sub-District) / Hamirpur(District) / Himachal Pradesh(State),01080900,017672,N,,,,
247,17726,Bhailu,भैलू,Dhatwal(Sub-District) / Hamirpur(District) / Himachal Pradesh(State),01085600,017726,N,,,,
248,18020,Bhajlah (43/23),भजलाह (43/23),Bhoranj(Sub-District) / Hamirpur(District) / Himachal Pradesh(State),01113500,018020,N,,,,
249,17909,Bhakera (42/106),भकेडा (42/106),Bhoranj(Sub-District) / Hamirpur(District) / Himachal Pradesh(State),01102400,017909,N,,,,
250,17514,Bhakreri (32/21),भकरेडी  (32/21),Barsar(Sub-District) / Hamirpur(District) / Himachal Pradesh(State),01067000,017514,N,,,,
251,17987,Bhakreri (44/73),भकरेड़ी (44/73),Bhoranj(Sub-District) / Hamirpur(District) / Himachal Pradesh(State),01110200,017987,N,,,,
252,16420,Bhalana (53/16),भलाणा (53/16),Tira Sujanpur(Sub-District) / Hamirpur(District) / Himachal Pradesh(State),00958800,016420,N,,,,
253,17448,Bhalat (33-24),भालत  (33/24),Barsar(Sub-District) / Hamirpur(District) / Himachal Pradesh(State),01060500,017448,N,,,,
254,16776,Bhalaun (25/30),भलौण (25/30),Kangoo(Sub-District) / Hamirpur(District) / Himachal Pradesh(State),01002600,016776,N,,,,
255,17356,Bhalera (46/6),भलेडा (46/6),Hamirpur(Sub-District) / Hamirpur(District) / Himachal Pradesh(State),01050900,017356,N,,,,
256,16982,Bhaloo (36/30),भालू (36/30),Galore(Sub-District) / Hamirpur(District) / Himachal Pradesh(State),00996700,016982,N,,,,
257,16694,Bhalun (20/23),भलू (20/23),Nadaun(Sub-District) / Hamirpur(District) / Himachal Pradesh(State),00985800,016694,N,,,,
258,17976,Bhalwani (43/71),भलवाणी (43/71),Jahu(Sub-District) / Hamirpur(District) / Himachal Pradesh(State),01109100,017976,N,,,,
259,17035,Bhamloh (62/13),भमलो (62/13),Tauni Devi Bamson(Sub-District) / Hamirpur(District) / Himachal Pradesh(State),01017400,017035,N,,,,
260,17803,Bhamnoh (44/5),भमनोह (44/5),Tauni Devi Bamson(Sub-District) / Hamirpur(District) / Himachal Pradesh(State),01091800,017803,N,,,,
261,16719,Bhandera (27/20),भन्डेरा (27/20),Kangoo(Sub-District) / Hamirpur(District) / Himachal Pradesh(State),00990800,016719,N,,,,
262,17869,Bhanera (44/80),भनेडा (44/80),Bhoranj(Sub-District) / Hamirpur(District) / Himachal Pradesh(State),01098400,017869,N,,,,
263,949347,Bhangala,भंगाला,Dhatwal(Sub-District) / Hamirpur(District) / Himachal Pradesh(State),,000000,N,,,,
264,17660,Bhanwani (34/10),भनवानी (34/10),Dhatwal(Sub-District) / Hamirpur(District) / Himachal Pradesh(State),01079900,017660,N,,,,
265,17010,Bharahian Di Dhar (62/22),भराईयां दी धार (62/22),Tauni Devi Bamson(Sub-District) / Hamirpur(District) / Himachal Pradesh(State),01014900,017010,N,,,,
266,17865,Bharal (44/90),भराल (44/90),Bhoranj(Sub-District) / Hamirpur(District) / Himachal Pradesh(State),01098000,017865,N,,,,
267,16601,Bhararta (17/8),भाररता (17/8),Nadaun(Sub-District) / Hamirpur(District) / Himachal Pradesh(State),00976600,016601,N,,,,
268,17247,Bharban (45/15),भरवान (45/15),Hamirpur(Sub-District) / Hamirpur(District) / Himachal Pradesh(State),01040000,017247,N,,,,
269,17715,Bhardyan (34/93),भरड़याण (34/93),Dhatwal(Sub-District) / Hamirpur(District) / Himachal Pradesh(State),01084700,017715,N,,,,
270,17393,Bhareri (29/10),भरेडी  (29/10),Barsar(Sub-District) / Hamirpur(District) / Himachal Pradesh(State),01055300,017393,N,,,,
271,17149,Bhareta (46/11),भरेटा (46/11),Hamirpur(Sub-District) / Hamirpur(District) / Himachal Pradesh(State),01028400,017149,N,,,,
272,17241,Bharin (46/10),भारीं (46/10),Hamirpur(Sub-District) / Hamirpur(District) / Himachal Pradesh(State),01039400,017241,N,,,,
273,16711,Bhariyal (26/1),भरियाल (26/1),Kangoo(Sub-District) / Hamirpur(District) / Himachal Pradesh(State),00988700,016711,N,,,,
274,16483,Bharmar (56/3),भरमाड़ (56/3),Tira Sujanpur(Sub-District) / Hamirpur(District) / Himachal Pradesh(State),00965100,016483,N,,,,
275,17998,Bharmoti (43/58),भरमोटी (43/58),Jahu(Sub-District) / Hamirpur(District) / Himachal Pradesh(State),01111300,017998,N,,,,
276,16551,Bharmoti Kalan (18/25),भरमोटी कला (18/25),Nadaun(Sub-District) / Hamirpur(District) / Himachal Pradesh(State),00971900,016551,N,,,,
277,16554,Bharmoti Khurd (18/26),भरमोटी खुर्द (18/26),Nadaun(Sub-District) / Hamirpur(District) / Himachal Pradesh(State),00972300,016554,N,,,,
278,17146,Bharnang (46/12),भरनांग (46/12),Hamirpur(Sub-District) / Hamirpur(District) / Himachal Pradesh(State),01028100,017146,N,,,,
279,17776,Bharnot (45/53),भरनोट (45/53),Lambloo(Sub-District) / Hamirpur(District) / Himachal Pradesh(State),01053600,017776,N,,,,
280,17151,Bharnot (52/3),भरनोट (52/3),Hamirpur(Sub-District) / Hamirpur(District) / Himachal Pradesh(State),01028600,017151,N,,,,
281,16588,Bharoli Bhagor (17/40),भडोली भगोर (17/40),Nadaun(Sub-District) / Hamirpur(District) / Himachal Pradesh(State),00975400,016588,N,,,,
282,16809,Bharthi (24/2),भारठी (24/2),Nadaun(Sub-District) / Hamirpur(District) / Himachal Pradesh(State),01005900,016809,N,,,,
283,17254,Bharthian (45/11),भरठियाण (45/11),Hamirpur(Sub-District) / Hamirpur(District) / Himachal Pradesh(State),01040600,017254,N,,,,
284,17825,Bharthiyani (43/84),भरठयाणी  (43/84),Bhoranj(Sub-District) / Hamirpur(District) / Himachal Pradesh(State),01094000,017825,N,,,,
285,16480,Bharthun (56/2),भरठूँ (56/2),Tira Sujanpur(Sub-District) / Hamirpur(District) / Himachal Pradesh(State),00964800,016480,N,,,,
286,16892,Bhatahl (24/31),बटाहल (24/31),Nadaun(Sub-District) / Hamirpur(District) / Himachal Pradesh(State),01014200,016892,N,,,,
287,16448,Bhatani (61/1),भटानी (61/1),Tira Sujanpur(Sub-District) / Hamirpur(District) / Himachal Pradesh(State),00961600,016448,N,,,,
288,16384,Bhatehr (55/9),भटेड़ (55/9),Tira Sujanpur(Sub-District) / Hamirpur(District) / Himachal Pradesh(State),00955200,016384,N,,,,
289,17763,Bhater (34/35),भटेड़ (34/35),Dhatwal(Sub-District) / Hamirpur(District) / Himachal Pradesh(State),01088600,017763,N,,,,
290,17881,Bhater (44-91),भटेड (44/91),Bhoranj(Sub-District) / Hamirpur(District) / Himachal Pradesh(State),01099600,017881,N,,,,
291,16458,Bhater (61/3),भटेड़ (61/3),Tira Sujanpur(Sub-District) / Hamirpur(District) / Himachal Pradesh(State),00962600,016458,N,,,,
292,17027,Bhater (62/17),भटेड (62/17),Tauni Devi Bamson(Sub-District) / Hamirpur(District) / Himachal Pradesh(State),01016600,017027,N,,,,
293,16452,Bhatera (61/5),भटेरा (61/5),Tira Sujanpur(Sub-District) / Hamirpur(District) / Himachal Pradesh(State),00962000,016452,N,,,,
294,17342,Bhater Chhimbiyan (47/2),भटेड छिंवियां (47/2),Hamirpur(Sub-District) / Hamirpur(District) / Himachal Pradesh(State),01049500,017342,N,,,,
295,939680,Bhater Kalan (47/17),भटेड कलां (47/17),Hamirpur(Sub-District) / Hamirpur(District) / Himachal Pradesh(State),,000000,N,,,,
296,17169,Bhater Khurd (47/16),भटेड खुर्द (47/16),Hamirpur(Sub-District) / Hamirpur(District) / Himachal Pradesh(State),01030400,017169,N,,,,
297,17338,Bhati (46/5),भाटी (46/5),Hamirpur(Sub-District) / Hamirpur(District) / Himachal Pradesh(State),01049100,017338,N,,,,
298,17082,Bhati (51/10),भाटी (51/10),Hamirpur(Sub-District) / Hamirpur(District) / Himachal Pradesh(State),01021800,017082,N,,,,
299,16466,Bhati (58/1),भाटी (58/1),Tira Sujanpur(Sub-District) / Hamirpur(District) / Himachal Pradesh(State),00963400,016466,N,,,,
300,16470,Bhatiana Brahmana (58/2),भटियाणा ब्राहमणा (58/2),Tira Sujanpur(Sub-District) / Hamirpur(District) / Himachal Pradesh(State),00963800,016470,N,,,,
301,16471,Bhatiana Rajputan (58/9),भटियाणा राजपूता (58/9),Tira Sujanpur(Sub-District) / Hamirpur(District) / Himachal Pradesh(State),00963900,016471,N,,,,
302,16514,Bhat Lamber (64/1),भटलम्बर (64/1),Tira Sujanpur(Sub-District) / Hamirpur(District) / Himachal Pradesh(State),00968200,016514,N,,,,
303,16326,Bhatpura (63/18),भट्टपुरा (63/18),Tira Sujanpur(Sub-District) / Hamirpur(District) / Himachal Pradesh(State),00949400,016326,N,,,,
304,17188,Bhatwara (37/9),भटवाडा (37/9),Hamirpur(Sub-District) / Hamirpur(District) / Himachal Pradesh(State),01032100,017188,N,,,,
305,16359,Bhawar (55/14),भूआड (55/14),Tira Sujanpur(Sub-District) / Hamirpur(District) / Himachal Pradesh(State),00952700,016359,N,,,,
306,17735,Bhel (34/83),भैल (34/83),Dhatwal(Sub-District) / Hamirpur(District) / Himachal Pradesh(State),01085900,017735,N,,,,
307,16522,Bherda (64/10),भेरडा (64/10),Tauni Devi Bamson(Sub-District) / Hamirpur(District) / Himachal Pradesh(State),00969000,016522,N,,,,
308,16459,Bheru (61/2),भेडू (61/2),Tira Sujanpur(Sub-District) / Hamirpur(District) / Himachal Pradesh(State),00962700,016459,N,,,,
309,17946,Bhevel (42/104),भेवल (42/104),Bhoranj(Sub-District) / Hamirpur(District) / Himachal Pradesh(State),01106100,017946,N,,,,
310,17417,Bhewer (31/15),भेबड  (31/15),Barsar(Sub-District) / Hamirpur(District) / Himachal Pradesh(State),01057600,017417,N,,,,
311,17876,Bhiar (42/80),भ्याड (42/80),Bhoranj(Sub-District) / Hamirpur(District) / Himachal Pradesh(State),01099100,017876,N,,,,
312,17262,Bhira (45/9),भिडा (45/9),Hamirpur(Sub-District) / Hamirpur(District) / Himachal Pradesh(State),01041400,017262,N,,,,
313,17248,Bhiunt (45/12),भयून्ट (45/12),Hamirpur(Sub-District) / Hamirpur(District) / Himachal Pradesh(State),01040100,017248,N,,,,
314,16894,Bhiyal (24/39),भ्याल (24/39),Nadaun(Sub-District) / Hamirpur(District) / Himachal Pradesh(State),01014400,016894,N,,,,
315,16387,Bhog (54/4),भोग (54/4),Tira Sujanpur(Sub-District) / Hamirpur(District) / Himachal Pradesh(State),00955500,016387,N,,,,
316,17854,Bhogwan (43/1),भोगवां  (43/1),Bhoranj(Sub-District) / Hamirpur(District) / Himachal Pradesh(State),01096900,017854,N,,,,
317,17291,Bhola (42/1),भोला (42/1),Hamirpur(Sub-District) / Hamirpur(District) / Himachal Pradesh(State),01044300,017291,N,,,,
318,17988,Bhoranj Buhla (44/72),भोरंज बुहला (44/7),Bhoranj(Sub-District) / Hamirpur(District) / Himachal Pradesh(State),01110300,017988,N,,,,
319,17872,Bhoranj Upperla (44/71),भोरंज उपरला (44/71),Bhoranj(Sub-District) / Hamirpur(District) / Himachal Pradesh(State),01098700,017872,N,,,,
320,939634,Bhota (40/30),भोटा (40/30),Bhota(Sub-District) / Hamirpur(District) / Himachal Pradesh(State),,000000,N,,,,
321,17867,Bhoti (44/74),भोटी (44/74),Bhoranj(Sub-District) / Hamirpur(District) / Himachal Pradesh(State),01098200,017867,N,,,,
322,17950,Bhounkhar (42/97),भौंखर (42/97),Bhoranj(Sub-District) / Hamirpur(District) / Himachal Pradesh(State),01106500,017950,N,,,,
323,18000,Bhour (43/69),भौर  (43/69),Jahu(Sub-District) / Hamirpur(District) / Himachal Pradesh(State),01111500,018000,N,,,,
324,17777,Bhuana (44/3),भुआना (44/3),Tauni Devi Bamson(Sub-District) / Hamirpur(District) / Himachal Pradesh(State),01089200,017777,N,,,,
325,17113,Bhud (51/9),भुड (51/9),Hamirpur(Sub-District) / Hamirpur(District) / Himachal Pradesh(State),01024800,017113,N,,,,
326,18027,Bhukkar (43/31),भुक्कड़ (43/31),Bhoranj(Sub-District) / Hamirpur(District) / Himachal Pradesh(State),01114200,018027,N,,,,
327,17788,Bhurdhan (44/4),भूरडान (44/4),Tauni Devi Bamson(Sub-District) / Hamirpur(District) / Himachal Pradesh(State),01090300,017788,N,,,,
328,17442,Bhutlahar (13/2),भूटलाहड   (13/2),Barsar(Sub-District) / Hamirpur(District) / Himachal Pradesh(State),01060100,017442,N,,,,
329,17540,Biar Kalan (35/16),ब्याड कलां (35/16),Barsar(Sub-District) / Hamirpur(District) / Himachal Pradesh(State),01069300,017540,N,,,,
330,17541,Biar Khurd (35/15),ब्याड खुर्द (35/15),Barsar(Sub-District) / Hamirpur(District) / Himachal Pradesh(State),01069400,017541,N,,,,
331,17701,Bihal (34/71),बिहाल (34/71),Dhatwal(Sub-District) / Hamirpur(District) / Himachal Pradesh(State),01083400,017701,N,,,,
332,16919,Bihru (27/5),विहडू (27/5),Galore(Sub-District) / Hamirpur(District) / Himachal Pradesh(State),00990300,016919,N,,,,
333,17671,Bihru (34-22),बीहड़ू (34/22),Dhatwal(Sub-District) / Hamirpur(District) / Himachal Pradesh(State),01080800,017671,N,,,,
334,17655,Bijhari (34/16),बिझड़ी (34/16),Dhatwal(Sub-District) / Hamirpur(District) / Himachal Pradesh(State),01079400,017655,N,,,,
335,17601,Bilkar Kahan (40/23),बिलकर काहन (40/23),Bhota(Sub-District) / Hamirpur(District) / Himachal Pradesh(State),01074500,017601,N,,,,
336,17600,Bilkar Runia (40/19),बिलकर रूिणया (40/19),Bhota(Sub-District) / Hamirpur(District) / Himachal Pradesh(State),01074400,017600,N,,,,
337,17300,Bindli (42/81),बिन्डली (42/81),Hamirpur(Sub-District) / Hamirpur(District) / Himachal Pradesh(State),01045200,017300,N,,,,
338,16337,Bir Khas (63/2),बीड़ खास (63/2),Tira Sujanpur(Sub-District) / Hamirpur(District) / Himachal Pradesh(State),00950500,016337,N,,,,
339,17509,Birswin (32/24),बिरसवी (32/24),Barsar(Sub-District) / Hamirpur(District) / Himachal Pradesh(State),01066500,017509,N,,,,
340,16620,Bnjarh (27/19),बन्जड़ (27/19),Kangoo(Sub-District) / Hamirpur(District) / Himachal Pradesh(State),00978500,016620,N,,,,
341,17786,Bohan (44/03),बौहण (44/03),Tauni Devi Bamson(Sub-District) / Hamirpur(District) / Himachal Pradesh(State),01090100,017786,N,,,,
342,17686,Bohni,बोहणी,Dhatwal(Sub-District) / Hamirpur(District) / Himachal Pradesh(State),01082200,017686,N,,,,
343,17331,Bohni (45/75),बोहणी (45/75),Lambloo(Sub-District) / Hamirpur(District) / Himachal Pradesh(State),01048400,017331,N,,,,
344,17155,Brahmani (46/3),ब्राहमणी (46/3),Hamirpur(Sub-District) / Hamirpur(District) / Himachal Pradesh(State),01029000,017155,N,,,,
345,17694,Budhan (34/18),बुढाण (34/18),Dhatwal(Sub-District) / Hamirpur(District) / Himachal Pradesh(State),01082700,017694,N,,,,
346,16741,Budhwal (25/31),बडवाल (25/31),Kangoo(Sub-District) / Hamirpur(District) / Himachal Pradesh(State),00999200,016741,N,,,,
347,16956,Budhwin (36/24),वुधंवी (36/24),Galore(Sub-District) / Hamirpur(District) / Himachal Pradesh(State),00994000,016956,N,,,,
348,17307,Bumana (42/33),बुमाणा (42/33),Hamirpur(Sub-District) / Hamirpur(District) / Himachal Pradesh(State),01045900,017307,N,,,,
349,16885,Bumbloo (23/17),बुम्वलू (23/17),Nadaun(Sub-District) / Hamirpur(District) / Himachal Pradesh(State),01013500,016885,N,,,,
350,16747,Buni (25/5),बूणी (25/5),Kangoo(Sub-District) / Hamirpur(District) / Himachal Pradesh(State),00999800,016747,N,,,,
351,16873,Busal (23/10),बूसल (23/10),Nadaun(Sub-District) / Hamirpur(District) / Himachal Pradesh(State),01012300,016873,N,,,,
352,17762,Buthan Badgraian (34/44),बुठान बड़ग्राईयां (34/44),Dhatwal(Sub-District) / Hamirpur(District) / Himachal Pradesh(State),01088500,017762,N,,,,
353,17761,Buthan Nangluan (34/41),बुठान नांगलूआं (34/41),Dhatwal(Sub-District) / Hamirpur(District) / Himachal Pradesh(State),01088400,017761,N,,,,
354,17894,Buthwi Agnihotrian (42/67),बुठवीं अग्निहोत्रिया (42/67),Bhoranj(Sub-District) / Hamirpur(District) / Himachal Pradesh(State),01100900,017894,N,,,,
355,17917,Buthwi Padian (42/68),बुठवीं पादया (42/68),Bhoranj(Sub-District) / Hamirpur(District) / Himachal Pradesh(State),01103200,017917,N,,,,
356,17898,Buthwi Tangrian (42/69),बुठवीं टागरिया (42/69),Bhoranj(Sub-District) / Hamirpur(District) / Himachal Pradesh(State),01101300,017898,N,,,,
357,16422,Chabutra Khas (53/14),चवूतरा खास (53/14),Tira Sujanpur(Sub-District) / Hamirpur(District) / Himachal Pradesh(State),00959000,016422,N,,,,
358,17381,Chahar (45/66),चाहड (45/66),Tauni Devi Bamson(Sub-District) / Hamirpur(District) / Himachal Pradesh(State),01054100,017381,N,,,,
359,16436,Chail (57/20),छैल (57/20),Tira Sujanpur(Sub-District) / Hamirpur(District) / Himachal Pradesh(State),00960400,016436,N,,,,
360,16432,Chakariana (57/7),चकरयाना (57/7),Tira Sujanpur(Sub-District) / Hamirpur(District) / Himachal Pradesh(State),00960000,016432,N,,,,
361,17400,Chakbankut (30/7),चक वन कूट,Barsar(Sub-District) / Hamirpur(District) / Himachal Pradesh(State),01055900,017400,N,,,,
362,939658,Chak Bhalera (46/6),चक भलेडा (46/6),Hamirpur(Sub-District) / Hamirpur(District) / Himachal Pradesh(State),,000000,N,,,,
363,17564,Chakdahad (40/13),चकडाहड़ (40/13),Bhota(Sub-District) / Hamirpur(District) / Himachal Pradesh(State),01071500,017564,N,,,,
364,939659,Chak Kathal (46/22),चक कथाल (46/22),Hamirpur(Sub-District) / Hamirpur(District) / Himachal Pradesh(State),,000000,N,,,,
365,16354,Chaklah (55/34),चकलाह (55/34),Tira Sujanpur(Sub-District) / Hamirpur(District) / Himachal Pradesh(State),00952200,016354,N,,,,
366,17674,Chakmoh (34/8),चकमोह (34/8),Dhatwal(Sub-District) / Hamirpur(District) / Himachal Pradesh(State),01081100,017674,N,,,,
367,17666,Chakrala (34/3),चकड़ाला (34/3),Dhatwal(Sub-District) / Hamirpur(District) / Himachal Pradesh(State),01080400,017666,N,,,,
368,17274,Chakrowa (42/25),चकडोवा (42/25),Hamirpur(Sub-District) / Hamirpur(District) / Himachal Pradesh(State),01042600,017274,N,,,,
369,939657,Chak Swahal (46/23),चक स्वाहल (46/23),Hamirpur(Sub-District) / Hamirpur(District) / Himachal Pradesh(State),,000000,N,,,,
370,17093,Chalad (50/13),चलाहड (50/13),Hamirpur(Sub-District) / Hamirpur(District) / Himachal Pradesh(State),01022900,017093,N,,,,
371,16735,Chalagarh (25/50),चलागढ़ (25/50),Kangoo(Sub-District) / Hamirpur(District) / Himachal Pradesh(State),00998600,016735,N,,,,
372,17682,Chalali (34/32),चलैहली (34/32),Dhatwal(Sub-District) / Hamirpur(District) / Himachal Pradesh(State),01081900,017682,N,,,,
373,16744,Chal Badda (25/14),छल बड़ा (25/14),Kangoo(Sub-District) / Hamirpur(District) / Himachal Pradesh(State),00999500,016744,N,,,,
374,16743,Chal Chotta (25/54),छल छोटा (25/54),Kangoo(Sub-District) / Hamirpur(District) / Himachal Pradesh(State),00999400,016743,N,,,,
375,16904,Chaleli (26/7),चलेली (26/7),Kangoo(Sub-District) / Hamirpur(District) / Himachal Pradesh(State),00987900,016904,N,,,,
376,16833,Chaleta (21/19),चलेटा (21/19),Nadaun(Sub-District) / Hamirpur(District) / Himachal Pradesh(State),01008300,016833,N,,,,
377,16496,Chaloh (60/10),चलोह (60/10),Tira Sujanpur(Sub-District) / Hamirpur(District) / Himachal Pradesh(State),00966400,016496,N,,,,
378,17067,Chalokhar Kalan,चलोखर कलां,Hamirpur(Sub-District) / Hamirpur(District) / Himachal Pradesh(State),01020500,017067,N,,,,
379,17057,Chalokher (51/10),चलोखर (51/10),Hamirpur(Sub-District) / Hamirpur(District) / Himachal Pradesh(State),01019600,017057,N,,,,
380,17066,Chalokher (52/15),चलोखर (52/15),Hamirpur(Sub-District) / Hamirpur(District) / Himachal Pradesh(State),01020500,017066,N,,,,
381,17702,Chaloli (34-67),चलौहली (34/67),Dhatwal(Sub-District) / Hamirpur(District) / Himachal Pradesh(State),01083500,017702,N,,,,
382,17664,Chalsai (34/7),चलसाई (34/7),Dhatwal(Sub-District) / Hamirpur(District) / Himachal Pradesh(State),01080300,017664,N,,,,
383,17282,Chalyara (42/17),चलयाडा (42/17),Hamirpur(Sub-District) / Hamirpur(District) / Himachal Pradesh(State),01043400,017282,N,,,,
384,17961,Chamaiter (42/122),चमयातर (42/122),Bhoranj(Sub-District) / Hamirpur(District) / Himachal Pradesh(State),01107600,017961,N,,,,
385,17167,Chamarari (47/26),चमारहडी (47/26),Hamirpur(Sub-District) / Hamirpur(District) / Himachal Pradesh(State),01030200,017167,N,,,,
386,16775,Chamarda (25/6),चमारडा (25/6),Kangoo(Sub-District) / Hamirpur(District) / Himachal Pradesh(State),01002500,016775,N,,,,
387,16494,Chamarkar (58/12),चमारकड़ (58/12),Tira Sujanpur(Sub-District) / Hamirpur(District) / Himachal Pradesh(State),00966200,016494,N,,,,
388,16327,Chamarrahra (63/23),चमाहरड़ा (63/23),Tira Sujanpur(Sub-District) / Hamirpur(District) / Himachal Pradesh(State),00949500,016327,N,,,,
389,16430,Chamarrahri (57/17),चमाहरड़ी (57/17),Tira Sujanpur(Sub-District) / Hamirpur(District) / Himachal Pradesh(State),00959800,016430,N,,,,
390,16849,Chamba (21/30),चम्वा (21/30),Nadaun(Sub-District) / Hamirpur(District) / Himachal Pradesh(State),01009900,016849,N,,,,
391,17446,Chambeh (12/4),चम्बेह (12/4),Barsar(Sub-District) / Hamirpur(District) / Himachal Pradesh(State),01060300,017446,N,,,,
392,16672,Chambher (20-6),झमेड़ (20/6),Nadaun(Sub-District) / Hamirpur(District) / Himachal Pradesh(State),00983600,016672,N,,,,
393,17805,Chamboh (43/86),चम्बोह (43/86),Bhoranj(Sub-District) / Hamirpur(District) / Himachal Pradesh(State),01092000,017805,N,,,,
394,16454,Chameola (61/14),चमयोला (61/14),Tira Sujanpur(Sub-District) / Hamirpur(District) / Himachal Pradesh(State),00962200,016454,N,,,,
395,16476,Chamiana Khas (57/16),चमियाना खास (57/16),Tira Sujanpur(Sub-District) / Hamirpur(District) / Himachal Pradesh(State),00964400,016476,N,,,,
396,17327,Chamned (45/45),चमनेड (45/45),Lambloo(Sub-District) / Hamirpur(District) / Himachal Pradesh(State),01048000,017327,N,,,,
397,16864,Chamral (22/1),चमराल (22/1),Nadaun(Sub-District) / Hamirpur(District) / Himachal Pradesh(State),01011400,016864,N,,,,
398,17216,Chamsai (39/3),चमसाई (39/3),Hamirpur(Sub-District) / Hamirpur(District) / Himachal Pradesh(State),01036800,017216,N,,,,
399,17846,Chamyat (43/79),चम्याट  (43/79),Bhoranj(Sub-District) / Hamirpur(District) / Himachal Pradesh(State),01096100,017846,N,,,,
400,17942,Chamyog (42/121),चमयोग (42/121),Bhoranj(Sub-District) / Hamirpur(District) / Himachal Pradesh(State),01105700,017942,N,,,,
401,17525,Chamyola (32/10),चमयोला (32/10),Barsar(Sub-District) / Hamirpur(District) / Himachal Pradesh(State),01068000,017525,N,,,,
402,939642,Chandal (34-47),चन्दल (34/47),Dhatwal(Sub-District) / Hamirpur(District) / Himachal Pradesh(State),,000000,N,,,,
403,17877,Chanderwar (42/56),चंदरवाड (42/56),Bhoranj(Sub-District) / Hamirpur(District) / Himachal Pradesh(State),01099200,017877,N,,,,
404,17640,Changar (34/105),चंगर (34/105),Dhatwal(Sub-District) / Hamirpur(District) / Himachal Pradesh(State),01078200,017640,N,,,,
405,17007,Changar (39/4),चंगर (39/4),Hamirpur(Sub-District) / Hamirpur(District) / Himachal Pradesh(State),01038100,017007,N,,,,
406,17166,Chanwal (48/15),चनवाल (48/15),Hamirpur(Sub-District) / Hamirpur(District) / Himachal Pradesh(State),01030100,017166,N,,,,
407,16644,Chanwan (19/17),चुनवान (19/17),Nadaun(Sub-District) / Hamirpur(District) / Himachal Pradesh(State),00980800,016644,N,,,,
408,17118,Chanwan (49/18),चनवाल (49/18),Hamirpur(Sub-District) / Hamirpur(District) / Himachal Pradesh(State),01025300,017118,N,,,,
409,16330,Chaptehr (63/22),चपटेड़ (63/22),Tira Sujanpur(Sub-District) / Hamirpur(District) / Himachal Pradesh(State),00949800,016330,N,,,,
410,16706,Charara (26/13),चराडा (26/13),Kangoo(Sub-District) / Hamirpur(District) / Himachal Pradesh(State),00987000,016706,N,,,,
411,17899,Charchehari (42/64),चरजेड़ी (42/64),Bhoranj(Sub-District) / Hamirpur(District) / Himachal Pradesh(State),01101400,017899,N,,,,
412,16844,Charhun (21/33),चडूह (21/33),Nadaun(Sub-District) / Hamirpur(District) / Himachal Pradesh(State),01009400,016844,N,,,,
413,17013,Charian Di Dhar (62/32),चारियां दी धार (62/32),Tauni Devi Bamson(Sub-District) / Hamirpur(District) / Himachal Pradesh(State),01015200,017013,N,,,,
414,17398,Charjehri (30/12),चरजेहडी (30/12),Barsar(Sub-District) / Hamirpur(District) / Himachal Pradesh(State),01055800,017398,N,,,,
415,16356,Charot (55/44),चरोट (55/44),Tira Sujanpur(Sub-District) / Hamirpur(District) / Himachal Pradesh(State),00952400,016356,N,,,,
416,16669,Charoti (20/7),चरोटी (20/7),Nadaun(Sub-District) / Hamirpur(District) / Himachal Pradesh(State),00983300,016669,N,,,,
417,16840,Charuri (21/17),चरूरी (21/17),Nadaun(Sub-District) / Hamirpur(District) / Himachal Pradesh(State),01009000,016840,N,,,,
418,17758,Chathyal Vass (34/33),चठयाल वास (34/33),Dhatwal(Sub-District) / Hamirpur(District) / Himachal Pradesh(State),01088100,017758,N,,,,
419,17700,Chatpahl (34/70),चटपाहल (34/70),Dhatwal(Sub-District) / Hamirpur(District) / Himachal Pradesh(State),01083300,017700,N,,,,
420,17820,Chatrot (44/27),चतरौट (44/27),Bhoranj(Sub-District) / Hamirpur(District) / Himachal Pradesh(State),01093500,017820,N,,,,
421,939681,Chauhala Kalan (47/41),चौहलां कलां (47/41),Hamirpur(Sub-District) / Hamirpur(District) / Himachal Pradesh(State),,000000,N,,,,
422,939682,Chauhala Khurd (47/21),चौहलां खुर्द (47/21),Hamirpur(Sub-District) / Hamirpur(District) / Himachal Pradesh(State),,000000,N,,,,
423,16766,Chauki Jattan (25/3),चौकी जट्टां (25/3),Kangoo(Sub-District) / Hamirpur(District) / Himachal Pradesh(State),01001600,016766,N,,,,
424,17306,Chauki Kankari (42/52),चौकी कनकरी (42/52),Hamirpur(Sub-District) / Hamirpur(District) / Himachal Pradesh(State),01045800,017306,N,,,,
425,16807,Chaukroo (24/6),चौकडू (24/6),Nadaun(Sub-District) / Hamirpur(District) / Himachal Pradesh(State),01005700,016807,N,,,,
426,16617,Chaunk (17/1),चौक (17/1),Nadaun(Sub-District) / Hamirpur(District) / Himachal Pradesh(State),00978200,016617,N,,,,
427,16368,Chaunki (55/7),चौंकी (55/7),Tira Sujanpur(Sub-District) / Hamirpur(District) / Himachal Pradesh(State),00953600,016368,N,,,,
428,16541,Chaunki Churhan (18/12),चौकी चुडान (18/12),Nadaun(Sub-District) / Hamirpur(District) / Himachal Pradesh(State),00970900,016541,N,,,,
429,16449,Chauri (61/12),चौरी (61/12),Tira Sujanpur(Sub-District) / Hamirpur(District) / Himachal Pradesh(State),00961700,016449,N,,,,
430,17101,Chhabot Brahamana (49/1),छबोट ब्राहमणा (49/1),Hamirpur(Sub-District) / Hamirpur(District) / Himachal Pradesh(State),01023700,017101,N,,,,
431,17103,Chhabot Girthan (49/16),छबोट घिरथां (49/16),Hamirpur(Sub-District) / Hamirpur(District) / Himachal Pradesh(State),01023800,017103,N,,,,
432,17142,Chhal Buhla (48/3),छल वुहला (48/3),Hamirpur(Sub-District) / Hamirpur(District) / Himachal Pradesh(State),01027700,017142,N,,,,
433,17141,Chhal Uprla (48/14),छल उपरला (48/14),Hamirpur(Sub-District) / Hamirpur(District) / Himachal Pradesh(State),01027600,017141,N,,,,
434,16682,Chhamb (20/16),छम्ब (20/16),Nadaun(Sub-District) / Hamirpur(District) / Himachal Pradesh(State),00984600,016682,N,,,,
435,16526,Chhamb (63/28),छम्ब (63/28),Tauni Devi Bamson(Sub-District) / Hamirpur(District) / Himachal Pradesh(State),00969400,016526,N,,,,
436,16495,Chhaner (59/11),छनेहड (59/11),Tira Sujanpur(Sub-District) / Hamirpur(District) / Himachal Pradesh(State),00966300,016495,N,,,,
437,16441,Chhaniana (57/10),छनयाणा (57/10),Tira Sujanpur(Sub-District) / Hamirpur(District) / Himachal Pradesh(State),00960900,016441,N,,,,
438,17451,Chhaproh (12/9),छपरोह (12/9),Barsar(Sub-District) / Hamirpur(District) / Himachal Pradesh(State),01060700,017451,N,,,,
439,17263,Chhatar (45/13),छत्तर (45/13),Hamirpur(Sub-District) / Hamirpur(District) / Himachal Pradesh(State),01041500,017263,N,,,,
440,17437,Chhatoli Brahamna (31/5),छतोली ब्राहमणा (31/5),Barsar(Sub-District) / Hamirpur(District) / Himachal Pradesh(State),01059600,017437,N,,,,
441,17438,Chhatoli Rajputtan (31/6),छतोली राजपुता (31/6),Barsar(Sub-District) / Hamirpur(District) / Himachal Pradesh(State),01059700,017438,N,,,,
442,17352,Chhatrial (45/64),छत्रैल (45/64),Tauni Devi Bamson(Sub-District) / Hamirpur(District) / Himachal Pradesh(State),01050500,017352,N,,,,
443,16799,Chhatriala (24/30),छतडयाला (24/30),Nadaun(Sub-District) / Hamirpur(District) / Himachal Pradesh(State),01004900,016799,N,,,,
444,16456,Chhat Ruhru (61/4),छतरुडू (61/4),Tira Sujanpur(Sub-District) / Hamirpur(District) / Himachal Pradesh(State),00962400,016456,N,,,,
445,17992,Chhattar Kalan (43/26),छतर कलां (43/26),Bhoranj(Sub-District) / Hamirpur(District) / Himachal Pradesh(State),01110700,017992,N,,,,
446,17994,Chhattar Khurd (43/10),छतरखुर्द (43/10),Bhoranj(Sub-District) / Hamirpur(District) / Himachal Pradesh(State),01110900,017994,N,,,,
447,17581,Chhek (40/32),छेक (40/32),Bhota(Sub-District) / Hamirpur(District) / Himachal Pradesh(State),01072700,017581,N,,,,
448,17376,Chheorin (45/78),छियोडी (45/78),Lambloo(Sub-District) / Hamirpur(District) / Himachal Pradesh(State),01053500,017376,N,,,,
449,17622,Chhorab (41/12),छोडव (41/12),Bhota(Sub-District) / Hamirpur(District) / Himachal Pradesh(State),01076400,017622,N,,,,
450,17796,Chhoun (44/35),छौं (44/35),Tauni Devi Bamson(Sub-District) / Hamirpur(District) / Himachal Pradesh(State),01091100,017796,N,,,,
451,16444,Chhounti (60/2),छौंटी (60/2),Tira Sujanpur(Sub-District) / Hamirpur(District) / Himachal Pradesh(State),00961200,016444,N,,,,
452,17408,Chhuchhwin (30/1),छुछवी (30/1),Barsar(Sub-District) / Hamirpur(District) / Himachal Pradesh(State),01056700,017408,N,,,,
453,17120,Chigar (49/13),चिगड (49/13),Hamirpur(Sub-District) / Hamirpur(District) / Himachal Pradesh(State),01025500,017120,N,,,,
454,16695,Chilbahal (20/10),चिलबाहल (20/10),Kangoo(Sub-District) / Hamirpur(District) / Himachal Pradesh(State),00985900,016695,N,,,,
455,16667,Chilli (20/28),चिल्ली (20/28),Nadaun(Sub-District) / Hamirpur(District) / Himachal Pradesh(State),00983100,016667,N,,,,
456,17632,Choa (41/24),चोआ (41/24),Bhota(Sub-District) / Hamirpur(District) / Himachal Pradesh(State),01077400,017632,N,,,,
457,16881,Choaa (23/13),चौआ (23/13),Nadaun(Sub-District) / Hamirpur(District) / Himachal Pradesh(State),01013100,016881,N,,,,
458,16877,Choachakrala (23/11),चौआ चकराला (23/11),Nadaun(Sub-District) / Hamirpur(District) / Himachal Pradesh(State),01012700,016877,N,,,,
459,16725,Chobhu (25/4),चौभू (25/4),Kangoo(Sub-District) / Hamirpur(District) / Himachal Pradesh(State),00997600,016725,N,,,,
460,17273,Choukar (42/27),चौकड (42/27),Hamirpur(Sub-District) / Hamirpur(District) / Himachal Pradesh(State),01042500,017273,N,,,,
461,17277,Chountra (42/14),चौन्तडा (42/14),Hamirpur(Sub-District) / Hamirpur(District) / Himachal Pradesh(State),01042900,017277,N,,,,
462,17882,Chountra (44/62),चौंतरा (44/62),Bhoranj(Sub-District) / Hamirpur(District) / Himachal Pradesh(State),01099700,017882,N,,,,
463,16722,Chowk (25/41),चौक (25/41),Kangoo(Sub-District) / Hamirpur(District) / Himachal Pradesh(State),00997300,016722,N,,,,
464,17754,Chowki (34/39),चौकी (34/39),Dhatwal(Sub-District) / Hamirpur(District) / Himachal Pradesh(State),01087800,017754,N,,,,
465,17095,Chowki (49/10),चौकी (49/10),Hamirpur(Sub-District) / Hamirpur(District) / Himachal Pradesh(State),01023100,017095,N,,,,
466,17080,Chowki (51/3),चौकी (51/3),Hamirpur(Sub-District) / Hamirpur(District) / Himachal Pradesh(State),01021600,017080,N,,,,
467,17138,Chowki (52/4),चौकी (52/4),Hamirpur(Sub-District) / Hamirpur(District) / Himachal Pradesh(State),01027300,017138,N,,,,
468,16723,Chowki Rajputan (25/37),चौकी राजपूता (25/37),Kangoo(Sub-District) / Hamirpur(District) / Himachal Pradesh(State),00997400,016723,N,,,,
469,17598,Chuan (40/42),चुआण (40/42),Bhota(Sub-District) / Hamirpur(District) / Himachal Pradesh(State),01074200,017598,N,,,,
470,17504,Chukhiniar (33/28),चुखन्यार (33/28),Barsar(Sub-District) / Hamirpur(District) / Himachal Pradesh(State),01066000,017504,N,,,,
471,16897,Chuthiar (24/35),चुठियार (24/35),Nadaun(Sub-District) / Hamirpur(District) / Himachal Pradesh(State),01014700,016897,N,,,,
472,16839,Dabbar (21/25),डव्वर (21/25),Nadaun(Sub-District) / Hamirpur(District) / Himachal Pradesh(State),01008900,016839,N,,,,
473,16861,Dabbar Patta (22/9),डब्बर पट्टा (22/9),Nadaun(Sub-District) / Hamirpur(District) / Himachal Pradesh(State),01011100,016861,N,,,,
474,17094,Dabhun (50/11),डंभू (50/11),Hamirpur(Sub-District) / Hamirpur(District) / Himachal Pradesh(State),01023000,017094,N,,,,
475,16872,Dabkehr (23/4),दबकेहड (23/4),Nadaun(Sub-District) / Hamirpur(District) / Himachal Pradesh(State),01012200,016872,N,,,,
476,17782,Daboh (44/13),डबोह (44/13),Tauni Devi Bamson(Sub-District) / Hamirpur(District) / Himachal Pradesh(State),01089700,017782,N,,,,
477,17773,Dabrera (45/48),डबरेहडा (45/48),Lambloo(Sub-District) / Hamirpur(District) / Himachal Pradesh(State),01052300,017773,N,,,,
478,16890,Dadhwalkar (24/36),डडबालखर (24/36),Nadaun(Sub-District) / Hamirpur(District) / Himachal Pradesh(State),01014000,016890,N,,,,
479,16837,Dadlu (21/18),डडलू (21/18),Nadaun(Sub-District) / Hamirpur(District) / Himachal Pradesh(State),01008700,016837,N,,,,
480,16953,Dadoh (47/17),डडोह (47/17),Galore(Sub-District) / Hamirpur(District) / Himachal Pradesh(State),00993700,016953,N,,,,
481,17828,Dadu (43/88),डाडू (43/88),Bhoranj(Sub-District) / Hamirpur(District) / Himachal Pradesh(State),01094300,017828,N,,,,
482,16936,Dagoh (36/15),ढगोह (36/15),Galore(Sub-District) / Hamirpur(District) / Himachal Pradesh(State),00992000,016936,N,,,,
483,17539,Dagol (35/10),ड्गोल (35/10),Barsar(Sub-District) / Hamirpur(District) / Himachal Pradesh(State),01069200,017539,N,,,,
484,17193,Daguhara (37/6),डगूहडा (37/6),Hamirpur(Sub-District) / Hamirpur(District) / Himachal Pradesh(State),01032800,017193,N,,,,
485,16806,Dahal (24/5),दाहल (24/5),Nadaun(Sub-District) / Hamirpur(District) / Himachal Pradesh(State),01005600,016806,N,,,,
486,17617,Dain (41/26),दैण (41/26),Bhota(Sub-District) / Hamirpur(District) / Himachal Pradesh(State),01075900,017617,N,,,,
487,17800,Dakehra (44/38),डकेहडा (44/38),Tauni Devi Bamson(Sub-District) / Hamirpur(District) / Himachal Pradesh(State),01091500,017800,N,,,,
488,16573,Dakhrun (19/5),ठकरू  (19/5),Nadaun(Sub-District) / Hamirpur(District) / Himachal Pradesh(State),00974100,016573,N,,,,
489,17739,Dakhyora (34/56),दख्योड़ा (34/56),Dhatwal(Sub-District) / Hamirpur(District) / Himachal Pradesh(State),01086300,017739,N,,,,
490,17192,Dakohal (37/26),डकोहल (37/26),Hamirpur(Sub-District) / Hamirpur(District) / Himachal Pradesh(State),01032600,017192,N,,,,
491,17845,Dalalar (43/80),दलारड (43/80),Bhoranj(Sub-District) / Hamirpur(District) / Himachal Pradesh(State),01096000,017845,N,,,,
492,17673,Dalchehra (34/4),दलचेहड़ा (34/4),Dhatwal(Sub-District) / Hamirpur(District) / Himachal Pradesh(State),01081000,017673,N,,,,
493,16557,Dalohal (19/13),डलोहल (19/13),Nadaun(Sub-District) / Hamirpur(District) / Himachal Pradesh(State),00972600,016557,N,,,,
494,17076,Dalwana Brahmana (51/15),डलवाना ब्राहमणां (52/15),Hamirpur(Sub-District) / Hamirpur(District) / Himachal Pradesh(State),01021300,017076,N,,,,
495,17077,Dalwana Gujaran (51/14),डलवाना गुजरां (51/14),Hamirpur(Sub-District) / Hamirpur(District) / Himachal Pradesh(State),01021400,017077,N,,,,
496,17236,Dalyahu (39/13),डल्याऊ (39/13),Hamirpur(Sub-District) / Hamirpur(District) / Himachal Pradesh(State),01038900,017236,N,,,,
497,16381,Damehru (55/28),दमेडू (55/28),Tira Sujanpur(Sub-District) / Hamirpur(District) / Himachal Pradesh(State),00954900,016381,N,,,,
498,17811,Damooi (44/8),डमूई (44/8),Tauni Devi Bamson(Sub-District) / Hamirpur(District) / Himachal Pradesh(State),01092600,017811,N,,,,
499,16805,Damoti (24/8),दमोटी (24/8),Nadaun(Sub-District) / Hamirpur(District) / Himachal Pradesh(State),01005500,016805,N,,,,
500,17365,Dandehra (45/27),दंदेहडा (45/27),Lambloo(Sub-District) / Hamirpur(District) / Himachal Pradesh(State),01052000,017365,N,,,,
501,17411,Dandur (30/14),दान्दडू (30/14),Barsar(Sub-District) / Hamirpur(District) / Himachal Pradesh(State),01057000,017411,N,,,,
502,17713,Dandwin (34/102),दन्दवी 34/102),Dhatwal(Sub-District) / Hamirpur(District) / Himachal Pradesh(State),01084500,017713,N,,,,
503,939686,Dang Kwali (48),डांग क्वाली (48),Hamirpur(Sub-District) / Hamirpur(District) / Himachal Pradesh(State),,000000,N,,,,
504,16688,Dangri (20/18),दगडी (20/18),Kangoo(Sub-District) / Hamirpur(District) / Himachal Pradesh(State),00985200,016688,N,,,,
505,17842,Danwan (44/50),ढ़नवान (44/50),Bhoranj(Sub-District) / Hamirpur(District) / Himachal Pradesh(State),01095700,017842,N,,,,
506,16918,Dar (27/6),दाड (27/6),Galore(Sub-District) / Hamirpur(District) / Himachal Pradesh(State),00990200,016918,N,,,,
507,17119,Darbeli (49/1),दरवैली (49/1),Hamirpur(Sub-District) / Hamirpur(District) / Himachal Pradesh(State),01025400,017119,N,,,,
508,16678,Darbhial (20/19),दरभ्याल (20/19),Nadaun(Sub-District) / Hamirpur(District) / Himachal Pradesh(State),00984200,016678,N,,,,
509,17801,Darbiar (44/41),दरब्यार (44/41),Tauni Devi Bamson(Sub-District) / Hamirpur(District) / Himachal Pradesh(State),01091600,017801,N,,,,
510,17003,Darbor (38/3),दरवोड (38/3),Galore(Sub-District) / Hamirpur(District) / Himachal Pradesh(State),01036400,017003,N,,,,
511,16402,Darghor (54/15),धरगौड़ (54/15),Tira Sujanpur(Sub-District) / Hamirpur(District) / Himachal Pradesh(State),00957000,016402,N,,,,
512,16856,Darial (22/18),दरयाल (22/18),Nadaun(Sub-District) / Hamirpur(District) / Himachal Pradesh(State),01010600,016856,N,,,,
513,17824,Darin (44/7),दाडी (44/7),Tauni Devi Bamson(Sub-District) / Hamirpur(District) / Himachal Pradesh(State),01093900,017824,N,,,,
514,16728,Darkohla (25/39),दरकोहला (25/39),Kangoo(Sub-District) / Hamirpur(District) / Himachal Pradesh(State),00997900,016728,N,,,,
515,17453,Darkoti (12/10),दरकोटी (12/10),Barsar(Sub-District) / Hamirpur(District) / Himachal Pradesh(State),01060900,017453,N,,,,
516,17350,Darkoti (45/56),दरकोटी (45/56),Tauni Devi Bamson(Sub-District) / Hamirpur(District) / Himachal Pradesh(State),01050300,017350,N,,,,
517,16365,Darla (55/19),दाड़ला (55/19),Tira Sujanpur(Sub-District) / Hamirpur(District) / Himachal Pradesh(State),00953300,016365,N,,,,
518,17769,Darmoh (45/43),दरमोह (45/43),Lambloo(Sub-District) / Hamirpur(District) / Himachal Pradesh(State),01047500,017769,N,,,,
519,17813,Darobri (44/42),दरोबडी (44/42),Tauni Devi Bamson(Sub-District) / Hamirpur(District) / Himachal Pradesh(State),01092800,017813,N,,,,
520,17041,Darogan (47/10),दरोगन (47/10),Tauni Devi Bamson(Sub-District) / Hamirpur(District) / Himachal Pradesh(State),01018000,017041,N,,,,
521,16362,Darsal (55/21),दरसाल (55/21),Tira Sujanpur(Sub-District) / Hamirpur(District) / Himachal Pradesh(State),00953000,016362,N,,,,
522,17814,Dart (44/40),दारट (44/40),Tauni Devi Bamson(Sub-District) / Hamirpur(District) / Himachal Pradesh(State),01092900,017814,N,,,,
523,16613,Dartal (17/26),दरताल (17/26),Nadaun(Sub-District) / Hamirpur(District) / Himachal Pradesh(State),00977800,016613,N,,,,
524,17187,Daruhi (47/29),दडूही (47/29),Hamirpur(Sub-District) / Hamirpur(District) / Himachal Pradesh(State),01032000,017187,N,,,,
525,16371,Daryal (55/23),दरयाल (55/23),Tira Sujanpur(Sub-District) / Hamirpur(District) / Himachal Pradesh(State),00953900,016371,N,,,,
526,17261,Daryota (45/23),दडयोटा (45/23),Hamirpur(Sub-District) / Hamirpur(District) / Himachal Pradesh(State),01041300,017261,N,,,,
527,17955,Dasmal (42/98),दशमल (42/98),Bhoranj(Sub-District) / Hamirpur(District) / Himachal Pradesh(State),01107000,017955,N,,,,
528,17883,Dasmal (44/49),दसमल (44/49),Tauni Devi Bamson(Sub-District) / Hamirpur(District) / Himachal Pradesh(State),01099800,017883,N,,,,
529,17770,Dasmal (45/36),दसमल (45/36),Lambloo(Sub-District) / Hamirpur(District) / Himachal Pradesh(State),01051800,017770,N,,,,
530,16964,Daswin (28/10),दसवी (28/10),Galore(Sub-District) / Hamirpur(District) / Himachal Pradesh(State),00994900,016964,N,,,,
531,16773,Dehi (25/15),देही (25/15),Kangoo(Sub-District) / Hamirpur(District) / Himachal Pradesh(State),01002300,016773,N,,,,
532,16917,Dehli (27/9),ढैहली (27/9),Galore(Sub-District) / Hamirpur(District) / Himachal Pradesh(State),00990100,016917,N,,,,
533,17233,Dehran (39/15),डैहरण (39/15),Hamirpur(Sub-District) / Hamirpur(District) / Himachal Pradesh(State),01038600,017233,N,,,,
534,18047,Deog (43/87),दियोग (43/87),Bhoranj(Sub-District) / Hamirpur(District) / Himachal Pradesh(State),01116200,018047,N,,,,
535,16349,Dera (55/6),डेरा (55/6),Tira Sujanpur(Sub-District) / Hamirpur(District) / Himachal Pradesh(State),00951700,016349,N,,,,
536,17488,Desan (33/4),देसन (33/4),Barsar(Sub-District) / Hamirpur(District) / Himachal Pradesh(State),01064400,017488,N,,,,
537,17755,Dhabiri (34/82),धबीरी (34/82),Dhatwal(Sub-District) / Hamirpur(District) / Himachal Pradesh(State),01087900,017755,N,,,,
538,17494,Dhabriyana (32/17),धबडयाणा (32/17),Barsar(Sub-District) / Hamirpur(District) / Himachal Pradesh(State),01065000,017494,N,,,,
539,16899,Dhagoh (26/6),ढगो (26/6),Kangoo(Sub-District) / Hamirpur(District) / Himachal Pradesh(State),00987400,016899,N,,,,
540,17379,Dhagu (45/51),ढागू (45/51),Tauni Devi Bamson(Sub-District) / Hamirpur(District) / Himachal Pradesh(State),01053900,017379,N,,,,
541,16497,Dhail Khas (59/2),धैल खास (59/2),Tira Sujanpur(Sub-District) / Hamirpur(District) / Himachal Pradesh(State),00966500,016497,N,,,,
542,17577,Dhakawa (40/9),ढकावा (40/9),Bhota(Sub-District) / Hamirpur(District) / Himachal Pradesh(State),01072300,017577,N,,,,
543,17463,Dhakyan (33/3),ढक्याण (33/3),Barsar(Sub-District) / Hamirpur(District) / Himachal Pradesh(State),01061900,017463,N,,,,
544,17250,Dhalot (45/26),धलोट (45/26),Hamirpur(Sub-District) / Hamirpur(District) / Himachal Pradesh(State),01040300,017250,N,,,,
545,16832,Dhamandar (21/27),धमान्दर (21/27),Nadaun(Sub-District) / Hamirpur(District) / Himachal Pradesh(State),01008200,016832,N,,,,
546,17630,Dhamani (41/22),धमाणी  (41/22),Bhota(Sub-District) / Hamirpur(District) / Himachal Pradesh(State),01077200,017630,N,,,,
547,17423,Dhamrani (31/9),ढमराणी (31/9),Barsar(Sub-District) / Hamirpur(District) / Himachal Pradesh(State),01058200,017423,N,,,,
548,16345,Dhamriana (55/16),धमड़ियाना (55/16),Tira Sujanpur(Sub-District) / Hamirpur(District) / Himachal Pradesh(State),00951300,016345,N,,,,
549,18019,Dhamrol (43/74),धमरोल (43/74),Bhoranj(Sub-District) / Hamirpur(District) / Himachal Pradesh(State),01113400,018019,N,,,,
550,17915,Dhamrola (42/73),धमरोला (42/73),Bhoranj(Sub-District) / Hamirpur(District) / Himachal Pradesh(State),01103000,017915,N,,,,
551,17223,Dhaned Khas (39/19),धनेड खास (39/19),Hamirpur(Sub-District) / Hamirpur(District) / Himachal Pradesh(State),01037400,017223,N,,,,
552,16610,Dhaneta (17/7),धनेटा (17/7),Nadaun(Sub-District) / Hamirpur(District) / Himachal Pradesh(State),00977500,016610,N,,,,
553,16866,Dhangar (22/13),धंगड (22/13),Nadaun(Sub-District) / Hamirpur(District) / Himachal Pradesh(State),01011600,016866,N,,,,
554,17064,Dhangota Adhialan (52/21),धन्गोटा अधियालां (52/21),Hamirpur(Sub-District) / Hamirpur(District) / Himachal Pradesh(State),01020300,017064,N,,,,
555,17062,Dhangota Brahmna (52/23),धन्गोटा ब्राहमणा (52/23),Hamirpur(Sub-District) / Hamirpur(District) / Himachal Pradesh(State),01020100,017062,N,,,,
556,17063,Dhangota Ghurbala (52/19),धन्गोटा घुरवालां (52/19),Hamirpur(Sub-District) / Hamirpur(District) / Himachal Pradesh(State),01020200,017063,N,,,,
557,17725,Dhangota Khas (34/82),धंगोटा खास (34/82),Dhatwal(Sub-District) / Hamirpur(District) / Himachal Pradesh(State),01085600,017725,N,,,,
558,17052,Dhangota Lohakhrian (52/20),धन्गोटा लोहाखरयां (52/20),Hamirpur(Sub-District) / Hamirpur(District) / Himachal Pradesh(State),01019100,017052,N,,,,
559,16676,Dhanial (20/4),धुनियाल (20/4),Nadaun(Sub-District) / Hamirpur(District) / Himachal Pradesh(State),00984000,016676,N,,,,
560,16853,Dhanian (22/10),ढन्या (22/10),Nadaun(Sub-District) / Hamirpur(District) / Himachal Pradesh(State),01010300,016853,N,,,,
561,16800,Dhaniara (24/28),धनियारा  (24/28),Nadaun(Sub-District) / Hamirpur(District) / Himachal Pradesh(State),01005000,016800,N,,,,
562,16619,Dhanoa (27/18),धनोआ (27/18),Kangoo(Sub-District) / Hamirpur(District) / Himachal Pradesh(State),00978400,016619,N,,,,
563,17561,Dhanota (40/7),धनोटा (40/7),Bhota(Sub-District) / Hamirpur(District) / Himachal Pradesh(State),01071300,017561,N,,,,
564,16830,Dhanpur (21/20),धनपुर (21/20),Nadaun(Sub-District) / Hamirpur(District) / Himachal Pradesh(State),01008000,016830,N,,,,
565,16831,Dhanpur (22/15),धनपुर (22/15),Nadaun(Sub-District) / Hamirpur(District) / Himachal Pradesh(State),01008100,016831,N,,,,
566,17298,Dhanwin (42/26),धनवीं (42/26),Hamirpur(Sub-District) / Hamirpur(District) / Himachal Pradesh(State),01045000,017298,N,,,,
567,17427,Dhar (31/24),धार (31/24),Barsar(Sub-District) / Hamirpur(District) / Himachal Pradesh(State),01058600,017427,N,,,,
568,17823,Dharaun (44/12),धरौन (44/12),Bhoranj(Sub-District) / Hamirpur(District) / Himachal Pradesh(State),01093800,017823,N,,,,
569,16338,Dhar Bagehrah (63/8),धार बगेहड़ा (63/8),Tira Sujanpur(Sub-District) / Hamirpur(District) / Himachal Pradesh(State),00950600,016338,N,,,,
570,17312,Dharnasi (42-47),धरनासी (42/47),Hamirpur(Sub-District) / Hamirpur(District) / Himachal Pradesh(State),01046400,017312,N,,,,
571,17328,Dharog (45/22),धरोग (45/22),Hamirpur(Sub-District) / Hamirpur(District) / Himachal Pradesh(State),01048100,017328,N,,,,
572,16447,Dharol (61/13),धरोल (61/13),Tira Sujanpur(Sub-District) / Hamirpur(District) / Himachal Pradesh(State),00961500,016447,N,,,,
573,16413,Dharru (53/4),धारडू (53/4),Tira Sujanpur(Sub-District) / Hamirpur(District) / Himachal Pradesh(State),00958100,016413,N,,,,
574,17070,Dhar Sawari (46/16),धार स्वारी (46/16),Hamirpur(Sub-District) / Hamirpur(District) / Himachal Pradesh(State),01020800,017070,N,,,,
575,17822,Dharyada (44/29),धरयाडा  (44/29),Tauni Devi Bamson(Sub-District) / Hamirpur(District) / Himachal Pradesh(State),01093700,017822,N,,,,
576,17835,Dhasma (44/25),धसमा (44/25),Bhoranj(Sub-District) / Hamirpur(District) / Himachal Pradesh(State),01095000,017835,N,,,,
577,17935,Dhasmai (42/95),धस्माई (42/95),Bhoranj(Sub-District) / Hamirpur(District) / Himachal Pradesh(State),01105000,017935,N,,,,
578,16713,Dhaula Kuwal (27-17),धौला कुवाल (27/17),Kangoo(Sub-District) / Hamirpur(District) / Himachal Pradesh(State),00989200,016713,N,,,,
579,17353,Dhawal (45/58),ढवाल (45/58),Tauni Devi Bamson(Sub-District) / Hamirpur(District) / Himachal Pradesh(State),01050600,017353,N,,,,
580,17050,Dhawan (46-15),धवां (46/15),Hamirpur(Sub-District) / Hamirpur(District) / Himachal Pradesh(State),01018900,017050,N,,,,
581,17043,Dhawan (47-5),धवां (47/5),Hamirpur(Sub-District) / Hamirpur(District) / Himachal Pradesh(State),01018200,017043,N,,,,
582,16978,Dhiana (36/33),ढियाणा (36/33),Galore(Sub-District) / Hamirpur(District) / Himachal Pradesh(State),00996300,016978,N,,,,
583,17853,Dhirar (43/30),धिरड (43/30),Bhoranj(Sub-District) / Hamirpur(District) / Himachal Pradesh(State),01096800,017853,N,,,,
584,17904,Dhirwin (44/78),धिरवीं (44/78),Bhoranj(Sub-District) / Hamirpur(District) / Himachal Pradesh(State),01101900,017904,N,,,,
585,17830,Dhoh (44/36),ढोह (44/36),Bhoranj(Sub-District) / Hamirpur(District) / Himachal Pradesh(State),01094500,017830,N,,,,
586,16701,Dhoin Da Panga (26/14),धोईं दा पंगा (26/14),Kangoo(Sub-District) / Hamirpur(District) / Himachal Pradesh(State),00986500,016701,N,,,,
587,17410,Dhulera (30/7),धुलेडा(30/7),Barsar(Sub-District) / Hamirpur(District) / Himachal Pradesh(State),01056900,017410,N,,,,
588,17502,Dhumma (33/29),धुंमा  (33/29),Barsar(Sub-District) / Hamirpur(District) / Himachal Pradesh(State),01065800,017502,N,,,,
589,17111,Dhunatar (51/12),धुनातर (51/12),Hamirpur(Sub-District) / Hamirpur(District) / Himachal Pradesh(State),01024600,017111,N,,,,
590,17232,Dhurghara (39/12),दुरघाडा (39/12),Hamirpur(Sub-District) / Hamirpur(District) / Himachal Pradesh(State),01038500,017232,N,,,,
591,16346,Dhyana (55/42),ध्याना (55/42),Tira Sujanpur(Sub-District) / Hamirpur(District) / Himachal Pradesh(State),00951400,016346,N,,,,
592,17870,Diahlari (44/79),दयालडी (44/79),Bhoranj(Sub-District) / Hamirpur(District) / Himachal Pradesh(State),01098500,017870,N,,,,
593,16612,Dib (17/21),डिब (17/21),Nadaun(Sub-District) / Hamirpur(District) / Himachal Pradesh(State),00977700,016612,N,,,,
594,17140,Dib (48/4),डिव्व (48/4),Hamirpur(Sub-District) / Hamirpur(District) / Himachal Pradesh(State),01027500,017140,N,,,,
595,17272,Didwin (42/49),डिडवीं (42/49),Hamirpur(Sub-District) / Hamirpur(District) / Himachal Pradesh(State),01042400,017272,N,,,,
596,17886,Dimmi (44/51),दिम्मी (44/51),Tauni Devi Bamson(Sub-District) / Hamirpur(District) / Himachal Pradesh(State),01100100,017886,N,,,,
597,17308,Diot (42/53),दियोट (42/53),Hamirpur(Sub-District) / Hamirpur(District) / Himachal Pradesh(State),01046000,017308,N,,,,
598,16865,Dobbar Kalan (22/5),दोवड कला (22/5),Nadaun(Sub-District) / Hamirpur(District) / Himachal Pradesh(State),01011500,016865,N,,,,
599,16869,Dobbar Khurd (22/6),दोव़ड खुर्द (22/6),Nadaun(Sub-District) / Hamirpur(District) / Himachal Pradesh(State),01011900,016869,N,,,,
600,16546,Dodan Kalan (18/16),डोडन कला (18/16),Nadaun(Sub-District) / Hamirpur(District) / Himachal Pradesh(State),00971400,016546,N,,,,
601,16547,Dodan Khurd (18/15),डोडन खुर्द (18/15),Nadaun(Sub-District) / Hamirpur(District) / Himachal Pradesh(State),00971500,016547,N,,,,
602,16981,Dodhwin (36/36),डोडवीं (36/36),Galore(Sub-District) / Hamirpur(District) / Himachal Pradesh(State),00996600,016981,N,,,,
603,17590,Dodru (40/26),डोडरू (40/26),Bhota(Sub-District) / Hamirpur(District) / Himachal Pradesh(State),01073400,017590,N,,,,
604,17134,Dodru (52/5),डोडरू (52/5),Hamirpur(Sub-District) / Hamirpur(District) / Himachal Pradesh(State),01026900,017134,N,,,,
605,17831,Doh (43/89),डोह (43/89),Bhoranj(Sub-District) / Hamirpur(District) / Himachal Pradesh(State),01094600,017831,N,,,,
606,16623,Dohag (17/24),डोहग (17/24),Kangoo(Sub-District) / Hamirpur(District) / Himachal Pradesh(State),00978800,016623,N,,,,
607,17195,Dohag (37/27),डोहग (37/27),Hamirpur(Sub-District) / Hamirpur(District) / Himachal Pradesh(State),01033000,017195,N,,,,
608,17215,Doharwin (37/25),दोहडवीं (37/25),Hamirpur(Sub-District) / Hamirpur(District) / Himachal Pradesh(State),01035000,017215,N,,,,
609,16823,Dol (21/3),डोल (21/3),Nadaun(Sub-District) / Hamirpur(District) / Himachal Pradesh(State),01007300,016823,N,,,,
610,939637,Doli Gharana (18/22),डोली घराना (18/22),Nadaun(Sub-District) / Hamirpur(District) / Himachal Pradesh(State),,000000,N,,,,
611,16539,D.P.F.Amlehar (18/5),डी पी एफ अमलैहड (18/5),Nadaun(Sub-District) / Hamirpur(District) / Himachal Pradesh(State),00970700,016539,N,,,,
612,17547,D.P.F Bakroh (35/19),जंगल मैहफुज़ा मैहदूदा वकरोह,Barsar(Sub-District) / Hamirpur(District) / Himachal Pradesh(State),01069900,017547,N,,,,
613,17645,D.P.F. Balh Matriana,डी.पी.एफ.बल्ह मतड़याना,Dhatwal(Sub-District) / Hamirpur(District) / Himachal Pradesh(State),01078600,017645,N,,,,
614,17614,D.P.F. Ban Hummal (40/17),डी.पी.एफ. वन हूमल (40/17),Bhota(Sub-District) / Hamirpur(District) / Himachal Pradesh(State),01075600,017614,N,eSignGOFile662648_20_02_2025_14_58_01.pdf,,,
615,16797,D.P.F.Bansara,डी पी एफ बनसाडा,Nadaun(Sub-District) / Hamirpur(District) / Himachal Pradesh(State),01004700,016797,N,,,,
616,16629,D.P.F.Batran(18/10),डी पी एफ वटरान (18/10),Nadaun(Sub-District) / Hamirpur(District) / Himachal Pradesh(State),00979300,016629,N,,,,
617,16793,D.P.F. Baur (24/35),डी पी एफ बौर (24/35),Nadaun(Sub-District) / Hamirpur(District) / Himachal Pradesh(State),01004300,016793,N,,,,
618,16589,D.P.F. Bharoli Bhagaor(17/40),डी पी एफ भरोली भगोर (17/40),Nadaun(Sub-District) / Hamirpur(District) / Himachal Pradesh(State),00975400,016589,N,,,,
619,16632,D.P.F.Bhounti(18/9),डी पा एफ भौटी (18/9),Nadaun(Sub-District) / Hamirpur(District) / Himachal Pradesh(State),00979600,016632,N,,,,
620,939673,D.P.F. Chak Bajuri (37/13),डी.पी.एफ. चक बजूरी (37/13),Hamirpur(Sub-District) / Hamirpur(District) / Himachal Pradesh(State),,000000,N,,,,
621,17665,D.P.F.Chak Chalsai (34/7),डी.पी.एफ.चक चलसाई (34/7),Dhatwal(Sub-District) / Hamirpur(District) / Himachal Pradesh(State),01080300,017665,N,,,,
622,17670,D.P.F. Chak Samela,डी.पी.एफ.चक समैला,Dhatwal(Sub-District) / Hamirpur(District) / Himachal Pradesh(State),01080700,017670,N,,,,
623,939670,D.P.F. Changar (39/3),डी.पी.एफ. चंगर (39/3),Hamirpur(Sub-District) / Hamirpur(District) / Himachal Pradesh(State),,000000,N,,,,
624,939630,D.P.F. Dhar Jajjar Jakh Pukhru 2 (40/44),डी.पी.एफ. धार जजर जख एवं पुखरु II (40/44),Bhota(Sub-District) / Hamirpur(District) / Himachal Pradesh(State),,000000,N,,,,
625,17582,D.P.F. Dhar Jajjar Jakh Pukhru-3,डी.पी.एफ.धार जजर जख पुखरु 3,Bhota(Sub-District) / Hamirpur(District) / Himachal Pradesh(State),01072700,017582,N,,,,
626,17589,D.P.F. Dhar Jajjar Jakh Pukhru-I,डी.पी.एफ. धार जजर जख पुखरु प्रथम,Bhota(Sub-District) / Hamirpur(District) / Himachal Pradesh(State),01073300,017589,N,,,,
627,939671,D.P.F. Durkhar (39/1),डी.पी.एफ. दुरखड (39/1),Hamirpur(Sub-District) / Hamirpur(District) / Himachal Pradesh(State),,000000,N,,,,
628,16559,D.P.F. Galol (19/14),डी पी एफ गलोल (19/14),Nadaun(Sub-District) / Hamirpur(District) / Himachal Pradesh(State),00972700,016559,N,,,,
629,17757,D.P.F. Ghori (34/36),डी.पी.एफ.घोड़ी (34/36),Dhatwal(Sub-District) / Hamirpur(District) / Himachal Pradesh(State),01088000,017757,N,,,,
630,16891,D.P.F. Jangal Torar (24-36),डी पी एफ तारड (24/36),Nadaun(Sub-District) / Hamirpur(District) / Himachal Pradesh(State),01014100,016891,N,,,,
631,16888,D.P.F. Jihn (23-18),डी पी एफ जीहण (23/18),Nadaun(Sub-District) / Hamirpur(District) / Himachal Pradesh(State),01013800,016888,N,,,,
632,16569,D.P.F.Karaur(19/9),डी पी एफ करौर (19/9),Nadaun(Sub-District) / Hamirpur(District) / Himachal Pradesh(State),00973700,016569,N,,,,
633,17570,D.P.F. Karer,डी.पी.एफ. करेर,Bhota(Sub-District) / Hamirpur(District) / Himachal Pradesh(State),01071700,017570,N,,,,
634,17724,D.P.F.Kharal,डी.पी.एफ.खारल,Dhatwal(Sub-District) / Hamirpur(District) / Himachal Pradesh(State),01085500,017724,N,,,,
635,16756,D.P.F. Kunna (25-27),डी.पी.एफ कुन्ना (25/27),Kangoo(Sub-District) / Hamirpur(District) / Himachal Pradesh(State),01000700,016756,N,,,,
636,16553,D.P.F. Kuthar (18),डी पी एफ कुठार (18/24),Nadaun(Sub-District) / Hamirpur(District) / Himachal Pradesh(State),00972200,016553,N,,,,
637,16720,D.P.F. Loharkar (20/21),डी.पी.एफ. लोहारकड (20/21),Kangoo(Sub-District) / Hamirpur(District) / Himachal Pradesh(State),00994200,016720,N,,,,
638,17565,D.P.F. Madiyana (40/13),डी.पी.एफ. मडियाणा (40/13),Bhota(Sub-District) / Hamirpur(District) / Himachal Pradesh(State),01071500,017565,N,,,,
639,17102,D.P.F. Majhog Samluhi (49/3),डी.पी.एफ. मझोग समलूही,Hamirpur(Sub-District) / Hamirpur(District) / Himachal Pradesh(State),01023700,017102,N,,,,
640,939683,D.P.F. Majhog Sultani (50/7),डी.पी.एफ. मझोग समलूही (50/7),Hamirpur(Sub-District) / Hamirpur(District) / Himachal Pradesh(State),,000000,N,,,,
641,17186,D.P.F. Matahani,डी.पी.एफ. मटाहणी,Hamirpur(Sub-District) / Hamirpur(District) / Himachal Pradesh(State),01031900,017186,N,,,,
642,16762,D.P.F.Nauhangi (24/24),डी.पी.एफ. नौहंगी  (24/24),Kangoo(Sub-District) / Hamirpur(District) / Himachal Pradesh(State),01001200,016762,N,,,,
643,17009,D.P.F. Nyalwin,डी.पी.एफ. न्याहलवीं,Hamirpur(Sub-District) / Hamirpur(District) / Himachal Pradesh(State),01038200,017009,N,,,,
644,17537,D.P.F. Palatu (35/16),रिजर्व जंगल प्लाटू (35/16),Barsar(Sub-District) / Hamirpur(District) / Himachal Pradesh(State),01069000,017537,N,,,,
645,17633,D.P.F. Panjahada (29/10),जंगल मैहफुज़ा महदूदा पंजाहडा  (29/10),Barsar(Sub-District) / Hamirpur(District) / Himachal Pradesh(State),01077500,017633,N,,,,
646,939641,D.P.F. Ralli (34/45/1),डी.पी.एफ.रैली (34/45/1),Dhatwal(Sub-District) / Hamirpur(District) / Himachal Pradesh(State),,000000,N,,,,
647,939633,D.P.F. Salan 2 (41/22),डी.पी.एफ. सालन II (41/22),Bhota(Sub-District) / Hamirpur(District) / Himachal Pradesh(State),,000000,N,,,,
648,17183,D.P.F. Shaster,डी.पी.एफ. शस्त्र,Hamirpur(Sub-District) / Hamirpur(District) / Himachal Pradesh(State),01031700,017183,N,,,,
649,16765,D.P.F.Tatihani,डी.पी.एफ टीटीहणी,Kangoo(Sub-District) / Hamirpur(District) / Himachal Pradesh(State),01001500,016765,N,,,,
650,16663,D.P.F.Tillu(19),डी पी एफ टिल्लू (19/39),Nadaun(Sub-District) / Hamirpur(District) / Himachal Pradesh(State),00982700,016663,N,,,,
651,16467,Drati (58/14),दराटी (58/14),Tira Sujanpur(Sub-District) / Hamirpur(District) / Himachal Pradesh(State),00963500,016467,N,,,,
652,17288,Draundla Buhla (42/9),दरोण्डला बूहला (42/9),Hamirpur(Sub-District) / Hamirpur(District) / Himachal Pradesh(State),01044000,017288,N,,,,
653,17290,Draundla Uperla (42/8),दरोण्डला उपरला (42/8),Hamirpur(Sub-District) / Hamirpur(District) / Himachal Pradesh(State),01044200,017290,N,,,,
654,17258,Dravsai (45/14),द्रबसाई (45/14),Hamirpur(Sub-District) / Hamirpur(District) / Himachal Pradesh(State),01041000,017258,N,,,,
655,17930,Dron Brahmana (42/74),दरोन ब्राह्मणा (42/74),Bhoranj(Sub-District) / Hamirpur(District) / Himachal Pradesh(State),01104500,017930,N,,,,
656,17929,Dron Nugrian (42/83),दरोन नुग्रइयां (42/83),Bhoranj(Sub-District) / Hamirpur(District) / Himachal Pradesh(State),01104400,017929,N,,,,
657,16990,Dudhana Ghirthan (37/31),डुढाणा धिरथा (37/31),Galore(Sub-District) / Hamirpur(District) / Himachal Pradesh(State),01035100,016990,N,,,,
658,16991,Dudhana Lohian (37/33),डुढाणा लोहिया (37/33),Galore(Sub-District) / Hamirpur(District) / Himachal Pradesh(State),01035200,016991,N,,,,
659,961047,Dudhar Uperli (Bijhari),डुढार उपरली (बिझड़ी),Dhatwal(Sub-District) / Hamirpur(District) / Himachal Pradesh(State),,000000,N,eSignGOFile662648_12_03_2026_14_39_19.pdf,,,
660,16622,Dudhun (17/25),डढूं (17/25),Kangoo(Sub-District) / Hamirpur(District) / Himachal Pradesh(State),00978700,016622,N,,,,
661,16736,Dudhwal (25/9),डडवाल (25/9),Kangoo(Sub-District) / Hamirpur(District) / Himachal Pradesh(State),00998700,016736,N,,,,
662,17639,Dughiar (34/106),डुघियार (34/106),Dhatwal(Sub-District) / Hamirpur(District) / Himachal Pradesh(State),01078100,017639,N,,,,
663,17774,Dughli (45/49),डुगली (45/49),Lambloo(Sub-District) / Hamirpur(District) / Himachal Pradesh(State),01052500,017774,N,,,,
664,17123,Dugnehra (48/5),दुगनेहडा (48/5),Hamirpur(Sub-District) / Hamirpur(District) / Himachal Pradesh(State),01025800,017123,N,,,,
665,17176,Dugnehri (47/22),दुगनेहडी (47/22),Hamirpur(Sub-District) / Hamirpur(District) / Himachal Pradesh(State),01031100,017176,N,,,,
666,17644,Dugwar (34/107),डुग्बाड़ (34/107),Dhatwal(Sub-District) / Hamirpur(District) / Himachal Pradesh(State),01078600,017644,N,,,,
667,18010,Duhak (43/27),डुहक (43/27),Bhoranj(Sub-District) / Hamirpur(District) / Himachal Pradesh(State),01112500,018010,N,,,,
668,16457,Duhak (61/9),डूहक (61/9),Tira Sujanpur(Sub-District) / Hamirpur(District) / Himachal Pradesh(State),00962500,016457,N,,,,
669,17245,Duhga Kalan (46/17),डुग्घा कलां (46/17),Hamirpur(Sub-District) / Hamirpur(District) / Himachal Pradesh(State),01039800,017245,N,,,,
670,17174,Duhga Khurd (46/18),डुग्घा खुर्द (46/18),Hamirpur(Sub-District) / Hamirpur(District) / Himachal Pradesh(State),01030900,017174,N,,,,
671,16824,Duleh (21/9),दुलेह (21/9),Nadaun(Sub-District) / Hamirpur(District) / Himachal Pradesh(State),01007400,016824,N,,,,
672,17401,Dulehra (30/8),दुलेहडा (30/8),Barsar(Sub-District) / Hamirpur(District) / Himachal Pradesh(State),01056000,017401,N,,,,
673,17171,Dulehra (47/30),दुलेहडा (47/30),Hamirpur(Sub-District) / Hamirpur(District) / Himachal Pradesh(State),01030600,017171,N,,,,
674,16482,Dulehra (56/5),दुलेहड़ (56/5),Tira Sujanpur(Sub-District) / Hamirpur(District) / Himachal Pradesh(State),00965000,016482,N,,,,
675,17817,Dungi (44/37),डूगी (44/37),Tauni Devi Bamson(Sub-District) / Hamirpur(District) / Himachal Pradesh(State),01093200,017817,N,,,,
676,17878,Dungrin (44/83),डुंगरी (44/83),Bhoranj(Sub-District) / Hamirpur(District) / Himachal Pradesh(State),01099300,017878,N,,,,
677,17285,Fafan (42/6),फाफण (42/6),Hamirpur(Sub-District) / Hamirpur(District) / Himachal Pradesh(State),01043700,017285,N,,,,
678,17766,Fagoti (34/34),फगोटी (34/34),Dhatwal(Sub-District) / Hamirpur(District) / Himachal Pradesh(State),01088900,017766,N,,,,
679,17219,Farsi,फारसी,Hamirpur(Sub-District) / Hamirpur(District) / Himachal Pradesh(State),01037000,017219,N,,,,
680,16846,Fast (21/13),फस्ट (21/35),Nadaun(Sub-District) / Hamirpur(District) / Himachal Pradesh(State),01009600,016846,N,,,,
681,16473,Gaadi (57/15),गाडी (57/15),Tira Sujanpur(Sub-District) / Hamirpur(District) / Himachal Pradesh(State),00964100,016473,N,,,,
682,17349,Gabha (45/59),गब्भा (45/59),Tauni Devi Bamson(Sub-District) / Hamirpur(District) / Himachal Pradesh(State),01050200,017349,N,,,,
683,16660,Gadiara (19/31),गदियारा (19/31),Nadaun(Sub-District) / Hamirpur(District) / Himachal Pradesh(State),00982400,016660,N,,,,
684,17858,Gadola (43/95),गड़ोला (43/95),Bhoranj(Sub-District) / Hamirpur(District) / Himachal Pradesh(State),01097300,017858,N,,,,
685,17943,Gadru (42/127),गदडू (42/127),Bhoranj(Sub-District) / Hamirpur(District) / Himachal Pradesh(State),01105800,017943,N,,,,
686,16658,Gagal (19/40),गगाल (19/40),Nadaun(Sub-District) / Hamirpur(District) / Himachal Pradesh(State),00982200,016658,N,,,,
687,16370,Gagla (55/18),गागला (55/18),Tira Sujanpur(Sub-District) / Hamirpur(District) / Himachal Pradesh(State),00953800,016370,N,,,,
688,16439,Gahla (57/8),गाहला (57/8),Tira Sujanpur(Sub-District) / Hamirpur(District) / Himachal Pradesh(State),00960700,016439,N,,,,
689,16976,Gahli (36/35),गाहली (36/35),Galore(Sub-District) / Hamirpur(District) / Himachal Pradesh(State),00996100,016976,N,,,,
690,17314,Gahlian (45/24),गाहलियां (45/24,Hamirpur(Sub-District) / Hamirpur(District) / Himachal Pradesh(State),01046600,017314,N,,,,
691,16374,Gahlian (55/11),गाहलियां (55/11),Tira Sujanpur(Sub-District) / Hamirpur(District) / Himachal Pradesh(State),00954200,016374,N,,,,
692,17340,Gahra (46/28),गाहरा (46/28),Hamirpur(Sub-District) / Hamirpur(District) / Himachal Pradesh(State),01049300,017340,N,,,,
693,17239,Gajoh (46/29),गज़ोह (46/29),Hamirpur(Sub-District) / Hamirpur(District) / Himachal Pradesh(State),01039200,017239,N,,,,
694,17575,Galoh (40/12),गलोह (40/12),Bhota(Sub-District) / Hamirpur(District) / Himachal Pradesh(State),01072100,017575,N,,,,
695,16558,Galol (19/14),गलोल (19/14),Nadaun(Sub-District) / Hamirpur(District) / Himachal Pradesh(State),00972700,016558,N,,,,
696,16958,Galore Khas (36/37),गलोड खास (36/37),Galore(Sub-District) / Hamirpur(District) / Himachal Pradesh(State),00994300,016958,N,,,,
697,16997,Galot Kalan (39/6),गलोट कलां (39/6),Hamirpur(Sub-District) / Hamirpur(District) / Himachal Pradesh(State),01035800,016997,N,,,,
698,16996,Galot Khurd (39/5),गलोट खुर्द (39/5),Hamirpur(Sub-District) / Hamirpur(District) / Himachal Pradesh(State),01035700,016996,N,,,,
699,17455,Gandhak (12-3),गन्धक (12/3),Barsar(Sub-District) / Hamirpur(District) / Himachal Pradesh(State),01061100,017455,N,,,,
700,16689,Gandhiana (20/11),गन्डियाणा (20/11),Nadaun(Sub-District) / Hamirpur(District) / Himachal Pradesh(State),00985300,016689,N,,,,
701,16870,Gandhiana (23/5),गन्डयाना (23/5),Nadaun(Sub-District) / Hamirpur(District) / Himachal Pradesh(State),01012000,016870,N,,,,
702,16545,Gandiana (18/32),गडियाणा (18/32),Nadaun(Sub-District) / Hamirpur(District) / Himachal Pradesh(State),00971300,016545,N,,,,
703,16979,Gandoli (36/38),गन्डोली (36/38),Galore(Sub-District) / Hamirpur(District) / Himachal Pradesh(State),00996400,016979,N,,,,
704,17493,Ganoh Brahmna (32/14),गनोह ब्राहमणा (32/14),Barsar(Sub-District) / Hamirpur(District) / Himachal Pradesh(State),01064900,017493,N,,,,
705,17491,Ganoh Rajputtan (32/12),गनोह राजपुता (32/12),Barsar(Sub-District) / Hamirpur(District) / Himachal Pradesh(State),01064700,017491,N,,,,
706,17658,Garari (34/12),गरड़ी (34/12),Dhatwal(Sub-District) / Hamirpur(District) / Himachal Pradesh(State),01079700,017658,N,,,,
707,17117,Garhart (48/17),घरडाट (48/17),Hamirpur(Sub-District) / Hamirpur(District) / Himachal Pradesh(State),01025200,017117,N,,,,
708,17477,Garli Khas (33/21),गारली खास (33/21),Barsar(Sub-District) / Hamirpur(District) / Himachal Pradesh(State),01063300,017477,N,,,,
709,16535,Garni (18/29),गारनी (18/29),Nadaun(Sub-District) / Hamirpur(District) / Himachal Pradesh(State),00970300,016535,N,,,,
710,16485,Garoru Buhla (56/7),गरौडू वुहला (56/7),Tira Sujanpur(Sub-District) / Hamirpur(District) / Himachal Pradesh(State),00965300,016485,N,,,,
711,16417,Garoru Dadwalan (53/9),गरौड़ू डडवालां(53/9),Tira Sujanpur(Sub-District) / Hamirpur(District) / Himachal Pradesh(State),00958500,016417,N,,,,
712,16410,Garoru Ghuman (53/7),गरौडू घुमण (53/7),Tira Sujanpur(Sub-District) / Hamirpur(District) / Himachal Pradesh(State),00957800,016410,N,,,,
713,16438,Garoru Lagwalan (57/14),गरौड़ू लगवालां (57/14),Tira Sujanpur(Sub-District) / Hamirpur(District) / Himachal Pradesh(State),00960600,016438,N,,,,
714,16427,Garoru Mihalayan (57/13),गरौड़ू मिहालयां (57/13),Tira Sujanpur(Sub-District) / Hamirpur(District) / Himachal Pradesh(State),00959500,016427,N,,,,
715,16428,Garoru Nirkhian (57/12),गरौड़ू निर्खियां (57/12),Tira Sujanpur(Sub-District) / Hamirpur(District) / Himachal Pradesh(State),00959600,016428,N,,,,
716,16412,Garoru Ranautan (53/11),गरौड़ू रनौतां (53/11),Tira Sujanpur(Sub-District) / Hamirpur(District) / Himachal Pradesh(State),00958000,016412,N,,,,
717,16492,Garoruu (60/7),गरौडू (60/7),Tira Sujanpur(Sub-District) / Hamirpur(District) / Himachal Pradesh(State),00966000,016492,N,,,,
718,16484,Garoru Upperla (56/6),गरौडू उपरला (56/6),Tira Sujanpur(Sub-District) / Hamirpur(District) / Himachal Pradesh(State),00965200,016484,N,,,,
719,17419,Garound (31/22),ग्राउंड (31/22),Barsar(Sub-District) / Hamirpur(District) / Himachal Pradesh(State),01057800,017419,N,,,,
720,16803,Garrdhun (24/15),घरडू (24/15),Nadaun(Sub-District) / Hamirpur(District) / Himachal Pradesh(State),01005300,016803,N,,,,
721,18034,Garsahr (43/53),गरसाहड (43/53),Bhoranj(Sub-District) / Hamirpur(District) / Himachal Pradesh(State),01114900,018034,N,,,,
722,17252,Gasota (45/7),गसोता (45/7),Lambloo(Sub-District) / Hamirpur(District) / Himachal Pradesh(State),01040400,017252,N,,,,
723,16567,Gauna (18/11),गौना (18/11),Nadaun(Sub-District) / Hamirpur(District) / Himachal Pradesh(State),00973500,016567,N,,,,
724,17387,Gawardu (62-4),गुवारडू (62/4),Tauni Devi Bamson(Sub-District) / Hamirpur(District) / Himachal Pradesh(State),01054700,017387,N,,,,
725,16704,Geyora (26/3),गयोड़ा (26/3),Kangoo(Sub-District) / Hamirpur(District) / Himachal Pradesh(State),00986800,016704,N,,,,
726,17271,Ghadaryana (42/54),घदरयाणा (42/54),Hamirpur(Sub-District) / Hamirpur(District) / Himachal Pradesh(State),01042300,017271,N,,,,
727,16609,Ghalol (17/19),घलोल (17/19),Nadaun(Sub-District) / Hamirpur(District) / Himachal Pradesh(State),00977400,016609,N,,,,
728,17375,Ghalot (45/60),घलोट (45/60),Tauni Devi Bamson(Sub-District) / Hamirpur(District) / Himachal Pradesh(State),01053400,017375,N,,,,
729,17597,Ghaloun (40/21),घलौण (40/21),Bhota(Sub-District) / Hamirpur(District) / Himachal Pradesh(State),01074100,017597,N,,,,
730,17993,Ghamarwin (43/17),घुमारवी (43/17),Bhoranj(Sub-District) / Hamirpur(District) / Himachal Pradesh(State),01110800,017993,N,,,,
731,17161,Ghanal Kalan (47/44),घनाल कलां (47/44),Hamirpur(Sub-District) / Hamirpur(District) / Himachal Pradesh(State),01029600,017161,N,,,,
732,17162,Ghanal Khurd (47/36),घनाल खुर्द (47/36),Hamirpur(Sub-District) / Hamirpur(District) / Himachal Pradesh(State),01029700,017162,N,,,,
733,16478,Ghandholi (56/8),घन्डोली (56/8),Tira Sujanpur(Sub-District) / Hamirpur(District) / Himachal Pradesh(State),00964600,016478,N,,,,
734,17203,Ghandotla (37/15),घन्डोटला (37/15),Hamirpur(Sub-District) / Hamirpur(District) / Himachal Pradesh(State),01033800,017203,N,,,,
735,16390,Ghanehr (54-17),घनेड़ (54/17),Tira Sujanpur(Sub-District) / Hamirpur(District) / Himachal Pradesh(State),00955800,016390,N,,,,
736,17461,Ghangot Kalan (33/36),घंगोट  कलां (33/36),Barsar(Sub-District) / Hamirpur(District) / Himachal Pradesh(State),01061700,017461,N,,,,
737,17462,Ghangot Khurd (33/35),घंगोट खुर्द (33/35),Barsar(Sub-District) / Hamirpur(District) / Himachal Pradesh(State),01061800,017462,N,,,,
738,17576,Ghansui (40/3),घनसूई (40/3),Bhota(Sub-District) / Hamirpur(District) / Himachal Pradesh(State),01072200,017576,N,,,,
739,17237,Gharan (39/7),घराण (39/7),Hamirpur(Sub-District) / Hamirpur(District) / Himachal Pradesh(State),01039000,017237,N,,,,
740,17812,Gharan (44/21),घराण (44/21),Tauni Devi Bamson(Sub-District) / Hamirpur(District) / Himachal Pradesh(State),01092700,017812,N,,,,
741,17159,Gharan Masanda (52/9),घराणा मसंदा (52/9),Hamirpur(Sub-District) / Hamirpur(District) / Himachal Pradesh(State),01029400,017159,N,,,,
742,16578,Gharoh (17/47),घडोह  (17/47),Nadaun(Sub-District) / Hamirpur(District) / Himachal Pradesh(State),00974400,016578,N,,,,
743,17129,Ghartheri Bhalwalan (49/6),घरथेडी भलवालां (49/6),Hamirpur(Sub-District) / Hamirpur(District) / Himachal Pradesh(State),01026400,017129,N,,,,
744,17128,Ghartheri Brahmana (49/5),घरथेडी ब्राहमणा (49/5),Hamirpur(Sub-District) / Hamirpur(District) / Himachal Pradesh(State),01026300,017128,N,,,,
745,16423,Ghartholi (54/18),धरथोली (54/18),Tira Sujanpur(Sub-District) / Hamirpur(District) / Himachal Pradesh(State),00959100,016423,N,,,,
746,16754,Gharthun (25/38),घरठूँ (25/38),Kangoo(Sub-District) / Hamirpur(District) / Himachal Pradesh(State),01000500,016754,N,,,,
747,17145,Gharyana Brahmna (52/7),घरयाणा ब्राहमणा (52/7),Hamirpur(Sub-District) / Hamirpur(District) / Himachal Pradesh(State),01028000,017145,N,,,,
748,17157,Gharyana Jaswalan (52/8),घरयाणा जसवालां (52/8),Hamirpur(Sub-District) / Hamirpur(District) / Himachal Pradesh(State),01029200,017157,N,,,,
749,17749,Gharyani Darbari (34/61),घरयाणी दरबारी (34/61),Dhatwal(Sub-District) / Hamirpur(District) / Himachal Pradesh(State),01087300,017749,N,,,,
750,17748,Gharyani Dhatwalian (34-59),घरयाणी ढटवालिया (34/59),Dhatwal(Sub-District) / Hamirpur(District) / Himachal Pradesh(State),01087200,017748,N,,,,
751,17750,Gharyani Thukralian (34-54),घरयाणी टुकरालां (34/54),Dhatwal(Sub-District) / Hamirpur(District) / Himachal Pradesh(State),01087400,017750,N,,,,
752,17681,Gharyan Jattan (34/27),घरयाणी जट्टा (34/27),Dhatwal(Sub-District) / Hamirpur(District) / Himachal Pradesh(State),01081800,017681,N,,,,
753,17467,Ghata Panga (33/25),घाटा- पंगा (33/25),Barsar(Sub-District) / Hamirpur(District) / Himachal Pradesh(State),01062300,017467,N,,,,
754,16510,Ghian (64/8),घयाण (64/8),Tira Sujanpur(Sub-District) / Hamirpur(District) / Himachal Pradesh(State),00967800,016510,N,,,,
755,16479,Ghirind (56/9),घिरण्ड (56/9),Tira Sujanpur(Sub-District) / Hamirpur(District) / Himachal Pradesh(State),00964700,016479,N,,,,
756,17172,Ghirtheri (47/25),घिरथेडी (47/25),Hamirpur(Sub-District) / Hamirpur(District) / Himachal Pradesh(State),01030700,017172,N,,,,
757,16636,Ghloon (19-20),घलूं  (19/20),Nadaun(Sub-District) / Hamirpur(District) / Himachal Pradesh(State),00980000,016636,N,,,,
758,17554,Ghoeta Brahmna (35/7),घोइटा ब्राहमणा (35/7),Barsar(Sub-District) / Hamirpur(District) / Himachal Pradesh(State),01070600,017554,N,,,,
759,17553,Ghoeta Rajputan (35/9),घोइटा राजपुता (35/9),Barsar(Sub-District) / Hamirpur(District) / Himachal Pradesh(State),01070500,017553,N,,,,
760,17044,Ghori (52/31),घोडी (52/31),Hamirpur(Sub-District) / Hamirpur(District) / Himachal Pradesh(State),01018300,017044,N,,,,
761,16524,Ghor Lambar (64/17),घोड़ लम्बर (64/17),Tauni Devi Bamson(Sub-District) / Hamirpur(District) / Himachal Pradesh(State),00969200,016524,N,,,,
762,17756,Ghowri (34/36),घोड़ी (34/36),Dhatwal(Sub-District) / Hamirpur(District) / Himachal Pradesh(State),01088000,017756,N,,,,
763,17293,Ghugan (42/30),घुगाण (42/30),Hamirpur(Sub-District) / Hamirpur(District) / Himachal Pradesh(State),01044500,017293,N,,,,
764,17638,Ghulera (34/101),घुलेड़ा (34/101),Dhatwal(Sub-District) / Hamirpur(District) / Himachal Pradesh(State),01078000,017638,N,,,,
765,17818,Ghulera (44/30),घुलेडा (44/30),Tauni Devi Bamson(Sub-District) / Hamirpur(District) / Himachal Pradesh(State),01093300,017818,N,,,,
766,17059,Ghumarda Bhalwala (52/26),घुमारडा भलवाला (52/26),Hamirpur(Sub-District) / Hamirpur(District) / Himachal Pradesh(State),01019800,017059,N,,,,
767,17056,Ghumarda Brahmna (52/30),घुमारडा ब्राहमणा (52/30),Hamirpur(Sub-District) / Hamirpur(District) / Himachal Pradesh(State),01019500,017056,N,,,,
768,17555,Ghumarli (35/3),घुमारली (35/3),Barsar(Sub-District) / Hamirpur(District) / Himachal Pradesh(State),01070700,017555,N,,,,
769,17844,Ghumarli (44/26),घुमारली (44/26),Bhoranj(Sub-District) / Hamirpur(District) / Himachal Pradesh(State),01095900,017844,N,,,,
770,16652,Ghumarta (19/43),घुमारटा (19/43),Nadaun(Sub-District) / Hamirpur(District) / Himachal Pradesh(State),00981600,016652,N,,,,
771,17734,Ghumarth (34/78),घमरथ (34/78),Dhatwal(Sub-District) / Hamirpur(District) / Himachal Pradesh(State),01085800,017734,N,,,,
772,17511,Ghumarwin (32/25),घुमारवी (32/25),Barsar(Sub-District) / Hamirpur(District) / Himachal Pradesh(State),01066700,017511,N,,,,
773,17692,Ghumarwin (34-19),घुमारवीं (34/19),Dhatwal(Sub-District) / Hamirpur(District) / Himachal Pradesh(State),01082500,017692,N,,,,
774,17361,Ghumarwin (47/73),घुमारवीं (45/73),Lambloo(Sub-District) / Hamirpur(District) / Himachal Pradesh(State),01051400,017361,N,,,,
775,17388,Ghunani (29/9),घुनानी (29/9),Barsar(Sub-District) / Hamirpur(District) / Himachal Pradesh(State),01054800,017388,N,,,,
776,17366,Ghurar (45/29),घुराड (45/29),Lambloo(Sub-District) / Hamirpur(District) / Himachal Pradesh(State),01052100,017366,N,,,,
777,939655,Ghurare (47/32),घुराडे (47/32),Hamirpur(Sub-District) / Hamirpur(District) / Himachal Pradesh(State),,000000,N,,,,
778,17283,Goata (42/18),गौटा (42/18),Hamirpur(Sub-District) / Hamirpur(District) / Himachal Pradesh(State),01043500,017283,N,,,,
779,17642,Godee (34/112),गोड़ी (34/112),Dhatwal(Sub-District) / Hamirpur(District) / Himachal Pradesh(State),01078400,017642,N,,,,
780,18042,Godhu (43/39),गोधू (43/39),Bhoranj(Sub-District) / Hamirpur(District) / Himachal Pradesh(State),01115700,018042,N,,,,
781,16950,Goies (36/7),गोईश (36/7),Galore(Sub-District) / Hamirpur(District) / Himachal Pradesh(State),00993400,016950,N,,,,
782,939677,Gopalnagar (47/29),गोपालनगर (47/29,Hamirpur(Sub-District) / Hamirpur(District) / Himachal Pradesh(State),,000000,N,,,,
783,16548,Gori (18/17),गोडी (18/17),Nadaun(Sub-District) / Hamirpur(District) / Himachal Pradesh(State),00971600,016548,N,,,,
784,16523,Gubbar (64/13),गुब्बर (64/13),Tauni Devi Bamson(Sub-District) / Hamirpur(District) / Himachal Pradesh(State),00969100,016523,N,,,,
785,17333,Gudhwin (45/76),गुदवी (45/76),Lambloo(Sub-District) / Hamirpur(District) / Himachal Pradesh(State),01048600,017333,N,,,,
786,17792,Gugehri (44/17),गुगेहडी (44/17),Tauni Devi Bamson(Sub-District) / Hamirpur(District) / Himachal Pradesh(State),01090700,017792,N,,,,
787,17092,Guhl (50/10),गूहल (50/10),Hamirpur(Sub-District) / Hamirpur(District) / Himachal Pradesh(State),01022800,017092,N,,,,
788,16699,Gujrehra (26/24),गुजरेडा (26/24),Kangoo(Sub-District) / Hamirpur(District) / Himachal Pradesh(State),00986300,016699,N,,,,
789,18023,Gujrehra (43/63),गुजरेडा (43/63),Bhoranj(Sub-District) / Hamirpur(District) / Himachal Pradesh(State),01113800,018023,N,,,,
790,16414,Gujrera (53/8),गुजरेहड़ा (53/8),Tira Sujanpur(Sub-District) / Hamirpur(District) / Himachal Pradesh(State),00958200,016414,N,,,,
791,17260,Gulela (45/8),गुलेला (45/8),Hamirpur(Sub-District) / Hamirpur(District) / Himachal Pradesh(State),01041200,017260,N,,,,
792,17358,Gummar (45/74),गुम्मर (45/74),Lambloo(Sub-District) / Hamirpur(District) / Himachal Pradesh(State),01051100,017358,N,,,,
793,16729,Gumtial (25/13),गुमत्याल (25/13),Kangoo(Sub-District) / Hamirpur(District) / Himachal Pradesh(State),00998000,016729,N,,,,
794,16994,Gundwin (37/34),गुन्डवी (37/34),Galore(Sub-District) / Hamirpur(District) / Himachal Pradesh(State),01035500,016994,N,,,,
795,16549,Gurehr (18/20),गुरेड (18/20),Nadaun(Sub-District) / Hamirpur(District) / Himachal Pradesh(State),00971700,016549,N,,,,
796,17506,Guriah Kalan (33/37),गुरयाह  कलां  (33/37),Barsar(Sub-District) / Hamirpur(District) / Himachal Pradesh(State),01066200,017506,N,,,,
797,17505,Guriah Khurd (33/32),गुरयाह  खुर्द (33/32),Barsar(Sub-District) / Hamirpur(District) / Himachal Pradesh(State),01066100,017505,N,,,,
798,16960,Guriyah (36/28),गुरयाह (36/28),Galore(Sub-District) / Hamirpur(District) / Himachal Pradesh(State),00994500,016960,N,,,,
799,16841,Guryali (21/16),गुरयाली (21/16),Nadaun(Sub-District) / Hamirpur(District) / Himachal Pradesh(State),01009100,016841,N,,,,
800,17464,Guthiana (33/22),गुतयाना (33/22),Barsar(Sub-District) / Hamirpur(District) / Himachal Pradesh(State),01062000,017464,N,,,,
801,17906,Gwahta (42/107),गुआटा (42/107),Bhoranj(Sub-District) / Hamirpur(District) / Himachal Pradesh(State),01102100,017906,N,,,,
802,16565,Hadwani (19/11),हदवानी (19/11),Nadaun(Sub-District) / Hamirpur(District) / Himachal Pradesh(State),00973300,016565,N,,,,
803,17268,Halana (45/25),हलाना (45/25),Hamirpur(Sub-District) / Hamirpur(District) / Himachal Pradesh(State),01042000,017268,N,,,,
804,16506,Hando Di Dhar (63-30),हन्दो दी धार (63/30),Tira Sujanpur(Sub-District) / Hamirpur(District) / Himachal Pradesh(State),00967400,016506,N,,,,
805,18046,Hanoh (43/55),हनोह (43/55),Bhoranj(Sub-District) / Hamirpur(District) / Himachal Pradesh(State),01116100,018046,N,,,,
806,16808,Har (24/11),हार (24/11),Nadaun(Sub-District) / Hamirpur(District) / Himachal Pradesh(State),01005800,016808,N,,,,
807,17548,Har (35/14),हार (35/14),Barsar(Sub-District) / Hamirpur(District) / Himachal Pradesh(State),01070000,017548,N,,,,
808,17210,Har (37/19),हार (37/19),Hamirpur(Sub-District) / Hamirpur(District) / Himachal Pradesh(State),01034500,017210,N,,,,
809,16372,Har (55/15),हार (55/15),Tira Sujanpur(Sub-District) / Hamirpur(District) / Himachal Pradesh(State),00954000,016372,N,,,,
810,16986,Hareta (36/42),हडेटा (36/42),Galore(Sub-District) / Hamirpur(District) / Himachal Pradesh(State),00997100,016986,N,,,,
811,16712,Har Khalsa (26/2),हार खालसा  (26/2),Kangoo(Sub-District) / Hamirpur(District) / Himachal Pradesh(State),00988800,016712,N,,,,
812,17513,Harma (32/30),हारमा (32/30),Barsar(Sub-District) / Hamirpur(District) / Himachal Pradesh(State),01066900,017513,N,,,,
813,16656,Harmandir Mandiala (19/35),हरमन्दिर मण्डयाला (19/35),Nadaun(Sub-District) / Hamirpur(District) / Himachal Pradesh(State),00982000,016656,N,,,,
814,16657,Harmandir Rakwalan (19/37),हरमन्दिर रुकवाला (19/37),Nadaun(Sub-District) / Hamirpur(District) / Himachal Pradesh(State),00982100,016657,N,,,,
815,16909,Har Masandan (26/15),हार मसंदा (26/15),Kangoo(Sub-District) / Hamirpur(District) / Himachal Pradesh(State),00988400,016909,N,,,,
816,17246,Harnal (46/9),हरनाल (46/9),Hamirpur(Sub-District) / Hamirpur(District) / Himachal Pradesh(State),01039900,017246,N,,,,
817,17357,Harned (45/84),हरनेड (45/84),Lambloo(Sub-District) / Hamirpur(District) / Himachal Pradesh(State),01051000,017357,N,,,,
818,17450,Harsour (12/7),हरसौर (12/7),Barsar(Sub-District) / Hamirpur(District) / Himachal Pradesh(State),01060600,017450,N,,,,
819,17852,Haryani (43/5),हडयाणी (43/5),Bhoranj(Sub-District) / Hamirpur(District) / Himachal Pradesh(State),01096700,017852,N,,,,
820,939635,Hatera (40-40),हटेड़ा (40/40),Bhota(Sub-District) / Hamirpur(District) / Himachal Pradesh(State),,000000,N,,,,
821,16626,Hathol Khas (17/31),हथोल खास (17/3),Nadaun(Sub-District) / Hamirpur(District) / Himachal Pradesh(State),00979100,016626,N,,,,
822,16952,Hatli (36/8),हटली (36/8),Galore(Sub-District) / Hamirpur(District) / Himachal Pradesh(State),00993600,016952,N,,,,
823,17360,Hawani (45/69),हवाणी (45/69),Lambloo(Sub-District) / Hamirpur(District) / Himachal Pradesh(State),01051300,017360,N,,,,
824,17785,Hayor (43/96),हियोड़ (43/96),Bhoranj(Sub-District) / Hamirpur(District) / Himachal Pradesh(State),01090000,017785,N,,,,
825,17787,Heor (44/24),हियोड़ (44/24),Tauni Devi Bamson(Sub-District) / Hamirpur(District) / Himachal Pradesh(State),01090200,017787,N,,,,
826,17815,Himmer (44-31),हिम्मर (44/31),Tauni Devi Bamson(Sub-District) / Hamirpur(District) / Himachal Pradesh(State),01093000,017815,N,,,,
827,17251,Hira Nagar (48),हीरानगर,Hamirpur(Sub-District) / Hamirpur(District) / Himachal Pradesh(State),01040300,017251,N,,,,
828,16651,Hod (19/36),हौड (19/36),Nadaun(Sub-District) / Hamirpur(District) / Himachal Pradesh(State),00981500,016651,N,,,,
829,16616,Hodian (17/2),होडियाण (17/2),Nadaun(Sub-District) / Hamirpur(District) / Himachal Pradesh(State),00978100,016616,N,,,,
830,17744,Holath (34/57),होलत (34/57),Dhatwal(Sub-District) / Hamirpur(District) / Himachal Pradesh(State),01086800,017744,N,,,,
831,16768,Holwin Har (25/26),होल्वीं हार (25/26),Kangoo(Sub-District) / Hamirpur(District) / Himachal Pradesh(State),01001800,016768,N,,,,
832,17439,Jabbal Kheri (13/5),जब्बल खैरी (13/5),Barsar(Sub-District) / Hamirpur(District) / Himachal Pradesh(State),01059800,017439,N,,,,
833,16845,Jadwal (21/37),जडवाल  (21/37),Nadaun(Sub-District) / Hamirpur(District) / Himachal Pradesh(State),01009500,016845,N,,,,
834,16475,Jagarial (57/9),जगड़ियाल (57/9),Tira Sujanpur(Sub-District) / Hamirpur(District) / Himachal Pradesh(State),00964300,016475,N,,,,
835,17975,Jahu Kalan (43/67),जाहू कलां (43/67),Jahu(Sub-District) / Hamirpur(District) / Himachal Pradesh(State),01109000,017975,N,,,,
836,17973,Jahu Khurd (43/73),जाहू खुर्द (43/73),Jahu(Sub-District) / Hamirpur(District) / Himachal Pradesh(State),01108800,017973,N,,,,
837,17460,Jajal (33/15),जजल (33/15),Barsar(Sub-District) / Hamirpur(District) / Himachal Pradesh(State),01061600,017460,N,,,,
838,16642,Jajoli (19/26),जजोली (19/26),Nadaun(Sub-District) / Hamirpur(District) / Himachal Pradesh(State),00980600,016642,N,,,,
839,17768,Jajri (34/47),जजरी (34/47),Dhatwal(Sub-District) / Hamirpur(District) / Himachal Pradesh(State),01089100,017768,N,,,,
840,16655,Jalari Bhandiaran (19/28),जलाडी भडियारा (19/28),Nadaun(Sub-District) / Hamirpur(District) / Himachal Pradesh(State),00981900,016655,N,,,,
841,16659,Jalari Saunkhlian (19/32),जलाडी सौख्लयां   (19/32),Nadaun(Sub-District) / Hamirpur(District) / Himachal Pradesh(State),00982300,016659,N,,,,
842,17751,Jamli (34/52),जमली (34/52),Dhatwal(Sub-District) / Hamirpur(District) / Himachal Pradesh(State),01087500,017751,N,,,,
843,17966,Jamli Palasi (42/116),जमली पलासी (42/116),Jahu(Sub-District) / Hamirpur(District) / Himachal Pradesh(State),01108100,017966,N,,,,
844,17594,Jamna (40/25),जमना (40/25),Bhota(Sub-District) / Hamirpur(District) / Himachal Pradesh(State),01073800,017594,N,,,,
845,16598,Jamnoti (17/6),जमनोटी (17/6),Nadaun(Sub-District) / Hamirpur(District) / Himachal Pradesh(State),00976300,016598,N,,,,
846,16880,Jamnoti (23/14),जमनोटी (23/14),Nadaun(Sub-District) / Hamirpur(District) / Himachal Pradesh(State),01013000,016880,N,,,,
847,16748,Jamnoti Badi (25/28),जमनोटी बड़ी (25/28),Kangoo(Sub-District) / Hamirpur(District) / Himachal Pradesh(State),00999900,016748,N,,,,
848,16749,Jamnoti Chhoti (25/53),जमनोटी छोटी (25/53),Kangoo(Sub-District) / Hamirpur(District) / Himachal Pradesh(State),01000000,016749,N,,,,
849,17797,Jandal (44/39),जंडल  (44/39),Tauni Devi Bamson(Sub-District) / Hamirpur(District) / Himachal Pradesh(State),01091200,017797,N,,,,
850,16777,Jandli Gujran (25/7),जन्द्ली गुजरां (25/7),Kangoo(Sub-District) / Hamirpur(District) / Himachal Pradesh(State),01002700,016777,N,,,,
851,16772,Jandli Rajputtan (25/47),जन्द्ली राजपूता (25/47),Kangoo(Sub-District) / Hamirpur(District) / Himachal Pradesh(State),01002200,016772,N,,,,
852,17214,Jandrah (37/24),जन्द्राह (37/24),Hamirpur(Sub-District) / Hamirpur(District) / Himachal Pradesh(State),01034900,017214,N,,,,
853,16461,Jandrahl Brahmana (58/5),जन्दराल ब्राहमणा (58/5),Tira Sujanpur(Sub-District) / Hamirpur(District) / Himachal Pradesh(State),00962900,016461,N,,,,
854,16462,Jandrahl Ranautan (58/6),जन्दराल रणौतां (58/6),Tira Sujanpur(Sub-District) / Hamirpur(District) / Himachal Pradesh(State),00963000,016462,N,,,,
855,17552,Jandrana (35/17),जन्दराना (35/17),Barsar(Sub-District) / Hamirpur(District) / Himachal Pradesh(State),01070400,017552,N,,,,
856,17636,Jandroh (41/25),जन्दरोह  (41/25),Bhota(Sub-District) / Hamirpur(District) / Himachal Pradesh(State),01077800,017636,N,,,,
857,16504,Jandru (63/11),जन्दडू (63/11),Tira Sujanpur(Sub-District) / Hamirpur(District) / Himachal Pradesh(State),00967200,016504,N,,,,
858,16794,Jangal (21/7),जंगल (21/7),Nadaun(Sub-District) / Hamirpur(District) / Himachal Pradesh(State),01004400,016794,N,,,,
859,16801,Jangal (24/4),जंगल (24/4),Nadaun(Sub-District) / Hamirpur(District) / Himachal Pradesh(State),01005100,016801,N,,,,
860,17706,Jangal (34/69),जंगल (34/69),Dhatwal(Sub-District) / Hamirpur(District) / Himachal Pradesh(State),01083900,017706,N,,,,
861,17209,Jangal Khas (37/11),जंगल खास (37/11),Hamirpur(Sub-District) / Hamirpur(District) / Himachal Pradesh(State),01034400,017209,N,,,,
862,16515,Jangal Khas (64/16),जँगल खास (64/16),Tira Sujanpur(Sub-District) / Hamirpur(District) / Himachal Pradesh(State),00968300,016515,N,,,,
863,16639,Jangal Khoher (19/29),जंगल खोहर (19/29),Nadaun(Sub-District) / Hamirpur(District) / Himachal Pradesh(State),00980300,016639,N,,,,
864,17574,Jangal Mehfuja Mehduda Salan,जंगल मैहफूजा मैहदूदा सालन,Bhota(Sub-District) / Hamirpur(District) / Himachal Pradesh(State),01072000,017574,N,,,,
865,16572,Jangli (19/6),जंगली (19/6),Nadaun(Sub-District) / Hamirpur(District) / Himachal Pradesh(State),00974000,016572,N,,,,
866,16854,Jangli (22/3),जंगली (22/3),Nadaun(Sub-District) / Hamirpur(District) / Himachal Pradesh(State),01010400,016854,N,,,,
867,17746,Jangli (34/51),जांगली (34/51),Dhatwal(Sub-District) / Hamirpur(District) / Himachal Pradesh(State),01087000,017746,N,,,,
868,16653,Janglu (19/42),जंगलू (19/42),Nadaun(Sub-District) / Hamirpur(District) / Himachal Pradesh(State),00981700,016653,N,,,,
869,16606,Janglu Suliana (17/3),जंगलू सल्याण (17/3),Nadaun(Sub-District) / Hamirpur(District) / Himachal Pradesh(State),00977100,016606,N,,,,
870,939649,Janhean (34-98),जनहैण (34/98),Dhatwal(Sub-District) / Hamirpur(District) / Himachal Pradesh(State),,000000,N,,,,
871,17718,Janhian (34/98),जनहैण (34/98),Dhatwal(Sub-District) / Hamirpur(District) / Himachal Pradesh(State),01085000,017718,N,,,,
872,16755,Jani Jagian (25/42),जानी जगियाँ (25/42),Kangoo(Sub-District) / Hamirpur(District) / Himachal Pradesh(State),01000600,016755,N,,,,
873,16715,Jansooh (27/3),जनसूह (27/3),Kangoo(Sub-District) / Hamirpur(District) / Himachal Pradesh(State),00989400,016715,N,,,,
874,17962,Jar (42/119),जाड़ (42/119),Bhoranj(Sub-District) / Hamirpur(District) / Himachal Pradesh(State),01107700,017962,N,,,,
875,17676,Jaral (34-26),जरल (34/26),Dhatwal(Sub-District) / Hamirpur(District) / Himachal Pradesh(State),01081300,017676,N,,,,
876,17280,Jaral (42/16),जरल (42/16),Hamirpur(Sub-District) / Hamirpur(District) / Himachal Pradesh(State),01043200,017280,N,,,,
877,16543,Jaraut (18/13),जुडौत (18/13),Nadaun(Sub-District) / Hamirpur(District) / Himachal Pradesh(State),00971100,016543,N,,,,
878,16709,Jareri (26/16),झरेडी (26/16),Kangoo(Sub-District) / Hamirpur(District) / Himachal Pradesh(State),00987300,016709,N,,,,
879,18033,Jaroh (43/45),जडोह (43/45),Bhoranj(Sub-District) / Hamirpur(District) / Himachal Pradesh(State),01114800,018033,N,,,,
880,16718,Jasai Khas (27/16),जसाई खास (27/16),Kangoo(Sub-District) / Hamirpur(District) / Himachal Pradesh(State),00989700,016718,N,,,,
881,16759,Jaskot(25/32),जसकोट (25/32),Kangoo(Sub-District) / Hamirpur(District) / Himachal Pradesh(State),01000900,016759,N,,,,
882,16579,Jasoh (17/36),जसोह (17/36),Nadaun(Sub-District) / Hamirpur(District) / Himachal Pradesh(State),00974500,016579,N,,,,
883,17240,Jasour (46/14),जसौर  (46/14),Hamirpur(Sub-District) / Hamirpur(District) / Himachal Pradesh(State),01039300,017240,N,,,,
884,17011,Jatan Di Dhar (62/31),जट्टां टी धार (62/31),Tauni Devi Bamson(Sub-District) / Hamirpur(District) / Himachal Pradesh(State),01015000,017011,N,,,,
885,17125,Jateri (49/3),जटेहडी (49/3),Hamirpur(Sub-District) / Hamirpur(District) / Himachal Pradesh(State),01026000,017125,N,,,,
886,16490,Jateru (60/14),जटेहडू (60/14),Tira Sujanpur(Sub-District) / Hamirpur(District) / Himachal Pradesh(State),00965800,016490,N,,,,
887,16828,Jatgahra (21/5),जटगाहरा (21/5),Nadaun(Sub-District) / Hamirpur(District) / Himachal Pradesh(State),01007800,016828,N,,,,
888,17518,Jathunda (32/34),जठुन्डा (32/34),Barsar(Sub-District) / Hamirpur(District) / Himachal Pradesh(State),01067400,017518,N,,,,
889,17519,Jathunda Khas,जठुन्डा खास,Barsar(Sub-District) / Hamirpur(District) / Himachal Pradesh(State),01067400,017519,N,,,,
890,16820,Jatiala (21/23),जटियाला (21/23),Nadaun(Sub-District) / Hamirpur(District) / Himachal Pradesh(State),01007000,016820,N,,,,
891,16788,Jatua (24/13),जटुआ (24/13),Nadaun(Sub-District) / Hamirpur(District) / Himachal Pradesh(State),01003800,016788,N,,,,
892,17606,Jawalanagar (40/22),ज्वालानगर (40/22),Bhota(Sub-District) / Hamirpur(District) / Himachal Pradesh(State),01074900,017606,N,,,,
893,16433,Jehr (57/6),जीहड़ (57/6),Tira Sujanpur(Sub-District) / Hamirpur(District) / Himachal Pradesh(State),00960100,016433,N,,,,
894,16562,Jhagrial (19/2),झगडियाल (19/2),Nadaun(Sub-District) / Hamirpur(District) / Himachal Pradesh(State),00973000,016562,N,,,,
895,16859,Jhagrial (22/12),झगडियाल (22/12),Nadaun(Sub-District) / Hamirpur(District) / Himachal Pradesh(State),01010900,016859,N,,,,
896,17228,Jhagriani (39/11),झगडयाणी (39/11),Hamirpur(Sub-District) / Hamirpur(District) / Himachal Pradesh(State),01037900,017228,N,,,,
897,17905,Jhakhyol (42/75),जख्योल (42/75),Bhoranj(Sub-District) / Hamirpur(District) / Himachal Pradesh(State),01102000,017905,N,,,,
898,16586,Jhalan (17/42),झलान (17/42),Nadaun(Sub-District) / Hamirpur(District) / Himachal Pradesh(State),00975200,016586,N,,,,
899,16425,Jhaler (53/3),झलेड़ (53/3),Tira Sujanpur(Sub-District) / Hamirpur(District) / Himachal Pradesh(State),00959300,016425,N,,,,
900,17089,Jhaleri (50/8),झलेडी (50/8),Hamirpur(Sub-District) / Hamirpur(District) / Himachal Pradesh(State),01022500,017089,N,,,,
901,17061,Jhalwani (52/22),झलवानी (52/22),Hamirpur(Sub-District) / Hamirpur(District) / Himachal Pradesh(State),01020000,017061,N,,,,
902,17836,Jhamber Buhla (44/50),झम्वर बुहला (44/50),Tauni Devi Bamson(Sub-District) / Hamirpur(District) / Himachal Pradesh(State),01095100,017836,N,,,,
903,17840,Jhamber Upperla (44/48),झम्वर उपरला (44/48),Tauni Devi Bamson(Sub-District) / Hamirpur(District) / Himachal Pradesh(State),01095500,017840,N,,,,
904,16949,Jhamrani (36-21),झमराणी (36/21),Galore(Sub-District) / Hamirpur(District) / Himachal Pradesh(State),00993300,016949,N,,,,
905,17319,Jhamrera (45/40),झमरेडा (45/40),Lambloo(Sub-District) / Hamirpur(District) / Himachal Pradesh(State),01047100,017319,N,,,,
906,16790,Jhandui (24/7),झन्डूई (24/7),Nadaun(Sub-District) / Hamirpur(District) / Himachal Pradesh(State),01004000,016790,N,,,,
907,18009,Jhandwin Brahmana (43/57),झण्डवीं ब्राहमणा (43/57),Jahu(Sub-District) / Hamirpur(District) / Himachal Pradesh(State),01112400,018009,N,,,,
908,18011,Jhandwin Changria (43/2),झण्डवीं  चांगरिया (43/2),Bhoranj(Sub-District) / Hamirpur(District) / Himachal Pradesh(State),01112600,018011,N,,,,
909,17382,Jhanikar (45/65),झनिक्कर (45/65),Tauni Devi Bamson(Sub-District) / Hamirpur(District) / Himachal Pradesh(State),01054200,017382,N,,,,
910,17457,Jhanjiani (12/1),झंझयाणी (12/1),Barsar(Sub-District) / Hamirpur(District) / Himachal Pradesh(State),01061300,017457,N,,,,
911,17170,Jhareri (47/19),झरेडी (47/19),Hamirpur(Sub-District) / Hamirpur(District) / Himachal Pradesh(State),01030500,017170,N,,,,
912,17932,Jharlog Buhla (42/92),झरलोग बूहला (42/9),Bhoranj(Sub-District) / Hamirpur(District) / Himachal Pradesh(State),01104700,017932,N,,,,
913,17931,Jharlog Upperla (42/91),झरलोग उपरला (42/91),Bhoranj(Sub-District) / Hamirpur(District) / Himachal Pradesh(State),01104600,017931,N,,,,
914,16930,Jharmani (28/5),झरमाणी (28/5),Galore(Sub-District) / Hamirpur(District) / Himachal Pradesh(State),00991400,016930,N,,,,
915,17591,Jharnot (40/34),झरनोट (40/34),Bhota(Sub-District) / Hamirpur(District) / Himachal Pradesh(State),01073500,017591,N,,,,
916,16331,Jhataur (63/21),झटौर (63/21),Tira Sujanpur(Sub-District) / Hamirpur(District) / Himachal Pradesh(State),00949900,016331,N,,,,
917,17370,Jhatwar (45/47),झटवाड (45/47),Lambloo(Sub-District) / Hamirpur(District) / Himachal Pradesh(State),01052900,017370,N,,,,
918,17275,Jhijkari (42/13),झिजकरी (42/13),Hamirpur(Sub-District) / Hamirpur(District) / Himachal Pradesh(State),01042700,017275,N,,,,
919,17583,Jhiralari (40/10),झिरालड़ी  (40/10),Bhota(Sub-District) / Hamirpur(District) / Himachal Pradesh(State),01072800,017583,N,,,,
920,17040,Jhokhar (45/57),झोखर  (45/57),Tauni Devi Bamson(Sub-District) / Hamirpur(District) / Himachal Pradesh(State),01017900,017040,N,,,,
921,16477,Jhulwani (56/4),झुलाणी (56/4),Tira Sujanpur(Sub-District) / Hamirpur(District) / Himachal Pradesh(State),00964500,016477,N,,,,
922,16940,Jiana (36/11),ज्याणा (36/11),Galore(Sub-District) / Hamirpur(District) / Himachal Pradesh(State),00992400,016940,N,,,,
923,16999,Jiana (38/2),ज्याणा (38/2),Galore(Sub-District) / Hamirpur(District) / Himachal Pradesh(State),01036000,016999,N,,,,
924,16527,Jiana (63/26),ज्याणा (63/26),Tauni Devi Bamson(Sub-District) / Hamirpur(District) / Himachal Pradesh(State),00969500,016527,N,,,,
925,16451,Jiar (61/7),ज्याड़ (61/7),Tira Sujanpur(Sub-District) / Hamirpur(District) / Himachal Pradesh(State),00961900,016451,N,,,,
926,16887,Jihn (23/9),जीहण (23/9),Nadaun(Sub-District) / Hamirpur(District) / Himachal Pradesh(State),01013700,016887,N,,,,
927,17848,Jijwin (43/78),जिजवीं (43/78),Bhoranj(Sub-District) / Hamirpur(District) / Himachal Pradesh(State),01096300,017848,N,,,,
928,17947,Jindri (42/120),जिन्दड़ी (42/120),Bhoranj(Sub-District) / Hamirpur(District) / Himachal Pradesh(State),01106200,017947,N,,,,
929,17592,Jindwin Bhajnu (40/24),जिन्दवीं भजनू (40/24),Bhota(Sub-District) / Hamirpur(District) / Himachal Pradesh(State),01073600,017592,N,,,,
930,17593,Jindwin Brahmana (40/41),जिन्दवीं ब्राह्मणा (40/41),Bhota(Sub-District) / Hamirpur(District) / Himachal Pradesh(State),01073700,017593,N,,,,
931,17322,Jiwin (45/30),जीवीं (45/30),Lambloo(Sub-District) / Hamirpur(District) / Himachal Pradesh(State),01047400,017322,N,,,,
932,17808,Joh (43/85),जौह (43/85),Bhoranj(Sub-District) / Hamirpur(District) / Himachal Pradesh(State),01092300,017808,N,,,,
933,16382,Johl Khurd (55/26),जोल खुर्द (55/26),Tira Sujanpur(Sub-District) / Hamirpur(District) / Himachal Pradesh(State),00955000,016382,N,,,,
934,16855,Jol (22/4),जोल (22/4),Nadaun(Sub-District) / Hamirpur(District) / Himachal Pradesh(State),01010500,016855,N,,,,
935,16915,Jol (27/25),जोल (27/25),Galore(Sub-District) / Hamirpur(District) / Himachal Pradesh(State),00989900,016915,N,,,,
936,17198,Jol (37/5),जोल (37/5),Hamirpur(Sub-District) / Hamirpur(District) / Himachal Pradesh(State),01033300,017198,N,,,,
937,16339,Jol ( 63/4),जोल (63/4),Tira Sujanpur(Sub-District) / Hamirpur(District) / Himachal Pradesh(State),00950700,016339,N,,,,
938,16363,Jol Kalan (55/8),जोल कलां (55/8),Tira Sujanpur(Sub-District) / Hamirpur(District) / Himachal Pradesh(State),00953100,016363,N,,,,
939,16761,Jol Sapar (25/20),जोल्सप्पड (25/20),Kangoo(Sub-District) / Hamirpur(District) / Himachal Pradesh(State),01001100,016761,N,,,,
940,17348,Juhli (47/4),जुहली  (47/4),Tauni Devi Bamson(Sub-District) / Hamirpur(District) / Himachal Pradesh(State),01050100,017348,N,,,,
941,17900,Jujani (42/66),जुझानी (42/66),Bhoranj(Sub-District) / Hamirpur(District) / Himachal Pradesh(State),01101500,017900,N,,,,
942,16700,Julah Bahal (26/5),जुलाह बाहल (26/5),Kangoo(Sub-District) / Hamirpur(District) / Himachal Pradesh(State),00986400,016700,N,,,,
943,16342,Kaachh (63/12),काच्छ (63/12),Tira Sujanpur(Sub-District) / Hamirpur(District) / Himachal Pradesh(State),00951000,016342,N,,,,
944,16732,Kachhoti (25/40),कच्छोटी (25/40),Kangoo(Sub-District) / Hamirpur(District) / Himachal Pradesh(State),00998300,016732,N,,,,
945,17709,Kachhwin (34/94),कच्छवी (34/94),Dhatwal(Sub-District) / Hamirpur(District) / Himachal Pradesh(State),01084200,017709,N,,,,
946,17019,Kadhiar (62/18),कढियार (62/18),Tauni Devi Bamson(Sub-District) / Hamirpur(District) / Himachal Pradesh(State),01015800,017019,N,,,,
947,17384,Kahalwan (45/67),काहलव़ा  (45/67),Tauni Devi Bamson(Sub-District) / Hamirpur(District) / Himachal Pradesh(State),01054400,017384,N,,,,
948,16920,Kahi-Di-Bahal (27/7),काही दी वाहल (27/7),Galore(Sub-District) / Hamirpur(District) / Himachal Pradesh(State),00990400,016920,N,,,,
949,17313,Kaidru (45/18),कैहडरू (45/18),Hamirpur(Sub-District) / Hamirpur(District) / Himachal Pradesh(State),01046500,017313,N,,,,
950,17953,Kaijwin (42/71),कैंजवीं (42/71),Bhoranj(Sub-District) / Hamirpur(District) / Himachal Pradesh(State),01106800,017953,N,,,,
951,16388,Kajoti (55/5),कजोटी (55/5),Tira Sujanpur(Sub-District) / Hamirpur(District) / Himachal Pradesh(State),00955600,016388,N,,,,
952,17425,Kakar (31/13),कक्कड़ (31/13),Barsar(Sub-District) / Hamirpur(District) / Himachal Pradesh(State),01058400,017425,N,,,,
953,18024,Kakkar (43/52),कक्कड़ (43/52),Bhoranj(Sub-District) / Hamirpur(District) / Himachal Pradesh(State),01113900,018024,N,,,,
954,16525,Kakkar (63/29),कक्कड़ (63/29),Tauni Devi Bamson(Sub-District) / Hamirpur(District) / Himachal Pradesh(State),00969300,016525,N,,,,
955,17304,Kakriana (42/35),ककडयाणा (42/35),Hamirpur(Sub-District) / Hamirpur(District) / Himachal Pradesh(State),01045600,017304,N,,,,
956,17799,Kakriar (44/33),ककडियार (44/33),Tauni Devi Bamson(Sub-District) / Hamirpur(District) / Himachal Pradesh(State),01091400,017799,N,,,,
957,17355,Kakriar (45/79),ककडियार (45/79),Tauni Devi Bamson(Sub-District) / Hamirpur(District) / Himachal Pradesh(State),01050800,017355,N,,,,
958,18022,Kakrohal (43/35),ककरोहल (43/35),Bhoranj(Sub-District) / Hamirpur(District) / Himachal Pradesh(State),01113700,018022,N,,,,
959,17999,Kakrot (43/64),ककरोट (43/64),Jahu(Sub-District) / Hamirpur(District) / Himachal Pradesh(State),01111400,017999,N,,,,
960,17143,Kakru (52/10),ककरू (52/10),Hamirpur(Sub-District) / Hamirpur(District) / Himachal Pradesh(State),01027800,017143,N,,,,
961,17806,Kaleri (43/92),कलेहडी (43/92),Bhoranj(Sub-District) / Hamirpur(District) / Himachal Pradesh(State),01092100,017806,N,,,,
962,16566,Kaliehan (19/1),कलैहण (19/1),Nadaun(Sub-District) / Hamirpur(District) / Himachal Pradesh(State),00973400,016566,N,,,,
963,16641,Kallar (19/34),कल्लर (19/34),Nadaun(Sub-District) / Hamirpur(District) / Himachal Pradesh(State),00980500,016641,N,,,,
964,16858,Kallar (22/11),कल्लर (22/11),Nadaun(Sub-District) / Hamirpur(District) / Himachal Pradesh(State),01010800,016858,N,,,,
965,17238,Kallar Datyalan (45/2),कलर दत्यालां (45/2),Hamirpur(Sub-District) / Hamirpur(District) / Himachal Pradesh(State),01039100,017238,N,,,,
966,17266,Kallar Katochan (45/1),कलर कटोचां (45/1),Hamirpur(Sub-District) / Hamirpur(District) / Himachal Pradesh(State),01041800,017266,N,,,,
967,17265,Kallar Padeyan (45/4),कलर पादेयां (45/4),Hamirpur(Sub-District) / Hamirpur(District) / Himachal Pradesh(State),01041700,017265,N,,,,
968,17267,Kallar Prohatan (45/3),कलर परोहितां (45/3),Hamirpur(Sub-District) / Hamirpur(District) / Himachal Pradesh(State),01041900,017267,N,,,,
969,17740,Kaller (34/53),कलर (34/53),Dhatwal(Sub-District) / Hamirpur(District) / Himachal Pradesh(State),01086400,017740,N,,,,
970,17551,Kallouhan (35/19),कलौहण (35/19),Barsar(Sub-District) / Hamirpur(District) / Himachal Pradesh(State),01070300,017551,N,,,,
971,17024,Kaloh (62/20),कलोह (62/20),Tauni Devi Bamson(Sub-District) / Hamirpur(District) / Himachal Pradesh(State),01016300,017024,N,,,,
972,16944,Kaloha (36/12),कलोहा (36/12),Galore(Sub-District) / Hamirpur(District) / Himachal Pradesh(State),00992800,016944,N,,,,
973,16868,Kalruhi (22/16),कलरूही (22/16),Nadaun(Sub-District) / Hamirpur(District) / Himachal Pradesh(State),01011800,016868,N,,,,
974,17086,Kalsai (50/12),कलसाई (50/12),Hamirpur(Sub-District) / Hamirpur(District) / Himachal Pradesh(State),01022200,017086,N,,,,
975,16534,Kalur (18/27),कलूर (18/27),Nadaun(Sub-District) / Hamirpur(District) / Himachal Pradesh(State),00970200,016534,N,,,,
976,17677,Kalwal (34/31),कलवाल (34/31),Dhatwal(Sub-District) / Hamirpur(District) / Himachal Pradesh(State),01081400,017677,N,,,,
977,17418,Kalwara (31/16),कलवाडा (31/16),Barsar(Sub-District) / Hamirpur(District) / Himachal Pradesh(State),01057700,017418,N,,,,
978,18007,Kalyal (43/56),कल्याल (43/56),Jahu(Sub-District) / Hamirpur(District) / Himachal Pradesh(State),01112200,018007,N,,,,
979,16631,Kamlah (18/9),कमलाह (18/9),Nadaun(Sub-District) / Hamirpur(District) / Himachal Pradesh(State),00979500,016631,N,,,,
980,17191,Kamlah (37/7),कमलाड (37/7),Hamirpur(Sub-District) / Hamirpur(District) / Himachal Pradesh(State),01032400,017191,N,,,,
981,16804,Kamlahu (24/23),कमलाहू (24/23),Nadaun(Sub-District) / Hamirpur(District) / Himachal Pradesh(State),01005400,016804,N,,,,
982,16352,Kamlooni (55/41),कमलूणी (55/41),Tira Sujanpur(Sub-District) / Hamirpur(District) / Himachal Pradesh(State),00952000,016352,N,,,,
983,17714,Kanar Buhla (34/90),कन्नड़ वुहला (34/90),Dhatwal(Sub-District) / Hamirpur(District) / Himachal Pradesh(State),01084600,017714,N,,,,
984,17809,Kandiyoh (43/93),कण्डीयोह (43/93),Bhoranj(Sub-District) / Hamirpur(District) / Himachal Pradesh(State),01092400,017809,N,,,,
985,17963,Kangri (42/109),कंगरी (42/109),Jahu(Sub-District) / Hamirpur(District) / Himachal Pradesh(State),01107800,017963,N,,,,
986,16419,Kangri (53/6),कंगरी (53/6),Tira Sujanpur(Sub-District) / Hamirpur(District) / Himachal Pradesh(State),00958700,016419,N,,,,
987,17249,Kangru (45/6),कगरू (45/6),Lambloo(Sub-District) / Hamirpur(District) / Himachal Pradesh(State),01040200,017249,N,,,,
988,17832,Kanjian (44/34),कन्जयाण (44/34),Bhoranj(Sub-District) / Hamirpur(District) / Himachal Pradesh(State),01094700,017832,N,,,,
989,17635,Kannar (41/16),कनहड (41/6),Bhota(Sub-District) / Hamirpur(District) / Himachal Pradesh(State),01077700,017635,N,,,,
990,17530,Kanoh (32/13),कनोह (32/13),Barsar(Sub-District) / Hamirpur(District) / Himachal Pradesh(State),01068400,017530,N,,,,
991,17302,Kapoti (42/22),कपोटी (42/22),Hamirpur(Sub-District) / Hamirpur(District) / Himachal Pradesh(State),01045400,017302,N,,,,
992,16789,Karandola (24/22),करन्डोला (24/22),Nadaun(Sub-District) / Hamirpur(District) / Himachal Pradesh(State),01003900,016789,N,,,,
993,17152,Karara (47/7),कराडा (47/7),Hamirpur(Sub-District) / Hamirpur(District) / Himachal Pradesh(State),01028700,017152,N,,,,
994,16602,Karari (17-23),करडी  (17/23),Nadaun(Sub-District) / Hamirpur(District) / Himachal Pradesh(State),00976700,016602,N,,,,
995,17568,Karer (40/8),करेर (40/8),Bhota(Sub-District) / Hamirpur(District) / Himachal Pradesh(State),01071700,017568,N,,,,
996,16903,Kargoo Jagir (26/25),कारगू जागीर (26/25),Kangoo(Sub-District) / Hamirpur(District) / Himachal Pradesh(State),00987800,016903,N,,,,
997,16902,Kargu Khalsa (26/22),कारगू खालसा (26/22),Kangoo(Sub-District) / Hamirpur(District) / Himachal Pradesh(State),00987700,016902,N,,,,
998,17654,Karha (34/74), करहा (34/74),Dhatwal(Sub-District) / Hamirpur(District) / Himachal Pradesh(State),01079300,017654,N,,,,
999,17901,Karha (42/79),करहा (42/79),Bhoranj(Sub-District) / Hamirpur(District) / Himachal Pradesh(State),01101600,017901,N,,,,
1000,17712,Kariala (34/99),करयाला (34/99),Dhatwal(Sub-District) / Hamirpur(District) / Himachal Pradesh(State),01084400,017712,N,,,,
1001,17765,Karnera (34/40),करनैहड़ा (34/40),Dhatwal(Sub-District) / Hamirpur(District) / Himachal Pradesh(State),01088800,017765,N,,,,
1002,17951,Karoh (42/126),कडोह (42/126),Bhoranj(Sub-District) / Hamirpur(District) / Himachal Pradesh(State),01106600,017951,N,,,,
1003,16568,Karor (19/9),करौर (19/9),Nadaun(Sub-District) / Hamirpur(District) / Himachal Pradesh(State),00973600,016568,N,,,,
1004,16389,Karot Khas ( 54/10),करोट खास (54/10),Tira Sujanpur(Sub-District) / Hamirpur(District) / Himachal Pradesh(State),00955700,016389,N,,,,
1005,16932,Karsai (28/11),कडसाई (28/11),Galore(Sub-District) / Hamirpur(District) / Himachal Pradesh(State),00991600,016932,N,,,,
1006,17424,Karsai (31/14),कड़साईं (31/14),Barsar(Sub-District) / Hamirpur(District) / Himachal Pradesh(State),01058300,017424,N,,,,
1007,17037,Karsoh (62/7),करसोह (62/7),Tauni Devi Bamson(Sub-District) / Hamirpur(District) / Himachal Pradesh(State),01017600,017037,N,,,,
1008,16842,Karti (21/6),कारटी (21/6),Nadaun(Sub-District) / Hamirpur(District) / Himachal Pradesh(State),01009200,016842,N,,,,
1009,17521,Karwin (32/5),कारबी (32/5),Barsar(Sub-District) / Hamirpur(District) / Himachal Pradesh(State),01067600,017521,N,,,,
1010,17810,Karyali (43/91),करयाली (43/91),Bhoranj(Sub-District) / Hamirpur(District) / Himachal Pradesh(State),01092500,017810,N,,,,
1011,17051,Karyali (46/21),करयाली (46/21),Hamirpur(Sub-District) / Hamirpur(District) / Himachal Pradesh(State),01019000,017051,N,,,,
1012,16455,Kaseri (61/10),कसीरी (61/10),Tira Sujanpur(Sub-District) / Hamirpur(District) / Himachal Pradesh(State),00962300,016455,N,,,,
1013,16916,Kashmir (27/24),कशमीर (27/24),Galore(Sub-District) / Hamirpur(District) / Himachal Pradesh(State),00990000,016916,N,,,,
1014,17588,Kasiri (40/20),कसीरी (40/20),Bhota(Sub-District) / Hamirpur(District) / Himachal Pradesh(State),01073300,017588,N,,,,
1015,17919,Kasiyana (42/45),कसयाणा (42/40),Bhoranj(Sub-District) / Hamirpur(District) / Himachal Pradesh(State),01103400,017919,N,,,,
1016,16603,Kasrowa (17/16),कसडोआ (17/16),Nadaun(Sub-District) / Hamirpur(District) / Himachal Pradesh(State),00976800,016603,N,,,,
1017,17405,Kaswar (30/13),कसवाड (30/13),Barsar(Sub-District) / Hamirpur(District) / Himachal Pradesh(State),01056400,017405,N,,,,
1018,17508,Kaswar (32/31),कसवाड (32/31),Barsar(Sub-District) / Hamirpur(District) / Himachal Pradesh(State),01066400,017508,N,,,,
1019,17189,Kaswar (37/13),कसवाड (37/13),Hamirpur(Sub-District) / Hamirpur(District) / Himachal Pradesh(State),01032200,017189,N,,,,
1020,17038,Kaswar (62/8),कसवाड (62/8),Tauni Devi Bamson(Sub-District) / Hamirpur(District) / Himachal Pradesh(State),01017700,017038,N,,,,
1021,17586,Kathala (40/38),काथला (40/38),Bhota(Sub-District) / Hamirpur(District) / Himachal Pradesh(State),01073100,017586,N,,,,
1022,18004,Kathera (43/59),कथेड़ा (43/59),Jahu(Sub-District) / Hamirpur(District) / Himachal Pradesh(State),01111900,018004,N,,,,
1023,17711,Kathiyana (34/88),कठियाणा (34/88),Dhatwal(Sub-District) / Hamirpur(District) / Himachal Pradesh(State),01084300,017711,N,,,,
1024,16721,Kathlani (25/18),कथलाणी (25/18),Kangoo(Sub-District) / Hamirpur(District) / Himachal Pradesh(State),00997200,016721,N,,,,
1025,17948,Kathog (42/124),कथोग (42/124),Bhoranj(Sub-District) / Hamirpur(District) / Himachal Pradesh(State),01106300,017948,N,,,,
1026,17560,Kathulag (40-6),कठुलग (40/6),Bhota(Sub-District) / Hamirpur(District) / Himachal Pradesh(State),01071200,017560,N,,,,
1027,17960,Kathyawin (42/125),कठयावीं (42/125),Bhoranj(Sub-District) / Hamirpur(District) / Himachal Pradesh(State),01107500,017960,N,,,,
1028,17150,Katiyara Kalan (46/19),कटियारा कलां (46/19),Hamirpur(Sub-District) / Hamirpur(District) / Himachal Pradesh(State),01028500,017150,N,,,,
1029,17148,Katiyara Khurd (46/20),कटियारा खुर्द (46/20),Hamirpur(Sub-District) / Hamirpur(District) / Himachal Pradesh(State),01028300,017148,N,,,,
1030,17866,Katoh (44/57),कटोह (44/57)),Bhoranj(Sub-District) / Hamirpur(District) / Himachal Pradesh(State),01098100,017866,N,,,,
1031,17884,Kehlwin (44/68),कैहलवीं (44/68),Bhoranj(Sub-District) / Hamirpur(District) / Himachal Pradesh(State),01099900,017884,N,,,,
1032,17838,Kehrwin (44/69),कैहरवीं (44/69),Bhoranj(Sub-District) / Hamirpur(District) / Himachal Pradesh(State),01095300,017838,N,,,,
1033,17199,Khagal (37/14),खगल (37/14),Hamirpur(Sub-District) / Hamirpur(District) / Himachal Pradesh(State),01033400,017199,N,,,,
1034,939672,Khagal Khurd (37/14),खगल खुर्द (37/14),Hamirpur(Sub-District) / Hamirpur(District) / Himachal Pradesh(State),,000000,N,,,,
1035,17131,Khainda (48/8),खैण्डा (48/8),Hamirpur(Sub-District) / Hamirpur(District) / Himachal Pradesh(State),01026600,017131,N,,,,
1036,16396,Khairru (54/16),खैहरडू (54/16),Tira Sujanpur(Sub-District) / Hamirpur(District) / Himachal Pradesh(State),00956400,016396,N,,,,
1037,17503,Khajian (33/34),खज्जिया (33/34),Barsar(Sub-District) / Hamirpur(District) / Himachal Pradesh(State),01065900,017503,N,,,,
1038,17184,Khala (47/23),खाला (47/23),Hamirpur(Sub-District) / Hamirpur(District) / Himachal Pradesh(State),01031800,017184,N,,,,
1039,17693,Khalawat (34/58),खलावत (34/58),Dhatwal(Sub-District) / Hamirpur(District) / Himachal Pradesh(State),01082600,017693,N,,,,
1040,17691,Khalawat-II,खलावत-II,Dhatwal(Sub-District) / Hamirpur(District) / Himachal Pradesh(State),01082400,017691,N,,,,
1041,16795,Khalehr (24/16),खलेहड (24/16),Nadaun(Sub-District) / Hamirpur(District) / Himachal Pradesh(State),01004500,016795,N,,,,
1042,17372,Khandehra (45/82),खन्देहडा (45/82),Tauni Devi Bamson(Sub-District) / Hamirpur(District) / Himachal Pradesh(State),01053100,017372,N,,,,
1043,16445,Khanehu (60/8),खनेऊ (60/8),Tira Sujanpur(Sub-District) / Hamirpur(District) / Himachal Pradesh(State),00961300,016445,N,,,,
1044,17364,Khaneu (45/31),खनेऊ (45/31),Lambloo(Sub-District) / Hamirpur(District) / Himachal Pradesh(State),01051700,017364,N,,,,
1045,17567,Khangalta (40/18),खंगालता (40/18),Bhota(Sub-District) / Hamirpur(District) / Himachal Pradesh(State),01071600,017567,N,,,,
1046,16590,Khangrer (17/44),खंगरेहड (17/44),Nadaun(Sub-District) / Hamirpur(District) / Himachal Pradesh(State),00975500,016590,N,,,,
1047,17413,Khangru (30/3),खगरू (30/3),Barsar(Sub-District) / Hamirpur(District) / Himachal Pradesh(State),01057200,017413,N,,,,
1048,939648,Khann (34-1),खन्न (34/1),Dhatwal(Sub-District) / Hamirpur(District) / Himachal Pradesh(State),,000000,N,,,,
1049,16521,Khanoli (64/12),खनौहली (64/12),Tira Sujanpur(Sub-District) / Hamirpur(District) / Himachal Pradesh(State),00968900,016521,N,,,,
1050,17780,Khansan (44/20),खनसन (44/20),Tauni Devi Bamson(Sub-District) / Hamirpur(District) / Himachal Pradesh(State),01089500,017780,N,,,,
1051,17631,Khansara (41/23),खनसरा (41/23),Bhota(Sub-District) / Hamirpur(District) / Himachal Pradesh(State),01077300,017631,N,,,,
1052,939647,Kharal (34-89),खारल (34/89),Dhatwal(Sub-District) / Hamirpur(District) / Himachal Pradesh(State),,000000,N,,,,
1053,16938,Khardoh (36-17),कडदोह (36/17),Galore(Sub-District) / Hamirpur(District) / Himachal Pradesh(State),00992200,016938,N,,,,
1054,18036,Kharingan (43/46),खरिंघन (43/46),Bhoranj(Sub-District) / Hamirpur(District) / Himachal Pradesh(State),01115100,018036,N,,,,
1055,16679,Kharkial (20/2),खरकियाल (20/2),Nadaun(Sub-District) / Hamirpur(District) / Himachal Pradesh(State),00984300,016679,N,,,,
1056,17147,Kharoh (46/27),खरोह (46/27),Hamirpur(Sub-District) / Hamirpur(District) / Himachal Pradesh(State),01028200,017147,N,,,,
1057,17733,Kharol (34/89),खरोहल (34/89),Dhatwal(Sub-District) / Hamirpur(District) / Himachal Pradesh(State),01085700,017733,N,,,,
1058,17490,Kharota (33/19),खरोटा (33/19),Barsar(Sub-District) / Hamirpur(District) / Himachal Pradesh(State),01064600,017490,N,,,,
1059,16369,Kharsal (55/17),खरसाल (55/17),Tira Sujanpur(Sub-District) / Hamirpur(District) / Himachal Pradesh(State),00953700,016369,N,,,,
1060,17863,Kharuhi (44/55),खडूही (44/55),Bhoranj(Sub-District) / Hamirpur(District) / Himachal Pradesh(State),01097800,017863,N,,,,
1061,17916,Kharwar (42/70),खरवाड (42/70),Bhoranj(Sub-District) / Hamirpur(District) / Himachal Pradesh(State),01103100,017916,N,,,,
1062,17144,Khasgran (52/18),खासग्रां (52/18),Hamirpur(Sub-District) / Hamirpur(District) / Himachal Pradesh(State),01027900,017144,N,,,,
1063,17984,Khatarwar (43/28),खतरवाड (43/28),Bhoranj(Sub-District) / Hamirpur(District) / Himachal Pradesh(State),01109900,017984,N,,,,
1064,18012,Khatnal (43/16),खतनाल (43/16),Bhoranj(Sub-District) / Hamirpur(District) / Himachal Pradesh(State),01112700,018012,N,,,,
1065,16912,Khatrohad (27/4),खतरोहड (27/4),Galore(Sub-District) / Hamirpur(District) / Himachal Pradesh(State),00989000,016912,N,,,,
1066,17226,Khatwin (39/23),खठवीं (39/23),Hamirpur(Sub-District) / Hamirpur(District) / Himachal Pradesh(State),01037700,017226,N,,,,
1067,16774,Kheri (25/52),खैरी (25/52),Kangoo(Sub-District) / Hamirpur(District) / Himachal Pradesh(State),01002400,016774,N,,,,
1068,17480,Kheri (33/20),खेड़ी (33/20),Barsar(Sub-District) / Hamirpur(District) / Himachal Pradesh(State),01063600,017480,N,,,,
1069,16516,Kheri (64/5),खैरी (64/5),Tira Sujanpur(Sub-District) / Hamirpur(District) / Himachal Pradesh(State),00968400,016516,N,,,,
1070,17048,Khiah Brahmna (52/17),ख्याह ब्राहमणा (52/17),Hamirpur(Sub-District) / Hamirpur(District) / Himachal Pradesh(State),01018700,017048,N,,,,
1071,17049,Khiah Lohakhrian (52/16),ख्याह लोहाखरयां (52/16),Hamirpur(Sub-District) / Hamirpur(District) / Himachal Pradesh(State),01018800,017049,N,,,,
1072,17217,Khihrwin (39/25),कीहरवीं (39/25),Hamirpur(Sub-District) / Hamirpur(District) / Himachal Pradesh(State),01036900,017217,N,,,,
1073,16764,Khillan (25/24),खिल्ला (25/24),Kangoo(Sub-District) / Hamirpur(District) / Himachal Pradesh(State),01001400,016764,N,,,,
1074,16536,Khohr (18/18),खोहर (18/18),Nadaun(Sub-District) / Hamirpur(District) / Himachal Pradesh(State),00970400,016536,N,,,,
1075,16954,Khorar (36/3),खोरड (36/3),Galore(Sub-District) / Hamirpur(District) / Himachal Pradesh(State),00993800,016954,N,,,,
1076,17097,Khuban (49/19),खुवन (49/19),Hamirpur(Sub-District) / Hamirpur(District) / Himachal Pradesh(State),01023300,017097,N,,,,
1077,16580,Khudiana (17/38),खुडियाना (17/38),Nadaun(Sub-District) / Hamirpur(District) / Himachal Pradesh(State),00974600,016580,N,,,,
1078,16533,Khui-Di-Bhun (18/4),खुए दी भू (18/4),Nadaun(Sub-District) / Hamirpur(District) / Himachal Pradesh(State),00970100,016533,N,,,,
1079,16931,Khungan (28/9),खुंगन (28/9),Galore(Sub-District) / Hamirpur(District) / Himachal Pradesh(State),00991500,016931,N,,,,
1080,18015,Khurahal (43/25),खुराहल (43/25),Bhoranj(Sub-District) / Hamirpur(District) / Himachal Pradesh(State),01113000,018015,N,,,,
1081,17937,Khuthrin (42/96),खुथडी (42/96),Bhoranj(Sub-District) / Hamirpur(District) / Himachal Pradesh(State),01105200,017937,N,,,,
1082,17481,Kiara (33/17),क्यारा (33/17),Barsar(Sub-District) / Hamirpur(District) / Himachal Pradesh(State),01063700,017481,N,,,,
1083,16848,Kiaran (21/36),कयारन  (21/36),Nadaun(Sub-District) / Hamirpur(District) / Himachal Pradesh(State),01009800,016848,N,,,,
1084,16581,Kitpal (17/46),किटपल (17/46),Nadaun(Sub-District) / Hamirpur(District) / Himachal Pradesh(State),00974700,016581,N,,,,
1085,16328,Kodana (63/27),कुडाना (63/27),Tira Sujanpur(Sub-District) / Hamirpur(District) / Himachal Pradesh(State),00949600,016328,N,,,,
1086,16893,Kohal (24/33),कोहला (24/33),Nadaun(Sub-District) / Hamirpur(District) / Himachal Pradesh(State),01014300,016893,N,,,,
1087,17378,Kohalwin (45/52),कोहलबीं (45/52),Tauni Devi Bamson(Sub-District) / Hamirpur(District) / Himachal Pradesh(State),01053800,017378,N,,,,
1088,17489,Kohdra (35/5),कोहडरा (35/5),Barsar(Sub-District) / Hamirpur(District) / Himachal Pradesh(State),01064500,017489,N,,,,
1089,17334,Kohin (45/72),कोहीं (45/72),Lambloo(Sub-District) / Hamirpur(District) / Himachal Pradesh(State),01048700,017334,N,,,,
1090,16684,Kohla (20/25),कोहल (20/25),Nadaun(Sub-District) / Hamirpur(District) / Himachal Pradesh(State),00984800,016684,N,,,,
1091,17695,Kohla (34/17),कोहला (34/17),Dhatwal(Sub-District) / Hamirpur(District) / Himachal Pradesh(State),01082800,017695,N,,,,
1092,16550,Kohla Khas (18/19),कोहला खास (18/19),Nadaun(Sub-District) / Hamirpur(District) / Himachal Pradesh(State),00971800,016550,N,,,,
1093,16767,Kohla Plasari (25/36),कोहला पलासडी (25/36),Kangoo(Sub-District) / Hamirpur(District) / Himachal Pradesh(State),01001700,016767,N,,,,
1094,17116,Kohlari (48/7),कोहलडी (48/7),Hamirpur(Sub-District) / Hamirpur(District) / Himachal Pradesh(State),01025100,017116,N,,,,
1095,17454,Kohlri (12/6),कोहलडी (12/6),Barsar(Sub-District) / Hamirpur(District) / Himachal Pradesh(State),01061000,017454,N,,,,
1096,16906,Kohlwin (26/8),कोहलबी (26/8),Kangoo(Sub-District) / Hamirpur(District) / Himachal Pradesh(State),00988100,016906,N,,,,
1097,17483,Kohlwin (33/31),कोहलवी (33/31),Barsar(Sub-District) / Hamirpur(District) / Himachal Pradesh(State),01063900,017483,N,,,,
1098,16985,Kohlwin (36/34),कोहलंवी (36/34),Galore(Sub-District) / Hamirpur(District) / Himachal Pradesh(State),00997000,016985,N,,,,
1099,17913,Kohlwin (42/77),कोहलवीं (42/77),Bhoranj(Sub-District) / Hamirpur(District) / Himachal Pradesh(State),01102800,017913,N,,,,
1100,17517,Kohwa (32/22),कौहवा (32/22),Barsar(Sub-District) / Hamirpur(District) / Himachal Pradesh(State),01067300,017517,N,,,,
1101,939669,Kora Roda(45-6),कोरा रोड़ा (45/6),Lambloo(Sub-District) / Hamirpur(District) / Himachal Pradesh(State),,000000,N,,,,
1102,17861,Kosar (44/61),कोसड (44/61),Bhoranj(Sub-District) / Hamirpur(District) / Himachal Pradesh(State),01097600,017861,N,,,,
1103,939636,Kot (18/21),कोट (18/21),Nadaun(Sub-District) / Hamirpur(District) / Himachal Pradesh(State),,000000,N,,,,
1104,17705,Kot (34/75),कोट (34/75),Dhatwal(Sub-District) / Hamirpur(District) / Himachal Pradesh(State),01083800,017705,N,,,,
1105,17893,Kot (42/63),कोट (42/63),Bhoranj(Sub-District) / Hamirpur(District) / Himachal Pradesh(State),01100800,017893,N,,,,
1106,16435,Kot (57/19),कोट (57/19),Tira Sujanpur(Sub-District) / Hamirpur(District) / Himachal Pradesh(State),00960300,016435,N,,,,
1107,18037,Kot Chumdra (43/49),कोट छमडडा (43/49),Bhoranj(Sub-District) / Hamirpur(District) / Himachal Pradesh(State),01115200,018037,N,,,,
1108,17544,Kothi (35/13),कोठी (35/13),Barsar(Sub-District) / Hamirpur(District) / Himachal Pradesh(State),01069700,017544,N,,,,
1109,17292,Kothi (42/29),कोठी (42/29),Hamirpur(Sub-District) / Hamirpur(District) / Himachal Pradesh(State),01044400,017292,N,,,,
1110,17346,Kothi (47/9),कोठी (47/9),Hamirpur(Sub-District) / Hamirpur(District) / Himachal Pradesh(State),01049900,017346,N,,,,
1111,16638,Kotla (19/16),कोटला (19/16),Nadaun(Sub-District) / Hamirpur(District) / Himachal Pradesh(State),00980200,016638,N,,,,
1112,17662,Kotla (34/11),कोटला (34/11),Dhatwal(Sub-District) / Hamirpur(District) / Himachal Pradesh(State),01080100,017662,N,,,,
1113,17229,Kotla (39/21),कोटला (39/21),Hamirpur(Sub-District) / Hamirpur(District) / Himachal Pradesh(State),01038000,017229,N,,,,
1114,17804,Kot Langsan (43/94),कोट लांगसा (43/94),Bhoranj(Sub-District) / Hamirpur(District) / Himachal Pradesh(State),01091900,017804,N,,,,
1115,16966,Kotlu (28/12),कोटलू (28/12),Galore(Sub-District) / Hamirpur(District) / Himachal Pradesh(State),00995100,016966,N,,,,
1116,17475,Kotlu (33/18),कोटलू (33/18),Barsar(Sub-District) / Hamirpur(District) / Himachal Pradesh(State),01063100,017475,N,,,,
1117,17925,Kotlu (42/39),कोटलू (42/39),Bhoranj(Sub-District) / Hamirpur(District) / Himachal Pradesh(State),01104000,017925,N,,,,
1118,17347,Kotlu (47/8),कोटलू (47/8),Tauni Devi Bamson(Sub-District) / Hamirpur(District) / Himachal Pradesh(State),01050000,017347,N,,,,
1119,18045,Kot Mansandan (43/47),कोट मसंदा (43/47),Bhoranj(Sub-District) / Hamirpur(District) / Himachal Pradesh(State),01116000,018045,N,,,,
1120,18038,Kot Rasewra (43/48),कोट रसेडवा (43/48),Bhoranj(Sub-District) / Hamirpur(District) / Himachal Pradesh(State),01115300,018038,N,,,,
1121,17074,Krahalar (51/20),कराहलड (51/20),Hamirpur(Sub-District) / Hamirpur(District) / Himachal Pradesh(State),01021100,017074,N,,,,
1122,17158,Krust (52/24),क्रष्ट (52/24),Hamirpur(Sub-District) / Hamirpur(District) / Himachal Pradesh(State),01029300,017158,N,,,,
1123,16591,Kuant (17-20),क्वांट (17/20),Nadaun(Sub-District) / Hamirpur(District) / Himachal Pradesh(State),00975600,016591,N,,,,
1124,16604,Kuathru (17/5),कोहाथरु (17/5),Nadaun(Sub-District) / Hamirpur(District) / Himachal Pradesh(State),00976900,016604,N,,,,
1125,17558,Kudhar (40/4),कुढार (40/4),Bhota(Sub-District) / Hamirpur(District) / Himachal Pradesh(State),01071000,017558,N,,,,
1126,17012,Kudwan Di Dhar (62/24),कुडुवां दी धार (62/24),Tauni Devi Bamson(Sub-District) / Hamirpur(District) / Himachal Pradesh(State),01015100,017012,N,,,,
1127,16561,Kuhair (19/3),कुहैर (19/3),Nadaun(Sub-District) / Hamirpur(District) / Himachal Pradesh(State),00972900,016561,N,,,,
1128,17096,Kuhal (49/12),कुहाल (49/12),Hamirpur(Sub-District) / Hamirpur(District) / Himachal Pradesh(State),01023200,017096,N,,,,
1129,16487,Kunda-Da-Tela (60/6),कुण्डा दा टेला (60/6),Tira Sujanpur(Sub-District) / Hamirpur(District) / Himachal Pradesh(State),00965500,016487,N,,,,
1130,18028,Kunkal (43/38),कुंकाल (43/38),Bhoranj(Sub-District) / Hamirpur(District) / Himachal Pradesh(State),01114300,018028,N,,,,
1131,16757,Kunna (25-27),कुन्ना (25/27),Kangoo(Sub-District) / Hamirpur(District) / Himachal Pradesh(State),01000800,016757,N,,,,
1132,17403,Kunwin (30/4),कुनवी (30/4),Barsar(Sub-District) / Hamirpur(District) / Himachal Pradesh(State),01056200,017403,N,,,,
1133,16614,Kusiyar (17/12),कुसयार (17/12),Kangoo(Sub-District) / Hamirpur(District) / Himachal Pradesh(State),00977900,016614,N,,,,
1134,16649,Kuthaira (19/46),कुठेडा (19/46),Nadaun(Sub-District) / Hamirpur(District) / Himachal Pradesh(State),00981300,016649,N,,,,
1135,16552,Kuthar (18/24),कुठार (18/24),Nadaun(Sub-District) / Hamirpur(District) / Himachal Pradesh(State),00972100,016552,N,,,,
1136,16560,Kutharli (19/10),कुठारली (19/10),Nadaun(Sub-District) / Hamirpur(District) / Himachal Pradesh(State),00972800,016560,N,,,,
1137,17520,Kuthera (32/6),कुठेडा (32/6),Barsar(Sub-District) / Hamirpur(District) / Himachal Pradesh(State),01067500,017520,N,,,,
1138,16946,Kuthera (36/19),कुठेडा (36/19),Galore(Sub-District) / Hamirpur(District) / Himachal Pradesh(State),00993000,016946,N,,,,
1139,17115,Kuthera Bhula (51/4),कुठेडा बूहला (51/4),Hamirpur(Sub-District) / Hamirpur(District) / Himachal Pradesh(State),01025000,017115,N,,,,
1140,17108,Kuthera Uperla (51/21),कुठेडा उपरला (51/21),Hamirpur(Sub-District) / Hamirpur(District) / Himachal Pradesh(State),01024300,017108,N,,,,
1141,16737,Kuthiana (25/44),कुठियाना (25/44),Kangoo(Sub-District) / Hamirpur(District) / Himachal Pradesh(State),00998800,016737,N,,,,
1142,16724,Kyaran (25/21),क्यारन (25/21),Kangoo(Sub-District) / Hamirpur(District) / Himachal Pradesh(State),00997500,016724,N,,,,
1143,17404,Labahan (30/10),लवाहण (30/10),Barsar(Sub-District) / Hamirpur(District) / Himachal Pradesh(State),01056300,017404,N,,,,
1144,17989,Ladehra (43/15),लदेहडा (43/15),Bhoranj(Sub-District) / Hamirpur(District) / Himachal Pradesh(State),01110400,017989,N,,,,
1145,17927,Ladhwin (42/83),लडवी (42/83),Bhoranj(Sub-District) / Hamirpur(District) / Himachal Pradesh(State),01104200,017927,N,,,,
1146,17030,Ladiyar (62/15),लडियार (62/15),Tauni Devi Bamson(Sub-District) / Hamirpur(District) / Himachal Pradesh(State),01016900,017030,N,,,,
1147,17934,Ladrour Kalan (42/84),लदरौर कलां (42/84),Bhoranj(Sub-District) / Hamirpur(District) / Himachal Pradesh(State),01104900,017934,N,,,,
1148,17933,Ladrour Khurd (42/93),लदरौर खुर्द (42/93),Bhoranj(Sub-District) / Hamirpur(District) / Himachal Pradesh(State),01104800,017933,N,,,,
1149,17798,Ladyoh (44/43),लडियोह (44/43),Tauni Devi Bamson(Sub-District) / Hamirpur(District) / Himachal Pradesh(State),01091300,017798,N,,,,
1150,17996,Lag (43/14),लग (43/14),Jahu(Sub-District) / Hamirpur(District) / Himachal Pradesh(State),01111100,017996,N,,,,
1151,17033,Lag (62/19),लग (62/19),Tauni Devi Bamson(Sub-District) / Hamirpur(District) / Himachal Pradesh(State),01017200,017033,N,,,,
1152,17359,Lagwan Brahmana (45/16),लगवान ब्राह्मणा (45/16),Lambloo(Sub-District) / Hamirpur(District) / Himachal Pradesh(State),01051200,017359,N,,,,
1153,17367,Lagwan Julahian (45/17),लगवान जुलाहा (45/17),Lambloo(Sub-District) / Hamirpur(District) / Himachal Pradesh(State),01052400,017367,N,,,,
1154,16675,Lahar (20/14),लाहड (20/14),Nadaun(Sub-District) / Hamirpur(District) / Himachal Pradesh(State),00983900,016675,N,,,,
1155,16819,Lahar (21/15),लाहड (21/15),Nadaun(Sub-District) / Hamirpur(District) / Himachal Pradesh(State),01006900,016819,N,,,,
1156,16745,Lahar (25/1),लाहड (25/1),Kangoo(Sub-District) / Hamirpur(District) / Himachal Pradesh(State),00999600,016745,N,,,,
1157,16693,Lahar Kotlu (20/30),लाहड कोटलू (20/30),Nadaun(Sub-District) / Hamirpur(District) / Himachal Pradesh(State),00985700,016693,N,,,,
1158,17242,Laher (46/30),लाहड (46/30),Hamirpur(Sub-District) / Hamirpur(District) / Himachal Pradesh(State),01039500,017242,N,,,,
1159,939654,Lahlari (47/38),लाहलडी (47/38),Hamirpur(Sub-District) / Hamirpur(District) / Himachal Pradesh(State),,000000,N,,,,
1160,16948,Lahra (36/1),लहङा (36/1),Galore(Sub-District) / Hamirpur(District) / Himachal Pradesh(State),00993200,016948,N,,,,
1161,17651,Lahri Ghumara (34/84),लाहड़ी घुमारां (34/84),Dhatwal(Sub-District) / Hamirpur(District) / Himachal Pradesh(State),01079000,017651,N,,,,
1162,17652,Lahri Tarkhana (34/85),लाहड़ी तरखाना (34/85),Dhatwal(Sub-District) / Hamirpur(District) / Himachal Pradesh(State),01079100,017652,N,,,,
1163,16429,Lahru (57/11),लाहडू (57/11),Tira Sujanpur(Sub-District) / Hamirpur(District) / Himachal Pradesh(State),00959700,016429,N,,,,
1164,18014,Lajhiani (43/18),लझयाणी (43/18),Bhoranj(Sub-District) / Hamirpur(District) / Himachal Pradesh(State),01112900,018014,N,,,,
1165,18001,Lakhahu (43/62),लखाहु (43/62),Jahu(Sub-District) / Hamirpur(District) / Himachal Pradesh(State),01111600,018001,N,,,,
1166,17657,Lakho (34/13),लखोह (34/13),Dhatwal(Sub-District) / Hamirpur(District) / Himachal Pradesh(State),01079600,017657,N,,,,
1167,17130,Lakui (48/9),लकुई (48/9),Hamirpur(Sub-District) / Hamirpur(District) / Himachal Pradesh(State),01026500,017130,N,,,,
1168,17230,Lalin (39/22),ललीण (39/22),Hamirpur(Sub-District) / Hamirpur(District) / Himachal Pradesh(State),01038300,017230,N,,,,
1169,17534,Lalyani (35/1),ललयाणी (35/1),Barsar(Sub-District) / Hamirpur(District) / Himachal Pradesh(State),01068800,017534,N,,,,
1170,17802,Lalyar (44/22),ललयार (44/22),Tauni Devi Bamson(Sub-District) / Hamirpur(District) / Himachal Pradesh(State),01091700,017802,N,,,,
1171,17068,Lambera (52/27),लम्बेहडा (52/27),Hamirpur(Sub-District) / Hamirpur(District) / Himachal Pradesh(State),01020600,017068,N,,,,
1172,17363,Lambloo (45/50),लम्बलू (45/50),Lambloo(Sub-District) / Hamirpur(District) / Himachal Pradesh(State),01051600,017363,N,,,,
1173,16760,Lambot (25/17),लम्बोट (25/17),Kangoo(Sub-District) / Hamirpur(District) / Himachal Pradesh(State),01001000,016760,N,,,,
1174,17016,Lambran Di Dhar (62/25),लम्बरां दी धार (62/25),Tauni Devi Bamson(Sub-District) / Hamirpur(District) / Himachal Pradesh(State),01015500,017016,N,,,,
1175,16442,Lambri (60/4),लम्वरी (60/4),Tira Sujanpur(Sub-District) / Hamirpur(District) / Himachal Pradesh(State),00961000,016442,N,,,,
1176,17496,Langheree (32/28),लघीरी (32/28),Barsar(Sub-District) / Hamirpur(District) / Himachal Pradesh(State),01065200,017496,N,,,,
1177,16972,Lanjiyana (28/16),लंजयाणा (28/16),Galore(Sub-District) / Hamirpur(District) / Himachal Pradesh(State),00995700,016972,N,,,,
1178,17752,Lapharan (34/63),लफऱाण (34/63),Dhatwal(Sub-District) / Hamirpur(District) / Himachal Pradesh(State),01087600,017752,N,,,,
1179,17837,Lapodu (44/56),लपोदू (44/56),Tauni Devi Bamson(Sub-District) / Hamirpur(District) / Himachal Pradesh(State),01095200,017837,N,,,,
1180,17903,Larhana (44/92),लरहाना (44/92),Bhoranj(Sub-District) / Hamirpur(District) / Himachal Pradesh(State),01101800,017903,N,,,,
1181,16984,Lasmai (36/39),लसमाई (36/39),Galore(Sub-District) / Hamirpur(District) / Himachal Pradesh(State),00996900,016984,N,,,,
1182,17936,Lathwan (42/94),लठवान (42/94),Bhoranj(Sub-District) / Hamirpur(District) / Himachal Pradesh(State),01105100,017936,N,,,,
1183,16392,Laungni (54/22),लौंगणी (54/22),Tira Sujanpur(Sub-District) / Hamirpur(District) / Himachal Pradesh(State),00956000,016392,N,,,,
1184,17060,Ley (52/28),ले (52/28),Hamirpur(Sub-District) / Hamirpur(District) / Himachal Pradesh(State),01019900,017060,N,,,,
1185,17225,Lingwin (39/17),लिंगवीं (39/17),Hamirpur(Sub-District) / Hamirpur(District) / Himachal Pradesh(State),01037600,017225,N,,,,
1186,17036,Lohakhar (62/3),लोहाखर (62/3),Tauni Devi Bamson(Sub-District) / Hamirpur(District) / Himachal Pradesh(State),01017500,017036,N,,,,
1187,16415,Lohal (53/10),लोहल (53/10),Tira Sujanpur(Sub-District) / Hamirpur(District) / Himachal Pradesh(State),00958300,016415,N,,,,
1188,17507,Lohani (32/20),लोहानी (32/20),Barsar(Sub-District) / Hamirpur(District) / Himachal Pradesh(State),01066300,017507,N,,,,
1189,17497,Loharada (32/35),लोहारडा (32/35),Barsar(Sub-District) / Hamirpur(District) / Himachal Pradesh(State),01065300,017497,N,,,,
1190,16829,Loharara (21/12),लोहारडा (21/12),Nadaun(Sub-District) / Hamirpur(District) / Himachal Pradesh(State),01007900,016829,N,,,,
1191,17173,Loharara (47/39),लोहारडा (47/39),Hamirpur(Sub-District) / Hamirpur(District) / Himachal Pradesh(State),01030800,017173,N,,,,
1192,17075,Loharda (51/18),लोहारडा (51/18),Hamirpur(Sub-District) / Hamirpur(District) / Himachal Pradesh(State),01021200,017075,N,,,,
1193,17047,Loharin (52/29),लोहारीं (52/29),Hamirpur(Sub-District) / Hamirpur(District) / Himachal Pradesh(State),01018600,017047,N,,,,
1194,16698,Loharkar (20/21),लोहारकड (20/21),Kangoo(Sub-District) / Hamirpur(District) / Himachal Pradesh(State),00986200,016698,N,,,,
1195,16957,Loharkar (36/40),लोहरकड (36/40),Galore(Sub-District) / Hamirpur(District) / Himachal Pradesh(State),00994100,016957,N,,,,
1196,16585,Loharli (17/48),लोहारली (17/48),Nadaun(Sub-District) / Hamirpur(District) / Himachal Pradesh(State),00975100,016585,N,,,,
1197,17679,Loharli (34/30),लोहरली (34/30),Dhatwal(Sub-District) / Hamirpur(District) / Himachal Pradesh(State),01081600,017679,N,,,,
1198,17207,Loharli (37/8),लोहारली (37/8),Hamirpur(Sub-District) / Hamirpur(District) / Himachal Pradesh(State),01034200,017207,N,,,,
1199,17910,Loharwin (42/82),लोहारवीं (42/82),Bhoranj(Sub-District) / Hamirpur(District) / Himachal Pradesh(State),01102500,017910,N,,,,
1200,17874,Loharwin (44/86),लोहारवीं (44/86),Bhoranj(Sub-District) / Hamirpur(District) / Himachal Pradesh(State),01098900,017874,N,,,,
1201,17395,Loharwin Buhli (29/6),लोहारवी वूहली (29/6),Barsar(Sub-District) / Hamirpur(District) / Himachal Pradesh(State),01055500,017395,N,,,,
1202,17396,Loharwin Upperli (29/1),लोहारवी उपरली (29/1),Barsar(Sub-District) / Hamirpur(District) / Himachal Pradesh(State),01055600,017396,N,,,,
1203,17623,Lohdar Khas (41/18),लोहडर खास (41/18),Bhota(Sub-District) / Hamirpur(District) / Himachal Pradesh(State),01076500,017623,N,,,,
1204,16360,Ludiana (55/2),लडयाणा (55/2),Tira Sujanpur(Sub-District) / Hamirpur(District) / Himachal Pradesh(State),00952800,016360,N,,,,
1205,16681,Ludrial (20/3),लुदरियाल (20/3),Nadaun(Sub-District) / Hamirpur(District) / Himachal Pradesh(State),00984500,016681,N,,,,
1206,17299,Lundary (42/31),लुण्डरी (42/31),Hamirpur(Sub-District) / Hamirpur(District) / Himachal Pradesh(State),01045100,017299,N,,,,
1207,16838,Machhun (21/21),मंछू (21/21),Nadaun(Sub-District) / Hamirpur(District) / Himachal Pradesh(State),01008800,016838,N,,,,
1208,17391,Machleri (29/7),मचलेडी (29/7),Barsar(Sub-District) / Hamirpur(District) / Himachal Pradesh(State),01055100,017391,N,,,,
1209,16746,Madhani (25/25),मधाणी (25/25),Kangoo(Sub-District) / Hamirpur(District) / Himachal Pradesh(State),00999700,016746,N,,,,
1210,17745,Maharal (34/62),महारल (34/62),Dhatwal(Sub-District) / Hamirpur(District) / Himachal Pradesh(State),01086900,017745,N,,,,
1211,16511,Maihas Kawal (64/7),मैहस कवाल (64/7),Tira Sujanpur(Sub-District) / Hamirpur(District) / Himachal Pradesh(State),00967900,016511,N,,,,
1212,16961,Mair (36-41),मैड (36/41),Galore(Sub-District) / Hamirpur(District) / Himachal Pradesh(State),00994600,016961,N,,,,
1213,17278,Mair (42/19),मैड (42/19),Hamirpur(Sub-District) / Hamirpur(District) / Himachal Pradesh(State),01043000,017278,N,,,,
1214,17958,Maira (42/87),मैरा  (42/87),Bhoranj(Sub-District) / Hamirpur(District) / Himachal Pradesh(State),01107300,017958,N,,,,
1215,18030,Majho (43/40),मझौ (43/40),Bhoranj(Sub-District) / Hamirpur(District) / Himachal Pradesh(State),01114500,018030,N,,,,
1216,17085,Majhog Khas (50/1),मझोग खास (50/1),Hamirpur(Sub-District) / Hamirpur(District) / Himachal Pradesh(State),01022100,017085,N,,,,
1217,17563,Makkar (40/13),मक्कड़ (40/13),Bhota(Sub-District) / Hamirpur(District) / Himachal Pradesh(State),01071500,017563,N,,,,
1218,16499,Makreri (60/11),मकरीडी (60/11),Tira Sujanpur(Sub-District) / Hamirpur(District) / Himachal Pradesh(State),00966700,016499,N,,,,
1219,17528,Maktheri (32/29),मकतेहडी (32/29),Barsar(Sub-District) / Hamirpur(District) / Himachal Pradesh(State),01068300,017528,N,,,,
1220,17529,Maktheri Parli,मकतेहडी पारली,Barsar(Sub-District) / Hamirpur(District) / Himachal Pradesh(State),01068300,017529,N,,,,
1221,16705,Malag (26/20),मालग  (26/20),Kangoo(Sub-District) / Hamirpur(District) / Himachal Pradesh(State),00986900,016705,N,,,,
1222,16542,Malankar (19/7),मलानकड (19/7),Nadaun(Sub-District) / Hamirpur(District) / Himachal Pradesh(State),00971000,016542,N,,,,
1223,17452,Malhera (12/2),मलहेडा (12/2),Barsar(Sub-District) / Hamirpur(District) / Himachal Pradesh(State),01060800,017452,N,,,,
1224,17851,Malian (44/75),मालियां (44/75),Bhoranj(Sub-District) / Hamirpur(District) / Himachal Pradesh(State),01096600,017851,N,,,,
1225,17324,Malti -Da -Gahra (45/37),मालती दा गाहरा (45/37),Lambloo(Sub-District) / Hamirpur(District) / Himachal Pradesh(State),01047700,017324,N,,,,
1226,17329,Malwana (45/77),मलवाना (45/77),Lambloo(Sub-District) / Hamirpur(District) / Himachal Pradesh(State),01048200,017329,N,,,,
1227,17938,Mandetar (42/89),मण्डेतर (42/89),Bhoranj(Sub-District) / Hamirpur(District) / Himachal Pradesh(State),01105300,017938,N,,,,
1228,16785,Mandeter (24/9),मंडेतर (24/9),Nadaun(Sub-District) / Hamirpur(District) / Himachal Pradesh(State),01003500,016785,N,,,,
1229,17001,Mandhiani Bhuli (38/7),मन्डयाणी वूहली (38/7),Galore(Sub-District) / Hamirpur(District) / Himachal Pradesh(State),01036200,017001,N,,,,
1230,17005,Mandhiani Uperali (38/6),मन्डयाणी उपरली (38/6),Galore(Sub-District) / Hamirpur(District) / Himachal Pradesh(State),01036600,017005,N,,,,
1231,16621,Mandiani (27/21),मण्डयाणी (27/21),Kangoo(Sub-District) / Hamirpur(District) / Himachal Pradesh(State),00978600,016621,N,,,,
1232,17018,Mandihar (62/33),मंढियार  (62/33),Tauni Devi Bamson(Sub-District) / Hamirpur(District) / Himachal Pradesh(State),01015700,017018,N,,,,
1233,17710,Mandiyara,मंडियारा,Dhatwal(Sub-District) / Hamirpur(District) / Himachal Pradesh(State),01084200,017710,N,,,,
1234,16836,Mandu (21/26),मण्डू (21/26),Nadaun(Sub-District) / Hamirpur(District) / Himachal Pradesh(State),01008600,016836,N,,,,
1235,16814,Manduh (21/8),मन्डूह (21/8),Nadaun(Sub-District) / Hamirpur(District) / Himachal Pradesh(State),01006400,016814,N,,,,
1236,16383,Manglehr (55/30),मंगलेहड़ (55/30),Tira Sujanpur(Sub-District) / Hamirpur(District) / Himachal Pradesh(State),00955100,016383,N,,,,
1237,17653,Mangnoti (34/113),मंगनोटी (34/113),Dhatwal(Sub-District) / Hamirpur(District) / Himachal Pradesh(State),01079200,017653,N,,,,
1238,17524,Mangroli (32/7),मंगरोली (32/7),Barsar(Sub-District) / Hamirpur(District) / Himachal Pradesh(State),01067900,017524,N,,,,
1239,16955,Mangul (36/22),मनगुल (36/22),Galore(Sub-District) / Hamirpur(District) / Himachal Pradesh(State),00993900,016955,N,,,,
1240,16407,Manhal (53/18),मनिहाल (53/18),Tira Sujanpur(Sub-District) / Hamirpur(District) / Himachal Pradesh(State),00957500,016407,N,,,,
1241,17473,Manhan (33/6),मनहण (33/6),Barsar(Sub-District) / Hamirpur(District) / Himachal Pradesh(State),01062900,017473,N,,,,
1242,17343,Maniana (47/12),मनयाणा (47/12),Hamirpur(Sub-District) / Hamirpur(District) / Himachal Pradesh(State),01049600,017343,N,,,,
1243,16696,Manjheli (20/32),मंझेली (20/32),Kangoo(Sub-District) / Hamirpur(District) / Himachal Pradesh(State),00986000,016696,N,,,,
1244,16491,Manjheru (60/12),मझेडू (60/12),Tira Sujanpur(Sub-District) / Hamirpur(District) / Himachal Pradesh(State),00965900,016491,N,,,,
1245,16532,Manjhiar (18/31),मझियार (18/31),Nadaun(Sub-District) / Hamirpur(District) / Himachal Pradesh(State),00970000,016532,N,,,,
1246,16889,Manjhot (24/32),मझोट (24/32),Nadaun(Sub-District) / Hamirpur(District) / Himachal Pradesh(State),01013900,016889,N,,,,
1247,17339,Manjhot (46/31),मंझोट (46/31),Hamirpur(Sub-District) / Hamirpur(District) / Himachal Pradesh(State),01049200,017339,N,,,,
1248,16913,Manjra (27/14),मांजरा (27/14),Galore(Sub-District) / Hamirpur(District) / Himachal Pradesh(State),00989100,016913,N,,,,
1249,17680,Manjru (34/29),माजंरु (34/29),Dhatwal(Sub-District) / Hamirpur(District) / Himachal Pradesh(State),01081700,017680,N,,,,
1250,16654,Mann (19/45),मन (19/45),Nadaun(Sub-District) / Hamirpur(District) / Himachal Pradesh(State),00981800,016654,N,,,,
1251,18003,Manoh (43/61),मनोह (43/61),Bhoranj(Sub-District) / Hamirpur(District) / Himachal Pradesh(State),01111800,018003,N,,,,
1252,17969,Manoh Buhla (42/103),मनोह बूहला (42/103),Bhoranj(Sub-District) / Hamirpur(District) / Himachal Pradesh(State),01108400,017969,N,,,,
1253,17945,Manoh Upperla (42/112),मनोह उपरला (42/112),Bhoranj(Sub-District) / Hamirpur(District) / Himachal Pradesh(State),01106000,017945,N,,,,
1254,16923,Mansai (27/22),मनसाई (27/22),Galore(Sub-District) / Hamirpur(District) / Himachal Pradesh(State),00990700,016923,N,,,,
1255,16815,Mansoli (21/14),मनसोली (21/14),Nadaun(Sub-District) / Hamirpur(District) / Himachal Pradesh(State),01006500,016815,N,,,,
1256,17621,Mansui Jhikli (41/10),मनसूई झिकली (41/10),Bhota(Sub-District) / Hamirpur(District) / Himachal Pradesh(State),01076300,017621,N,,,,
1257,17620,Mansui Manjhli (41/1),मनसूई मंझली (41/1),Bhota(Sub-District) / Hamirpur(District) / Himachal Pradesh(State),01076200,017620,N,,,,
1258,17619,Mansui Uperli (41/14),मनसूई उपरली (41/14),Bhota(Sub-District) / Hamirpur(District) / Himachal Pradesh(State),01076100,017619,N,,,,
1259,17978,Manwin (43/29),मनवीं  (43/29),Jahu(Sub-District) / Hamirpur(District) / Himachal Pradesh(State),01109300,017978,N,,,,
1260,17402,Marhot (30/5),मडहोट (30/5),Barsar(Sub-District) / Hamirpur(District) / Himachal Pradesh(State),01056100,017402,N,,,,
1261,16922,Marnoh (27/8),मरनोह (27/8),Galore(Sub-District) / Hamirpur(District) / Himachal Pradesh(State),00990600,016922,N,,,,
1262,16911,Masan Bahal (27/15),मसान वहाल (27/15),Galore(Sub-District) / Hamirpur(District) / Himachal Pradesh(State),00988900,016911,N,,,,
1263,17305,Maseraru (42/36),मसेरडू (42/36),Hamirpur(Sub-District) / Hamirpur(District) / Himachal Pradesh(State),01045700,017305,N,,,,
1264,17447,Maslana Kalan (12/5),मसलाना कलां  (12/5),Barsar(Sub-District) / Hamirpur(District) / Himachal Pradesh(State),01060400,017447,N,,,,
1265,17458,Maslana Khurd (12/11),मसलाणा खुर्द (12/11),Barsar(Sub-District) / Hamirpur(District) / Himachal Pradesh(State),01061400,017458,N,,,,
1266,17177,Masyana (37/17),मसयाणा (37/17),Hamirpur(Sub-District) / Hamirpur(District) / Himachal Pradesh(State),01031200,017177,N,,,,
1267,17206,Matehru (37/16),मटैहडू (37/16),Hamirpur(Sub-District) / Hamirpur(District) / Himachal Pradesh(State),01034100,017206,N,,,,
1268,16391,Mathan (54/21),मथान (54/21),Tira Sujanpur(Sub-District) / Hamirpur(District) / Himachal Pradesh(State),00955900,016391,N,,,,
1269,17185,Mathani (47/45),मटाहणी (47/45),Hamirpur(Sub-District) / Hamirpur(District) / Himachal Pradesh(State),01031900,017185,N,,,,
1270,17699,Mathohal (34/72),मथोहल (34/72),Dhatwal(Sub-District) / Hamirpur(District) / Himachal Pradesh(State),01083200,017699,N,,,,
1271,16640,Matial (19/18),मत्याल (19/18),Nadaun(Sub-District) / Hamirpur(District) / Himachal Pradesh(State),00980400,016640,N,,,,
1272,16876,Matial (23/2),मत्याल (23/2),Nadaun(Sub-District) / Hamirpur(District) / Himachal Pradesh(State),01012600,016876,N,,,,
1273,16373,Matial (55/12),मत्याल (55/12),Tira Sujanpur(Sub-District) / Hamirpur(District) / Himachal Pradesh(State),00954100,016373,N,,,,
1274,17501,Matkar (33/33),मतकर (33/33),Barsar(Sub-District) / Hamirpur(District) / Himachal Pradesh(State),01065700,017501,N,,,,
1275,17778,Matlana (44/23),मतलाना (44/23),Tauni Devi Bamson(Sub-District) / Hamirpur(District) / Himachal Pradesh(State),01089300,017778,N,,,,
1276,16556,Matwar (19/19),मटवाड (19/19),Nadaun(Sub-District) / Hamirpur(District) / Himachal Pradesh(State),00972500,016556,N,,,,
1277,16367,Mayana (55/31),मियाणां (55/31),Tira Sujanpur(Sub-District) / Hamirpur(District) / Himachal Pradesh(State),00953500,016367,N,,,,
1278,17896,Mehal Khas (42/60),महल खास (42/60),Bhoranj(Sub-District) / Hamirpur(District) / Himachal Pradesh(State),01101100,017896,N,,,,
1279,16366,Mehar Pura (55/24),मिहाड़पुरा (55/24),Tira Sujanpur(Sub-District) / Hamirpur(District) / Himachal Pradesh(State),00953400,016366,N,,,,
1280,16502,Mehlaru (63/10),मैहलडू (63/10),Tira Sujanpur(Sub-District) / Hamirpur(District) / Himachal Pradesh(State),00967000,016502,N,,,,
1281,17536,Miana (35/2),मियाणा (35/2),Barsar(Sub-District) / Hamirpur(District) / Himachal Pradesh(State),01069000,017536,N,,,,
1282,17133,Mohan (48/10),मोहन (48/10),Hamirpur(Sub-District) / Hamirpur(District) / Himachal Pradesh(State),01026800,017133,N,,,,
1283,17341,Mohin (47/13),मौहीं (47/13),Hamirpur(Sub-District) / Hamirpur(District) / Himachal Pradesh(State),01049400,017341,N,,,,
1284,17474,Mohlwin (33/12),मोहलवी (33/12),Barsar(Sub-District) / Hamirpur(District) / Himachal Pradesh(State),01063000,017474,N,,,,
1285,16528,Molan Ghat (18/28),मौलाघाट (18/28),Nadaun(Sub-District) / Hamirpur(District) / Himachal Pradesh(State),00969600,016528,N,,,,
1286,17609,Morsu Datyalan (40/31),मोरसू दत्यालां (40/31),Bhota(Sub-District) / Hamirpur(District) / Himachal Pradesh(State),01075200,017609,N,,,,
1287,17605,Morsu Garlan (40/22),मोरसू गारलां (40/22),Bhota(Sub-District) / Hamirpur(District) / Himachal Pradesh(State),01074900,017605,N,,,,
1288,17604,Morsu Jhiran (40/36),मोरसू झीरां (40/36),Bhota(Sub-District) / Hamirpur(District) / Himachal Pradesh(State),01074800,017604,N,,,,
1289,17607,Morsu Patti (40/29),मोरसू पट्टी (40/29),Bhota(Sub-District) / Hamirpur(District) / Himachal Pradesh(State),01075000,017607,N,,,,
1290,17602,Morsu Rara (40/37),मोरसू रड़ा (40/37),Bhota(Sub-District) / Hamirpur(District) / Himachal Pradesh(State),01074600,017602,N,,,,
1291,17603,Morsu Sultani (40/27),मोरसू सुल्तानी (40/27),Bhota(Sub-District) / Hamirpur(District) / Himachal Pradesh(State),01074700,017603,N,,,,
1292,16686,Muhun (20/13),मुह (20/13),Nadaun(Sub-District) / Hamirpur(District) / Himachal Pradesh(State),00985000,016686,N,,,,
1293,16784,Mundahar (24/10),मन्डोहर (24/10),Nadaun(Sub-District) / Hamirpur(District) / Himachal Pradesh(State),01003400,016784,N,,,,
1294,17971,Mundkhar Genda (42/110),मुण्डखर गैंडा (42/110),Jahu(Sub-District) / Hamirpur(District) / Himachal Pradesh(State),01108600,017971,N,,,,
1295,17972,Mundkhar Tulsi (42/111),मुण्डखर तुलसी (42/111),Jahu(Sub-District) / Hamirpur(District) / Himachal Pradesh(State),01108700,017972,N,,,,
1296,17637,Mundwin (34/95),मुन्डवी (34/95),Dhatwal(Sub-District) / Hamirpur(District) / Himachal Pradesh(State),01077900,017637,N,,,,
1297,17562,Mussan (40/5),मुसन (40/5),Bhota(Sub-District) / Hamirpur(District) / Himachal Pradesh(State),01071400,017562,N,,,,
1298,17112,Muthan Bhalwana (51/5),मुठान भलवाला (51/5),Hamirpur(Sub-District) / Hamirpur(District) / Himachal Pradesh(State),01024700,017112,N,,,,
1299,17135,Muthan Bhiala (51/6),मुठान भ्याला (51/6),Hamirpur(Sub-District) / Hamirpur(District) / Himachal Pradesh(State),01027000,017135,N,,,,
1300,17078,Muthan Chamyala (51/17),मुठान चमयाला (51/17),Hamirpur(Sub-District) / Hamirpur(District) / Himachal Pradesh(State),01021500,017078,N,,,,
1301,17137,Muthan Lohakhriyan (51/8),मुठान लोहाखरयां (51/8),Hamirpur(Sub-District) / Hamirpur(District) / Himachal Pradesh(State),01027200,017137,N,,,,
1302,17114,Nadiana Sudiana (48/11),नडियाणा सुडियाना (48/11),Hamirpur(Sub-District) / Hamirpur(District) / Himachal Pradesh(State),01024900,017114,N,,,,
1303,17139,Nadiyana Rangria (48/18),नडियाणा रांगडिया (48/18),Hamirpur(Sub-District) / Hamirpur(District) / Himachal Pradesh(State),01027400,017139,N,,,,
1304,939639,Nagarara (18/23),नगारडा (18/23),Nadaun(Sub-District) / Hamirpur(District) / Himachal Pradesh(State),,000000,N,,,,
1305,16975,Naghrahara,नगैहरडा,Galore(Sub-District) / Hamirpur(District) / Himachal Pradesh(State),00996000,016975,N,,,,
1306,16635,Naghun (19/22),नधू (19/12),Nadaun(Sub-District) / Hamirpur(District) / Himachal Pradesh(State),00979900,016635,N,,,,
1307,16500,Nag Lamber (59/3),नागलम्बर (59/3),Tira Sujanpur(Sub-District) / Hamirpur(District) / Himachal Pradesh(State),00966800,016500,N,,,,
1308,17856,Nagrota (43/6),नगरोटा (43/6),Bhoranj(Sub-District) / Hamirpur(District) / Himachal Pradesh(State),01097100,017856,N,,,,
1309,17959,Nahalwin (42/108),नाहलवीं (42/108),Bhoranj(Sub-District) / Hamirpur(District) / Himachal Pradesh(State),01107400,017959,N,,,,
1310,17008,Nahlwin (38/9),नहलवीं (38/9),Galore(Sub-District) / Hamirpur(District) / Himachal Pradesh(State),01038200,017008,N,,,,
1311,17297,Nahlwin (42/44),नाहलवीं (42/44),Hamirpur(Sub-District) / Hamirpur(District) / Himachal Pradesh(State),01044900,017297,N,,,,
1312,17965,Naili (42/113),नाइली (42/113),Jahu(Sub-District) / Hamirpur(District) / Himachal Pradesh(State),01108000,017965,N,,,,
1313,17456,Nain (12/8),नाईन (12/8),Barsar(Sub-District) / Hamirpur(District) / Himachal Pradesh(State),01061200,017456,N,,,,
1314,17081,Nakhrer Munshiya (51/16),नखरेड मुन्शियां (51/16),Hamirpur(Sub-District) / Hamirpur(District) / Himachal Pradesh(State),01021700,017081,N,,,,
1315,17083,Nakhrer Saurain (51/13),नखरेड सौरा (51/13),Hamirpur(Sub-District) / Hamirpur(District) / Himachal Pradesh(State),01021900,017083,N,,,,
1316,16437,Nalahi (57/18),नलाही (57/18),Tira Sujanpur(Sub-District) / Hamirpur(District) / Himachal Pradesh(State),00960500,016437,N,,,,
1317,17717,Nalera (34/96),नलेहड़ा (34/96),Dhatwal(Sub-District) / Hamirpur(District) / Himachal Pradesh(State),01084900,017717,N,,,,
1318,17202,Nalti (37/28),नाल्टी (37/28),Hamirpur(Sub-District) / Hamirpur(District) / Himachal Pradesh(State),01033700,017202,N,,,,
1319,18006,Naltu (43/75),नाल्टू (43/75),Bhoranj(Sub-District) / Hamirpur(District) / Himachal Pradesh(State),01112100,018006,N,,,,
1320,17764,Nalwad (34/42),नलवाड़ (34/42),Dhatwal(Sub-District) / Hamirpur(District) / Himachal Pradesh(State),01088700,017764,N,,,,
1321,18041,Namlakh (43/44),नमलाख  (43/44),Bhoranj(Sub-District) / Hamirpur(District) / Himachal Pradesh(State),01115600,018041,N,,,,
1322,17533,Nanawan Khas (35/20),ननावा खास (35/20),Barsar(Sub-District) / Hamirpur(District) / Himachal Pradesh(State),01068700,017533,N,,,,
1323,17729,Nandal,नण्डल,Dhatwal(Sub-District) / Hamirpur(District) / Himachal Pradesh(State),01085600,017729,N,,,,
1324,17921,Nandhan (42/32),नन्धन (42/32),Bhoranj(Sub-District) / Hamirpur(District) / Himachal Pradesh(State),01103600,017921,N,,,,
1325,17031,Nanot (62/11),ननोट (62/11),Tauni Devi Bamson(Sub-District) / Hamirpur(District) / Himachal Pradesh(State),01017000,017031,N,,,,
1326,17468,Nara (33/38),नारा (33/38),Barsar(Sub-District) / Hamirpur(District) / Himachal Pradesh(State),01062400,017468,N,,,,
1327,17000,Nara Khas (38/8),नारा खास (38/8),Galore(Sub-District) / Hamirpur(District) / Himachal Pradesh(State),01036100,017000,N,,,,
1328,17659,Narghol (34/14),नरघोल (34/14),Dhatwal(Sub-District) / Hamirpur(District) / Himachal Pradesh(State),01079800,017659,N,,,,
1329,16726,Nariah (25/11),नरयाह (25/11),Kangoo(Sub-District) / Hamirpur(District) / Himachal Pradesh(State),00997700,016726,N,,,,
1330,16980,Nariana (36/29),नरैणा (36/29),Galore(Sub-District) / Hamirpur(District) / Himachal Pradesh(State),00996500,016980,N,,,,
1331,17471,Narkar (33/23),नारकड (33/23),Barsar(Sub-District) / Hamirpur(District) / Himachal Pradesh(State),01062700,017471,N,,,,
1332,17977,Naroh (43/60),नडोह (43/60),Jahu(Sub-District) / Hamirpur(District) / Himachal Pradesh(State),01109200,017977,N,,,,
1333,17374,Narsin (45/80),नाडसीं (45/80),Tauni Devi Bamson(Sub-District) / Hamirpur(District) / Himachal Pradesh(State),01053300,017374,N,,,,
1334,17538,Nauhal (35/8),नौहल (35/8),Barsar(Sub-District) / Hamirpur(District) / Himachal Pradesh(State),01069100,017538,N,,,,
1335,16537,Nayal (18/38),न्याल (18/38),Nadaun(Sub-District) / Hamirpur(District) / Himachal Pradesh(State),00970500,016537,N,,,,
1336,939679,Naya Nagar (47/24),नयानगर (47/24),Hamirpur(Sub-District) / Hamirpur(District) / Himachal Pradesh(State),,000000,N,,,,
1337,16843,Nehr (21/24),नैहड (21/24),Nadaun(Sub-District) / Hamirpur(District) / Himachal Pradesh(State),01009300,016843,N,,,,
1338,17432,Neri (31/23),नेरी (31/23),Barsar(Sub-District) / Hamirpur(District) / Himachal Pradesh(State),01059100,017432,N,,,,
1339,17495,Neri (32/32),नेरी (32/32),Barsar(Sub-District) / Hamirpur(District) / Himachal Pradesh(State),01065100,017495,N,,,,
1340,17190,Neri (37/18),नेरी (37/18),Hamirpur(Sub-District) / Hamirpur(District) / Himachal Pradesh(State),01032300,017190,N,,,,
1341,17891,Neri (42/57),नेरी (42/57),Bhoranj(Sub-District) / Hamirpur(District) / Himachal Pradesh(State),01100600,017891,N,,,,
1342,18026,Neri (43/32),नेरी (43/32),Bhoranj(Sub-District) / Hamirpur(District) / Himachal Pradesh(State),01114100,018026,N,,,,
1343,16898,Niati (24/38),नियाटी (24/38),Nadaun(Sub-District) / Hamirpur(District) / Himachal Pradesh(State),01014800,016898,N,,,,
1344,16403,Nihari Buhli (54/19),निहारी बुहली (54/19),Tira Sujanpur(Sub-District) / Hamirpur(District) / Himachal Pradesh(State),00957100,016403,N,,,,
1345,16386,Nihari Upperli ( 54/20),निहारी उपरली (54/20),Tira Sujanpur(Sub-District) / Hamirpur(District) / Himachal Pradesh(State),00955400,016386,N,,,,
1346,17760,Nihla Cheli (34/37),नीहला चेली (34/37),Dhatwal(Sub-District) / Hamirpur(District) / Himachal Pradesh(State),01088300,017760,N,,,,
1347,17180,Nijhar (47/27),निझड (47/27),Hamirpur(Sub-District) / Hamirpur(District) / Himachal Pradesh(State),01031500,017180,N,,,,
1348,17071,Nit Dhar Swari,एन. आई. टी. धार स्वारी,Hamirpur(Sub-District) / Hamirpur(District) / Himachal Pradesh(State),01020800,017071,N,,,,
1349,17406,Niyhal (30/6),न्यूल (30/6),Barsar(Sub-District) / Hamirpur(District) / Himachal Pradesh(State),01056500,017406,N,,,,
1350,17747,Nohan (34/55),नोहाण (34/55),Dhatwal(Sub-District) / Hamirpur(District) / Himachal Pradesh(State),01087100,017747,N,,,,
1351,17354,Nohangin (45/61),नौहगी (45/61),Tauni Devi Bamson(Sub-District) / Hamirpur(District) / Himachal Pradesh(State),01050700,017354,N,,,,
1352,17775,Nohara (45/55),नुहाडा (45/55),Lambloo(Sub-District) / Hamirpur(District) / Himachal Pradesh(State),01052600,017775,N,,,,
1353,16914,Nugran (27/12),नौगां (27/12),Galore(Sub-District) / Hamirpur(District) / Himachal Pradesh(State),00989800,016914,N,,,,
1354,16951,Nukhel (36/9),नुखेल (36/9),Galore(Sub-District) / Hamirpur(District) / Himachal Pradesh(State),00993500,016951,N,,,,
1355,17004,Nyalwin (39/8),न्याहलवीं (39/8),Hamirpur(Sub-District) / Hamirpur(District) / Himachal Pradesh(State),01036500,017004,N,,,,
1356,17178,Padal (47/18),पाडल (47/18),Hamirpur(Sub-District) / Hamirpur(District) / Himachal Pradesh(State),01031300,017178,N,,,,
1357,17407,Paddar (30/2),पद्दर (30/2),Barsar(Sub-District) / Hamirpur(District) / Himachal Pradesh(State),01056600,017407,N,,,,
1358,17107,Paddhar (50/6),पद्दर (50/6),Hamirpur(Sub-District) / Hamirpur(District) / Himachal Pradesh(State),01024200,017107,N,,,,
1359,17707,Padian (34/73),पध्यान (34/73),Dhatwal(Sub-District) / Hamirpur(District) / Himachal Pradesh(State),01084000,017707,N,,,,
1360,16928,Pahal Jhikla (28/8),फाहल झिकला (28/8),Galore(Sub-District) / Hamirpur(District) / Himachal Pradesh(State),00991200,016928,N,,,,
1361,16927,Pahal Khas (28/8),फाहल खास (28/8),Galore(Sub-District) / Hamirpur(District) / Himachal Pradesh(State),00991200,016927,N,,,,
1362,17584,Pahlu Khas (40/44),पाहलू खास (40/44),Bhota(Sub-District) / Hamirpur(District) / Himachal Pradesh(State),01072900,017584,N,,,,
1363,17907,Painjwin (42/105),पैहजवीं (42/105),Bhoranj(Sub-District) / Hamirpur(District) / Himachal Pradesh(State),01102200,017907,N,,,,
1364,17696,Pairwin (34/80),पैरवीं (34/80),Dhatwal(Sub-District) / Hamirpur(District) / Himachal Pradesh(State),01082900,017696,N,,,,
1365,16472,Pakhi (58/4),पखी (58/4),Tira Sujanpur(Sub-District) / Hamirpur(District) / Himachal Pradesh(State),00964000,016472,N,,,,
1366,16350,Pakkhar (55/27),पक्खर (55/27),Tira Sujanpur(Sub-District) / Hamirpur(District) / Himachal Pradesh(State),00951800,016350,N,,,,
1367,16341,Palahi (63/3),पलाही (63/3),Tira Sujanpur(Sub-District) / Hamirpur(District) / Himachal Pradesh(State),00950900,016341,N,,,,
1368,17213,Palasan (37/23),पलासन (37/23),Hamirpur(Sub-District) / Hamirpur(District) / Himachal Pradesh(State),01034800,017213,N,,,,
1369,16857,Palasi (22/14),पलासी (22/14),Nadaun(Sub-District) / Hamirpur(District) / Himachal Pradesh(State),01010700,016857,N,,,,
1370,16787,Palasi (24/20),पलासी (24/20),Nadaun(Sub-District) / Hamirpur(District) / Himachal Pradesh(State),01003700,016787,N,,,,
1371,16926,Palasi (28/15),पलासी (28/15),Galore(Sub-District) / Hamirpur(District) / Himachal Pradesh(State),00991100,016926,N,,,,
1372,16508,Palbhu (64/14),पलभू (64/14),Tira Sujanpur(Sub-District) / Hamirpur(District) / Himachal Pradesh(State),00967600,016508,N,,,,
1373,17486,Palera (33/10),पलेडा (33/10),Barsar(Sub-District) / Hamirpur(District) / Himachal Pradesh(State),01064200,017486,N,,,,
1374,17857,Palpal (43/77),पलपल (43/77),Bhoranj(Sub-District) / Hamirpur(District) / Himachal Pradesh(State),01097200,017857,N,,,,
1375,16963,Palwin (36/32),पल्लवी (36/32),Galore(Sub-District) / Hamirpur(District) / Himachal Pradesh(State),00994800,016963,N,,,,
1376,17362,Panahar (45/71),पनाहर (45/71),Lambloo(Sub-District) / Hamirpur(District) / Himachal Pradesh(State),01051500,017362,N,,,,
1377,17318,Pandher (45/41),पंधेड (45/41),Lambloo(Sub-District) / Hamirpur(District) / Himachal Pradesh(State),01047000,017318,N,,,,
1378,16355,Pandtehar (55/10),पन्डतेहड (55/10),Tira Sujanpur(Sub-District) / Hamirpur(District) / Himachal Pradesh(State),00952300,016355,N,,,,
1379,17897,Pandtehri (42/65),पंडतेहड़ी (42/65),Bhoranj(Sub-District) / Hamirpur(District) / Himachal Pradesh(State),01101200,017897,N,,,,
1380,17124,Pandtehri (49/2),पडंतेहडी (49/2),Hamirpur(Sub-District) / Hamirpur(District) / Himachal Pradesh(State),01025900,017124,N,,,,
1381,17723,Pandthiani (34/89),पंडथयाणी (34/89),Dhatwal(Sub-District) / Hamirpur(District) / Himachal Pradesh(State),01085500,017723,N,,,,
1382,17279,Pandwin (42/7),पाण्डवीं (42/7),Hamirpur(Sub-District) / Hamirpur(District) / Himachal Pradesh(State),01043100,017279,N,,,,
1383,16397,Paneh Sih (54/9),पनेह सीह (54/9),Tira Sujanpur(Sub-District) / Hamirpur(District) / Himachal Pradesh(State),00956500,016397,N,,,,
1384,16782,Paniala (24/24),पन्याला   (24/24),Nadaun(Sub-District) / Hamirpur(District) / Himachal Pradesh(State),01003200,016782,N,,,,
1385,16780,Paniala (25/2),पनियाला (25/2),Kangoo(Sub-District) / Hamirpur(District) / Himachal Pradesh(State),01003000,016780,N,,,,
1386,16353,Paniala (55/37),पन्याला (55/37),Tira Sujanpur(Sub-District) / Hamirpur(District) / Himachal Pradesh(State),00952100,016353,N,,,,
1387,17243,Panjahli (46/13),पंजाहली (46/13),Hamirpur(Sub-District) / Hamirpur(District) / Himachal Pradesh(State),01039600,017243,N,eSignGOFile662648_27_03_2025_16_51_24.pdf,,,
1388,17105,Panjali Adhyala (50/4),पन्जाहली अध्याला (50/4),Hamirpur(Sub-District) / Hamirpur(District) / Himachal Pradesh(State),01024000,017105,N,,,,
1389,17106,Panjali Madhiala (50/9),पन्जाहली मण्डयाला (50/9),Hamirpur(Sub-District) / Hamirpur(District) / Himachal Pradesh(State),01024100,017106,N,,,,
1390,17571,Panjarar (40/16),पंजारड़ (40/16),Bhota(Sub-District) / Hamirpur(District) / Himachal Pradesh(State),01071800,017571,N,,,,
1391,17791,Panjot (44/11),पंजोत (44/11),Tauni Devi Bamson(Sub-District) / Hamirpur(District) / Himachal Pradesh(State),01090600,017791,N,,,,
1392,16450,Panoh (61/11),पनोह (61/11),Tira Sujanpur(Sub-District) / Hamirpur(District) / Himachal Pradesh(State),00961800,016450,N,,,,
1393,16702,Pansai (17/30),पनसाई (17/30),Kangoo(Sub-District) / Hamirpur(District) / Himachal Pradesh(State),00986600,016702,N,,,,
1394,17072,Panyala (52/13),पन्याला (52/13),Hamirpur(Sub-District) / Hamirpur(District) / Himachal Pradesh(State),01020900,017072,N,,,,
1395,939646,Panyali (34/100/2),पन्याली (34/100/2),Dhatwal(Sub-District) / Hamirpur(District) / Himachal Pradesh(State),,000000,N,,,,
1396,16937,Panyali (36/17),पन्याली (36/17),Galore(Sub-District) / Hamirpur(District) / Himachal Pradesh(State),00992100,016937,N,,,,
1397,16935,Paplah (36/13),पपलाह (36/13),Galore(Sub-District) / Hamirpur(District) / Himachal Pradesh(State),00991900,016935,N,,,,
1398,18035,Paplah (43/50),पपलाह (43/50),Bhoranj(Sub-District) / Hamirpur(District) / Himachal Pradesh(State),01115000,018035,N,,,,
1399,17720,Paplohal Brahmana (34/92),पपलोहल ब्राहमणां (34/92),Dhatwal(Sub-District) / Hamirpur(District) / Himachal Pradesh(State),01085200,017720,N,,,,
1400,17719,Paplohal Hzaru (34/87),पपलोहल हजारु (34/87),Dhatwal(Sub-District) / Hamirpur(District) / Himachal Pradesh(State),01085100,017719,N,,,,
1401,16343,Pargna (63/7),परगना (63/7),Tira Sujanpur(Sub-District) / Hamirpur(District) / Himachal Pradesh(State),00951100,016343,N,,,,
1402,17034,Parnali (62/2),परनाली (62/2),Tauni Devi Bamson(Sub-District) / Hamirpur(District) / Himachal Pradesh(State),01017300,017034,N,,,,
1403,17864,Parol (44/63),परोल (44/63),Bhoranj(Sub-District) / Hamirpur(District) / Himachal Pradesh(State),01097900,017864,N,,,,
1404,16409,Pastal (53/1),पसतल (53/1),Tira Sujanpur(Sub-District) / Hamirpur(District) / Himachal Pradesh(State),00957700,016409,N,,,,
1405,17595,Patera (40/39),पटेरा (40/39),Bhota(Sub-District) / Hamirpur(District) / Himachal Pradesh(State),01073900,017595,N,,,,
1406,17443,Pathliar (13/3),पत्थलयार (13/3),Barsar(Sub-District) / Hamirpur(District) / Himachal Pradesh(State),01060200,017443,N,,,,
1407,17444,Pathliar Uperla,पत्थलयार  उपरला,Barsar(Sub-District) / Hamirpur(District) / Himachal Pradesh(State),01060200,017444,N,,,,
1408,17196,Patiahu (33/27),पटयाऊ (33/27),Hamirpur(Sub-District) / Hamirpur(District) / Himachal Pradesh(State),01033100,017196,N,,,,
1409,16781,Patialu (24/25),पठयालू (24/25),Nadaun(Sub-District) / Hamirpur(District) / Himachal Pradesh(State),01003100,016781,N,,,,
1410,16434,Patlandar (57/5),पटलांदर (57/5),Tira Sujanpur(Sub-District) / Hamirpur(District) / Himachal Pradesh(State),00960200,016434,N,,,,
1411,17386,Patnaun (62/6),पटनौण (62/6),Tauni Devi Bamson(Sub-District) / Hamirpur(District) / Himachal Pradesh(State),01054600,017386,N,,,,
1412,16650,Patta (19/25),पट्टा (19/25),Nadaun(Sub-District) / Hamirpur(District) / Himachal Pradesh(State),00981400,016650,N,,,,
1413,17928,Patta (42/40),पट्टा (42/40),Bhoranj(Sub-District) / Hamirpur(District) / Himachal Pradesh(State),01104300,017928,N,,,,
1414,17316,Patta (45/42),पट्टा (45/42),Lambloo(Sub-District) / Hamirpur(District) / Himachal Pradesh(State),01046800,017316,N,,,,
1415,17834,Patta Banyalan (44/55),पट्टा वनंयाल (44/55),Bhoranj(Sub-District) / Hamirpur(District) / Himachal Pradesh(State),01094900,017834,N,,,,
1416,17668,Patta Brahmana (34/15),पट्टा ब्राहमणा (34/15),Dhatwal(Sub-District) / Hamirpur(District) / Himachal Pradesh(State),01080600,017668,N,,,,
1417,17667,Patta Nathu (34/1),पट्टा नाठू (34/1),Dhatwal(Sub-District) / Hamirpur(District) / Himachal Pradesh(State),01080500,017667,N,,,,
1418,17885,Patta Syala (44/46),पटा स्याला (44/46),Tauni Devi Bamson(Sub-District) / Hamirpur(District) / Himachal Pradesh(State),01100000,017885,N,,,,
1419,16394,Paurian (54/7),पौड़ियां (54/7),Tira Sujanpur(Sub-District) / Hamirpur(District) / Himachal Pradesh(State),00956200,016394,N,,,,
1420,18044,Phagduhi (43/51),फगडूही (43/51),Bhoranj(Sub-District) / Hamirpur(District) / Himachal Pradesh(State),01115900,018044,N,,,,
1421,18025,Phaglot (43/33),फगलोट (43/33),Bhoranj(Sub-District) / Hamirpur(District) / Himachal Pradesh(State),01114000,018025,N,,,,
1422,16967,Phangsana (28/14),फंगसाणा (28/14),Galore(Sub-District) / Hamirpur(District) / Himachal Pradesh(State),00995200,016967,N,,,,
1423,16529,Pharnat (18/6),फरनाट (18/6),Nadaun(Sub-District) / Hamirpur(District) / Himachal Pradesh(State),00969700,016529,N,,,,
1424,17235,Pharnohal (39/2),फरनोहल (39/2),Hamirpur(Sub-District) / Hamirpur(District) / Himachal Pradesh(State),01038800,017235,N,,,,
1425,16968,Pharsi (28/7),फारसी (28/7),Galore(Sub-District) / Hamirpur(District) / Himachal Pradesh(State),00995300,016968,N,,,,
1426,16645,Phatahl (19/12),फटाहल (19/12),Nadaun(Sub-District) / Hamirpur(District) / Himachal Pradesh(State),00980900,016645,N,,,,
1427,17205,Piadkar (37/10),प्यादकड (37/10),Hamirpur(Sub-District) / Hamirpur(District) / Himachal Pradesh(State),01034000,017205,N,,,,
1428,17983,Pidarta (43/22),पिदडता (43/22),Bhoranj(Sub-District) / Hamirpur(District) / Himachal Pradesh(State),01109800,017983,N,,,,
1429,17289,Plasi (42/2),पलासी (42/2),Hamirpur(Sub-District) / Hamirpur(District) / Himachal Pradesh(State),01044100,017289,N,,,,
1430,17023,Pohanj (62/10),पौहंज (62/10),Tauni Devi Bamson(Sub-District) / Hamirpur(District) / Himachal Pradesh(State),01016200,017023,N,,,,
1431,16329,Poi (63/20),पोई (63/20),Tira Sujanpur(Sub-District) / Hamirpur(District) / Himachal Pradesh(State),00949700,016329,N,,,,
1432,16597,Ponkhar (17/4),पौखर (17/4),Nadaun(Sub-District) / Hamirpur(District) / Himachal Pradesh(State),00976200,016597,N,,,,
1433,17585,Porla (40/45),पोरला (40/45),Bhota(Sub-District) / Hamirpur(District) / Himachal Pradesh(State),01073000,017585,N,eSignGOFile662648_20_02_2025_14_59_03.pdf,,,
1434,16334,Puar (63/1),पुआड़ (63/1),Tira Sujanpur(Sub-District) / Hamirpur(District) / Himachal Pradesh(State),00950200,016334,N,,,,
1435,16884,Pujyal (23/6),पुज्याल (23/6),Nadaun(Sub-District) / Hamirpur(District) / Himachal Pradesh(State),01013400,016884,N,,,,
1436,16834,Pukherer (21/28),पुखरेहड (21/28),Nadaun(Sub-District) / Hamirpur(District) / Himachal Pradesh(State),01008400,016834,N,,,,
1437,16677,Pukhrani (20/20),पुखरानी (20/20),Nadaun(Sub-District) / Hamirpur(District) / Himachal Pradesh(State),00984100,016677,N,,,,
1438,16540,Pukhrol (18/14),पखरोल (18/14),Nadaun(Sub-District) / Hamirpur(District) / Himachal Pradesh(State),00970800,016540,N,,,,
1439,16530,Pukhru Palakhar (18/2),पुखरू पलाखर (18/2),Nadaun(Sub-District) / Hamirpur(District) / Himachal Pradesh(State),00969800,016530,N,,,,
1440,16827,Pulial (21/10),पुलियाल (21/10),Nadaun(Sub-District) / Hamirpur(District) / Himachal Pradesh(State),01007700,016827,N,,,,
1441,17616,Pundar (41/13),पुंदड (41/13),Bhota(Sub-District) / Hamirpur(District) / Himachal Pradesh(State),01075800,017616,N,,,,
1442,16395,Puneh Attru (54/8),पनेह अतरू (54/8),Tira Sujanpur(Sub-District) / Hamirpur(District) / Himachal Pradesh(State),00956300,016395,N,,,,
1443,16811,Purandiyal (24/19),पुरन्डयाल (24/19),Nadaun(Sub-District) / Hamirpur(District) / Himachal Pradesh(State),01006100,016811,N,,,,
1444,17015,Purli (62/26),पुरली (62/26),Tauni Devi Bamson(Sub-District) / Hamirpur(District) / Himachal Pradesh(State),01015400,017015,N,,,,
1445,16796,Putrial (24/21),पुतडियाल (24/21),Nadaun(Sub-District) / Hamirpur(District) / Himachal Pradesh(State),01004600,016796,N,,,,
1446,17515,Rahil (32/19),राहिल (32/19),Barsar(Sub-District) / Hamirpur(District) / Himachal Pradesh(State),01067100,017515,N,,,,
1447,17535,Rai (35/18),राई (35/18),Barsar(Sub-District) / Hamirpur(District) / Himachal Pradesh(State),01068900,017535,N,,,,
1448,16802,Rail (24/27),रैल (24/27),Nadaun(Sub-District) / Hamirpur(District) / Himachal Pradesh(State),01005200,016802,N,,,,
1449,17317,Rajiar (45/35),रजियार (45/35),Lambloo(Sub-District) / Hamirpur(District) / Himachal Pradesh(State),01046900,017317,N,,,,
1450,16703,Rajohal (26-18),रजोहल (26/18),Kangoo(Sub-District) / Hamirpur(District) / Himachal Pradesh(State),00986700,016703,N,,,,
1451,17165,Rakaryal (48/6),रकडयाल (48/6),Hamirpur(Sub-District) / Hamirpur(District) / Himachal Pradesh(State),01030000,017165,N,,,,
1452,17222,Rakhla (39/16),राखला (39/16),Hamirpur(Sub-District) / Hamirpur(District) / Himachal Pradesh(State),01037300,017222,N,,,,
1453,16555,Rakkar,रक्कड़,Bhota(Sub-District) / Hamirpur(District) / Himachal Pradesh(State),00972400,016555,N,,,,
1454,17569,Rakkar (19-15),रक्कड (19/15),Nadaun(Sub-District) / Hamirpur(District) / Himachal Pradesh(State),01071700,017569,N,,,,
1455,16798,Rakkar (24/29),रक्कड (24/29),Nadaun(Sub-District) / Hamirpur(District) / Himachal Pradesh(State),01004800,016798,N,,,,
1456,16753,Ralian Di Bhal (25/49),रलियां दी बाहल (25/49),Kangoo(Sub-District) / Hamirpur(District) / Himachal Pradesh(State),01000400,016753,N,,,,
1457,17767,Ralli (34/45),रैली (34/45),Dhatwal(Sub-District) / Hamirpur(District) / Himachal Pradesh(State),01089000,017767,N,,,,
1458,16465,Rangar (58/15),रंगड़ (58/15),Tira Sujanpur(Sub-District) / Hamirpur(District) / Himachal Pradesh(State),00963300,016465,N,,,,
1459,16683,Rangarh (20/15),रघाड (20/15),Nadaun(Sub-District) / Hamirpur(District) / Himachal Pradesh(State),00984700,016683,N,,,,
1460,17422,Rangar Padhian (31/20),रगड़ पाधियां  (31/20),Barsar(Sub-District) / Hamirpur(District) / Himachal Pradesh(State),01058100,017422,N,,,,
1461,17416,Rangar Rajputtan (31/25),रगड़  राजपुता (31/25),Barsar(Sub-District) / Hamirpur(District) / Himachal Pradesh(State),01057500,017416,N,,,,
1462,16769,Rangas (25/48),रंगस (25/48),Kangoo(Sub-District) / Hamirpur(District) / Himachal Pradesh(State),01001900,016769,N,,,,
1463,17014,Rangrian Di Dhar (62/29),रांगडेयां दी धार (62/29),Tauni Devi Bamson(Sub-District) / Hamirpur(District) / Himachal Pradesh(State),01015300,017014,N,,,,
1464,17459,Rapar (33/39),रपड (33/39),Barsar(Sub-District) / Hamirpur(District) / Himachal Pradesh(State),01061500,017459,N,,,,
1465,17179,Rara (47/37),रडा (47/37),Hamirpur(Sub-District) / Hamirpur(District) / Himachal Pradesh(State),01031400,017179,N,,,,
1466,17849,Rasoh (44/52),रसोह (44/52),Bhoranj(Sub-District) / Hamirpur(District) / Himachal Pradesh(State),01096400,017849,N,,,,
1467,16812,Ratial (24/18),रटयाल (24/18),Nadaun(Sub-District) / Hamirpur(District) / Himachal Pradesh(State),01006200,016812,N,,,,
1468,16826,Ratian (21/5),रतिया (21/5),Nadaun(Sub-District) / Hamirpur(District) / Himachal Pradesh(State),01007600,016826,N,,,,
1469,16973,Ree (28/6),री (28/6),Galore(Sub-District) / Hamirpur(District) / Himachal Pradesh(State),00995800,016973,N,,,,
1470,16421,Ree (53/12),री (53/12),Tira Sujanpur(Sub-District) / Hamirpur(District) / Himachal Pradesh(State),00958900,016421,N,,,,
1471,16647,Reori Jhikali (19/27),रियोड़ी झिकली (19/27),Nadaun(Sub-District) / Hamirpur(District) / Himachal Pradesh(State),00981100,016647,N,,,,
1472,16646,Reori Upperli (19/30),रियोडी उपरली (19/30),Nadaun(Sub-District) / Hamirpur(District) / Himachal Pradesh(State),00981000,016646,N,,,,
1473,17002,Retera (38/4),रोटेडा (38/4),Galore(Sub-District) / Hamirpur(District) / Himachal Pradesh(State),01036300,017002,N,,,,
1474,16344,Riah (55/38),रियाह (55/38),Tira Sujanpur(Sub-District) / Hamirpur(District) / Himachal Pradesh(State),00951200,016344,N,,,,
1475,17967,Riri (42/123),रिहड़ी (42/123),Bhoranj(Sub-District) / Hamirpur(District) / Himachal Pradesh(State),01108200,017967,N,,,,
1476,16643,Rit (19/24),रिट (19/24),Nadaun(Sub-District) / Hamirpur(District) / Himachal Pradesh(State),00980700,016643,N,,,,
1477,17122,Riyalari (48/16),रियालडी (48/16),Hamirpur(Sub-District) / Hamirpur(District) / Himachal Pradesh(State),01025700,017122,N,,,,
1478,16730,Rohal (25/23),रोहाल (25/23),Kangoo(Sub-District) / Hamirpur(District) / Himachal Pradesh(State),00998100,016730,N,,,,
1479,17323,Rohlwin (45/39),रोहल्वी (45/39),Lambloo(Sub-District) / Hamirpur(District) / Himachal Pradesh(State),01047600,017323,N,,,,
1480,17873,Rohwin (44/84),रौहवीं (44/84),Bhoranj(Sub-District) / Hamirpur(District) / Himachal Pradesh(State),01098800,017873,N,,,,
1481,16945,Ropa (36/18),रोपा (36/18),Galore(Sub-District) / Hamirpur(District) / Himachal Pradesh(State),00992900,016945,N,,,,
1482,17211,Ropa (37/12),रोपा (37/12),Hamirpur(Sub-District) / Hamirpur(District) / Himachal Pradesh(State),01034600,017211,N,,,,
1483,17244,Ropa (46/22),रोपा (46/22),Hamirpur(Sub-District) / Hamirpur(District) / Himachal Pradesh(State),01039700,017244,N,,,,
1484,17344,Ropa (47/6),रोपा (47/6),Hamirpur(Sub-District) / Hamirpur(District) / Himachal Pradesh(State),01049700,017344,N,,,,
1485,17090,Ropa (50/7),रोपा (50/7),Hamirpur(Sub-District) / Hamirpur(District) / Himachal Pradesh(State),01022600,017090,N,,,,
1486,17065,Ropa (52/25),रोपा (52/25),Hamirpur(Sub-District) / Hamirpur(District) / Himachal Pradesh(State),01020400,017065,N,,,,
1487,16375,Ropa (55/25),रोपा (55/25),Tira Sujanpur(Sub-District) / Hamirpur(District) / Himachal Pradesh(State),00954300,016375,N,,,,
1488,17426,Ropa Brahamna (31/7),रोपा ब्राहमणा (31/7),Barsar(Sub-District) / Hamirpur(District) / Himachal Pradesh(State),01058500,017426,N,,,,
1489,17435,Ropa Rajputan (31/19),रोपा राजपुता (31/19),Barsar(Sub-District) / Hamirpur(District) / Himachal Pradesh(State),01059400,017435,N,,,,
1490,16962,Ropari (36/23),रोपडी (36/23),Galore(Sub-District) / Hamirpur(District) / Himachal Pradesh(State),00994700,016962,N,,,,
1491,17599,Ropari (40/35),रोपडी (40/35),Bhota(Sub-District) / Hamirpur(District) / Himachal Pradesh(State),01074300,017599,N,,,,
1492,17625,Ropari (41/19),रोपड़ी (41/19),Bhota(Sub-District) / Hamirpur(District) / Himachal Pradesh(State),01076700,017625,N,,,,
1493,17069,Ropari (52/11),रोपडी (52/11),Hamirpur(Sub-District) / Hamirpur(District) / Himachal Pradesh(State),01020700,017069,N,,,,
1494,17017,Ropri (62/28),रोपड़ी (62/28),Tauni Devi Bamson(Sub-District) / Hamirpur(District) / Himachal Pradesh(State),01015600,017017,N,,,,
1495,17841,Ropri Baloya (44/53),रोपड़ी बलोइया (44/53),Bhoranj(Sub-District) / Hamirpur(District) / Himachal Pradesh(State),01095600,017841,N,,,,
1496,17839,Ropri Nughalan (44/54),रोपड़ी नुघालां (44/54),Tauni Devi Bamson(Sub-District) / Hamirpur(District) / Himachal Pradesh(State),01095400,017839,N,,,,
1497,16867,Rottian (22/17),रुटैहण (22/17),Nadaun(Sub-District) / Hamirpur(District) / Himachal Pradesh(State),01011700,016867,N,,,,
1498,17862,Rudhan (44/66),रुढ़ान  (44/66),Bhoranj(Sub-District) / Hamirpur(District) / Himachal Pradesh(State),01097700,017862,N,,,,
1499,17320,Rumehra (45/38),रमेहडा (45/38),Lambloo(Sub-District) / Hamirpur(District) / Himachal Pradesh(State),01047200,017320,N,,,,
1500,17433,Rumera (31/8),रुमेडा (31/8),Barsar(Sub-District) / Hamirpur(District) / Himachal Pradesh(State),01059200,017433,N,,,,
1501,17914,Rumera (42/76),रुमेड़ा (42/76),Bhoranj(Sub-District) / Hamirpur(District) / Himachal Pradesh(State),01102900,017914,N,,,,
1502,16751,Rupwal (25/22),रूपबाल (25/22),Kangoo(Sub-District) / Hamirpur(District) / Himachal Pradesh(State),01000200,016751,N,,,,
1503,17922,Ruthani (42/28),रुथानी (42/28),Bhoranj(Sub-District) / Hamirpur(District) / Himachal Pradesh(State),01103700,017922,N,,,,
1504,17772,Ruwana (45/28),रवाना (45/28),Lambloo(Sub-District) / Hamirpur(District) / Himachal Pradesh(State),01052200,017772,N,,,,
1505,16518,Sachuhi (64/11),सचूही (64/11),Tira Sujanpur(Sub-District) / Hamirpur(District) / Himachal Pradesh(State),00968600,016518,N,,,,
1506,17868,Sadhrayan (44/81),सधरयाण (44/81),Bhoranj(Sub-District) / Hamirpur(District) / Himachal Pradesh(State),01098300,017868,N,,,,
1507,16925,Sadoh (27/11),सदोह (27/11),Galore(Sub-District) / Hamirpur(District) / Himachal Pradesh(State),00991000,016925,N,,,,
1508,17415,Sadoh (31/2),सदोह (31/2),Barsar(Sub-District) / Hamirpur(District) / Himachal Pradesh(State),01057400,017415,N,,,,
1509,17850,Sahalwin (44/60),सहलवी (44/60),Bhoranj(Sub-District) / Hamirpur(District) / Himachal Pradesh(State),01096500,017850,N,,,,
1510,17949,Saharwin (42/88),साहरवी (42/88),Bhoranj(Sub-District) / Hamirpur(District) / Himachal Pradesh(State),01106400,017949,N,,,,
1511,17414,Saheli (31/17),सहेली (31/17),Barsar(Sub-District) / Hamirpur(District) / Himachal Pradesh(State),01057300,017414,N,,,,
1512,17303,Sahnwin (42/34),साहनवी (42/34),Hamirpur(Sub-District) / Hamirpur(District) / Himachal Pradesh(State),01045500,017303,N,,,,
1513,16661,Sahun (19/33),सहूँ  (19/33),Nadaun(Sub-District) / Hamirpur(District) / Himachal Pradesh(State),00982500,016661,N,,,,
1514,16596,Sai (17/28),साई (17/28),Nadaun(Sub-District) / Hamirpur(District) / Himachal Pradesh(State),00976100,016596,N,,,,
1515,16633,Sai (19/21),साई (19/21),Nadaun(Sub-District) / Hamirpur(District) / Himachal Pradesh(State),00979700,016633,N,,,,
1516,17256,Sai Brahmana (45/21),सांई ब्राहमणा (45/21),Hamirpur(Sub-District) / Hamirpur(District) / Himachal Pradesh(State),01040800,017256,N,,,,
1517,18039,Sai Da Ghat (43/37),साई दा घाट (43/37),Bhoranj(Sub-District) / Hamirpur(District) / Himachal Pradesh(State),01115400,018039,N,,,,
1518,16752,Saila Di Bhal (25/35),सैला दी बाहल (25/35),Kangoo(Sub-District) / Hamirpur(District) / Himachal Pradesh(State),01000300,016752,N,,,,
1519,17257,Sai Ugialla (45/20),सांई उगयालां (45/20),Hamirpur(Sub-District) / Hamirpur(District) / Himachal Pradesh(State),01040900,017257,N,,,,
1520,17675,Sakroh (34/21),सकरोह (34/21),Dhatwal(Sub-District) / Hamirpur(District) / Himachal Pradesh(State),01081200,017675,N,,,,
1521,16574,Salam (17/45),सलाम (17/45),Nadaun(Sub-District) / Hamirpur(District) / Himachal Pradesh(State),00974200,016574,N,,,,
1522,17573,Salan (40/14),सालन (40/14),Bhota(Sub-District) / Hamirpur(District) / Himachal Pradesh(State),01072000,017573,N,,,,
1523,16886,Salasi (23/3),सलासी (23/3),Nadaun(Sub-District) / Hamirpur(District) / Himachal Pradesh(State),01013600,016886,N,,,,
1524,16691,Salehar (20/31),सलेहड (20/31),Nadaun(Sub-District) / Hamirpur(District) / Himachal Pradesh(State),00985500,016691,N,,,,
1525,16399,Salghun Ghantha (54/13),सलघूं घान्था (54/13),Tira Sujanpur(Sub-District) / Hamirpur(District) / Himachal Pradesh(State),00956700,016399,N,,,,
1526,16400,Salghun Hira (54/12),सलघूं हीरा (54/12),Tira Sujanpur(Sub-District) / Hamirpur(District) / Himachal Pradesh(State),00956800,016400,N,,,,
1527,16401,Salghun Lachho (54/14),सलघूं लच्छो (54/14),Tira Sujanpur(Sub-District) / Hamirpur(District) / Himachal Pradesh(State),00956900,016401,N,,,,
1528,17046,Salhot (46/26),सलहोट (46/26),Hamirpur(Sub-District) / Hamirpur(District) / Himachal Pradesh(State),01018500,017046,N,,,,
1529,16739,Saloa (25/33),सलोआ (25/33),Kangoo(Sub-District) / Hamirpur(District) / Himachal Pradesh(State),00999000,016739,N,,,,
1530,16625,Saloh (17/27),सलोह (17/27),Nadaun(Sub-District) / Hamirpur(District) / Himachal Pradesh(State),00979000,016625,N,,,,
1531,17572,Salouni (40/2),सलौणी (40/2),Bhota(Sub-District) / Hamirpur(District) / Himachal Pradesh(State),01071900,017572,N,,,,
1532,16563,Salyal (19/8),सलयाल (19/8),Nadaun(Sub-District) / Hamirpur(District) / Himachal Pradesh(State),00973100,016563,N,,,,
1533,17545,Saman (35/4),समन (35/4),Barsar(Sub-District) / Hamirpur(District) / Himachal Pradesh(State),01069800,017545,N,,,,
1534,16463,Samarial (58/8),समरयाल (58/8),Tira Sujanpur(Sub-District) / Hamirpur(District) / Himachal Pradesh(State),00963100,016463,N,,,,
1535,17412,Samela (30/11),समैला (30/11),Barsar(Sub-District) / Hamirpur(District) / Himachal Pradesh(State),01057100,017412,N,,,,
1536,16727,Samhun (25/10),समूहं (25/10),Kangoo(Sub-District) / Hamirpur(District) / Himachal Pradesh(State),00997800,016727,N,,,,
1537,17781,Samirpur (44/15),समीरपुर (44/15),Tauni Devi Bamson(Sub-District) / Hamirpur(District) / Himachal Pradesh(State),01089600,017781,N,,,,
1538,16921,Samjal (27/10),समजाल (27/10),Galore(Sub-District) / Hamirpur(District) / Himachal Pradesh(State),00990500,016921,N,,,,
1539,17430,Samlehara (31/21),समलेहडा (31/21),Barsar(Sub-District) / Hamirpur(District) / Himachal Pradesh(State),01058900,017430,N,,,,
1540,17790,Samlehra (44/18),समलेहडा (44/18),Tauni Devi Bamson(Sub-District) / Hamirpur(District) / Himachal Pradesh(State),01090500,017790,N,,,,
1541,17982,Samlog (44/85),समलोग (44/85),Bhoranj(Sub-District) / Hamirpur(District) / Himachal Pradesh(State),01109700,017982,N,,,,
1542,17941,Samluhi (42/101),समलूही (42/101),Bhoranj(Sub-District) / Hamirpur(District) / Himachal Pradesh(State),01105600,017941,N,,,,
1543,17330,Samluhi (46/8),समलूही (46/8),Hamirpur(Sub-District) / Hamirpur(District) / Himachal Pradesh(State),01048300,017330,N,,,,
1544,17526,Samoh (32/11),समोह (32/11),Barsar(Sub-District) / Hamirpur(District) / Himachal Pradesh(State),01068100,017526,N,,,,
1545,16340,Samona (63/16),समोना (63/16),Tira Sujanpur(Sub-District) / Hamirpur(District) / Himachal Pradesh(State),00950800,016340,N,,,,
1546,17311,Samrala (42/48),समराला (42/48)),Hamirpur(Sub-District) / Hamirpur(District) / Himachal Pradesh(State),01046300,017311,N,,,,
1547,17259,Samryal (45/9),समरयाल (45/9),Hamirpur(Sub-District) / Hamirpur(District) / Himachal Pradesh(State),01041100,017259,N,,,,
1548,17722,Samtana Kalan (34/100),समताना कलां (34/100),Dhatwal(Sub-District) / Hamirpur(District) / Himachal Pradesh(State),01085400,017722,N,,,,
1549,17721,Samtana Khurd (34/97),समताना खुर्द (34/97),Dhatwal(Sub-District) / Hamirpur(District) / Himachal Pradesh(State),01085300,017721,N,,,,
1550,17860,Samwi (44/82),सम्बी (44/82),Bhoranj(Sub-District) / Hamirpur(District) / Himachal Pradesh(State),01097500,017860,N,,,,
1551,16905,Sanai Kalan (26/10),सनाही कलां (26/10),Kangoo(Sub-District) / Hamirpur(District) / Himachal Pradesh(State),00988000,016905,N,,,,
1552,16907,Sanai Khurd (26/9),सनाही खुर्द (26/9),Kangoo(Sub-District) / Hamirpur(District) / Himachal Pradesh(State),00988200,016907,N,,,,
1553,16879,Sanani (23/16),साननी (23/16),Nadaun(Sub-District) / Hamirpur(District) / Himachal Pradesh(State),01012900,016879,N,,,,
1554,16358,Sandrara (55/1),सून्दराडा (55/1),Tira Sujanpur(Sub-District) / Hamirpur(District) / Himachal Pradesh(State),00952600,016358,N,,,,
1555,16690,Sandwan (20/26),सधवान (20/26),Nadaun(Sub-District) / Hamirpur(District) / Himachal Pradesh(State),00985400,016690,N,,,,
1556,17286,Saned (42/10),सनेड (42/10),Hamirpur(Sub-District) / Hamirpur(District) / Himachal Pradesh(State),01043800,017286,N,,,,
1557,17532,Sangarl (35/5),संगारल (35/5),Barsar(Sub-District) / Hamirpur(District) / Himachal Pradesh(State),01068600,017532,N,,,,
1558,17986,Sangarwar (43/24),संग्रवाड़ (43/24),Bhoranj(Sub-District) / Hamirpur(District) / Himachal Pradesh(State),01110100,017986,N,,,,
1559,939645,Sangehri (34/100),संगेहड़ी (34/100),Dhatwal(Sub-District) / Hamirpur(District) / Himachal Pradesh(State),,000000,N,,,,
1560,17779,Sangroh Kalan (44/16),संगरोह कलां (44/16),Tauni Devi Bamson(Sub-District) / Hamirpur(District) / Himachal Pradesh(State),01089400,017779,N,,,,
1561,17783,Sangroh Khurd (44/19),संगरोह खुर्द (44/19),Tauni Devi Bamson(Sub-District) / Hamirpur(District) / Himachal Pradesh(State),01089800,017783,N,,,,
1562,16770,Sankar (25/51),सनकर (25/51),Kangoo(Sub-District) / Hamirpur(District) / Himachal Pradesh(State),01002000,016770,N,,,,
1563,16468,Sanwin Kalan (58/7),सन्वीं कलां (58/7),Tira Sujanpur(Sub-District) / Hamirpur(District) / Himachal Pradesh(State),00963600,016468,N,,,,
1564,16469,Sanwin Khurd (58/10),सन्वीं खुर्द (58/1),Tira Sujanpur(Sub-District) / Hamirpur(District) / Himachal Pradesh(State),00963700,016469,N,,,,
1565,16460,Sapahal Khas (61/8),स्पाहल खास (61/8),Tira Sujanpur(Sub-District) / Hamirpur(District) / Himachal Pradesh(State),00962800,016460,N,,,,
1566,17795,Sapnehra (44/14),सपनेहड़ा (44/14),Tauni Devi Bamson(Sub-District) / Hamirpur(District) / Himachal Pradesh(State),01091000,017795,N,,,,
1567,16851,Sarahlari (21/34),सराहलडी (21/34),Nadaun(Sub-District) / Hamirpur(District) / Himachal Pradesh(State),01010100,016851,N,,,,
1568,16607,Sarai (17/17),सरायें (17/17),Nadaun(Sub-District) / Hamirpur(District) / Himachal Pradesh(State),00977200,016607,N,,,,
1569,17045,Sarakhar (46/25),सराहकड (46/25),Hamirpur(Sub-District) / Hamirpur(District) / Himachal Pradesh(State),01018400,017045,N,,,,
1570,16942,Sareri (36/2),सरेडी (36/2),Galore(Sub-District) / Hamirpur(District) / Himachal Pradesh(State),00992600,016942,N,,,,
1571,16863,Sarhun (22/8),सरहू (22/8),Nadaun(Sub-District) / Hamirpur(District) / Himachal Pradesh(State),01011300,016863,N,,,,
1572,17716,Sariana (34/91),सरयाणा (34/91),Dhatwal(Sub-District) / Hamirpur(District) / Himachal Pradesh(State),01084800,017716,N,,,,
1573,17476,Sarla (33/16),सरला (33/16),Barsar(Sub-District) / Hamirpur(District) / Himachal Pradesh(State),01063200,017476,N,,,,
1574,17326,Sarlin (45/33),सरली (45/33),Lambloo(Sub-District) / Hamirpur(District) / Himachal Pradesh(State),01047900,017326,N,,,,
1575,17912,Sarlog (42/100),सरलोग (42/100),Bhoranj(Sub-District) / Hamirpur(District) / Himachal Pradesh(State),01102700,017912,N,,,,
1576,16379,Sarohal (55/13),सरोहल (55/13),Tira Sujanpur(Sub-District) / Hamirpur(District) / Himachal Pradesh(State),00954700,016379,N,,,,
1577,17006,Sarothi (38/5),सरोठी (38/5),Galore(Sub-District) / Hamirpur(District) / Himachal Pradesh(State),01036700,017006,N,,,,
1578,16969,Sarwin (28/13),साहडवी (28/13),Galore(Sub-District) / Hamirpur(District) / Himachal Pradesh(State),00995400,016969,N,,,,
1579,939640,Saryalan Di Bahal (34/22),सरयालां-दी-बाहल (34/22),Dhatwal(Sub-District) / Hamirpur(District) / Himachal Pradesh(State),,000000,N,,,,
1580,17889,Sasal (44/67),ससल (44/67),Bhoranj(Sub-District) / Hamirpur(District) / Himachal Pradesh(State),01100400,017889,N,,,,
1581,16817,Sasan (21/2),सासन (21/2),Nadaun(Sub-District) / Hamirpur(District) / Himachal Pradesh(State),01006700,016817,N,,,,
1582,17436,Sasan (31/10),सासन (31/10),Barsar(Sub-District) / Hamirpur(District) / Himachal Pradesh(State),01059500,017436,N,,,,
1583,17127,Sasan (49/4),सासन (49/4),Hamirpur(Sub-District) / Hamirpur(District) / Himachal Pradesh(State),01026200,017127,N,,,,
1584,16900,Sasan Brahmana (26/17),शासन ब्रह्मणा (26/17),Kangoo(Sub-District) / Hamirpur(District) / Himachal Pradesh(State),00987500,016900,N,,,,
1585,16908,Sasan Masandan (26/21),शासन मसंदा (26/21),Kangoo(Sub-District) / Hamirpur(District) / Himachal Pradesh(State),00988300,016908,N,,,,
1586,16816,Sasan Renthal (21/11),सासन रैन्थल (21/11),Nadaun(Sub-District) / Hamirpur(District) / Himachal Pradesh(State),01006600,016816,N,,,,
1587,17687,Sathwin,सठवीं-II,Dhatwal(Sub-District) / Hamirpur(District) / Himachal Pradesh(State),01082200,017687,N,,,,
1588,17685,Sathwin Khurd (34/60),सठवीं खुर्द (34/60),Dhatwal(Sub-District) / Hamirpur(District) / Himachal Pradesh(State),01082200,017685,N,,,,
1589,17441,Satrukha (13/4),सतरुखा (13/4),Barsar(Sub-District) / Hamirpur(District) / Himachal Pradesh(State),01060000,017441,N,,,,
1590,16446,Saud (60/3),सौड (60/3),Tira Sujanpur(Sub-District) / Hamirpur(District) / Himachal Pradesh(State),00961400,016446,N,,,,
1591,17613,Saur (41/17),सौर (41/17),Bhota(Sub-District) / Hamirpur(District) / Himachal Pradesh(State),01075600,017613,N,,,,
1592,17022,Sawana (62/23),स्वाणा (62/23),Tauni Devi Bamson(Sub-District) / Hamirpur(District) / Himachal Pradesh(State),01016100,017022,N,,,,
1593,17434,Seokar (31/11),स्योकड (31/11),Barsar(Sub-District) / Hamirpur(District) / Himachal Pradesh(State),01059300,017434,N,,,,
1594,16668,Seoti (20/27),सियोटी (20/27),Nadaun(Sub-District) / Hamirpur(District) / Himachal Pradesh(State),00983200,016668,N,,,,
1595,16742,Ser (25/43),सेर (25/43),Kangoo(Sub-District) / Hamirpur(District) / Himachal Pradesh(State),00999300,016742,N,,,,
1596,17220,Ser (39/18),सेर (39/18),Hamirpur(Sub-District) / Hamirpur(District) / Himachal Pradesh(State),01037100,017220,N,,,,
1597,17895,Ser (42/59),सेर (42/59),Bhoranj(Sub-District) / Hamirpur(District) / Himachal Pradesh(State),01101000,017895,N,,,,
1598,17255,Ser (46/24),सेर (46/24),Hamirpur(Sub-District) / Hamirpur(District) / Himachal Pradesh(State),01040700,017255,N,,,,
1599,16571,Ser Buhla (18/3),सेर वूहला (18/3),Nadaun(Sub-District) / Hamirpur(District) / Himachal Pradesh(State),00973900,016571,N,,,,
1600,939638,Seri (19/41),सेरी (19/41),Nadaun(Sub-District) / Hamirpur(District) / Himachal Pradesh(State),,000000,N,,,,
1601,17523,Seri (32/4),सेरी (32/4),Barsar(Sub-District) / Hamirpur(District) / Himachal Pradesh(State),01067800,017523,N,,,,
1602,16570,Ser Upperla (18/1),सेर उपरला (18/1),Nadaun(Sub-District) / Hamirpur(District) / Himachal Pradesh(State),00973800,016570,N,,,,
1603,17926,Seu (42/38),सेऊ (42/38),Bhoranj(Sub-District) / Hamirpur(District) / Himachal Pradesh(State),01104100,017926,N,,,,
1604,17182,Shastar (47/42),शस्त्र (47/42),Hamirpur(Sub-District) / Hamirpur(District) / Himachal Pradesh(State),01031700,017182,N,,,,
1605,17394,Sher Har Do (29/8),सेर हरदो (29/8),Barsar(Sub-District) / Hamirpur(District) / Himachal Pradesh(State),01055400,017394,N,,,,
1606,939643,Shiv Nagar(34/47),शिवनगर (34/47),Dhatwal(Sub-District) / Hamirpur(District) / Himachal Pradesh(State),,000000,N,,,,
1607,16505,Shukhani 63/9),सुखानी (63/9),Tira Sujanpur(Sub-District) / Hamirpur(District) / Himachal Pradesh(State),00967300,016505,N,,,,
1608,17608,Sidhpur (40/33),सिधपुर (40/33),Bhota(Sub-District) / Hamirpur(District) / Himachal Pradesh(State),01075100,017608,N,,,,
1609,17091,Sihal Bhuli (50/5),सिहाल बुहली (50/5),Hamirpur(Sub-District) / Hamirpur(District) / Himachal Pradesh(State),01022700,017091,N,,,,
1610,17100,Sihal Uperli (49/15),सिहल उपरली (49/15),Hamirpur(Sub-District) / Hamirpur(District) / Himachal Pradesh(State),01023600,017100,N,,,,
1611,17377,Sikander (45/68),सिकांदर (45/68),Tauni Devi Bamson(Sub-District) / Hamirpur(District) / Himachal Pradesh(State),01053700,017377,N,,,,
1612,17445,Singwin (13/3),सिंघवी (13/3),Barsar(Sub-District) / Hamirpur(District) / Himachal Pradesh(State),01060200,017445,N,,,,
1613,17380,Siswan (45/54),सिसवां (45/54),Tauni Devi Bamson(Sub-District) / Hamirpur(District) / Himachal Pradesh(State),01054000,017380,N,,,,
1614,17160,Siyuni (52/6),सियूणी (52/6),Hamirpur(Sub-District) / Hamirpur(District) / Himachal Pradesh(State),01029500,017160,N,,,,
1615,17683,Smella (34/25),समैला (34/25),Dhatwal(Sub-District) / Hamirpur(District) / Himachal Pradesh(State),01082000,017683,N,,,,
1616,17646,Sohari (34/109),सोहारी (34/109),Dhatwal(Sub-District) / Hamirpur(District) / Himachal Pradesh(State),01078700,017646,N,,,,
1617,17647,Sohari Buhali,सोहारी बुहली,Dhatwal(Sub-District) / Hamirpur(District) / Himachal Pradesh(State),01078700,017647,N,,,,
1618,17648,Sohari Gabhli,सोहारी गभली,Dhatwal(Sub-District) / Hamirpur(District) / Himachal Pradesh(State),01078700,017648,N,,,,
1619,16758,Sohri (25/32),सोहरी (25/32),Kangoo(Sub-District) / Hamirpur(District) / Himachal Pradesh(State),01000900,016758,N,,,,
1620,16763,Sorar (25/24),सोरड (25/24),Kangoo(Sub-District) / Hamirpur(District) / Himachal Pradesh(State),01001300,016763,N,,,,
1621,17855,Sota (43/81),सौटा (43/81),Bhoranj(Sub-District) / Hamirpur(District) / Himachal Pradesh(State),01097000,017855,N,,,,
1622,17737,Sudar (34/79),सूदर (34/79),Dhatwal(Sub-District) / Hamirpur(District) / Himachal Pradesh(State),01086100,017737,N,,,,
1623,16674,Sudhial (20/5),सुधियाल (20/5),Nadaun(Sub-District) / Hamirpur(District) / Himachal Pradesh(State),00983800,016674,N,,,,
1624,17624,Sufan (41/9),सुफान (41/9),Bhota(Sub-District) / Hamirpur(District) / Himachal Pradesh(State),01076600,017624,N,,,,
1625,17708,Sugal (34/86),सुगल (34/86),Dhatwal(Sub-District) / Hamirpur(District) / Himachal Pradesh(State),01084100,017708,N,,,,
1626,16847,Suggal (21/31),शुगल (21/31),Nadaun(Sub-District) / Hamirpur(District) / Himachal Pradesh(State),01009700,016847,N,,,,
1627,17728,Suglani,सुगलानी,Dhatwal(Sub-District) / Hamirpur(District) / Himachal Pradesh(State),01085600,017728,N,,,,
1628,939627,Sujanpur (55/43),सुजानपुर (55/43),Tira Sujanpur(Sub-District) / Hamirpur(District) / Himachal Pradesh(State),,000000,N,,,,
1629,16717,Sukdiah Buhli (27/2),सुकडियाह बूहली (27/2),Kangoo(Sub-District) / Hamirpur(District) / Himachal Pradesh(State),00989600,016717,N,,,,
1630,16716,Sukdiah Upperli (27/1),सुकडियाह उपरली(27/1),Kangoo(Sub-District) / Hamirpur(District) / Himachal Pradesh(State),00989500,016716,N,,,,
1631,16835,Sukrala (21/22),सुकराला (21/22),Nadaun(Sub-District) / Hamirpur(District) / Himachal Pradesh(State),01008500,016835,N,,,,
1632,16939,Sukrala (36/10),सुकराला (36/10),Galore(Sub-District) / Hamirpur(District) / Himachal Pradesh(State),00992300,016939,N,,,,
1633,17084,Sul (51/17),सूल (51/17),Hamirpur(Sub-District) / Hamirpur(District) / Himachal Pradesh(State),01022000,017084,N,,,,
1634,17649,Sulhari (34/111),सुलहाड़ी (34/111),Dhatwal(Sub-District) / Hamirpur(District) / Himachal Pradesh(State),01078800,017649,N,,,,
1635,17911,Sulkhan (42/99),सुलखान (42/99),Bhoranj(Sub-District) / Hamirpur(District) / Himachal Pradesh(State),01102600,017911,N,,,,
1636,17641,Sunhani (34/108),सुनहानी (34/108),Dhatwal(Sub-District) / Hamirpur(District) / Himachal Pradesh(State),01078300,017641,N,,,,
1637,17264,Sunli (45/5),सुनलीं (45/5),Hamirpur(Sub-District) / Hamirpur(District) / Himachal Pradesh(State),01041600,017264,N,,,,
1638,17559,Sunwin (40/1),सुनवीं (40/1),Bhota(Sub-District) / Hamirpur(District) / Himachal Pradesh(State),01071100,017559,N,,,,
1639,17484,Sunwin Brahmna (33/11),सुनवीं ब्राहमणा (33/11),Barsar(Sub-District) / Hamirpur(District) / Himachal Pradesh(State),01064000,017484,N,,,,
1640,17485,Sunwin Rajputan (33/30),सुनवीं राजपुता (33/30),Barsar(Sub-District) / Hamirpur(District) / Himachal Pradesh(State),01064100,017485,N,,,,
1641,17029,Surah (62/16),सुराह (62/16),Tauni Devi Bamson(Sub-District) / Hamirpur(District) / Himachal Pradesh(State),01016800,017029,N,,,,
1642,17336,Swahal (46/23),स्वाहल (46/23),Hamirpur(Sub-District) / Hamirpur(District) / Himachal Pradesh(State),01048900,017336,N,,,,
1643,16416,Swahal (53/5),स्वाहल (53/5),Tira Sujanpur(Sub-District) / Hamirpur(District) / Himachal Pradesh(State),00958400,016416,N,,,,
1644,17373,Swahlwa (45/81),स्वाहलवा (45/81),Tauni Devi Bamson(Sub-District) / Hamirpur(District) / Himachal Pradesh(State),01053200,017373,N,,,,
1645,16671,Tailkar (20/29),तेलकड (20/29),Nadaun(Sub-District) / Hamirpur(District) / Himachal Pradesh(State),00983500,016671,N,,,,
1646,17684,Tajiar (34/24),तजयार (34/24),Dhatwal(Sub-District) / Hamirpur(District) / Himachal Pradesh(State),01082100,017684,N,,,,
1647,17871,Takuhta Bhatta (44/77),टकौता भट्टा (44/77),Bhoranj(Sub-District) / Hamirpur(District) / Himachal Pradesh(State),01098600,017871,N,,,,
1648,17875,Takuhta Brahmna (44/76),टकौता ब्राहमणा (44/76),Bhoranj(Sub-District) / Hamirpur(District) / Himachal Pradesh(State),01099000,017875,N,,,,
1649,17974,Talai (43/70),तलाई (43/70),Jahu(Sub-District) / Hamirpur(District) / Himachal Pradesh(State),01108900,017974,N,,,,
1650,17224,Talasi Kalan (39/20),तलासी कलां (39/20),Hamirpur(Sub-District) / Hamirpur(District) / Himachal Pradesh(State),01037500,017224,N,,,,
1651,17221,Talasi Khurd (39/10),तलासी खुर्द (39/10),Hamirpur(Sub-District) / Hamirpur(District) / Himachal Pradesh(State),01037200,017221,N,,,,
1652,17952,Tamroh (42/117),तमरोह (42/117),Bhoranj(Sub-District) / Hamirpur(District) / Himachal Pradesh(State),01106700,017952,N,,,,
1653,18029,Tan Amroh (43/42),तन अमरोह (43/42),Bhoranj(Sub-District) / Hamirpur(District) / Himachal Pradesh(State),01114400,018029,N,,,,
1654,17968,Tanda (42/118),टाण्डा (42/118),Bhoranj(Sub-District) / Hamirpur(District) / Himachal Pradesh(State),01108300,017968,N,,,,
1655,16685,Taneri (20/22),तनेहडी (20/22),Nadaun(Sub-District) / Hamirpur(District) / Himachal Pradesh(State),00984900,016685,N,,,,
1656,16592,Tang (17/41),टंग (17/41),Nadaun(Sub-District) / Hamirpur(District) / Himachal Pradesh(State),00975700,016592,N,,,,
1657,17738,Tang (34/76),टंग (34/76),Dhatwal(Sub-District) / Hamirpur(District) / Himachal Pradesh(State),01086200,017738,N,,,,
1658,17650,Tangar (34/110),टांगर (34/110),Dhatwal(Sub-District) / Hamirpur(District) / Himachal Pradesh(State),01078900,017650,N,,,,
1659,17025,Tap (62/27),ताप (62/27),Tauni Devi Bamson(Sub-District) / Hamirpur(District) / Himachal Pradesh(State),01016400,017025,N,,,,
1660,16519,Tapal Dhar (64/15),तपाल धार (64/15),Tira Sujanpur(Sub-District) / Hamirpur(District) / Himachal Pradesh(State),00968700,016519,N,,,,
1661,16464,Tapra (58/3),टप्परा (58/3),Tira Sujanpur(Sub-District) / Hamirpur(District) / Himachal Pradesh(State),00963200,016464,N,,,,
1662,17351,Tapre (45/63),टपरे (45/63),Tauni Devi Bamson(Sub-District) / Hamirpur(District) / Himachal Pradesh(State),01050400,017351,N,,,,
1663,16821,Tarangwal (21/29),तरंगवाल (21/29),Nadaun(Sub-District) / Hamirpur(District) / Himachal Pradesh(State),01007100,016821,N,,,,
1664,16333,Tariunda (63/15),तरयुण्डा (63/15),Tira Sujanpur(Sub-District) / Hamirpur(District) / Himachal Pradesh(State),00950100,016333,N,,,,
1665,16697,Tarkeri (20/24),तरकेडी (20/24),Kangoo(Sub-District) / Hamirpur(District) / Himachal Pradesh(State),00986100,016697,N,,,,
1666,16378,Tarkun (55/3),तरकून (55/3),Tira Sujanpur(Sub-District) / Hamirpur(District) / Himachal Pradesh(State),00954600,016378,N,,,,
1667,17843,Tarkwari (44/89),तरकवाडी (44/89),Bhoranj(Sub-District) / Hamirpur(District) / Himachal Pradesh(State),01095800,017843,N,,,,
1668,17492,Tarndol (32/8),तरडोल (32/8),Barsar(Sub-District) / Hamirpur(District) / Himachal Pradesh(State),01064800,017492,N,,,,
1669,16486,Taryamli (60/13),तरयामली (60/13),Tira Sujanpur(Sub-District) / Hamirpur(District) / Himachal Pradesh(State),00965400,016486,N,,,,
1670,17073,Taryolngla (51/22),तरयोंगला (51/22),Hamirpur(Sub-District) / Hamirpur(District) / Himachal Pradesh(State),01021000,017073,N,,,,
1671,16347,Tauru Buhla (55/40),टौरू बुहला (55/40),Tira Sujanpur(Sub-District) / Hamirpur(District) / Himachal Pradesh(State),00951500,016347,N,,,,
1672,16348,Tauru Upperla (55/39),टौरू उपरला (55/39),Tira Sujanpur(Sub-District) / Hamirpur(District) / Himachal Pradesh(State),00951600,016348,N,,,,
1673,17399,Techh (30/9),तेछ (30/9),Barsar(Sub-District) / Hamirpur(District) / Himachal Pradesh(State),01055900,017399,N,,,,
1674,16710,Telkar (26/4),तेलकड़ (26/4),Kangoo(Sub-District) / Hamirpur(District) / Himachal Pradesh(State),00988600,016710,N,,,,
1675,17431,Telkar (31/4),तेलकड (31/4),Barsar(Sub-District) / Hamirpur(District) / Himachal Pradesh(State),01059000,017431,N,,,,
1676,16599,Teongli (17/9),तयूगली (17/9),Nadaun(Sub-District) / Hamirpur(District) / Himachal Pradesh(State),00976400,016599,N,,,,
1677,16771,Thain (25/45),थाई (25/45),Kangoo(Sub-District) / Hamirpur(District) / Himachal Pradesh(State),01002100,016771,N,,,,
1678,16453,Thalakna (61/6),ठलाकनां (61/6),Tira Sujanpur(Sub-District) / Hamirpur(District) / Himachal Pradesh(State),00962100,016453,N,,,,
1679,17610,Thamani Chamyalan (41/2),ठमाहणी चम्यालां (41/2),Bhota(Sub-District) / Hamirpur(District) / Himachal Pradesh(State),01075300,017610,N,,,,
1680,17611,Thamani Manjhli (41/15),ठमाहणी मंझली (41/15),Bhota(Sub-District) / Hamirpur(District) / Himachal Pradesh(State),01075400,017611,N,,,,
1681,17612,Thamani Uperli (41/21),ठमाहणी उपरली (41/21),Bhota(Sub-District) / Hamirpur(District) / Himachal Pradesh(State),01075500,017612,N,,,,
1682,16708,Than (26/11),ठां (26/11),Kangoo(Sub-District) / Hamirpur(District) / Himachal Pradesh(State),00987200,016708,N,,,,
1683,16993,Than (37/30),ठां (37/30),Galore(Sub-District) / Hamirpur(District) / Himachal Pradesh(State),01035400,016993,N,,,,
1684,17498,Thana (32/9),ठाणा (32/9),Barsar(Sub-District) / Hamirpur(District) / Himachal Pradesh(State),01065400,017498,N,,,,
1685,17736,Thana (34/77),ठाणा (34/77),Dhatwal(Sub-District) / Hamirpur(District) / Himachal Pradesh(State),01086000,017736,N,,,,
1686,17269,Thana (42/51),ठाणा (42/51),Hamirpur(Sub-District) / Hamirpur(District) / Himachal Pradesh(State),01042100,017269,N,,,,
1687,17940,Thana (42/90),ठाणा (42/90),Bhoranj(Sub-District) / Hamirpur(District) / Himachal Pradesh(State),01105500,017940,N,,,,
1688,17371,Thana (45/83),ठाणा (45/83),Lambloo(Sub-District) / Hamirpur(District) / Himachal Pradesh(State),01053000,017371,N,,,,
1689,17042,Thana (47/3),ठाणा (47/3),Tauni Devi Bamson(Sub-District) / Hamirpur(District) / Himachal Pradesh(State),01018100,017042,N,,,,
1690,16493,Thana (58/13),ठाणा (58/13),Tira Sujanpur(Sub-District) / Hamirpur(District) / Himachal Pradesh(State),00966100,016493,N,,,,
1691,16501,Thana (63/5),ठाणा (63/5),Tira Sujanpur(Sub-District) / Hamirpur(District) / Himachal Pradesh(State),00966900,016501,N,,,,
1692,17449,Thana Brahmna,ठाणा ब्राहमणा,Barsar(Sub-District) / Hamirpur(District) / Himachal Pradesh(State),01060500,017449,N,,,,
1693,17368,Thankari (45/46),ठनकरी (45/46),Lambloo(Sub-District) / Hamirpur(District) / Himachal Pradesh(State),01052700,017368,N,,,,
1694,16507,Than Tikkar (63/31),ठान टिक्कर (63/31),Tira Sujanpur(Sub-District) / Hamirpur(District) / Himachal Pradesh(State),00967500,016507,N,,,,
1695,17759,Thaon (34/46),ठाओं (34/46),Dhatwal(Sub-District) / Hamirpur(District) / Himachal Pradesh(State),01088200,017759,N,,,,
1696,16882,Tharu (23/12),ठारू (23/12),Nadaun(Sub-District) / Hamirpur(District) / Himachal Pradesh(State),01013200,016882,N,,,,
1697,16503,Thathi (63/13),थाती (63/13),Tira Sujanpur(Sub-District) / Hamirpur(District) / Himachal Pradesh(State),00967100,016503,N,,,,
1698,16513,Thathi Alohian (64/4),थाथी अलोहिया (64/4),Tira Sujanpur(Sub-District) / Hamirpur(District) / Himachal Pradesh(State),00968100,016513,N,,,,
1699,16512,Thathi Gurdwalan (64/3),थाथी गुडरवाला (64/3),Tira Sujanpur(Sub-District) / Hamirpur(District) / Himachal Pradesh(State),00968000,016512,N,,,,
1700,16520,Thathi Sanewan (64/2),थाथी सैनूआं (64/2),Tira Sujanpur(Sub-District) / Hamirpur(District) / Himachal Pradesh(State),00968800,016520,N,,,,
1701,17807,Thathwin (43/90),ठठवीं (43/90),Bhoranj(Sub-District) / Hamirpur(District) / Himachal Pradesh(State),01092200,017807,N,,,,
1702,16670,Thudial (20/12),ढूडियाल (20/12),Nadaun(Sub-District) / Hamirpur(District) / Himachal Pradesh(State),00983400,016670,N,,,,
1703,16692,Thunial (20/9),थुनियाल (20/9),Nadaun(Sub-District) / Hamirpur(District) / Himachal Pradesh(State),00985600,016692,N,,,,
1704,17887,Thuthwani Brahmna (44/57),ठठवानी ब्राह्मणा (44/57),Bhoranj(Sub-District) / Hamirpur(District) / Himachal Pradesh(State),01100200,017887,N,,,,
1705,17888,Thuthwani Rajputan (44/58),ठठवानी राजपुता (44/58),Bhoranj(Sub-District) / Hamirpur(District) / Himachal Pradesh(State),01100300,017888,N,,,,
1706,17058,Tibbi (51/11),टिव्वी (51/11),Hamirpur(Sub-District) / Hamirpur(District) / Himachal Pradesh(State),01019700,017058,N,,,,
1707,17956,Tihra (42/85),टीहरा (42/85),Bhoranj(Sub-District) / Hamirpur(District) / Himachal Pradesh(State),01107100,017956,N,,,,
1708,16361,Tihra (55/36),टीहरा (55/36),Tira Sujanpur(Sub-District) / Hamirpur(District) / Himachal Pradesh(State),00952900,016361,N,,,,
1709,16929,Tihri (28/4),टीहरी (28/4),Galore(Sub-District) / Hamirpur(District) / Himachal Pradesh(State),00991300,016929,N,,,,
1710,17741,Tihri (34/49),टीहरी (34/49),Dhatwal(Sub-District) / Hamirpur(District) / Himachal Pradesh(State),01086500,017741,N,,,,
1711,17990,Tikari Ghuralan (43/20),टिक्करी घुराला (43/20),Bhoranj(Sub-District) / Hamirpur(District) / Himachal Pradesh(State),01110500,017990,N,,,,
1712,17663,Tikkar (34/2),टिक्कर (34/2),Dhatwal(Sub-District) / Hamirpur(District) / Himachal Pradesh(State),01080200,017663,N,,,,
1713,17742,Tikkar (34/50),टिक्कर (34/50),Dhatwal(Sub-District) / Hamirpur(District) / Himachal Pradesh(State),01086600,017742,N,,,,
1714,16418,Tikkar (53/2),टिक्कर (53/2),Tira Sujanpur(Sub-District) / Hamirpur(District) / Himachal Pradesh(State),00958600,016418,N,,,,
1715,16364,Tikkar (55/35),टिक्कर (55/35),Tira Sujanpur(Sub-District) / Hamirpur(District) / Himachal Pradesh(State),00953200,016364,N,,,,
1716,17821,Tikkar Buhla (44/28),टिक्कर बुहला (44/28),Tauni Devi Bamson(Sub-District) / Hamirpur(District) / Himachal Pradesh(State),01093600,017821,N,,,,
1717,17566,Tikkar Gadyani (40/13),टिक्कर गदयाणी (40/13),Bhota(Sub-District) / Hamirpur(District) / Himachal Pradesh(State),01071500,017566,N,,,,
1718,17793,Tikkari (44/6),टिक्करी (44/6),Tauni Devi Bamson(Sub-District) / Hamirpur(District) / Himachal Pradesh(State),01090800,017793,N,,,,
1719,17902,Tikkar Kharwarin (42/76),टिक्कर खरवाडयां (42/72),Bhoranj(Sub-District) / Hamirpur(District) / Himachal Pradesh(State),01101700,017902,N,,,,
1720,17819,Tikkar Upparla (44/47),टिक्कर उपरला (44/47),Tauni Devi Bamson(Sub-District) / Hamirpur(District) / Himachal Pradesh(State),01093400,017819,N,,,,
1721,16989,Tikker (37/32),टिक्कर (37/32),Galore(Sub-District) / Hamirpur(District) / Himachal Pradesh(State),01033200,016989,N,,,,
1722,17287,Tikker (42/12),टिक्कर (42/12),Hamirpur(Sub-District) / Hamirpur(District) / Himachal Pradesh(State),01043900,017287,N,,,,
1723,17270,Tikker (42/46),टिक्कर (42/46),Hamirpur(Sub-District) / Hamirpur(District) / Himachal Pradesh(State),01042200,017270,N,,,,
1724,17543,Tikker Brahmna (32/15),टिक्कर ब्राहमणा (32/15),Barsar(Sub-District) / Hamirpur(District) / Himachal Pradesh(State),01069600,017543,N,,,,
1725,17542,Tikker Rajputtan (32/16),टिक्कर राजपूतां (32/16),Barsar(Sub-District) / Hamirpur(District) / Himachal Pradesh(State),01069500,017542,N,,,,
1726,18013,Tikkri Manashan (43/21),टिक्करी मिन्हासा (43/21),Bhoranj(Sub-District) / Hamirpur(District) / Himachal Pradesh(State),01112800,018013,N,,,,
1727,16871,Tikkru Barota (23/7),टिकरु बरोटा (23/7),Nadaun(Sub-District) / Hamirpur(District) / Himachal Pradesh(State),01012100,016871,N,,,,
1728,16750,Tikri (25/8),टिकरी (25/8),Kangoo(Sub-District) / Hamirpur(District) / Himachal Pradesh(State),01000100,016750,N,,,,
1729,16351,Tikru (55/4),टिकरु (55/4),Tira Sujanpur(Sub-District) / Hamirpur(District) / Himachal Pradesh(State),00951900,016351,N,,,,
1730,16583,Tillah ( 17/39),टिल्ला (17/39),Nadaun(Sub-District) / Hamirpur(District) / Himachal Pradesh(State),00974900,016583,N,,,,
1731,16664,Tillu-I (19),टिल्लू -1 (19/39),Nadaun(Sub-District) / Hamirpur(District) / Himachal Pradesh(State),00982800,016664,N,,,,
1732,16665,Tillu-II (19),टिल्लू -11 (19/39),Nadaun(Sub-District) / Hamirpur(District) / Himachal Pradesh(State),00982900,016665,N,,,,
1733,16662,Tillu Khas (19/39),टिल्लू खास (19/39),Nadaun(Sub-District) / Hamirpur(District) / Himachal Pradesh(State),00982600,016662,N,,,,
1734,17390,Tipper Buhla (29/4),टिप्पर बूहला (29/4),Barsar(Sub-District) / Hamirpur(District) / Himachal Pradesh(State),01055000,017390,N,,,,
1735,17389,Tipper Upprla (29/3),टिप्पर उपरला (29/3),Barsar(Sub-District) / Hamirpur(District) / Himachal Pradesh(State),01054900,017389,N,,,,
1736,17028,Tiyan (62/14),त्यांण (62/14),Tauni Devi Bamson(Sub-District) / Hamirpur(District) / Himachal Pradesh(State),01016700,017028,N,,,,
1737,16786,Tobiani (24/3),तुबयानी (24/3),Nadaun(Sub-District) / Hamirpur(District) / Himachal Pradesh(State),01003600,016786,N,,,,
1738,18008,Tohalwin (43/68),तोहलवीं (43/68),Jahu(Sub-District) / Hamirpur(District) / Himachal Pradesh(State),01112300,018008,N,,,,
1739,17957,Tohu (42/86),तोहू (42/86),Bhoranj(Sub-District) / Hamirpur(District) / Himachal Pradesh(State),01107200,017957,N,,,,
1740,17879,Tooh (42/55),टूह (42/55),Bhoranj(Sub-District) / Hamirpur(District) / Himachal Pradesh(State),01099400,017879,N,,,,
1741,16896,Top (24/34),टोप (24/34),Nadaun(Sub-District) / Hamirpur(District) / Himachal Pradesh(State),01014600,016896,N,,,,
1742,16489,Topi (60/9),टोपी (60/9),Tira Sujanpur(Sub-District) / Hamirpur(District) / Himachal Pradesh(State),00965700,016489,N,,,,
1743,16648,Treti (19/44),तरेटी (19/44),Nadaun(Sub-District) / Hamirpur(District) / Himachal Pradesh(State),00981200,016648,N,,,,
1744,16875,Treti (23/8),तरेटी (23/8),Nadaun(Sub-District) / Hamirpur(District) / Himachal Pradesh(State),01012500,016875,N,,,,
1745,17332,Tropka (46/7),तरोपका (46/7),Hamirpur(Sub-District) / Hamirpur(District) / Himachal Pradesh(State),01048500,017332,N,,,,
1746,16924,Tuhni (27/23),तुहणी (27/23),Galore(Sub-District) / Hamirpur(District) / Himachal Pradesh(State),00990900,016924,N,,,,
1747,17527,Tukhani (32/3),तुखानी (32/3),Barsar(Sub-District) / Hamirpur(District) / Himachal Pradesh(State),01068200,017527,N,,,,
1748,17231,Tuklehra (39/14),टुकलेहडा (39/14),Hamirpur(Sub-District) / Hamirpur(District) / Himachal Pradesh(State),01038400,017231,N,,,,
1749,16595,Tukrun (17/15),टकरू (17/15),Nadaun(Sub-District) / Hamirpur(District) / Himachal Pradesh(State),00976000,016595,N,,,,
1750,17109,Ubhak (51/1),उभक (51/1),Hamirpur(Sub-District) / Hamirpur(District) / Himachal Pradesh(State),01024400,017109,N,,,,
1751,17200,Ubhdial (37/2),उभदयाल (37/2),Hamirpur(Sub-District) / Hamirpur(District) / Himachal Pradesh(State),01033500,017200,N,,,,
1752,17032,Uhal (62/9),उहल (62/9),Tauni Devi Bamson(Sub-District) / Hamirpur(District) / Himachal Pradesh(State),01017100,017032,N,,,,
1753,17596,Ujhan (40/43),उझाण (40/43),Bhota(Sub-District) / Hamirpur(District) / Himachal Pradesh(State),01074000,017596,N,,,,
1754,17281,Ukhli (42/15),उखली (42/15),Hamirpur(Sub-District) / Hamirpur(District) / Himachal Pradesh(State),01043300,017281,N,,,,
1755,16481,Ukhli (56/1),उखली (56/1),Tira Sujanpur(Sub-District) / Hamirpur(District) / Himachal Pradesh(State),00964900,016481,N,,,,
1756,17634,Uled Bairagi (41/3),उलेड बैरागी (41/3),Bhota(Sub-District) / Hamirpur(District) / Himachal Pradesh(State),01077600,017634,N,,,,
1757,17626,Uled Sidhu (41/20),उलेड सिद्धू (41/20),Bhota(Sub-District) / Hamirpur(District) / Himachal Pradesh(State),01076800,017626,N,,,,
1758,17204,Ulehera (37/1),उलेहडा (37/1),Hamirpur(Sub-District) / Hamirpur(District) / Himachal Pradesh(State),01033900,017204,N,,,,
1759,939660,Upmahal Anu (52),उपमहाल अणू (52),Hamirpur(Sub-District) / Hamirpur(District) / Himachal Pradesh(State),,000000,N,,,,
1760,939664,Up Mahal Chauki (42/52),उपमहाल चौकी (42/52),Hamirpur(Sub-District) / Hamirpur(District) / Himachal Pradesh(State),,000000,N,,,,
1761,939661,Upmahal Ghandhinagar (47),उपमहाल गांधीनगर (47),Hamirpur(Sub-District) / Hamirpur(District) / Himachal Pradesh(State),,000000,N,,,,
1762,939651,Up Mahal Goura (47),उपमहाल गौडा,Hamirpur(Sub-District) / Hamirpur(District) / Himachal Pradesh(State),,000000,N,,,,
1763,939650,Up Mahal Hamirpur (47),उपमहाल हमीरपुर (47),Hamirpur(Sub-District) / Hamirpur(District) / Himachal Pradesh(State),,000000,N,,,,
1764,17197,Upmahal Patiahu,उपमहाल पटयाऊ,Hamirpur(Sub-District) / Hamirpur(District) / Himachal Pradesh(State),01033100,017197,N,,,,
1765,939652,Upmahal Shivnagar,उपमहाल शिवनगर,Hamirpur(Sub-District) / Hamirpur(District) / Himachal Pradesh(State),,000000,N,,,,
1766,939667,Up Mohal Hari Nagar(45-26),उपमहाल हरिनगर (45/26),Hamirpur(Sub-District) / Hamirpur(District) / Himachal Pradesh(State),,000000,N,,,,
1767,939685,Up Mohal Krishna Nagar (48),उपमहाल कृष्णानगर (48),Hamirpur(Sub-District) / Hamirpur(District) / Himachal Pradesh(State),,000000,N,,,,
1768,939675,Up Mohal Neri Harbal (37-18),उपमहाल नेरी हर्बल (37/18),Hamirpur(Sub-District) / Hamirpur(District) / Himachal Pradesh(State),,000000,N,,,,
1769,939662,Up Mohal Partap Nagar (47),उपमहाल प्रतापनगर (47),Hamirpur(Sub-District) / Hamirpur(District) / Himachal Pradesh(State),,000000,N,,,,
1770,939668,Up Mohal Rajol (45-12),उपमहाल रजोल (45/12),Hamirpur(Sub-District) / Hamirpur(District) / Himachal Pradesh(State),,000000,N,,,,
1771,939666,Up Mohal Ranjit Nagar (45-1),उपमहाल रणजीतनगर (45/1),Hamirpur(Sub-District) / Hamirpur(District) / Himachal Pradesh(State),,000000,N,,,,
1772,939663,Up Mohal Rihala (42-52),उपमहाल रिहाला (42/52),Hamirpur(Sub-District) / Hamirpur(District) / Himachal Pradesh(State),,000000,N,,,,
1773,939674,Up Mohal Ropa (37-12),उपमहाल रोपा (37/12),Hamirpur(Sub-District) / Hamirpur(District) / Himachal Pradesh(State),,000000,N,,,,
1774,17079,Up Muhal Muthwan Chamialan,डीपीएफ मुठान चमयाला,Hamirpur(Sub-District) / Hamirpur(District) / Himachal Pradesh(State),01021500,017079,N,,,,
1775,17335,Ushli (46/1),उसली (46/1),Hamirpur(Sub-District) / Hamirpur(District) / Himachal Pradesh(State),01048800,017335,N,,,,
1776,17470,Usnar Kalan (33/27),उसनाड  कलां (33/27),Barsar(Sub-District) / Hamirpur(District) / Himachal Pradesh(State),01062600,017470,N,,,,
1777,17469,Usnar Khurd (33/26),उसनाड खुर्द    (33/26),Barsar(Sub-District) / Hamirpur(District) / Himachal Pradesh(State),01062500,017469,N,,,,
1778,939653,Usyana (47-15),उसयाणा (47/15),Hamirpur(Sub-District) / Hamirpur(District) / Himachal Pradesh(State),,000000,N,,,,
1779,17021,Utpur (62/21),उट्पुर (62/21),Tauni Devi Bamson(Sub-District) / Hamirpur(District) / Himachal Pradesh(State),01016000,017021,N,,,,
1780,17789,Uttamber (44/1),उटाम्बर (44/1),Tauni Devi Bamson(Sub-District) / Hamirpur(District) / Himachal Pradesh(State),01090400,017789,N,,,,
1781,16971,Uttap (28/1),उटप (28/1),Galore(Sub-District) / Hamirpur(District) / Himachal Pradesh(State),00995600,016971,N,,,,
1782,939644,Van Sathwin,वन सठवीं,Dhatwal(Sub-District) / Hamirpur(District) / Himachal Pradesh(State),,000000,N,,,,
1783,939676,Vikasnagar (47/29),विकासनगर (47/29),Hamirpur(Sub-District) / Hamirpur(District) / Himachal Pradesh(State),,000000,N,,,,
