S No,Village LGD Code,Village Name (In English),Village Name (In Local language),Hierarchy,Census 2001 Code,Census2011 Code,Pesa Status,View Government Order,View Details,View History,View Map
1,11539,Aasan Pat (42),आसनपट (42),Chachian(Sub-District) / Kangra(District) / Himachal Pradesh(State),00486200,011539,N,,,,
2,9672,Abdullapur (435),अबदुल्लापुर (435),Kangra(Sub-District) / Kangra(District) / Himachal Pradesh(State),00299600,009672,N,,,,
3,10491,Adhwani (350),अधवाणी (350),Bharoli(Sub-District) / Kangra(District) / Himachal Pradesh(State),00377600,010491,N,eSignGOFile131557_10_06_2024_16_15_55.pdf,,,
4,8450,Agara Nal (411),आगरा दा नाल (411),Gangath(Sub-District) / Kangra(District) / Himachal Pradesh(State),00177800,008450,N,,,,
5,8882,Aghar (173),अगाहर (173),Rey(Sub-District) / Kangra(District) / Himachal Pradesh(State),00221000,008882,N,,,,
6,8469,Aghar (309),अघार (309),Nurpur(Sub-District) / Kangra(District) / Himachal Pradesh(State),00179700,008469,N,,,,
7,10864,Aghar (789),अघार (789),Khundian(Sub-District) / Kangra(District) / Himachal Pradesh(State),00418800,010864,N,,,,
8,11785,Agojar Khas (750),अगोज़र खास (750),Panchrukhi(Sub-District) / Kangra(District) / Himachal Pradesh(State),00510800,011785,N,,,,
9,8360,Agrah Da Ban (25),आंगडा दा बन (25),Nurpur(Sub-District) / Kangra(District) / Himachal Pradesh(State),00168800,008360,N,,,,
10,11842,Aima (212),आइमा (212),Palampur(Sub-District) / Kangra(District) / Himachal Pradesh(State),00516500,011842,N,,,,
11,9726,Aima (261),आईमा (261),Kangra(Sub-District) / Kangra(District) / Himachal Pradesh(State),00306200,009726,N,,,,
12,10341,Akhanbali (534),आखनबली (534),Haripur(Sub-District) / Kangra(District) / Himachal Pradesh(State),00366500,010341,N,,,,
13,10157,Akrana (770),अकराना (770),Baroh(Sub-District) / Kangra(District) / Himachal Pradesh(State),00348100,010157,N,,,,
14,11348,Alampur (472),आलमपुर (472),Alampur(Sub-District) / Kangra(District) / Himachal Pradesh(State),00467100,011348,N,,,,
15,10805,Aloh (271),अलोह (271),Rakkar(Sub-District) / Kangra(District) / Himachal Pradesh(State),00412900,010805,N,,,,
16,10713,Aloh Buhla (207),अलोह बुहला (207),Pragpur(Sub-District) / Kangra(District) / Himachal Pradesh(State),00403700,010713,N,,,,
17,10723,Aloh Chambyala (214),अलोह चम्बयाला (214),Pragpur(Sub-District) / Kangra(District) / Himachal Pradesh(State),00404700,010723,N,,,,
18,10804,Aloh Parla (274),अलोह पारला (274),Rakkar(Sub-District) / Kangra(District) / Himachal Pradesh(State),00412800,010804,N,,,,
19,11216,Alsa (139),अलसा (139),Dhira(Sub-District) / Kangra(District) / Himachal Pradesh(State),00453900,011216,N,,,,
20,11411,Alsanu (625),अलसानू (625),Jaisinghpur(Sub-District) / Kangra(District) / Himachal Pradesh(State),00473400,011411,N,,,,
21,11165,Alsehar (127),अलसेहड़ (127),Dhira(Sub-District) / Kangra(District) / Himachal Pradesh(State),00448800,011165,N,,,,
22,10862,Aluha (687),अलूहा (687),Khundian(Sub-District) / Kangra(District) / Himachal Pradesh(State),00418600,010862,N,,,,
23,10623,Amalehar (32),अमलैहड़ (32),Jaswan(Sub-District) / Kangra(District) / Himachal Pradesh(State),00394700,010623,N,,,,
24,11896,Amarpur (832),अमरपुर (832),Baijnath(Sub-District) / Kangra(District) / Himachal Pradesh(State),00521900,011896,N,,,,
25,939751,Amarpuri (Nac) (431-3),अमरपुरी (431-3),Dehra Gopipur(Sub-District) / Kangra(District) / Himachal Pradesh(State),,000000,N,,,,
26,10407,Amb (619),अम्ब (619),Dehra Gopipur(Sub-District) / Kangra(District) / Himachal Pradesh(State),00373100,010407,N,,,,
27,11256,Amb (640),अम्व (640),Jaisinghpur(Sub-District) / Kangra(District) / Himachal Pradesh(State),00457900,011256,N,,,,
28,10851,Ambara 785),अम्बाड़ा (785),Khundian(Sub-District) / Kangra(District) / Himachal Pradesh(State),00417500,010851,N,,,,
29,9463,Ambari (287),अम्वाड़ी (287),Shahpur(Sub-District) / Kangra(District) / Himachal Pradesh(State),00279000,009463,N,,,,
30,10932,Ambkan (824),अम्बकण (824),Khundian(Sub-District) / Kangra(District) / Himachal Pradesh(State),00425600,010932,N,,,,
31,10394,Amblahar (586),अम्बलाहड (586),Dehra Gopipur(Sub-District) / Kangra(District) / Himachal Pradesh(State),00371800,010394,N,,,,
32,11453,Ambla Tapa (974),अमलटपा (974),Jaisinghpur(Sub-District) / Kangra(District) / Himachal Pradesh(State),00477600,011453,N,,,,
33,9516,Ambota (310),अम्बोटा (310),Dharmsala(Sub-District) / Kangra(District) / Himachal Pradesh(State),00285500,009516,N,,,,
34,10501,Ambotu (344),अम्बोटू (344),Bharoli(Sub-District) / Kangra(District) / Himachal Pradesh(State),00378600,010501,N,eSignGOFile131557_11_06_2024_16_52_36.pdf,,,
35,11258,Ambotu (636),अम्वोटू (636),Jaisinghpur(Sub-District) / Kangra(District) / Himachal Pradesh(State),00458100,011258,N,,,,
36,11782,Ambotu (737),अम्बोटू (737),Panchrukhi(Sub-District) / Kangra(District) / Himachal Pradesh(State),00510500,011782,N,,,,
37,10312,Amlehar (441),अमलेहड (441),Haripur(Sub-District) / Kangra(District) / Himachal Pradesh(State),00363600,010312,N,,,,
38,9177,Amlela (481),अमलेला (481),Nagrota Surian(Sub-District) / Kangra(District) / Himachal Pradesh(State),00250400,009177,N,,,,
39,10316,Amloh (444),अमलोह (444),Haripur(Sub-District) / Kangra(District) / Himachal Pradesh(State),00364000,010316,N,,,,
40,9042,Amni (135),अमनी (135),Kotla(Sub-District) / Kangra(District) / Himachal Pradesh(State),00236900,009042,N,,,,
41,10683,Amran (74),अमरां-(74),Dadasiba(Sub-District) / Kangra(District) / Himachal Pradesh(State),00400700,010683,N,,,,
42,10885,Amred (809),अमरेड (809),Majheen(Sub-District) / Kangra(District) / Himachal Pradesh(State),00420900,010885,N,,,,
43,10616,Amroh (13),अमरोह (13),Jaswan(Sub-District) / Kangra(District) / Himachal Pradesh(State),00394000,010616,N,,,,
44,12132,Anderli Malhan (1067),अन्दरली मलहां (1067),Multhan(Sub-District) / Kangra(District) / Himachal Pradesh(State),00545500,012132,N,,,,
45,11761,Andora (743),अन्दौरा (743),Panchrukhi(Sub-District) / Kangra(District) / Himachal Pradesh(State),00508400,011761,N,,,,
46,8815,Andrah (20),अन्दराह (20),Rey(Sub-District) / Kangra(District) / Himachal Pradesh(State),00214300,008815,N,,,,
47,11320,Andrana (490),अन्द्राणा(490),Alampur(Sub-District) / Kangra(District) / Himachal Pradesh(State),00464300,011320,N,,,,
48,9624,Andrar (504),अन्दाड (504),Dharmsala(Sub-District) / Kangra(District) / Himachal Pradesh(State),00296400,009624,N,,,,
49,11093,Andrauli (422),अन्द्रौली (422),Thural(Sub-District) / Kangra(District) / Himachal Pradesh(State),00441600,011093,N,,,,
50,9752,Andreta (208),अन्दरेटा (208),Kangra(Sub-District) / Kangra(District) / Himachal Pradesh(State),00308800,009752,N,,,,
51,11787,Andretta (749),अन्द्रेटा (749),Panchrukhi(Sub-District) / Kangra(District) / Himachal Pradesh(State),00511000,011787,N,,,,
52,11447,Anirudh (954),अनीरूध (954),Jaisinghpur(Sub-District) / Kangra(District) / Himachal Pradesh(State),00477000,011447,N,,,,
53,9606,Anjani (479),अंजनी (479),Dharmsala(Sub-District) / Kangra(District) / Himachal Pradesh(State),00294600,009606,N,,,,
54,9003,Anoh Barla (202),अनोह वड़ला (202),Fatehpur(Sub-District) / Kangra(District) / Himachal Pradesh(State),00233100,009003,N,,,,
55,9002,Anoh Dhameta (208),अनोह धमेटा (208),Fatehpur(Sub-District) / Kangra(District) / Himachal Pradesh(State),00233000,009002,N,,,,
56,9680,Ansoli (428),अनसोली (428),Kangra(Sub-District) / Kangra(District) / Himachal Pradesh(State),00300400,009680,N,,,,
57,9104,Anuhi Khas (268),अनूही (268),Kotla(Sub-District) / Kangra(District) / Himachal Pradesh(State),00243100,009104,N,,,,
58,11464,Aranda (904),अरण्डा (904),Jaisinghpur(Sub-District) / Kangra(District) / Himachal Pradesh(State),00478700,011464,N,,,,
59,11590,Arla Khas (203),अरला (203),Sulah(Sub-District) / Kangra(District) / Himachal Pradesh(State),00491300,011590,N,,,,
60,11669,Arth (287),आरठ (287),Bhawarna(Sub-District) / Kangra(District) / Himachal Pradesh(State),00499200,011669,N,,,,
61,11273,Arth (649),आरठ (649),Jaisinghpur(Sub-District) / Kangra(District) / Himachal Pradesh(State),00459600,011273,N,,,,
62,11484,Arthi (21),अरडी (21),Chachian(Sub-District) / Kangra(District) / Himachal Pradesh(State),00480700,011484,N,,,,
63,11544,Arth Jhikli (45),आरठ झिकली (45),Chachian(Sub-District) / Kangra(District) / Himachal Pradesh(State),00486700,011544,N,,,,
64,11543,Arth Uparli (37),आरठ उपरली (37),Chachian(Sub-District) / Kangra(District) / Himachal Pradesh(State),00486600,011543,N,,,,
65,11388,Ashapuri (634),आशापुरी (634),Jaisinghpur(Sub-District) / Kangra(District) / Himachal Pradesh(State),00471100,011388,N,,,,
66,8316,Aundi Khas (100),औन्दी खास (100),Sadwan(Sub-District) / Kangra(District) / Himachal Pradesh(State),00164400,008316,N,,,,
67,11908,Averi (784),अवैरी (784),Baijnath(Sub-District) / Kangra(District) / Himachal Pradesh(State),00523100,011908,N,,,,
68,9682,Baag (415),बाग (415),Kangra(Sub-District) / Kangra(District) / Himachal Pradesh(State),00300600,009682,N,,,,
69,9804,Baag (562),बाग (562),Kangra(Sub-District) / Kangra(District) / Himachal Pradesh(State),00314000,009804,N,,,,
70,9960,Baagian (615),बागीयां (615),Nagrota Bagwan(Sub-District) / Kangra(District) / Himachal Pradesh(State),00328400,009960,N,,,,
71,11986,Babal (957),बाबल (957),Chadiyar(Sub-District) / Kangra(District) / Himachal Pradesh(State),00530900,011986,N,,,,
72,9882,Bachhun (721),वछूँ (721),Nagrota Bagwan(Sub-District) / Kangra(District) / Himachal Pradesh(State),00320600,009882,N,,,,
73,9791,Badach (565),बाडछ (565),Kangra(Sub-District) / Kangra(District) / Himachal Pradesh(State),00312700,009791,N,,,,
74,8771,Badala (69),वडाला (69),Indora(Sub-District) / Kangra(District) / Himachal Pradesh(State),00210000,008771,N,,,,
75,11137,Badarta (520),वदारटा (520),Thural(Sub-District) / Kangra(District) / Himachal Pradesh(State),00446000,011137,N,,,,
76,8676,Baddi Dhar (144),बड़ी धार (144),Sadwan(Sub-District) / Kangra(District) / Himachal Pradesh(State),00200400,008676,N,,,,
77,9253,Baded (218),बड़ेड (218),Kotla(Sub-District) / Kangra(District) / Himachal Pradesh(State),00258000,009253,N,,,,
78,10853,Badehad (818),बदेहड़ (818),Khundian(Sub-District) / Kangra(District) / Himachal Pradesh(State),00417700,010853,N,,,,
79,11807,Badehar (688),बदेहड़ (688),Panchrukhi(Sub-District) / Kangra(District) / Himachal Pradesh(State),00513000,011807,N,,,,
80,9167,Badehla (65),बढेला (65),Jawali(Sub-District) / Kangra(District) / Himachal Pradesh(State),00249400,009167,N,,,,
81,11765,Badera (712),बडेरा (712),Panchrukhi(Sub-District) / Kangra(District) / Himachal Pradesh(State),00508800,011765,N,,,,
82,11639,Badghawar (276),वडघवार (276),Bhawarna(Sub-District) / Kangra(District) / Himachal Pradesh(State),00496200,011639,N,,,,
83,8840,Badhal (157),ब़दाल (157),Rey(Sub-District) / Kangra(District) / Himachal Pradesh(State),00216800,008840,N,,,,
84,8893,Badhal (33),वढाहल (33),Rey(Sub-District) / Kangra(District) / Himachal Pradesh(State),00222100,008893,N,,,,
85,10604,Badhal (38),बढाल (38),Jaswan(Sub-District) / Kangra(District) / Himachal Pradesh(State),00392800,010604,N,,,,
86,10621,Badhal Maira (31),बढ़ाल मैरा (31),Jaswan(Sub-District) / Kangra(District) / Himachal Pradesh(State),00394500,010621,N,,,,
87,10229,Badhal Nichli (119),बढ़ल निचली (119),Dehra Gopipur(Sub-District) / Kangra(District) / Himachal Pradesh(State),00355300,010229,N,,,,
88,10228,Badhal Uparli (116),बढ़ल उपरली (116),Dehra Gopipur(Sub-District) / Kangra(District) / Himachal Pradesh(State),00355200,010228,N,,,,
89,9106,Badhin (114),बढीन (114),Jawali(Sub-District) / Kangra(District) / Himachal Pradesh(State),00243300,009106,N,,,,
90,8919,Badiali (123),वड़ियाली (123),Fatehpur(Sub-District) / Kangra(District) / Himachal Pradesh(State),00224700,008919,N,,,,
91,9767,Badi Bahi (215),वडी वही (215),Kangra(Sub-District) / Kangra(District) / Himachal Pradesh(State),00310300,009767,N,,,,
92,8426,Badiyal (463),भदयाल (463),Gangath(Sub-District) / Kangra(District) / Himachal Pradesh(State),00175400,008426,N,,,,
93,11997,Badkut (997),वड़कुट (997),Chadiyar(Sub-District) / Kangra(District) / Himachal Pradesh(State),00532000,011997,N,,,,
94,11298,Badla (603),बड़ला (603),Jaisinghpur(Sub-District) / Kangra(District) / Himachal Pradesh(State),00462100,011298,N,,,,
95,10605,Badnali (5),बड़नाली (5),Jaswan(Sub-District) / Kangra(District) / Himachal Pradesh(State),00392900,010605,N,,,,
96,8944,Badnar (49),बधनाहड़ (49),Fatehpur(Sub-District) / Kangra(District) / Himachal Pradesh(State),00227200,008944,N,,,,
97,11916,Badod (760),बड़ोड़ (760),Baijnath(Sub-District) / Kangra(District) / Himachal Pradesh(State),00523900,011916,N,,,,
98,10435,Badoli (664),बदोली (664),Jawalamukhi(Sub-District) / Kangra(District) / Himachal Pradesh(State),00388800,010435,N,,,,
99,10967,Badorkar (718),वडोरकड़ (718),Khundian(Sub-District) / Kangra(District) / Himachal Pradesh(State),00429100,010967,N,,,,
100,11217,Badrer (140),बदरेड़ (140),Dhira(Sub-District) / Kangra(District) / Himachal Pradesh(State),00454000,011217,N,,,,
101,11486,Badsar (20),वडसर (20),Chachian(Sub-District) / Kangra(District) / Himachal Pradesh(State),00480900,011486,N,,,,
102,8342,Baduhi (54),बदूही (54),Nurpur(Sub-District) / Kangra(District) / Himachal Pradesh(State),00167000,008342,N,,,,
103,8767,Badukhar (71),वडुखर (71),Indora(Sub-District) / Kangra(District) / Himachal Pradesh(State),00209600,008767,N,,,,
104,8265,Baduni (135),वडूनी (135),Sadwan(Sub-District) / Kangra(District) / Himachal Pradesh(State),00159300,008265,N,,,,
105,8466,Badwal (304),बडवाल (304),Nurpur(Sub-District) / Kangra(District) / Himachal Pradesh(State),00179400,008466,N,,,,
106,10811,Badwar (282),वडवार (282),Rakkar(Sub-District) / Kangra(District) / Himachal Pradesh(State),00413500,010811,N,,,,
107,9220,Bag (241),बग (241),Kotla(Sub-District) / Kangra(District) / Himachal Pradesh(State),00254700,009220,N,,,,
108,10500,Bag (343),बाग (343),Bharoli(Sub-District) / Kangra(District) / Himachal Pradesh(State),00378500,010500,N,eSignGOFile131557_11_06_2024_16_52_36.pdf,,,
109,11063,Bag (383),वाग (383),Thural(Sub-District) / Kangra(District) / Himachal Pradesh(State),00438600,011063,N,,,,
110,11349,Bag (473),बाग (473),Alampur(Sub-District) / Kangra(District) / Himachal Pradesh(State),00467200,011349,N,,,,
111,10189,Bag (492),बाग (492),Haripur(Sub-District) / Kangra(District) / Himachal Pradesh(State),00351300,010189,N,,,,
112,10955,Bag (736),बग (736),Lagru(Sub-District) / Kangra(District) / Himachal Pradesh(State),00427900,010955,N,,,,
113,9776,Bag (807),बाग (807),Kangra(Sub-District) / Kangra(District) / Himachal Pradesh(State),00311200,009776,N,,,,
114,10887,Bag (808),बाग (808),Majheen(Sub-District) / Kangra(District) / Himachal Pradesh(State),00421100,010887,N,,,,
115,11648,Bag Buhla (269),बाग बुहला (269),Palampur(Sub-District) / Kangra(District) / Himachal Pradesh(State),00497100,011648,N,eSignGOFile662648_19_02_2025_13_53_47.pdf,,,
116,11919,Bagdi (764),बगड़ी (764),Baijnath(Sub-District) / Kangra(District) / Himachal Pradesh(State),00524200,011919,N,,,,
117,10499,Bagehar (312),बंगेहड़ (312),Bharoli(Sub-District) / Kangra(District) / Himachal Pradesh(State),00378400,010499,N,eSignGOFile131557_10_06_2024_16_15_55.pdf,,,
118,11795,Bagehar (699),वगेहड़ (699),Panchrukhi(Sub-District) / Kangra(District) / Himachal Pradesh(State),00511800,011795,N,,,,
119,11153,Baggi (163),बग्गी (163),Dhira(Sub-District) / Kangra(District) / Himachal Pradesh(State),00447600,011153,N,,,,
120,10840,Baggi (697),बग्गी (697),Lagru(Sub-District) / Kangra(District) / Himachal Pradesh(State),00416400,010840,N,,,,
121,12069,Bagh (861),बाग (861),Baijnath(Sub-District) / Kangra(District) / Himachal Pradesh(State),00539200,012069,N,,,,
122,8437,Bagh Naal (416),वांग नाला (416),Gangath(Sub-District) / Kangra(District) / Himachal Pradesh(State),00176500,008437,N,,,,
123,8588,Baghni (165),बाघनी (165),Nurpur(Sub-District) / Kangra(District) / Himachal Pradesh(State),00191600,008588,N,,,,
124,9588,Baghni (390),बाघणी (390),Dharmsala(Sub-District) / Kangra(District) / Himachal Pradesh(State),00292800,009588,N,,,,
125,8353,Bagh Raja (33),वाग राजा (33),Nurpur(Sub-District) / Kangra(District) / Himachal Pradesh(State),00168100,008353,N,,,,
126,9631,Bagiyara ( 502),वगयाडा (502),Dharmsala(Sub-District) / Kangra(District) / Himachal Pradesh(State),00297100,009631,N,,,,
127,11415,Bag Kuljan (921),वागकुलजां (921),Jaisinghpur(Sub-District) / Kangra(District) / Himachal Pradesh(State),00473800,011415,N,,,,
128,9559,Bagli (410),बगली (410),Dharmsala(Sub-District) / Kangra(District) / Himachal Pradesh(State),00289900,009559,N,,,,
129,10259,Bagli Jhikli (141),बगली झिकली (141),Pragpur(Sub-District) / Kangra(District) / Himachal Pradesh(State),00358300,010259,N,,,,
130,10258,Bagli Uparli (144),बगली उपरली (144),Pragpur(Sub-District) / Kangra(District) / Himachal Pradesh(State),00358200,010258,N,eSignGOFile662648_18_02_2025_16_12_39.pdf,,,
131,11529,Bagora (67),वगौडा (67),Chachian(Sub-District) / Kangra(District) / Himachal Pradesh(State),00485200,011529,N,,,,
132,8998,Bagroli -I (209),वगड़ोली-1 (209),Fatehpur(Sub-District) / Kangra(District) / Himachal Pradesh(State),00232600,008998,N,,,,
133,8999,Bagroli Khas-I (211),बगडोली खास-। (211),Fatehpur(Sub-District) / Kangra(District) / Himachal Pradesh(State),00232700,008999,N,,,,
134,8946,Bagroli Khas-II (60),बगडोली खास-।। (60),Fatehpur(Sub-District) / Kangra(District) / Himachal Pradesh(State),00227400,008946,N,,,,
135,10363,Bagrot (549),वगरोट (549),Haripur(Sub-District) / Kangra(District) / Himachal Pradesh(State),00368700,010363,N,,,,
136,9421,Bagru (128),बागडू (128),Shahpur(Sub-District) / Kangra(District) / Himachal Pradesh(State),00274800,009421,N,,,,
137,9113,Bagrur (83),बगरूड़ (83),Jawali(Sub-District) / Kangra(District) / Himachal Pradesh(State),00244000,009113,N,,,,
138,10149,Bag Sapyara (851),बाग सपयाड़ा (851),Baroh(Sub-District) / Kangra(District) / Himachal Pradesh(State),00347300,010149,N,,,,
139,11649,Bag Uparla (266),बाग उपरला (266),Palampur(Sub-District) / Kangra(District) / Himachal Pradesh(State),00497200,011649,N,eSignGOFile662648_19_02_2025_13_53_47.pdf,,,
140,9081,Bagwal (32),भगवाल (32),Jawali(Sub-District) / Kangra(District) / Himachal Pradesh(State),00240800,009081,N,,,,
141,11155,Bah (120),बाह (120),Dhira(Sub-District) / Kangra(District) / Himachal Pradesh(State),00447800,011155,N,,,,
142,10520,Bah (379),बाह (379),Jawalamukhi(Sub-District) / Kangra(District) / Himachal Pradesh(State),00380500,010520,N,,,,
143,10084,Bahad (857),बाहड़ (857),Baroh(Sub-District) / Kangra(District) / Himachal Pradesh(State),00340800,010084,N,,,,
144,8851,Bahadpur (145),बहादपुर (145),Rey(Sub-District) / Kangra(District) / Himachal Pradesh(State),00217900,008851,N,,,,
145,11988,Bahal (959),बहल (959),Chadiyar(Sub-District) / Kangra(District) / Himachal Pradesh(State),00531100,011988,N,,,,
146,10478,Bahan Kalan (393),बाहना कलां (393),Jawalamukhi(Sub-District) / Kangra(District) / Himachal Pradesh(State),00376300,010478,N,,,,
147,12025,Bahikhas (893),वहीखास (893),Baijnath(Sub-District) / Kangra(District) / Himachal Pradesh(State),00534800,012025,N,,,,
148,9529,Bahl (324),बाहल (324),Dharmsala(Sub-District) / Kangra(District) / Himachal Pradesh(State),00286800,009529,N,,,,
149,10541,Bahl (361),बहल (361),Jawalamukhi(Sub-District) / Kangra(District) / Himachal Pradesh(State),00383100,010541,N,,,,
150,11900,Bahl (828),वहल (828),Baijnath(Sub-District) / Kangra(District) / Himachal Pradesh(State),00522300,011900,N,,,,
151,12013,Bahl (897),वहल (897),Baijnath(Sub-District) / Kangra(District) / Himachal Pradesh(State),00533600,012013,N,,,,
152,10895,Bahl Bagru (804),बहल वागड़ू (804),Majheen(Sub-District) / Kangra(District) / Himachal Pradesh(State),00421900,010895,N,,,,
153,11712,Bahl Kanslu (558),बहल कासलू (558),Bhawarna(Sub-District) / Kangra(District) / Himachal Pradesh(State),00503500,011712,N,,,,
154,10431,Bahni (424),बाहनी (424),Jawalamukhi(Sub-District) / Kangra(District) / Himachal Pradesh(State),00381700,010431,N,,,,
155,11801,Bahru (249),बाहड़ू (249),Panchrukhi(Sub-District) / Kangra(District) / Himachal Pradesh(State),00512400,011801,N,,,,
156,8425,Bahrui (466),भरूही (466),Gangath(Sub-District) / Kangra(District) / Himachal Pradesh(State),00175300,008425,N,,,,
157,9655,Baidi (275),वैदी (275),Kangra(Sub-District) / Kangra(District) / Himachal Pradesh(State),00280900,009655,N,,,,
158,12047,Baijnath (870),बैजनाथ (870),Baijnath(Sub-District) / Kangra(District) / Himachal Pradesh(State),00537000,012047,N,,,,
159,9474,Baintlu (318),बैन्टलू (318),Shahpur(Sub-District) / Kangra(District) / Himachal Pradesh(State),00281400,009474,N,,,,
160,11114,Bairghatta (464),वैरघट्टा (464),Thural(Sub-District) / Kangra(District) / Himachal Pradesh(State),00443700,011114,N,,,,
161,10640,Bairi (16),बैरी (16),Jaswan(Sub-District) / Kangra(District) / Himachal Pradesh(State),00396400,010640,N,,,,
162,10595,Bairu (666),बैरू (666),Jawalamukhi(Sub-District) / Kangra(District) / Himachal Pradesh(State),00388500,010595,N,,,,
163,9178,Bajhera (474),वझेरा (474),Nagrota Surian(Sub-District) / Kangra(District) / Himachal Pradesh(State),00250500,009178,N,,,,
164,11438,Bajot (933),वजोट (933),Jaisinghpur(Sub-District) / Kangra(District) / Himachal Pradesh(State),00476100,011438,N,,,,
165,9428,Bajrehar (123),बजरेहड़ (123),Shahpur(Sub-District) / Kangra(District) / Himachal Pradesh(State),00275500,009428,N,,,,
166,9211,Bakan (260),बकान (260),Kotla(Sub-District) / Kangra(District) / Himachal Pradesh(State),00253800,009211,N,,,,
167,12023,Bakar (895),बकार (895),Baijnath(Sub-District) / Kangra(District) / Himachal Pradesh(State),00534600,012023,N,,,,
168,11383,Bakarga (615),वकारग (615),Jaisinghpur(Sub-District) / Kangra(District) / Himachal Pradesh(State),00470600,011383,N,,,,
169,12118,Bakhlog (1055),बखलोग (1055),Multhan(Sub-District) / Kangra(District) / Himachal Pradesh(State),00544100,012118,N,,,,
170,8796,Bakrarwan (59),बकराडवाँ (59),Thakurdwara(Sub-District) / Kangra(District) / Himachal Pradesh(State),00212500,008796,N,,,,
171,8487,Bala (431),वल्ला (431),Gangath(Sub-District) / Kangra(District) / Himachal Pradesh(State),00181500,008487,N,,,,
172,9252,Balah (219),ब्लाह (219),Kotla(Sub-District) / Kangra(District) / Himachal Pradesh(State),00257900,009252,N,,,,
173,11742,Balah (662),बहल (662),Bhawarna(Sub-District) / Kangra(District) / Himachal Pradesh(State),00506500,011742,N,,,,
174,11254,Balah (714),वलाह (714),Jaisinghpur(Sub-District) / Kangra(District) / Himachal Pradesh(State),00457700,011254,N,,,,
175,10275,Balahar (166),बलाहर (166),Dehra Gopipur(Sub-District) / Kangra(District) / Himachal Pradesh(State),00359900,010275,N,,,,
176,10846,Balahr (695),बलाहड़ (695),Lagru(Sub-District) / Kangra(District) / Himachal Pradesh(State),00417000,010846,N,,,,
177,11030,Balahra (859),वलाहरा (859),Khundian(Sub-District) / Kangra(District) / Himachal Pradesh(State),00435400,011030,N,,,,
178,10699,Baldhar (105),बलधार (105),Dadasiba(Sub-District) / Kangra(District) / Himachal Pradesh(State),00402300,010699,N,,,,
179,9192,Baldoa (478),वलदोआ (478),Nagrota Surian(Sub-District) / Kangra(District) / Himachal Pradesh(State),00251900,009192,N,,,,
180,10731,Baldoh (193),बलदोह (193),Pragpur(Sub-District) / Kangra(District) / Himachal Pradesh(State),00405500,010731,N,,,,
181,8589,Baldun (164),बलदून (164),Nurpur(Sub-District) / Kangra(District) / Himachal Pradesh(State),00191700,008589,N,,,,
182,9741,Balehar (250),वलेहड (250),Kangra(Sub-District) / Kangra(District) / Himachal Pradesh(State),00307700,009741,N,,,,
183,8512,Balehar (368),बलेहड़ (368),Raja Ka Talab(Sub-District) / Kangra(District) / Himachal Pradesh(State),00184000,008512,N,eSignGOFile662648_19_02_2025_16_45_42.pdf,,,
184,11497,Balehr (34),भलेड़ (34),Chachian(Sub-District) / Kangra(District) / Himachal Pradesh(State),00482000,011497,N,,,,
185,10703,Balehra (210),बलेहड़ा (210),Pragpur(Sub-District) / Kangra(District) / Himachal Pradesh(State),00402700,010703,N,,,,
186,10849,Balehra (696),बलेहड़ा (696),Lagru(Sub-District) / Kangra(District) / Himachal Pradesh(State),00417300,010849,N,,,,
187,9621,Balehr Khass(505),बलेहड़ खास (505),Dharmsala(Sub-District) / Kangra(District) / Himachal Pradesh(State),00296100,009621,N,eSignGOFile662648_19_02_2025_14_29_22.pdf,,,
188,11243,Baleta (340),बलेटा (340),Dhira(Sub-District) / Kangra(District) / Himachal Pradesh(State),00456600,011243,N,,,,
189,11777,Balh (729),वल्ह (729),Panchrukhi(Sub-District) / Kangra(District) / Himachal Pradesh(State),00510000,011777,N,,,,
190,10889,Balhri (888),बलड़ी (888),Majheen(Sub-District) / Kangra(District) / Himachal Pradesh(State),00421300,010889,N,,,,
191,8735,Bali (84),वल्ली (84),Indora(Sub-District) / Kangra(District) / Himachal Pradesh(State),00206400,008735,N,,,,
192,10525,Balian (394),बलियां (394),Jawalamukhi(Sub-District) / Kangra(District) / Himachal Pradesh(State),00381000,010525,N,,,,
193,11129,Balian (510),वलियाँ (510),Thural(Sub-District) / Kangra(District) / Himachal Pradesh(State),00445200,011129,N,,,,
194,9014,Baliara (234),वलियारा (234),Fatehpur(Sub-District) / Kangra(District) / Himachal Pradesh(State),00234200,009014,N,,,,
195,8704,Balir Lodhwan (7),वलीर लोधवां (7),Indora(Sub-District) / Kangra(District) / Himachal Pradesh(State),00203200,008704,N,,,,
196,8703,Balir Malot (11),वलीर मलोट (11),Indora(Sub-District) / Kangra(District) / Himachal Pradesh(State),00203100,008703,N,,,,
197,8708,Balkhor (21),वलखोड (21),Indora(Sub-District) / Kangra(District) / Himachal Pradesh(State),00203600,008708,N,,,,
198,9657,Balla (236),वल्ला (236),Kangra(Sub-District) / Kangra(District) / Himachal Pradesh(State),00298100,009657,N,,,,
199,11504,Balla (26),वल्ला (26),Chachian(Sub-District) / Kangra(District) / Himachal Pradesh(State),00482700,011504,N,,,,
200,10494,Balla (305),बल्ला (305),Bharoli(Sub-District) / Kangra(District) / Himachal Pradesh(State),00377900,010494,N,eSignGOFile131557_10_06_2024_16_15_55.pdf,,,
201,10469,Balla (399),बल्ला (399),Jawalamukhi(Sub-District) / Kangra(District) / Himachal Pradesh(State),00375400,010469,N,,,,
202,9686,Balla (429),वल्ला (429),Kangra(Sub-District) / Kangra(District) / Himachal Pradesh(State),00301000,009686,N,,,,
203,9684,Balla (433),वल्ला (433),Kangra(Sub-District) / Kangra(District) / Himachal Pradesh(State),00300800,009684,N,,,,
204,9634,Balla (511),वल्ला (511),Dharmsala(Sub-District) / Kangra(District) / Himachal Pradesh(State),00297400,009634,N,,,,
205,11557,Balla (57),वल्ला (57),Sulah(Sub-District) / Kangra(District) / Himachal Pradesh(State),00488000,011557,N,,,,
206,9955,Balla (598),बल्ला (598),Nagrota Bagwan(Sub-District) / Kangra(District) / Himachal Pradesh(State),00327900,009955,N,,,,
207,939748,Balla (604/2),बल्ला (604/2),Nagrota Bagwan(Sub-District) / Kangra(District) / Himachal Pradesh(State),,000000,N,,,,
208,11608,Ballah (191),बल्ला (191),Sulah(Sub-District) / Kangra(District) / Himachal Pradesh(State),00493100,011608,N,,,,
209,11070,Baloh (390),वलोह (390),Thural(Sub-District) / Kangra(District) / Himachal Pradesh(State),00439300,011070,N,,,,
210,10019,Balol Khas (739),बलोल खास (739),Baroh(Sub-District) / Kangra(District) / Himachal Pradesh(State),00334300,010019,N,,,,
211,11227,Balota Khas (332),बलोटा खास (332),Dhira(Sub-District) / Kangra(District) / Himachal Pradesh(State),00455000,011227,N,,,,
212,11192,Baloti (314),बलोटी (314),Dhira(Sub-District) / Kangra(District) / Himachal Pradesh(State),00451500,011192,N,,,,
213,10909,Balra (886),बलड़ा (886),Majheen(Sub-District) / Kangra(District) / Himachal Pradesh(State),00423300,010909,N,,,,
214,9485,Balreh (29),वलरैह (29),Dharmsala(Sub-District) / Kangra(District) / Himachal Pradesh(State),00282500,009485,N,,,,
215,10353,Balsoon (536),बलसूं (536),Haripur(Sub-District) / Kangra(District) / Himachal Pradesh(State),00367700,010353,N,,,,
216,11818,Balu (243),बालू (243),Panchrukhi(Sub-District) / Kangra(District) / Himachal Pradesh(State),00514100,011818,N,,,,
217,10025,Balu (744),बालू (744),Baroh(Sub-District) / Kangra(District) / Himachal Pradesh(State),00334900,010025,N,,,,
218,10100,Balugloa (811),बालू ग्लोआ (811),Baroh(Sub-District) / Kangra(District) / Himachal Pradesh(State),00342400,010100,N,,,,
219,11730,Baluhi (549),बलूही (549),Bhawarna(Sub-District) / Kangra(District) / Himachal Pradesh(State),00505300,011730,N,,,,
220,9099,Balwar (271),बलवाड (271),Kotla(Sub-District) / Kangra(District) / Himachal Pradesh(State),00242600,009099,N,,,,
221,10267,Balyana (184),बलयाणा (184),Pragpur(Sub-District) / Kangra(District) / Himachal Pradesh(State),00359100,010267,N,,,,
222,11695,Bamial (369),वमयाल (369),Bhawarna(Sub-District) / Kangra(District) / Himachal Pradesh(State),00501800,011695,N,,,,
223,9764,Bamnehar (222),वमनेहड (222),Kangra(Sub-District) / Kangra(District) / Himachal Pradesh(State),00310000,009764,N,,,,
224,11475,Ban (1),वन (1),Chachian(Sub-District) / Kangra(District) / Himachal Pradesh(State),00479800,011475,N,,,,
225,11171,Ban (152),बन (152),Dhira(Sub-District) / Kangra(District) / Himachal Pradesh(State),00449400,011171,N,,,,
226,8596,Ban (175),बाण (175),Nurpur(Sub-District) / Kangra(District) / Himachal Pradesh(State),00192400,008596,N,,,,
227,8971,Banal (88),बनाल (88),Fatehpur(Sub-District) / Kangra(District) / Himachal Pradesh(State),00229900,008971,N,,,,
228,9190,Ban Amlela (480),वन अमलेला (480),Nagrota Surian(Sub-District) / Kangra(District) / Himachal Pradesh(State),00251700,009190,N,,,,
229,10314,Ban Amloh (442),वन अमलोह (442),Haripur(Sub-District) / Kangra(District) / Himachal Pradesh(State),00363800,010314,N,,,,
230,9149,Banara (8),बनाड़ा (8),Jawali(Sub-District) / Kangra(District) / Himachal Pradesh(State),00247600,009149,N,,,,
231,8697,Ban -Attarian (28),वांई अटारियां (28),Indora(Sub-District) / Kangra(District) / Himachal Pradesh(State),00202500,008697,N,,,,
232,11084,Ban Bachchhwai (414),वन वच्छवाई (414),Thural(Sub-District) / Kangra(District) / Himachal Pradesh(State),00440700,011084,N,,,,
233,10236,Ban Bakard (122),वन वकारड (122),Dadasiba(Sub-District) / Kangra(District) / Himachal Pradesh(State),00356000,010236,N,,,,
234,9038,Ban Bambota (196),वन-वमंवोटा (196),Fatehpur(Sub-District) / Kangra(District) / Himachal Pradesh(State),00236500,009038,N,,,,
235,11305,Ban Banjar (574),वन वंजर(574),Alampur(Sub-District) / Kangra(District) / Himachal Pradesh(State),00462800,011305,N,,,,
236,10651,Ban Barela (57),वन वरेला (57),Dadasiba(Sub-District) / Kangra(District) / Himachal Pradesh(State),00397500,010651,N,,,,
237,11280,Ban Bhagaitar (564),वनभगैतर (564),Jaisinghpur(Sub-District) / Kangra(District) / Himachal Pradesh(State),00460300,011280,N,,,,
238,8296,Ban Bhanghar (107),बन भंगार (107),Sadwan(Sub-District) / Kangra(District) / Himachal Pradesh(State),00162400,008296,N,,,,
239,11503,Ban Bhartari (29),वन भरतरी (29),Chachian(Sub-District) / Kangra(District) / Himachal Pradesh(State),00482600,011503,N,,,,
240,11666,Ban Bhatlu (293),वनभाटलू (293),Bhawarna(Sub-District) / Kangra(District) / Himachal Pradesh(State),00498900,011666,N,,,,
241,11960,Ban Bhulana (991),वन भूलाणा (991),Chadiyar(Sub-District) / Kangra(District) / Himachal Pradesh(State),00528300,011960,N,,,,
242,10606,Ban Bilwan (2),वन बिल्बां (2),Jaswan(Sub-District) / Kangra(District) / Himachal Pradesh(State),00393000,010606,N,,,,
243,11252,Ban Chadoh (358),बन चड़ोह (358),Dhira(Sub-District) / Kangra(District) / Himachal Pradesh(State),00457500,011252,N,,,,
244,9842,Banchain (673),वनचें (673),Nagrota Bagwan(Sub-District) / Kangra(District) / Himachal Pradesh(State),00316600,009842,N,,,,
245,10647,Ban Chalan (45),वनचलां (45),Dadasiba(Sub-District) / Kangra(District) / Himachal Pradesh(State),00397100,010647,N,,,,
246,11428,Ban Chambi (944),बन चम्वी (944),Jaisinghpur(Sub-District) / Kangra(District) / Himachal Pradesh(State),00475100,011428,N,,,,
247,9039,Ban Charahti (205),वन चढियाठी (205),Fatehpur(Sub-District) / Kangra(District) / Himachal Pradesh(State),00236600,009039,N,,,,
248,10697,Ban Chatwal (64),वन चटवाल (64),Dadasiba(Sub-District) / Kangra(District) / Himachal Pradesh(State),00402100,010697,N,,,,
249,10524,Ban Chelian (409),बन चेलियां (409),Jawalamukhi(Sub-District) / Kangra(District) / Himachal Pradesh(State),00380900,010524,N,,,,
250,10210,Ban Chhabar (452),वन छब्बड (452),Haripur(Sub-District) / Kangra(District) / Himachal Pradesh(State),00353400,010210,N,,,,
251,8288,Band (123),बन्ड (123),Sadwan(Sub-District) / Kangra(District) / Himachal Pradesh(State),00161600,008288,N,,,,
252,10466,Band (627),बण्ड (627),Jawalamukhi(Sub-District) / Kangra(District) / Himachal Pradesh(State),00392400,010466,N,,,,
253,11880,Band (790),वण्ड (790),Palampur(Sub-District) / Kangra(District) / Himachal Pradesh(State),00520300,011880,N,,,,
254,10755,Banda (239),वण्डा (239),Rakkar(Sub-District) / Kangra(District) / Himachal Pradesh(State),00407900,010755,N,,,,
255,10695,Ban Dada (104),वन डाडा (104),Dadasiba(Sub-District) / Kangra(District) / Himachal Pradesh(State),00401900,010695,N,,,,
256,10627,Ban Dadoa (34),बन डडोआ (34),Jaswan(Sub-District) / Kangra(District) / Himachal Pradesh(State),00395100,010627,N,,,,
257,11309,Bandahu Khas (497),बन्दाहु खास(497),Alampur(Sub-District) / Kangra(District) / Himachal Pradesh(State),00463200,011309,N,,,,
258,9765,Bandal (221),बंदल (221),Kangra(Sub-District) / Kangra(District) / Himachal Pradesh(State),00310100,009765,N,,,,
259,9773,Bandh (803),बांध (803),Kangra(Sub-District) / Kangra(District) / Himachal Pradesh(State),00310900,009773,N,,,,
260,11043,Bandhaur (905),वनढौर (905),Majheen(Sub-District) / Kangra(District) / Himachal Pradesh(State),00436700,011043,N,,,,
261,10625,Bandhol (36),बन्धोल (36),Jaswan(Sub-District) / Kangra(District) / Himachal Pradesh(State),00394900,010625,N,,,,
262,11509,Bandhyara (69),वन्धयारा (69),Chachian(Sub-District) / Kangra(District) / Himachal Pradesh(State),00483200,011509,N,,,,
263,9915,Bandi (659),बंडी (659),Nagrota Bagwan(Sub-District) / Kangra(District) / Himachal Pradesh(State),00323900,009915,N,,,,
264,12020,Bandian (1017),बंडियां (1017),Baijnath(Sub-District) / Kangra(District) / Himachal Pradesh(State),00534300,012020,N,,,,
265,9521,Bandi Khas (314),बण्डी खास (314),Dharmsala(Sub-District) / Kangra(District) / Himachal Pradesh(State),00286000,009521,N,,,,
266,9520,Bandi Khurd (312),बण्डी खुर्द (312),Dharmsala(Sub-District) / Kangra(District) / Himachal Pradesh(State),00285900,009520,N,,,,
267,9012,Band Jharolan (169),बन्ड़ झड़ोलां (169),Rey(Sub-District) / Kangra(District) / Himachal Pradesh(State),00234000,009012,N,,,,
268,8627,Band Kardian (211),बन्ड करडियां (211),Nurpur(Sub-District) / Kangra(District) / Himachal Pradesh(State),00195500,008627,N,,,,
269,11827,Bandu (236),बन्डू (236),Panchrukhi(Sub-District) / Kangra(District) / Himachal Pradesh(State),00515000,011827,N,,,,
270,8976,Bandwan (104),वन्दवां (104),Fatehpur(Sub-District) / Kangra(District) / Himachal Pradesh(State),00230400,008976,N,,,,
271,9199,Baneru (78),बनेरू (78),Jawali(Sub-District) / Kangra(District) / Himachal Pradesh(State),00252600,009199,N,,,,
272,8918,Ban Fatehpur (101),वन फतेहपुर (101),Fatehpur(Sub-District) / Kangra(District) / Himachal Pradesh(State),00224600,008918,N,,,,
273,10969,Bangal (720),वनगल (720),Khundian(Sub-District) / Kangra(District) / Himachal Pradesh(State),00429300,010969,N,,,,
274,9037,Bangarh (113),वनगढ (113),Fatehpur(Sub-District) / Kangra(District) / Himachal Pradesh(State),00236400,009037,N,,,,
275,10289,Bang Bhanyal (158),बंग भन्याल (158),Dehra Gopipur(Sub-District) / Kangra(District) / Himachal Pradesh(State),00361300,010289,N,,,,
276,9848,Ban Ghururu (675),वन घरूरु (675),Nagrota Bagwan(Sub-District) / Kangra(District) / Himachal Pradesh(State),00317200,009848,N,,,,
277,10206,Bangoli Nichli (456),बंगोली निचली (454),Haripur(Sub-District) / Kangra(District) / Himachal Pradesh(State),00353000,010206,N,,,,
278,10207,Bangoli Uparli (453),बंगोली उपरली (453),Haripur(Sub-District) / Kangra(District) / Himachal Pradesh(State),00353100,010207,N,,,,
279,9514,Bangrehr (330),बंगरेहड़ (330),Dharmsala(Sub-District) / Kangra(District) / Himachal Pradesh(State),00285300,009514,N,,,,
280,10717,Bani (216),बणी (216),Pragpur(Sub-District) / Kangra(District) / Himachal Pradesh(State),00404100,010717,N,,,,
281,8875,Banihani Gujran (172),वनियाना गुजरां (172),Rey(Sub-District) / Kangra(District) / Himachal Pradesh(State),00220300,008875,N,,,,
282,8719,Ban Indorian (43),वाई इन्दौरियां (43),Indora(Sub-District) / Kangra(District) / Himachal Pradesh(State),00204700,008719,N,,,,
283,11711,Ban Jaind (534),बन जैद (534),Bhawarna(Sub-District) / Kangra(District) / Himachal Pradesh(State),00503400,011711,N,,,,
284,10653,Ban Kalot (59),वन कलोट (59),Dadasiba(Sub-District) / Kangra(District) / Himachal Pradesh(State),00397700,010653,N,,,,
285,8550,Ban Karoli (344),बन कड़ोली (344),Raja Ka Talab(Sub-District) / Kangra(District) / Himachal Pradesh(State),00187800,008550,N,,,,
286,8940,Banker (68),वनकेहड़ (68),Fatehpur(Sub-District) / Kangra(District) / Himachal Pradesh(State),00226800,008940,N,,,,
287,9202,Bankhabal (85),वन खब्बल (85),Jawali(Sub-District) / Kangra(District) / Himachal Pradesh(State),00252900,009202,N,,,,
288,10368,Ban Khandi (594),बनखण्डी (594),Haripur(Sub-District) / Kangra(District) / Himachal Pradesh(State),00369200,010368,N,,,,
289,11728,Ban Kurang (540),बन कुडग (540),Bhawarna(Sub-District) / Kangra(District) / Himachal Pradesh(State),00505100,011728,N,,,,
290,9035,Banloh Jang (212),बनलोह जंग (212),Fatehpur(Sub-District) / Kangra(District) / Himachal Pradesh(State),00236200,009035,N,,,,
291,9193,Ban Manara (73),बन मनारा (73),Jawali(Sub-District) / Kangra(District) / Himachal Pradesh(State),00252000,009193,N,,,,
292,11454,Ban Mandu (914),वनमाण्डू (914),Jaisinghpur(Sub-District) / Kangra(District) / Himachal Pradesh(State),00477700,011454,N,,,,
293,10773,Ban Naun (251),वन नौण (251),Rakkar(Sub-District) / Kangra(District) / Himachal Pradesh(State),00409700,010773,N,,,,
294,9064,Banoli Khas (106),वनोली खास (106),Jawali(Sub-District) / Kangra(District) / Himachal Pradesh(State),00239100,009064,N,,,,
295,10631,Banori (42),बनुड़ी (42),Jaswan(Sub-District) / Kangra(District) / Himachal Pradesh(State),00395500,010631,N,,,,
296,9612,Banorru (493),बनोरड़ू (493),Dharmsala(Sub-District) / Kangra(District) / Himachal Pradesh(State),00295200,009612,N,,,,
297,8829,Banpori Moh (125),वनपोड़ी मोह (125),Fatehpur(Sub-District) / Kangra(District) / Himachal Pradesh(State),00215700,008829,N,,,,
298,10629,Ban Rajeli (39),बन रजेली (39),Jaswan(Sub-District) / Kangra(District) / Himachal Pradesh(State),00395300,010629,N,,,,
299,10722,Ban Sadwan (197),वण सदुआं (197),Pragpur(Sub-District) / Kangra(District) / Himachal Pradesh(State),00404600,010722,N,,,,
300,9019,Ban Samlian (235),वन साम्बलियां (235),Fatehpur(Sub-District) / Kangra(District) / Himachal Pradesh(State),00234600,009019,N,,,,
301,8983,Ban Sanan (116),वन सानण (116),Fatehpur(Sub-District) / Kangra(District) / Himachal Pradesh(State),00231100,008983,N,,,,
302,11757,Bansguhar (707),बंसघुहार (707),Panchrukhi(Sub-District) / Kangra(District) / Himachal Pradesh(State),00508000,011757,N,,,,
303,10799,Ban Shantla (283),वन शान्तला (283),Rakkar(Sub-District) / Kangra(District) / Himachal Pradesh(State),00412300,010799,N,,,,
304,8456,Ban Sundroo (395),वन सुदरू (395),Gangath(Sub-District) / Kangra(District) / Himachal Pradesh(State),00178400,008456,N,,,,
305,8623,Ban Tattal (279),वन टट्टल (279),Nurpur(Sub-District) / Kangra(District) / Himachal Pradesh(State),00195100,008623,N,,,,
306,10313,Bantili (572),बनटिल्ली (572),Dehra Gopipur(Sub-District) / Kangra(District) / Himachal Pradesh(State),00363700,010313,N,,,,
307,10324,Ban Tilli (557),बन टिल्ली (557),Haripur(Sub-District) / Kangra(District) / Himachal Pradesh(State),00364800,010324,N,,,,
308,9186,Bantungli (468),वन्तुंगली (468),Nagrota Surian(Sub-District) / Kangra(District) / Himachal Pradesh(State),00251300,009186,N,,,,
309,11836,Banuri (229),वनूरी (229),Palampur(Sub-District) / Kangra(District) / Himachal Pradesh(State),00515900,011836,N,,,,
310,11834,Banuri Khas (231),वनूरी खास (231),Palampur(Sub-District) / Kangra(District) / Himachal Pradesh(State),00515700,011834,N,,,,
311,9536,Banwala (355),बनवाला (355),Dharmsala(Sub-District) / Kangra(District) / Himachal Pradesh(State),00287500,009536,N,,,,
312,12115,Banwar (1054),बनवाड़ (1054),Multhan(Sub-District) / Kangra(District) / Himachal Pradesh(State),00543800,012115,N,,,,
313,8439,Banyana (422),वनयाणा (422),Gangath(Sub-District) / Kangra(District) / Himachal Pradesh(State),00176700,008439,N,,,,
314,11315,Bar (487),बार (487 ),Alampur(Sub-District) / Kangra(District) / Himachal Pradesh(State),00463800,011315,N,,,,
315,10148,Bar (853),बाड़ (853),Baroh(Sub-District) / Kangra(District) / Himachal Pradesh(State),00347200,010148,N,,,,
316,11463,Bar (905),बड़ (905),Jaisinghpur(Sub-District) / Kangra(District) / Himachal Pradesh(State),00478600,011463,N,,,,
317,10298,Bara (153),बड़ा (153),Dehra Gopipur(Sub-District) / Kangra(District) / Himachal Pradesh(State),00362200,010298,N,,,,
318,12090,Bara Bhangal (1081),बड़ा भंगाल (1081),Multhan(Sub-District) / Kangra(District) / Himachal Pradesh(State),00541300,012090,N,,,,
319,12102,Baragran (1075),बड़ाग्रां (1075),Multhan(Sub-District) / Kangra(District) / Himachal Pradesh(State),00542500,012102,N,,,,
320,9948,Barai (590),बडाई (590),Nagrota Bagwan(Sub-District) / Kangra(District) / Himachal Pradesh(State),00327200,009948,N,,,,
321,9596,Bara Khola (476),बडा खोला (476),Dharmsala(Sub-District) / Kangra(District) / Himachal Pradesh(State),00293600,009596,N,,,,
322,8326,Baral (49),बारल (49),Nurpur(Sub-District) / Kangra(District) / Himachal Pradesh(State),00165400,008326,N,,,,
323,9885,Barana (714),बराणा (714),Nagrota Bagwan(Sub-District) / Kangra(District) / Himachal Pradesh(State),00320900,009885,N,,,,
324,12127,Bardhar (1088),बड़धार (1088),Multhan(Sub-District) / Kangra(District) / Himachal Pradesh(State),00545000,012127,N,,,,
325,8318,Bardi (93),बारडी (93),Sadwan(Sub-District) / Kangra(District) / Himachal Pradesh(State),00164600,008318,N,,,,
326,10040,Barehar (778),बरेहड़ (778),Baroh(Sub-District) / Kangra(District) / Himachal Pradesh(State),00336400,010040,N,,,,
327,11150,Barehr (168),बरेहड़ (168),Dhira(Sub-District) / Kangra(District) / Himachal Pradesh(State),00447300,011150,N,,,,
328,9277,Bareta (169),बरेटा (169),Harchakian(Sub-District) / Kangra(District) / Himachal Pradesh(State),00260400,009277,N,,,,
329,10532,Bareti (418),बरेटी (418),Jawalamukhi(Sub-District) / Kangra(District) / Himachal Pradesh(State),00382200,010532,N,,,,
330,12059,Bari (1036),बाड़ी (1036),Baijnath(Sub-District) / Kangra(District) / Himachal Pradesh(State),00538200,012059,N,,,,
331,8822,Bari (22),बाड़ी (22),Rey(Sub-District) / Kangra(District) / Himachal Pradesh(State),00215000,008822,N,,,,
332,8699,Bari (24),वाड़ी (24),Indora(Sub-District) / Kangra(District) / Himachal Pradesh(State),00202700,008699,N,,,,
333,11668,Bari (286),बारी (286),Bhawarna(Sub-District) / Kangra(District) / Himachal Pradesh(State),00499100,011668,N,,,,
334,8564,Bari (319),बाड़ी (319),Raja Ka Talab(Sub-District) / Kangra(District) / Himachal Pradesh(State),00189200,008564,N,,,,
335,10628,Bari (40),बाड़ी (40),Jaswan(Sub-District) / Kangra(District) / Himachal Pradesh(State),00395200,010628,N,,,,
336,10301,Bari (434),बाड़ी (434),Dehra Gopipur(Sub-District) / Kangra(District) / Himachal Pradesh(State),00362500,010301,N,,,,
337,10035,Bari (774),बाड़ी (774),Baroh(Sub-District) / Kangra(District) / Himachal Pradesh(State),00335900,010035,N,,,,
338,8648,Bariara (202),बरयारा (202),Nurpur(Sub-District) / Kangra(District) / Himachal Pradesh(State),00197600,008648,N,,,,
339,10154,Bari Da Lahar (880),बडी दा लाहड़ (880),Baroh(Sub-District) / Kangra(District) / Himachal Pradesh(State),00347800,010154,N,,,,
340,8374,Bari Khad (19),वाड़ी खड्ड (19),Gangath(Sub-District) / Kangra(District) / Himachal Pradesh(State),00170200,008374,N,,,,
341,9000,Bari Khas (203),बाडी खास (203),Fatehpur(Sub-District) / Kangra(District) / Himachal Pradesh(State),00232800,009000,N,,,,
342,8509,Bari Khas (373),बड़ी खास (373),Raja Ka Talab(Sub-District) / Kangra(District) / Himachal Pradesh(State),00183700,008509,N,,,,
343,11864,Bari Khas (804),वाडी खास (804),Palampur(Sub-District) / Kangra(District) / Himachal Pradesh(State),00518700,011864,N,,,,
344,10979,Barkalan (759),बारकलां (759),Khundian(Sub-District) / Kangra(District) / Himachal Pradesh(State),00430300,010979,N,,,,
345,10983,Bar Khurd (760),बारखुर्द (760),Khundian(Sub-District) / Kangra(District) / Himachal Pradesh(State),00430700,010983,N,,,,
346,9036,Barla Khas (204),बडला खास (204),Fatehpur(Sub-District) / Kangra(District) / Himachal Pradesh(State),00236300,009036,N,,,,
347,11462,Barlu (906),वरालू (906),Jaisinghpur(Sub-District) / Kangra(District) / Himachal Pradesh(State),00478500,011462,N,,,,
348,8661,Barmoli Jhikli (186),बरमोली झिकली (186),Nurpur(Sub-District) / Kangra(District) / Himachal Pradesh(State),00198900,008661,N,,,,
349,8660,Barmoli Upperli (185),बरमोली उपरली (185),Nurpur(Sub-District) / Kangra(District) / Himachal Pradesh(State),00198800,008660,N,,,,
350,9496,Barnet (31),बरनेट (31),Dharmsala(Sub-District) / Kangra(District) / Himachal Pradesh(State),00283600,009496,N,,,,
351,11000,Baroglahar (767),बड़ोगलाहड़ (767),Khundian(Sub-District) / Kangra(District) / Himachal Pradesh(State),00432400,011000,N,,,,
352,8563,Baroh (325),बरोह (325),Raja Ka Talab(Sub-District) / Kangra(District) / Himachal Pradesh(State),00189100,008563,N,,,,
353,10054,Baroh (849),बड़ोह (849),Baroh(Sub-District) / Kangra(District) / Himachal Pradesh(State),00337800,010054,N,,,,
354,11790,Barohal (241),ब्रोहल (241),Panchrukhi(Sub-District) / Kangra(District) / Himachal Pradesh(State),00511300,011790,N,,,,
355,8847,Baroh Jhikla (138),बरोह झिकला (138),Rey(Sub-District) / Kangra(District) / Himachal Pradesh(State),00217500,008847,N,,,,
356,8844,Baroh Uparla (137),बरोह उपरला (137),Rey(Sub-District) / Kangra(District) / Himachal Pradesh(State),00217200,008844,N,,,,
357,8955,Barot (71),बरोट (71),Fatehpur(Sub-District) / Kangra(District) / Himachal Pradesh(State),00228300,008955,N,,,,
358,11481,Barota (18),वरोटा (18),Chachian(Sub-District) / Kangra(District) / Himachal Pradesh(State),00480400,011481,N,,,,
359,10576,Barota (338),बरोटा (338),Bharoli(Sub-District) / Kangra(District) / Himachal Pradesh(State),00386600,010576,N,eSignGOFile131557_11_06_2024_16_39_15.pdf,,,
360,10388,Barota (591),बरोटा (591),Dehra Gopipur(Sub-District) / Kangra(District) / Himachal Pradesh(State),00371200,010388,N,,,,
361,8798,Barota (61),बरोटा (61),Thakurdwara(Sub-District) / Kangra(District) / Himachal Pradesh(State),00212700,008798,N,,,,
362,9995,Barota (728),बरोटा (728),Baroh(Sub-District) / Kangra(District) / Himachal Pradesh(State),00331900,009995,N,,,,
363,10575,Barota Jagir (335),बरोटा जागीर (335),Bharoli(Sub-District) / Kangra(District) / Himachal Pradesh(State),00386500,010575,N,eSignGOFile131557_11_06_2024_16_39_15.pdf,,,
364,8436,Baroti (428),वरोटी (428),Gangath(Sub-District) / Kangra(District) / Himachal Pradesh(State),00176400,008436,N,,,,
365,9326,Baroti (6),वरोटी (6),Dareeni(Sub-District) / Kangra(District) / Himachal Pradesh(State),00265300,009326,N,,,,
366,9875,Baroti (722),वरोटी (722),Nagrota Bagwan(Sub-District) / Kangra(District) / Himachal Pradesh(State),00319900,009875,N,,,,
367,10519,Baroya (369),बड़ोआ (369),Jawalamukhi(Sub-District) / Kangra(District) / Himachal Pradesh(State),00380400,010519,N,,,,
368,11357,Barram Kalan (483),बरडाम कलां (483),Alampur(Sub-District) / Kangra(District) / Himachal Pradesh(State),00468000,011357,N,,,,
369,11316,Barram Khurad (486),बरडाम खुर्द(486),Alampur(Sub-District) / Kangra(District) / Himachal Pradesh(State),00463900,011316,N,,,,
370,11201,Barsola (153),बरसोला (153),Dhira(Sub-District) / Kangra(District) / Himachal Pradesh(State),00452400,011201,N,,,,
371,9675,Barswalkad (419),वरसवालकड (419),Kangra(Sub-District) / Kangra(District) / Himachal Pradesh(State),00299900,009675,N,,,,
372,11950,Baruan (880),बड़ुआं (880),Baijnath(Sub-District) / Kangra(District) / Himachal Pradesh(State),00527300,011950,N,,,,
373,8621,Baruhi (282),बडूही (282),Nurpur(Sub-District) / Kangra(District) / Himachal Pradesh(State),00194900,008621,N,,,,
374,8988,Barun (195),वरुणा (195),Fatehpur(Sub-District) / Kangra(District) / Himachal Pradesh(State),00231600,008988,N,,,,
375,10992,Barwala (776),बरवाला (776),Khundian(Sub-District) / Kangra(District) / Himachal Pradesh(State),00431600,010992,N,,,,
376,11031,Barwala (860),वरवाला (860),Majheen(Sub-District) / Kangra(District) / Himachal Pradesh(State),00435500,011031,N,,,,
377,9608,Barwala Khas (484),बरवाला खास (484),Dharmsala(Sub-District) / Kangra(District) / Himachal Pradesh(State),00294800,009608,N,,,,
378,11991,Barwalkhar (962),वलवालखड़ (962),Chadiyar(Sub-District) / Kangra(District) / Himachal Pradesh(State),00531400,011991,N,,,,
379,10233,Barwara (121),वरवाड़ा (121),Dehra Gopipur(Sub-District) / Kangra(District) / Himachal Pradesh(State),00355700,010233,N,,,,
380,10418,Barwara (577),वरवाड़ा (577),Dehra Gopipur(Sub-District) / Kangra(District) / Himachal Pradesh(State),00374200,010418,N,,,,
381,10102,Baryala (814),बरयाला (814),Baroh(Sub-District) / Kangra(District) / Himachal Pradesh(State),00342600,010102,N,,,,
382,10745,Baryal Behar (229),बरयाल वेहड़ (229),Rakkar(Sub-District) / Kangra(District) / Himachal Pradesh(State),00406900,010745,N,,,,
383,9062,Basa (108),वासा (108),Jawali(Sub-District) / Kangra(District) / Himachal Pradesh(State),00238900,009062,N,,,,
384,8652,Basa (200),बासा (200),Sadwan(Sub-District) / Kangra(District) / Himachal Pradesh(State),00198000,008652,N,,,,
385,8516,Basa (359),बासा (359),Raja Ka Talab(Sub-District) / Kangra(District) / Himachal Pradesh(State),00184400,008516,N,,,,
386,8459,Basa (48),बासा (48),Nurpur(Sub-District) / Kangra(District) / Himachal Pradesh(State),00178700,008459,N,,,,
387,10326,Basa (519),बासा (519),Haripur(Sub-District) / Kangra(District) / Himachal Pradesh(State),00365000,010326,N,,,,
388,8340,Basa (52),बासा (52),Nurpur(Sub-District) / Kangra(District) / Himachal Pradesh(State),00166800,008340,N,,,,
389,8632,Basa Balhu (273),बासा वलहु (273),Nurpur(Sub-District) / Kangra(District) / Himachal Pradesh(State),00196000,008632,N,,,,
390,8678,Basa Dabialan (140),बासा धवियाला (140),Sadwan(Sub-District) / Kangra(District) / Himachal Pradesh(State),00200600,008678,N,,,,
391,8483,Basa Gudiyala (399),वासा गुडियाला (399),Gangath(Sub-District) / Kangra(District) / Himachal Pradesh(State),00181100,008483,N,,,,
392,8583,Basa Hadialan (155),बासा हडयाला (155),Nurpur(Sub-District) / Kangra(District) / Himachal Pradesh(State),00191100,008583,N,,,,
393,8620,Basa Harar (283),बासा हरड (283),Nurpur(Sub-District) / Kangra(District) / Himachal Pradesh(State),00194800,008620,N,,,,
394,8420,Basa Jhikla (439),वासा झिकला (439),Gangath(Sub-District) / Kangra(District) / Himachal Pradesh(State),00174800,008420,N,,,,
395,10746,Basalag (230),बसालग (230),Rakkar(Sub-District) / Kangra(District) / Himachal Pradesh(State),00407000,010746,N,,,,
396,8793,Basantpur (57),बसन्तपुर (57),Thakurdwara(Sub-District) / Kangra(District) / Himachal Pradesh(State),00212200,008793,N,,,,
397,9162,Basant Pur (61),बसन्तपुर (61),Jawali(Sub-District) / Kangra(District) / Himachal Pradesh(State),00248900,009162,N,,,,
398,8317,Basa Phar Kunda (84),बासा फरकुन्दा (84),Sadwan(Sub-District) / Kangra(District) / Himachal Pradesh(State),00164500,008317,N,,,,
399,8336,Basa Samletian (71),बासा समलेटियां (71),Nurpur(Sub-District) / Kangra(District) / Himachal Pradesh(State),00166400,008336,N,,,,
400,8332,Basa Thandian (68),बासा ठान्डिया (68),Nurpur(Sub-District) / Kangra(District) / Himachal Pradesh(State),00166000,008332,N,,,,
401,8622,Basa Totarwan (280),बासा टोटरवां 280),Nurpur(Sub-District) / Kangra(District) / Himachal Pradesh(State),00195000,008622,N,,,,
402,8418,Basa Uparla (436),वासा  उपरला (436),Gangath(Sub-District) / Kangra(District) / Himachal Pradesh(State),00174600,008418,N,,,,
403,11051,Basdi (377),बसदी (377),Bhawarna(Sub-District) / Kangra(District) / Himachal Pradesh(State),00437400,011051,N,,,,
404,10514,Basdi (380),बस्दी (380),Jawalamukhi(Sub-District) / Kangra(District) / Himachal Pradesh(State),00379900,010514,N,,,,
405,9658,Basi (235),वासी (235),Kangra(Sub-District) / Kangra(District) / Himachal Pradesh(State),00298200,009658,N,,,,
406,10305,Basi (436),वासी (436),Haripur(Sub-District) / Kangra(District) / Himachal Pradesh(State),00362900,010305,N,,,,
407,10830,Basin (739),बसीं (739),Lagru(Sub-District) / Kangra(District) / Himachal Pradesh(State),00415400,010830,N,,,,
408,11674,Baskehr (350),वसकेहड (350),Bhawarna(Sub-District) / Kangra(District) / Himachal Pradesh(State),00499700,011674,N,,,,
409,9086,Baskwara (37),बसकवाड़ा (37),Jawali(Sub-District) / Kangra(District) / Himachal Pradesh(State),00241300,009086,N,,,,
410,10654,Baslahar (60),बसलाहड (60),Dadasiba(Sub-District) / Kangra(District) / Himachal Pradesh(State),00397800,010654,N,,,,
411,9420,Basnoor Khas (129),वसनूर खास (129),Shahpur(Sub-District) / Kangra(District) / Himachal Pradesh(State),00274700,009420,N,,,,
412,11293,Basoon (572),वसूं (572),Jaisinghpur(Sub-District) / Kangra(District) / Himachal Pradesh(State),00461600,011293,N,,,,
413,8364,Bassa (23),वास्सा (23),Nurpur(Sub-District) / Kangra(District) / Himachal Pradesh(State),00169200,008364,N,,,,
414,9187,Bassa (469),वासा (469),Nagrota Surian(Sub-District) / Kangra(District) / Himachal Pradesh(State),00251400,009187,N,,,,
415,9346,Bassa (49),बासा (49),Shahpur(Sub-District) / Kangra(District) / Himachal Pradesh(State),00267300,009346,N,,,,
416,8624,Bassa Kardwala (284),बासा करदवाला (284),Nurpur(Sub-District) / Kangra(District) / Himachal Pradesh(State),00195200,008624,N,,,,
417,10227,Bassi (115),बस्सी (115),Dadasiba(Sub-District) / Kangra(District) / Himachal Pradesh(State),00355100,010227,N,,,,
418,10808,Basyala (275),बसयाला (275),Rakkar(Sub-District) / Kangra(District) / Himachal Pradesh(State),00413200,010808,N,,,,
419,11824,Batahan (239),बटाहन (239),Panchrukhi(Sub-District) / Kangra(District) / Himachal Pradesh(State),00514700,011824,N,,,,
420,11073,Batahan (404),वटाहण (404),Thural(Sub-District) / Kangra(District) / Himachal Pradesh(State),00439600,011073,N,,,,
421,8828,Batahari (105),बटाहड़ी (105),Fatehpur(Sub-District) / Kangra(District) / Himachal Pradesh(State),00215600,008828,N,,,,
422,9301,Bat Balla (192),बटवल्ला (192),Harchakian(Sub-District) / Kangra(District) / Himachal Pradesh(State),00262800,009301,N,,,,
423,10684,Bathra (73),बठरा (73),Dadasiba(Sub-District) / Kangra(District) / Himachal Pradesh(State),00400800,010684,N,,,,
424,8942,Batlahr (70),बटलाहड़ (70),Fatehpur(Sub-District) / Kangra(District) / Himachal Pradesh(State),00227000,008942,N,,,,
425,9887,Batlehr (715),वटलेहड़ (715),Nagrota Bagwan(Sub-District) / Kangra(District) / Himachal Pradesh(State),00321100,009887,N,,,,
426,8609,Batnial (171),बटनियाल (171),Nurpur(Sub-District) / Kangra(District) / Himachal Pradesh(State),00193700,008609,N,,,,
427,8530,Batrahn Khas (329),बतराहण खास (329),Raja Ka Talab(Sub-District) / Kangra(District) / Himachal Pradesh(State),00185800,008530,N,,,,
428,9145,Batt (11),बट (11),Jawali(Sub-District) / Kangra(District) / Himachal Pradesh(State),00247200,009145,N,,,,
429,9054,Batuhi (129),बटूही (129),Jawali(Sub-District) / Kangra(District) / Himachal Pradesh(State),00238100,009054,N,,,,
430,9323,Batuni (17),बतूनी (17),Dareeni(Sub-District) / Kangra(District) / Himachal Pradesh(State),00265000,009323,N,,,,
431,10701,Batwar (108),बतवाड (108),Dadasiba(Sub-District) / Kangra(District) / Himachal Pradesh(State),00402500,010701,N,,,,
432,11699,Baun (527),बौण (527),Bhawarna(Sub-District) / Kangra(District) / Himachal Pradesh(State),00502200,011699,N,,,,
433,11735,Baunch (665),बौछ (665),Bhawarna(Sub-District) / Kangra(District) / Himachal Pradesh(State),00505800,011735,N,,,,
434,10554,Bedli (314),बेडली (314),Bharoli(Sub-District) / Kangra(District) / Himachal Pradesh(State),00384400,010554,N,eSignGOFile131557_11_06_2024_16_54_26.pdf,,,
435,10234,Beehan (150),बीहण (150),Dehra Gopipur(Sub-District) / Kangra(District) / Himachal Pradesh(State),00355800,010234,N,,,,
436,10252,Beehan Uparli (146),बीहण उपरली (146),Dehra Gopipur(Sub-District) / Kangra(District) / Himachal Pradesh(State),00357600,010252,N,,,,
437,8884,Beh (161),बैह (161),Rey(Sub-District) / Kangra(District) / Himachal Pradesh(State),00221200,008884,N,,,,
438,8880,Beh (177),बैह (177),Rey(Sub-District) / Kangra(District) / Himachal Pradesh(State),00220800,008880,N,,,,
439,9110,Beh (54),बैह (54),Jawali(Sub-District) / Kangra(District) / Himachal Pradesh(State),00243700,009110,N,,,,
440,8943,Beh (67),बैह (67),Fatehpur(Sub-District) / Kangra(District) / Himachal Pradesh(State),00227100,008943,N,,,,
441,10237,Beh (88),वैह (88),Dadasiba(Sub-District) / Kangra(District) / Himachal Pradesh(State),00356100,010237,N,,,,
442,10224,Behar (113),बेहड (113),Dadasiba(Sub-District) / Kangra(District) / Himachal Pradesh(State),00354800,010224,N,,,,
443,9008,Beh Gurian (237),वैह घुरियां (237),Fatehpur(Sub-District) / Kangra(District) / Himachal Pradesh(State),00233600,009008,N,,,,
444,9047,Behi (123),वेहि (123),Kotla(Sub-District) / Kangra(District) / Himachal Pradesh(State),00237400,009047,N,,,,
445,8831,Behi (34),बेही (34),Rey(Sub-District) / Kangra(District) / Himachal Pradesh(State),00215900,008831,N,,,,
446,10215,Behi Ghamlehar (112),बेही घमलेहड (112),Dadasiba(Sub-District) / Kangra(District) / Himachal Pradesh(State),00353900,010215,N,,,,
447,8527,Beh Kangar (338),बेह कांगड़ (338),Raja Ka Talab(Sub-District) / Kangra(District) / Himachal Pradesh(State),00185500,008527,N,,,,
448,9459,Behkari (291),बेहकारी (291),Shahpur(Sub-District) / Kangra(District) / Himachal Pradesh(State),00278600,009459,N,,,,
449,11140,Behl (111),बैहल (111),Dhira(Sub-District) / Kangra(District) / Himachal Pradesh(State),00446300,011140,N,,,,
450,8406,Behlpur (465),वेहलपुर (465),Gangath(Sub-District) / Kangra(District) / Himachal Pradesh(State),00173400,008406,N,,,,
451,12002,Behot (1001),बिहोट (1001),Baijnath(Sub-District) / Kangra(District) / Himachal Pradesh(State),00532500,012002,N,,,,
452,10619,Behr (20),बेहड़ (20),Jaswan(Sub-District) / Kangra(District) / Himachal Pradesh(State),00394300,010619,N,,,,
453,9864,Behra Banjar (663),वेहडा बंजर (663),Nagrota Bagwan(Sub-District) / Kangra(District) / Himachal Pradesh(State),00318800,009864,N,,,,
454,11272,Behru (650),वेहडू (650),Jaisinghpur(Sub-District) / Kangra(District) / Himachal Pradesh(State),00459500,011272,N,,,,
455,11741,Behru (713),बेहडू (713),Bhawarna(Sub-District) / Kangra(District) / Himachal Pradesh(State),00506400,011741,N,,,,
456,8730,Bela (80),बेला (80),Thakurdwara(Sub-District) / Kangra(District) / Himachal Pradesh(State),00205900,008730,N,,,,
457,8783,Bela Indora (55),बेला इन्दौरा (55),Thakurdwara(Sub-District) / Kangra(District) / Himachal Pradesh(State),00211200,008783,N,,,,
458,8856,Bela Ladyarchan (149),बेला लुधियाडचाँ (149),Rey(Sub-District) / Kangra(District) / Himachal Pradesh(State),00218400,008856,N,,,,
459,8857,Bela Thakran (150),बेला ठांकरा (150),Rey(Sub-District) / Kangra(District) / Himachal Pradesh(State),00218500,008857,N,,,,
460,9023,Beli (224),बेली (224),Fatehpur(Sub-District) / Kangra(District) / Himachal Pradesh(State),00235000,009023,N,,,,
461,8868,Beli Anutran (168),बेली अनुतरां (168),Rey(Sub-District) / Kangra(District) / Himachal Pradesh(State),00219600,008868,N,,,,
462,8854,Beli Bhurian (146),बेली भूरियाँ (146),Rey(Sub-District) / Kangra(District) / Himachal Pradesh(State),00218200,008854,N,,,,
463,8853,Beli Jattan (148),बेली जट्टां (148),Rey(Sub-District) / Kangra(District) / Himachal Pradesh(State),00218100,008853,N,,,,
464,8683,Beli Mahanta (1),वेली महन्ता (1),Indora(Sub-District) / Kangra(District) / Himachal Pradesh(State),00201100,008683,N,,,,
465,8852,Beli Rajianla (147),बेली रजयालां (147),Rey(Sub-District) / Kangra(District) / Himachal Pradesh(State),00218000,008852,N,,,,
466,8869,Beli Riyalan (167),बेली रियालां (167),Rey(Sub-District) / Kangra(District) / Himachal Pradesh(State),00219700,008869,N,,,,
467,8292,Beret (104),वरेट (104),Sadwan(Sub-District) / Kangra(District) / Himachal Pradesh(State),00162000,008292,N,,,,
468,8887,Bhabroli (216),भवरोली (216),Fatehpur(Sub-District) / Kangra(District) / Himachal Pradesh(State),00221500,008887,N,,,,
469,11631,Bhadal (198),भाडल (198),Sulah(Sub-District) / Kangra(District) / Himachal Pradesh(State),00495400,011631,N,,,,
470,12088,Bhadal Dhar (1083),भाडलधार (1083),Multhan(Sub-District) / Kangra(District) / Himachal Pradesh(State),00541100,012088,N,,,,
471,11883,Bhaderana (814),भदरैणा (814),Palampur(Sub-District) / Kangra(District) / Himachal Pradesh(State),00520600,011883,N,,,,
472,10530,Bhadhreher (417),भन्दरेड़ (417),Jawalamukhi(Sub-District) / Kangra(District) / Himachal Pradesh(State),00381800,010530,N,,,,
473,11575,Bhadoon (209),भढूँ (209),Palampur(Sub-District) / Kangra(District) / Himachal Pradesh(State),00489800,011575,N,,,,
474,9911,Bhadrehr (656),भदरेहड (656),Nagrota Bagwan(Sub-District) / Kangra(District) / Himachal Pradesh(State),00323500,009911,N,,,,
475,9901,Bhadrehr (657),भदरेहड (657),Nagrota Bagwan(Sub-District) / Kangra(District) / Himachal Pradesh(State),00322500,009901,N,,,,
476,8883,Bhadrial (175),भद्रयाल (175),Rey(Sub-District) / Kangra(District) / Himachal Pradesh(State),00221100,008883,N,,,,
477,11012,Bhadrol (837),भदरोल (837),Khundian(Sub-District) / Kangra(District) / Himachal Pradesh(State),00433600,011012,N,,,,
478,11198,Bhadrol Buhla (156),भदरोल  बूहला (156),Dhira(Sub-District) / Kangra(District) / Himachal Pradesh(State),00452100,011198,N,,,,
479,9598,Bhadrolu (475),भदरोलू (475),Dharmsala(Sub-District) / Kangra(District) / Himachal Pradesh(State),00293800,009598,N,,,,
480,11197,Bhadrol Uparla (172),भदरोल उपरला (172),Dhira(Sub-District) / Kangra(District) / Himachal Pradesh(State),00452000,011197,N,,,,
481,8484,Bhadrooth (400),भदरूड (400),Gangath(Sub-District) / Kangra(District) / Himachal Pradesh(State),00181200,008484,N,,,,
482,8381,Bhadroya (1),भदरोया (1),Gangath(Sub-District) / Kangra(District) / Himachal Pradesh(State),00170900,008381,N,,,,
483,10915,Bhadrun (864),भदडूं  (864),Khundian(Sub-District) / Kangra(District) / Himachal Pradesh(State),00423900,010915,N,,,,
484,8601,Bhadwan (181),भडवां (181),Nurpur(Sub-District) / Kangra(District) / Himachal Pradesh(State),00192900,008601,N,,,,
485,8939,Bhadwara (92),भदवाड़ा (92),Fatehpur(Sub-District) / Kangra(District) / Himachal Pradesh(State),00226700,008939,N,,,,
486,10510,Bhadyara (381),भदयाड़ा (381),Jawalamukhi(Sub-District) / Kangra(District) / Himachal Pradesh(State),00379500,010510,N,,,,
487,9650,Bhadyara Khas(271),भड़यारा खास (271),Kangra(Sub-District) / Kangra(District) / Himachal Pradesh(State),00280400,009650,N,eSignGOFile662648_19_02_2025_14_35_16.pdf,,,
488,10262,Bhadyarli (137),भड़यारली (137),Pragpur(Sub-District) / Kangra(District) / Himachal Pradesh(State),00358600,010262,N,,,,
489,11285,Bhagaitar (608),भगैतर (608),Jaisinghpur(Sub-District) / Kangra(District) / Himachal Pradesh(State),00460800,011285,N,,,,
490,11289,Bhagalal (567),भगलाल (567),Jaisinghpur(Sub-District) / Kangra(District) / Himachal Pradesh(State),00461200,011289,N,,,,
491,10474,Bhagaur (402),भगौर (402),Jawalamukhi(Sub-District) / Kangra(District) / Himachal Pradesh(State),00375900,010474,N,,,,
492,11433,Bhagdaina (930),भगडैणा (930),Jaisinghpur(Sub-District) / Kangra(District) / Himachal Pradesh(State),00475600,011433,N,,,,
493,10291,Bhageen (156),भगीण (156),Dehra Gopipur(Sub-District) / Kangra(District) / Himachal Pradesh(State),00361500,010291,N,,,,
494,9148,Bhaglahr (1),भगलाहड़ (1),Jawali(Sub-District) / Kangra(District) / Himachal Pradesh(State),00247500,009148,N,,,,
495,8707,Bhagnal (9),भगनाल (9),Indora(Sub-District) / Kangra(District) / Himachal Pradesh(State),00203500,008707,N,,,,
496,11457,Bhagoon (910),भगूं (910),Jaisinghpur(Sub-District) / Kangra(District) / Himachal Pradesh(State),00478000,011457,N,,,,
497,11531,Bhagotala (90),भगोटला (90),Chachian(Sub-District) / Kangra(District) / Himachal Pradesh(State),00485400,011531,N,,,,
498,11506,Bhagpur (22),भागपुर (22),Chachian(Sub-District) / Kangra(District) / Himachal Pradesh(State),00482900,011506,N,,,,
499,9546,Bhagsunag M.C. (363-3),उप महाल भागसूनाग (363/3),Dharmsala(Sub-District) / Kangra(District) / Himachal Pradesh(State),00288600,009546,N,,,,
500,11710,Bhagun (536),भगूं (536),Bhawarna(Sub-District) / Kangra(District) / Himachal Pradesh(State),00503300,011710,N,,,,
501,9802,Bhai (581),भाई (581),Kangra(Sub-District) / Kangra(District) / Himachal Pradesh(State),00313800,009802,N,,,,
502,10134,Bhai (888),भाई (888),Baroh(Sub-District) / Kangra(District) / Himachal Pradesh(State),00345800,010134,N,,,,
503,9433,Bhairu (138),भैरू (138),Shahpur(Sub-District) / Kangra(District) / Himachal Pradesh(State),00276000,009433,N,,,,
504,10280,Bhajnath (178),भजनाथ (178),Pragpur(Sub-District) / Kangra(District) / Himachal Pradesh(State),00360400,010280,N,,,,
505,10178,Bhaklehr (508),भकलेहड़ (508),Haripur(Sub-District) / Kangra(District) / Himachal Pradesh(State),00350200,010178,N,,,,
506,9091,Bhalad (90),भलाड़ (90),Jawali(Sub-District) / Kangra(District) / Himachal Pradesh(State),00241800,009091,N,,,,
507,10960,Bhalar Kalan (730),भलाड़कलां (730),Lagru(Sub-District) / Kangra(District) / Himachal Pradesh(State),00428400,010960,N,,,,
508,10961,Bhalar Khurd (714),भलाड़खुर्द (714),Lagru(Sub-District) / Kangra(District) / Himachal Pradesh(State),00428500,010961,N,,,,
509,11111,Bhal Bhurian (467),वल्हभूरियाँ (467),Thural(Sub-District) / Kangra(District) / Himachal Pradesh(State),00443400,011111,N,,,,
510,9339,Bhaled (45),भलेड (45),Dareeni(Sub-District) / Kangra(District) / Himachal Pradesh(State),00266600,009339,N,,,,
511,11014,Bhalelu (835),भलेलू (835),Khundian(Sub-District) / Kangra(District) / Himachal Pradesh(State),00433800,011014,N,,,,
512,8475,Bhaleta (38),भलेटा (38),Nurpur(Sub-District) / Kangra(District) / Himachal Pradesh(State),00180300,008475,N,,,,
513,11686,Bhaliar Kar (375),भलियारकड (375),Bhawarna(Sub-District) / Kangra(District) / Himachal Pradesh(State),00500900,011686,N,,,,
514,8451,Bhalkh (412),भलाख (412),Gangath(Sub-District) / Kangra(District) / Himachal Pradesh(State),00177900,008451,N,,,,
515,10454,Bhallar (579),भलाड़ (579),Dehra Gopipur(Sub-District) / Kangra(District) / Himachal Pradesh(State),00391200,010454,N,,,,
516,9251,Bhaloon (224),भलूँ (224),Kotla(Sub-District) / Kangra(District) / Himachal Pradesh(State),00257800,009251,N,,,,
517,9669,Bhaloon (264),भलूं (264),Kangra(Sub-District) / Kangra(District) / Himachal Pradesh(State),00299300,009669,N,,,,
518,9115,Bhalowa (82),भलोवा (82),Jawali(Sub-District) / Kangra(District) / Himachal Pradesh(State),00244200,009115,N,,,,
519,9143,Bhalun (19),भलूँ (19),Jawali(Sub-District) / Kangra(District) / Himachal Pradesh(State),00247000,009143,N,,,,
520,8339,Bhalun (50),भलूण (50),Nurpur(Sub-District) / Kangra(District) / Himachal Pradesh(State),00166700,008339,N,,,,
521,10000,Bhaluna (733),भलूणा (733),Baroh(Sub-District) / Kangra(District) / Himachal Pradesh(State),00332400,010000,N,,,,
522,11337,Bhalunder (450),भलुन्दर (450),Alampur(Sub-District) / Kangra(District) / Himachal Pradesh(State),00466000,011337,N,,,,
523,10213,Bhalwal Nichla (110),भलवाल निचला (110),Dadasiba(Sub-District) / Kangra(District) / Himachal Pradesh(State),00353700,010213,N,,,,
524,10212,Bhalwal Upperla (100),भलवाल उपरला (100),Dadasiba(Sub-District) / Kangra(District) / Himachal Pradesh(State),00353600,010212,N,,,,
525,9256,Bhalwan (148),भलवा (148),Harchakian(Sub-District) / Kangra(District) / Himachal Pradesh(State),00258300,009256,N,,,,
526,11773,Bhambher (719),भम्बेड़ (719),Panchrukhi(Sub-District) / Kangra(District) / Himachal Pradesh(State),00509600,011773,N,,,,
527,9989,Bhamnehr (644),बमनेहड़ (644),Nagrota Bagwan(Sub-District) / Kangra(District) / Himachal Pradesh(State),00331300,009989,N,,,,
528,8525,Bhamoli (351),भमोली (351),Raja Ka Talab(Sub-District) / Kangra(District) / Himachal Pradesh(State),00185300,008525,N,,,,
529,9135,Bhanai (27),भनेई (27),Jawali(Sub-District) / Kangra(District) / Himachal Pradesh(State),00246200,009135,N,,,,
530,11338,Bhanaina (451),भनैना ( 451),Alampur(Sub-District) / Kangra(District) / Himachal Pradesh(State),00466100,011338,N,,,,
531,9348,Bhanala Khas (51),भनाला खास (51),Shahpur(Sub-District) / Kangra(District) / Himachal Pradesh(State),00267500,009348,N,,,,
532,9293,Bhandrela (185),भंद्रेला (185),Harchakian(Sub-District) / Kangra(District) / Himachal Pradesh(State),00262000,009293,N,,,,
533,10649,Bhaner (53),भनेड (53),Dadasiba(Sub-District) / Kangra(District) / Himachal Pradesh(State),00397300,010649,N,,,,
534,11138,Bhangali (110),भंगाली (110),Dhira(Sub-District) / Kangra(District) / Himachal Pradesh(State),00446100,011138,N,,,,
535,11646,Bhangiar (264),बनघ्यार (264),Palampur(Sub-District) / Kangra(District) / Himachal Pradesh(State),00496900,011646,N,eSignGOFile662648_19_02_2025_13_53_47.pdf,,,
536,10422,Bhangola (654),भंगोला (654),Dehra Gopipur(Sub-District) / Kangra(District) / Himachal Pradesh(State),00374600,010422,N,,,,
537,8559,Bhangoli Jhikli (323),भंगोली झिकली (323),Raja Ka Talab(Sub-District) / Kangra(District) / Himachal Pradesh(State),00188700,008559,N,,,,
538,8560,Bhangoli Upperli (322),भंगोली उपरली (322),Raja Ka Talab(Sub-District) / Kangra(District) / Himachal Pradesh(State),00188800,008560,N,,,,
539,9774,Bhangwar (804),भंगवार (804),Kangra(Sub-District) / Kangra(District) / Himachal Pradesh(State),00311000,009774,N,,,,
540,9230,Bhaniari (249),भनियाडी (249),Kotla(Sub-District) / Kangra(District) / Himachal Pradesh(State),00255700,009230,N,,,,
541,9810,Bhaniarkar (553),भनयारकड (553),Kangra(Sub-District) / Kangra(District) / Himachal Pradesh(State),00314600,009810,N,,,,
542,10116,Bhaniyarkar (872),भनियारकड़ (872),Baroh(Sub-District) / Kangra(District) / Himachal Pradesh(State),00344000,010116,N,,,,
543,8593,Bhanodu (176),भनोडू (176),Nurpur(Sub-District) / Kangra(District) / Himachal Pradesh(State),00192100,008593,N,,,,
544,8870,Bhanoli (170),भनोली (170),Rey(Sub-District) / Kangra(District) / Himachal Pradesh(State),00219800,008870,N,,,,
545,8442,Bhanori (420),भनोडी (420),Gangath(Sub-District) / Kangra(District) / Himachal Pradesh(State),00177000,008442,N,,,,
546,9029,Bhanth (228),भान्थ (228),Fatehpur(Sub-District) / Kangra(District) / Himachal Pradesh(State),00235600,009029,N,,,,
547,11119,Bhanuh (501),भनूँ (501),Thural(Sub-District) / Kangra(District) / Himachal Pradesh(State),00444200,011119,N,,,,
548,11122,Bhanwar (506),भनवाड (506),Thural(Sub-District) / Kangra(District) / Himachal Pradesh(State),00444500,011122,N,,,,
549,8713,Bhapoo (32),भपू (32),Indora(Sub-District) / Kangra(District) / Himachal Pradesh(State),00204100,008713,N,,,,
550,12051,Bharag (1028),भारग (1028),Baijnath(Sub-District) / Kangra(District) / Himachal Pradesh(State),00537400,012051,N,,,,
551,8557,Bharal (334),भठराल (334),Raja Ka Talab(Sub-District) / Kangra(District) / Himachal Pradesh(State),00188500,008557,N,eSignGOFile131557_01_02_2025_14_17_50.pdf,,,
552,10548,Bharal (356),भराल (356),Bharoli(Sub-District) / Kangra(District) / Himachal Pradesh(State),00383800,010548,N,eSignGOFile131557_11_06_2024_16_52_36.pdf,,,
553,11837,Bharamat Uparali (228),भरमात उपरली (228),Palampur(Sub-District) / Kangra(District) / Himachal Pradesh(State),00516000,011837,N,,,,
554,10962,Bharamdyara (715),भरमदयारा (715),Khundian(Sub-District) / Kangra(District) / Himachal Pradesh(State),00428600,010962,N,,,,
555,11060,Bharanta (397),भ्रान्ता (397),Thural(Sub-District) / Kangra(District) / Himachal Pradesh(State),00438300,011060,N,,,,
556,10756,Bharanta Buhla (259),भ्रान्ता वूहला (259),Rakkar(Sub-District) / Kangra(District) / Himachal Pradesh(State),00408000,010756,N,,,,
557,10758,Bharanta Uperla (257),भ्रान्ता उपरला (257),Rakkar(Sub-District) / Kangra(District) / Himachal Pradesh(State),00408200,010758,N,,,,
558,12108,Bharara (1071),भराड़ा (1071),Multhan(Sub-District) / Kangra(District) / Himachal Pradesh(State),00543100,012108,N,,,,
559,10835,Bharari (706),भराड़ी (706),Lagru(Sub-District) / Kangra(District) / Himachal Pradesh(State),00415900,010835,N,,,,
560,11178,Bharath (171),भारठ (171),Dhira(Sub-District) / Kangra(District) / Himachal Pradesh(State),00450100,011178,N,,,,
561,10256,Bharbara (146),वरवाड़ा (146),Dehra Gopipur(Sub-District) / Kangra(District) / Himachal Pradesh(State),00358000,010256,N,,,,
562,10377,Bhardu (565),भरदूं (565),Haripur(Sub-District) / Kangra(District) / Himachal Pradesh(State),00370100,010377,N,,,,
563,10285,Bhardyal (164),भरडयाल (164),Dehra Gopipur(Sub-District) / Kangra(District) / Himachal Pradesh(State),00360900,010285,N,,,,
564,9243,Bhareel (221),भरील (221),Kotla(Sub-District) / Kangra(District) / Himachal Pradesh(State),00257000,009243,N,,,,
565,8922,Bharel (66),वरेल (66),Fatehpur(Sub-District) / Kangra(District) / Himachal Pradesh(State),00225000,008922,N,,,,
566,12086,Bharer (851),भरेड़ (851),Baijnath(Sub-District) / Kangra(District) / Himachal Pradesh(State),00540900,012086,N,,,,
567,10882,Bharer (871),भरेड़ (871),Majheen(Sub-District) / Kangra(District) / Himachal Pradesh(State),00420600,010882,N,,,,
568,11574,Bharer (94),भरैड़ (94),Palampur(Sub-District) / Kangra(District) / Himachal Pradesh(State),00489700,011574,N,,,,
569,9860,Bharhun (690),भडूं (690),Nagrota Bagwan(Sub-District) / Kangra(District) / Himachal Pradesh(State),00318400,009860,N,,,,
570,9833,Bharialkar (586),भरयालकड (586),Nagrota Bagwan(Sub-District) / Kangra(District) / Himachal Pradesh(State),00315700,009833,N,,,,
571,9394,Bhariyal (116),भरयाल (116),Shahpur(Sub-District) / Kangra(District) / Himachal Pradesh(State),00272100,009394,N,,,,
572,8392,Bharlar (451),भरलाड (451),Indora(Sub-District) / Kangra(District) / Himachal Pradesh(State),00172000,008392,N,,,,
573,8330,Bharmal (81),भरमाल (81),Nurpur(Sub-District) / Kangra(District) / Himachal Pradesh(State),00165800,008330,N,,,,
574,9218,Bharmara (245),भरमाडा (245),Kotla(Sub-District) / Kangra(District) / Himachal Pradesh(State),00254500,009218,N,,,,
575,8467,Bharmoli (305),भरमोली (305),Nurpur(Sub-District) / Kangra(District) / Himachal Pradesh(State),00179500,008467,N,,,,
576,10876,Bharnal (796),भड़नाल (797),Majheen(Sub-District) / Kangra(District) / Himachal Pradesh(State),00420000,010876,N,,,,
577,9098,Bharnala (137),भरनाला (137),Kotla(Sub-District) / Kangra(District) / Himachal Pradesh(State),00242500,009098,N,,,,
578,10078,Bharngal (790),भरंगाल (790),Baroh(Sub-District) / Kangra(District) / Himachal Pradesh(State),00340200,010078,N,,,,
579,8746,Bharnoli (114),भरनोली (114),Indora(Sub-District) / Kangra(District) / Himachal Pradesh(State),00207500,008746,N,,,,
580,8665,Bharnoli (182),भरनोली (182),Nurpur(Sub-District) / Kangra(District) / Himachal Pradesh(State),00199300,008665,N,,,,
581,9233,Bharnoli (252),भरनोली (252),Kotla(Sub-District) / Kangra(District) / Himachal Pradesh(State),00256000,009233,N,,,,
582,8333,Bharnu (79),भरनूह (79),Nurpur(Sub-District) / Kangra(District) / Himachal Pradesh(State),00166100,008333,N,,,,
583,10971,Bharoli (726),भड़ोली (726),Khundian(Sub-District) / Kangra(District) / Himachal Pradesh(State),00429500,010971,N,,,,
584,10553,Bharoli Kuthiara (313),भड़ोली कुटियारा (313),Bharoli(Sub-District) / Kangra(District) / Himachal Pradesh(State),00384300,010553,N,eSignGOFile131557_11_06_2024_16_54_26.pdf,,,
585,9475,Bharot (317),भड़ोत (317),Shahpur(Sub-District) / Kangra(District) / Himachal Pradesh(State),00281500,009475,N,,,,
586,9737,Bharth (245),भारथ (245),Kangra(Sub-District) / Kangra(District) / Himachal Pradesh(State),00307300,009737,N,,,,
587,9299,Bharup Lahr (191),भरूपलाहड (191),Harchakian(Sub-District) / Kangra(District) / Himachal Pradesh(State),00262600,009299,N,,,,
588,11821,Bharwana (757),भरवाना (757),Panchrukhi(Sub-District) / Kangra(District) / Himachal Pradesh(State),00514400,011821,N,,,,
589,10114,Bharyalu (870),भरयालू (870),Baroh(Sub-District) / Kangra(District) / Himachal Pradesh(State),00343800,010114,N,,,,
590,10173,Bharyata (500),भरयाटा (500),Haripur(Sub-District) / Kangra(District) / Himachal Pradesh(State),00349700,010173,N,,,,
591,9728,Bhaseher (238),भसेहड (238),Kangra(Sub-District) / Kangra(District) / Himachal Pradesh(State),00306400,009728,N,,,,
592,11501,Bhasmed (28),भसमेहड़ (28),Chachian(Sub-District) / Kangra(District) / Himachal Pradesh(State),00482400,011501,N,,,,
593,8650,Bhatal (199),भताल (199),Nurpur(Sub-District) / Kangra(District) / Himachal Pradesh(State),00197800,008650,N,,,,
594,9497,Bhatala (336),भतला (336),Dharmsala(Sub-District) / Kangra(District) / Himachal Pradesh(State),00283700,009497,N,,,,
595,10389,Bhatala (569),भटाला (569),Dehra Gopipur(Sub-District) / Kangra(District) / Himachal Pradesh(State),00371300,010389,N,,,,
596,10898,Bhatal Kalan (875),भटाल कलां (875),Majheen(Sub-District) / Kangra(District) / Himachal Pradesh(State),00422200,010898,N,,,,
597,10899,Bhatal Khurd (883),भटाल खुर्द (883),Majheen(Sub-District) / Kangra(District) / Himachal Pradesh(State),00422300,010899,N,,,,
598,9712,Bhatanala (458),भाटानाला (458),Kangra(Sub-District) / Kangra(District) / Himachal Pradesh(State),00304800,009712,N,,,,
599,11848,Bhatarka (217),भटारका (217),Palampur(Sub-District) / Kangra(District) / Himachal Pradesh(State),00517100,011848,N,,,,
600,11038,Bhatawan (895),भटावां (895),Majheen(Sub-District) / Kangra(District) / Himachal Pradesh(State),00436200,011038,N,,,,
601,9413,Bhatechh (63),भटेच्छ (63),Shahpur(Sub-District) / Kangra(District) / Himachal Pradesh(State),00274000,009413,N,,,,
602,9212,Bhatehar (257),भटेह्ड (257),Kotla(Sub-District) / Kangra(District) / Himachal Pradesh(State),00253900,009212,N,,,,
603,9614,Bhatehar (523),भटेहड (523),Dharmsala(Sub-District) / Kangra(District) / Himachal Pradesh(State),00295400,009614,N,,,,
604,10055,Bhatehar (844),भटेहड़ (844),Baroh(Sub-District) / Kangra(District) / Himachal Pradesh(State),00337900,010055,N,,,,
605,10638,Bhatehr (21),भटेहड़ (21),Jaswan(Sub-District) / Kangra(District) / Himachal Pradesh(State),00396200,010638,N,,,,
606,9553,Bhatehr (387),भटेहड़ (387),Dharmsala(Sub-District) / Kangra(District) / Himachal Pradesh(State),00289300,009553,N,,,,
607,10191,Bhatehr (515),भटेहड़ (515),Haripur(Sub-District) / Kangra(District) / Himachal Pradesh(State),00351500,010191,N,,,,
608,10588,Bhatehr (677),भटेहड़ (677),Jawalamukhi(Sub-District) / Kangra(District) / Himachal Pradesh(State),00387800,010588,N,,,,
609,10327,Bhatehr Awal (525),बटेहड अब्बल (525),Haripur(Sub-District) / Kangra(District) / Himachal Pradesh(State),00365100,010327,N,,,,
610,8994,Bhateki (199),भटेकी (199),Fatehpur(Sub-District) / Kangra(District) / Himachal Pradesh(State),00232200,008994,N,,,,
611,8934,Bhateki (45),भटेकी (45),Fatehpur(Sub-District) / Kangra(District) / Himachal Pradesh(State),00226200,008934,N,,,,
612,10166,Bhater Dom (486),भटेहड दोयम (486),Haripur(Sub-District) / Kangra(District) / Himachal Pradesh(State),00349000,010166,N,,,,
613,9090,Bhati (111),भाटी (111),Jawali(Sub-District) / Kangra(District) / Himachal Pradesh(State),00241700,009090,N,,,,
614,11206,Bhati (148),भाटी (148),Dhira(Sub-District) / Kangra(District) / Himachal Pradesh(State),00452900,011206,N,,,,
615,8473,Bhati (39),भाटी (39),Nurpur(Sub-District) / Kangra(District) / Himachal Pradesh(State),00180100,008473,N,,,,
616,10355,Bhati (541),भाटी (541),Haripur(Sub-District) / Kangra(District) / Himachal Pradesh(State),00367900,010355,N,,,,
617,9832,Bhati (546),भाटी (546),Nagrota Bagwan(Sub-District) / Kangra(District) / Himachal Pradesh(State),00315600,009832,N,,,,
618,10347,Bhati (561),भाटी (561),Haripur(Sub-District) / Kangra(District) / Himachal Pradesh(State),00367100,010347,N,,,,
619,9792,Bhati (573),भाटी (573),Kangra(Sub-District) / Kangra(District) / Himachal Pradesh(State),00312800,009792,N,,,,
620,11368,Bhati (580),भाटी (580),Jaisinghpur(Sub-District) / Kangra(District) / Himachal Pradesh(State),00469100,011368,N,,,,
621,10601,Bhati (640),भाटी (640),Jawalamukhi(Sub-District) / Kangra(District) / Himachal Pradesh(State),00389400,010601,N,,,,
622,10444,Bhati (662),भाटी (662),Jawalamukhi(Sub-District) / Kangra(District) / Himachal Pradesh(State),00390200,010444,N,,,,
623,9900,Bhati (701),भाटी (701),Nagrota Bagwan(Sub-District) / Kangra(District) / Himachal Pradesh(State),00322400,009900,N,,,,
624,10057,Bhati (836),भाटी (836),Baroh(Sub-District) / Kangra(District) / Himachal Pradesh(State),00338100,010057,N,,,,
625,8836,Bhati Anutra (29),भाटी अनुतरां (29),Rey(Sub-District) / Kangra(District) / Himachal Pradesh(State),00216400,008836,N,,,,
626,11229,Bhatiara (333),भटयाड़ा (333),Dhira(Sub-District) / Kangra(District) / Himachal Pradesh(State),00455200,011229,N,,,,
627,8837,Bhati Dangbalian (30),भाटी डंगवालीयां (30),Rey(Sub-District) / Kangra(District) / Himachal Pradesh(State),00216500,008837,N,,,,
628,8915,Bhati Hadialchan (119),भाटी हडियालचां (119),Fatehpur(Sub-District) / Kangra(District) / Himachal Pradesh(State),00224300,008915,N,,,,
629,8832,Bhati Jogian (26),भाटी जोगियाँ (26),Rey(Sub-District) / Kangra(District) / Himachal Pradesh(State),00216000,008832,N,,,,
630,8916,Bhati Minhasan (118),भाटी मिन्हासां (118),Fatehpur(Sub-District) / Kangra(District) / Himachal Pradesh(State),00224400,008916,N,,,,
631,8834,Bhati Uparli (32),भाटी उपरली (32),Rey(Sub-District) / Kangra(District) / Himachal Pradesh(State),00216200,008834,N,,,,
632,11213,Bhatka (144),भटका (144),Dhira(Sub-District) / Kangra(District) / Himachal Pradesh(State),00453600,011213,N,,,,
633,8322,Bhatka (74),भटका (74),Nurpur(Sub-District) / Kangra(District) / Himachal Pradesh(State),00165000,008322,N,,,,
634,10132,Bhatlahari (893),भटलाहड़ी (893),Baroh(Sub-District) / Kangra(District) / Himachal Pradesh(State),00345600,010132,N,,,,
635,9740,Bhatlahru (244),भटलाहडू (244),Kangra(Sub-District) / Kangra(District) / Himachal Pradesh(State),00307600,009740,N,,,,
636,10844,Bhatlahru 694),भटलाहडू (694),Khundian(Sub-District) / Kangra(District) / Himachal Pradesh(State),00416800,010844,N,,,,
637,10981,Bhatlahru (756),भटलाहडू (756),Khundian(Sub-District) / Kangra(District) / Himachal Pradesh(State),00430500,010981,N,,,,
638,8662,Bhatoli (187),भटोली (187),Nurpur(Sub-District) / Kangra(District) / Himachal Pradesh(State),00199000,008662,N,,,,
639,9246,Bhatoli (222),भटोली (222),Kotla(Sub-District) / Kangra(District) / Himachal Pradesh(State),00257300,009246,N,,,,
640,8547,Bhatoli (347),भटोली (347),Raja Ka Talab(Sub-District) / Kangra(District) / Himachal Pradesh(State),00187500,008547,N,,,,
641,9079,Bhatoli (35),भटोली (35),Jawali(Sub-District) / Kangra(District) / Himachal Pradesh(State),00240600,009079,N,,,,
642,8770,Bhatoli (72),भटोली (72),Indora(Sub-District) / Kangra(District) / Himachal Pradesh(State),00209900,008770,N,,,,
643,8739,Bhatoli (89),भटोली (89),Gangath(Sub-District) / Kangra(District) / Himachal Pradesh(State),00206800,008739,N,,,,
644,8478,Bhatoli Bilian (391),भटोली विल्यां (391),Gangath(Sub-District) / Kangra(District) / Himachal Pradesh(State),00180600,008478,N,,,,
645,8904,Bhatoli Gilendian (129),भटोली गिलडयाँ (129),Rey(Sub-District) / Kangra(District) / Himachal Pradesh(State),00223200,008904,N,,,,
646,8479,Bhatoli Lamian (393),भटोली लम्नियां (393),Gangath(Sub-District) / Kangra(District) / Himachal Pradesh(State),00180700,008479,N,,,,
647,8906,Bhatoli Pakwan (122),भटोली पक्वां (122),Fatehpur(Sub-District) / Kangra(District) / Himachal Pradesh(State),00223400,008906,N,,,,
648,10208,Bhatoli Phakorian (454),भटोली फकोरियां (454),Haripur(Sub-District) / Kangra(District) / Himachal Pradesh(State),00353200,010208,N,,,,
649,8860,Bhatoli Samnialan (154),भटोली समियालाँ (154),Rey(Sub-District) / Kangra(District) / Himachal Pradesh(State),00218800,008860,N,,,,
650,11748,Bhatpura (673),भटटपुरा (673),Bhawarna(Sub-District) / Kangra(District) / Himachal Pradesh(State),00507100,011748,N,,,,
651,9001,Bhatral (214),भड़तयाल (214),Fatehpur(Sub-District) / Kangra(District) / Himachal Pradesh(State),00232900,009001,N,,,,
652,10277,Bhatrala (169),भटराला (169),Pragpur(Sub-District) / Kangra(District) / Himachal Pradesh(State),00360100,010277,N,,,,
653,8901,Bhatti (189),भाटी (189),Fatehpur(Sub-District) / Kangra(District) / Himachal Pradesh(State),00222900,008901,N,,,,
654,9464,Bhatti (286),भाटी (286),Shahpur(Sub-District) / Kangra(District) / Himachal Pradesh(State),00279100,009464,N,,,,
655,11404,Bhatti (623),भाटी (623),Jaisinghpur(Sub-District) / Kangra(District) / Himachal Pradesh(State),00472700,011404,N,,,,
656,11061,Bhatti Lohar Panga (391),भाटी लोहार पंगा (391),Thural(Sub-District) / Kangra(District) / Himachal Pradesh(State),00438400,011061,N,,,,
657,8908,Bhatti Rialian (120),भाटी रियालां (120),Fatehpur(Sub-District) / Kangra(District) / Himachal Pradesh(State),00223600,008908,N,,,,
658,12049,Bhattu Buhla (1026),भट्टु बुहला (1026),Baijnath(Sub-District) / Kangra(District) / Himachal Pradesh(State),00537200,012049,N,,,,
659,11586,Bhattu Palam (96),भट्टू पलम  (96),Sulah(Sub-District) / Kangra(District) / Himachal Pradesh(State),00490900,011586,N,,,,
660,12050,Bhattu Upperla (1027),भट्टु उपरला (1027),Baijnath(Sub-District) / Kangra(District) / Himachal Pradesh(State),00537300,012050,N,,,,
661,10944,Bhatwal (746),भटवाल (746),Khundian(Sub-District) / Kangra(District) / Himachal Pradesh(State),00426800,010944,N,,,,
662,11300,Bhatwara (601),भटवारा (601),Jaisinghpur(Sub-District) / Kangra(District) / Himachal Pradesh(State),00462300,011300,N,,,,
663,11688,Bhauda Khas (363),भौडा खास (363),Bhawarna(Sub-District) / Kangra(District) / Himachal Pradesh(State),00501100,011688,N,,,,
664,9239,Bhaunka (233),भौंका (233),Kotla(Sub-District) / Kangra(District) / Himachal Pradesh(State),00256600,009239,N,,,,
665,9844,Bhaunthadu (676),भौंठड़ू (676),Nagrota Bagwan(Sub-District) / Kangra(District) / Himachal Pradesh(State),00316800,009844,N,,,,
666,10544,Bhaveter (358),भवेत्र (358),Jawalamukhi(Sub-District) / Kangra(District) / Himachal Pradesh(State),00383400,010544,N,,,,
667,8991,Bhawara (193),भवाड़ा (193),Fatehpur(Sub-District) / Kangra(District) / Himachal Pradesh(State),00231900,008991,N,,,,
668,11640,Bhawarna Khas (277),भवारना (277),Bhawarna(Sub-District) / Kangra(District) / Himachal Pradesh(State),00496300,011640,N,,,,
669,10034,Bhed (776),भेड़ (776),Baroh(Sub-District) / Kangra(District) / Himachal Pradesh(State),00335800,010034,N,,,,
670,8753,Bhehri (100),भोहड़ी (100),Gangath(Sub-District) / Kangra(District) / Himachal Pradesh(State),00208200,008753,N,,,,
671,9094,Bhelera (130),भलेरा (130),Jawali(Sub-District) / Kangra(District) / Himachal Pradesh(State),00242100,009094,N,,,,
672,9852,Bher (681),भेड़ (681),Nagrota Bagwan(Sub-District) / Kangra(District) / Himachal Pradesh(State),00317600,009852,N,,,,
673,9840,Bherda (671),भेरडा (671),Nagrota Bagwan(Sub-District) / Kangra(District) / Himachal Pradesh(State),00316400,009840,N,,,,
674,11614,Bheri (304),भेडी (304),Sulah(Sub-District) / Kangra(District) / Himachal Pradesh(State),00493700,011614,N,,,,
675,9656,Bheri (320),भेडी (320),Kangra(Sub-District) / Kangra(District) / Himachal Pradesh(State),00281100,009656,N,,,,
676,9957,Bheri (601),भेडी (601),Nagrota Bagwan(Sub-District) / Kangra(District) / Himachal Pradesh(State),00328100,009957,N,,,,
677,10459,Bheri (623),भेड़ी (623),Dehra Gopipur(Sub-District) / Kangra(District) / Himachal Pradesh(State),00391700,010459,N,,,,
678,11340,Bheri Nichali (453),भेडी निचली (453),Alampur(Sub-District) / Kangra(District) / Himachal Pradesh(State),00466300,011340,N,,,,
679,11341,Bheri Uparli (455),भेडी उपरली (455),Alampur(Sub-District) / Kangra(District) / Himachal Pradesh(State),00466400,011341,N,,,,
680,9082,Bhermar (31),भरमाड़ (31),Jawali(Sub-District) / Kangra(District) / Himachal Pradesh(State),00240900,009082,N,,,,
681,8909,Bherta (96),भेरता (96),Fatehpur(Sub-District) / Kangra(District) / Himachal Pradesh(State),00223700,008909,N,,,,
682,11905,Bheth Jhikli (817),भेठ झिकली (817),Baijnath(Sub-District) / Kangra(District) / Himachal Pradesh(State),00522800,011905,N,,,,
683,11906,Bheth Uperli (816),भेठ उपरली (816),Baijnath(Sub-District) / Kangra(District) / Himachal Pradesh(State),00522900,011906,N,,,,
684,10200,Bhial (462),भयाल (462),Haripur(Sub-District) / Kangra(District) / Himachal Pradesh(State),00352400,010200,N,,,,
685,10374,Bhilu (567),भिल्लू (567),Haripur(Sub-District) / Kangra(District) / Himachal Pradesh(State),00369800,010374,N,,,,
686,11996,Bhirdi (998),भिरड़ी (998),Chadiyar(Sub-District) / Kangra(District) / Himachal Pradesh(State),00531900,011996,N,,,,
687,9492,Bhitlu (38),भितलू (38),Dharmsala(Sub-District) / Kangra(District) / Himachal Pradesh(State),00283200,009492,N,,,,
688,11268,Bhodi (637),भौडी (637),Jaisinghpur(Sub-District) / Kangra(District) / Himachal Pradesh(State),00459100,011268,N,,,,
689,8776,Bhogarwan (76),भोग्रवां (76),Indora(Sub-District) / Kangra(District) / Himachal Pradesh(State),00210500,008776,N,,,,
690,11736,Bhohra (666),भौरा (666),Bhawarna(Sub-District) / Kangra(District) / Himachal Pradesh(State),00505900,011736,N,,,,
691,9455,Bhoi (311),भोई (311),Shahpur(Sub-District) / Kangra(District) / Himachal Pradesh(State),00278200,009455,N,,,,
692,9137,Bhol (26),भोल (26),Jawali(Sub-District) / Kangra(District) / Himachal Pradesh(State),00246400,009137,N,,,,
693,10636,Bholi (27),भोली (27),Jaswan(Sub-District) / Kangra(District) / Himachal Pradesh(State),00396000,010636,N,,,,
694,9068,Bhol Khas (101),भोल खास (101),Jawali(Sub-District) / Kangra(District) / Himachal Pradesh(State),00239500,009068,N,,,,
695,8610,Bhol Thakran (291),भोल ठाकरां (291),Nurpur(Sub-District) / Kangra(District) / Himachal Pradesh(State),00193800,008610,N,,,,
696,9888,Bhorana (712),भौरना (712),Nagrota Bagwan(Sub-District) / Kangra(District) / Himachal Pradesh(State),00321200,009888,N,,,,
697,10567,Bhoran Chanalti (324),भोरण चनाल्टी (324),Bharoli(Sub-District) / Kangra(District) / Himachal Pradesh(State),00385700,010567,N,eSignGOFile131557_11_06_2024_16_55_43.pdf,,,
698,10144,Bhorla (874),भोरला (874),Baroh(Sub-District) / Kangra(District) / Himachal Pradesh(State),00346800,010144,N,,,,
699,10866,Bhouran (686),भौरन (686),Khundian(Sub-District) / Kangra(District) / Himachal Pradesh(State),00419000,010866,N,,,,
700,9866,Bhowrni (693),भौरनी (693),Nagrota Bagwan(Sub-District) / Kangra(District) / Himachal Pradesh(State),00319000,009866,N,,,,
701,11781,Bhuana (734),भुआणा (737),Panchrukhi(Sub-District) / Kangra(District) / Himachal Pradesh(State),00510400,011781,N,,,,
702,11822,Bhuana (756),भुआणा (756),Panchrukhi(Sub-District) / Kangra(District) / Himachal Pradesh(State),00514500,011822,N,,,,
703,11419,Bhuara (924),भुआरा (924),Jaisinghpur(Sub-District) / Kangra(District) / Himachal Pradesh(State),00474200,011419,N,,,,
704,8580,Bhugnara (158),भुगनाडा (158),Nurpur(Sub-District) / Kangra(District) / Himachal Pradesh(State),00190800,008580,N,,,,
705,11110,Bhuhli Pakhi (465),वूहली पखी (465),Thural(Sub-District) / Kangra(District) / Himachal Pradesh(State),00443300,011110,N,,,,
706,10146,Bhujleta (875),भुजलेटा (875),Baroh(Sub-District) / Kangra(District) / Himachal Pradesh(State),00347000,010146,N,,,,
707,12128,Bhujling (1089),भुजलिंग (1089),Multhan(Sub-District) / Kangra(District) / Himachal Pradesh(State),00545100,012128,N,,,,
708,9615,Bhuli Tangroti (520),वूहली तगरोटी (520),Dharmsala(Sub-District) / Kangra(District) / Himachal Pradesh(State),00295500,009615,N,,,,
709,8794,Bhumbla (56),भूम्बला (56),Thakurdwara(Sub-District) / Kangra(District) / Himachal Pradesh(State),00212300,008794,N,,,,
710,9926,Bhuner (529),भुनैड (529),Nagrota Bagwan(Sub-District) / Kangra(District) / Himachal Pradesh(State),00325000,009926,N,,,,
711,8554,Bhungtial (336),भुंगत्याल (336),Raja Ka Talab(Sub-District) / Kangra(District) / Himachal Pradesh(State),00188200,008554,N,,,,
712,11889,Bhunkher (843),भुंखेड़ (843),Baijnath(Sub-District) / Kangra(District) / Himachal Pradesh(State),00521200,011889,N,,,,
713,11962,Bhunkher (992),भूखेड़ (992),Chadiyar(Sub-District) / Kangra(District) / Himachal Pradesh(State),00528500,011962,N,,,,
714,10005,Bhurlahar (740),भूरलाहड़ (740),Baroh(Sub-District) / Kangra(District) / Himachal Pradesh(State),00332900,010005,N,,,,
715,8804,Bhurtiyal (7),भडतयाल (7),Fatehpur(Sub-District) / Kangra(District) / Himachal Pradesh(State),00213200,008804,N,,,,
716,11830,Bhyar (248),भ्यार (248),Palampur(Sub-District) / Kangra(District) / Himachal Pradesh(State),00515300,011830,N,,,,
717,11788,Biara (752),ब्याड़ा (752),Panchrukhi(Sub-District) / Kangra(District) / Himachal Pradesh(State),00511100,011788,N,,,,
718,9041,Bihand (215),बींहड (215),Fatehpur(Sub-District) / Kangra(District) / Himachal Pradesh(State),00236800,009041,N,,,,
719,11422,Bijapur (916),बीजापुर (916),Jaisinghpur(Sub-District) / Kangra(District) / Himachal Pradesh(State),00474500,011422,N,,,,
720,10192,Bilaspur (516),बिलासपुर (516),Haripur(Sub-District) / Kangra(District) / Himachal Pradesh(State),00351600,010192,N,,,,
721,12057,Billing (1034),बिलिंग (1034),Baijnath(Sub-District) / Kangra(District) / Himachal Pradesh(State),00538000,012057,N,,,,
722,10352,Bilpar (535),बिलपड (535),Haripur(Sub-District) / Kangra(District) / Himachal Pradesh(State),00367600,010352,N,,,,
723,8750,Bilwan (99),विल्वां (99),Gangath(Sub-District) / Kangra(District) / Himachal Pradesh(State),00207900,008750,N,,,,
724,11577,Bindraban (208),विन्द्रावन (208),Palampur(Sub-District) / Kangra(District) / Himachal Pradesh(State),00490000,011577,N,,,,
725,11343,Bir (470),वीड(470),Alampur(Sub-District) / Kangra(District) / Himachal Pradesh(State),00466600,011343,N,,,,
726,11050,Bir Garh (524/1),वीरगढ (524/1),Bhawarna(Sub-District) / Kangra(District) / Himachal Pradesh(State),00437300,011050,N,,,,
727,12058,Bir Khas (1035),बीड़ खास (1035),Baijnath(Sub-District) / Kangra(District) / Himachal Pradesh(State),00538100,012058,N,,,,
728,9698,Birta (450),वीरता (450),Kangra(Sub-District) / Kangra(District) / Himachal Pradesh(State),00302200,009698,N,,,,
729,10995,Bisin (772),विसीं (772),Khundian(Sub-District) / Kangra(District) / Himachal Pradesh(State),00431900,010995,N,,,,
730,11624,Boda Buhla (310),वोदा बूहला  (310),Sulah(Sub-District) / Kangra(District) / Himachal Pradesh(State),00494700,011624,N,,,,
731,9721,Bodarballa (446),बोदडबल्ला (446),Kangra(Sub-District) / Kangra(District) / Himachal Pradesh(State),00305700,009721,N,,,,
732,11626,Boda Uparla (300),वोदा उपरला  (300),Sulah(Sub-District) / Kangra(District) / Himachal Pradesh(State),00494900,011626,N,,,,
733,11753,Bodhal (683),बोधल (683),Panchrukhi(Sub-District) / Kangra(District) / Himachal Pradesh(State),00507600,011753,N,,,,
734,11849,Bohal (218),वोहल (218),Palampur(Sub-District) / Kangra(District) / Himachal Pradesh(State),00517200,011849,N,,,,
735,8414,Bohal (418),वोहल (418),Gangath(Sub-District) / Kangra(District) / Himachal Pradesh(State),00174200,008414,N,,,,
736,10603,Bohala (4),बुहाला (4),Jaswan(Sub-District) / Kangra(District) / Himachal Pradesh(State),00392700,010603,N,,,,
737,10498,Bohal Jagir (310),बोहल जागीर (310),Bharoli(Sub-District) / Kangra(District) / Himachal Pradesh(State),00378300,010498,N,eSignGOFile131557_10_06_2024_16_15_55.pdf,,,
738,10497,Bohal Khalsa (311),बोहल खालसा (311),Bharoli(Sub-District) / Kangra(District) / Himachal Pradesh(State),00378200,010497,N,eSignGOFile131557_10_06_2024_16_15_55.pdf,,,
739,939762,Bohan(N.A.C.) (389/1),बौहण (NAC) (389/1),Jawalamukhi(Sub-District) / Kangra(District) / Himachal Pradesh(State),,000000,N,,,,
740,11057,Boharkar (379),वोहरकड (379),Thural(Sub-District) / Kangra(District) / Himachal Pradesh(State),00438000,011057,N,,,,
741,9749,Boharkawalu (227),बोहडकवालू (227),Kangra(Sub-District) / Kangra(District) / Himachal Pradesh(State),00308500,009749,N,,,,
742,9236,Bohrka (234),बोहरका (234),Kotla(Sub-District) / Kangra(District) / Himachal Pradesh(State),00256300,009236,N,,,,
743,11724,Bohrkar (547),बोहरकड (547),Bhawarna(Sub-District) / Kangra(District) / Himachal Pradesh(State),00504700,011724,N,,,,
744,11948,Bolu (878),बोलू (878),Baijnath(Sub-District) / Kangra(District) / Himachal Pradesh(State),00527100,011948,N,,,,
745,10309,Bongta (438),वौंगता (438),Haripur(Sub-District) / Kangra(District) / Himachal Pradesh(State),00363300,010309,N,,,,
746,9408,Borusarna (53),बोडू सारना (53),Shahpur(Sub-District) / Kangra(District) / Himachal Pradesh(State),00273500,009408,N,,,,
747,11545,Brahamthedu (46),ब्रह्मठेहडू (46),Chachian(Sub-District) / Kangra(District) / Himachal Pradesh(State),00486800,011545,N,,,,
748,12067,Brahan (857),बराहण (857),Baijnath(Sub-District) / Kangra(District) / Himachal Pradesh(State),00539000,012067,N,,,,
749,10735,Brahmnagar (241),ब्रहमनगर (241),Rakkar(Sub-District) / Kangra(District) / Himachal Pradesh(State),00405900,010735,N,,,,
750,9610,Braih (492),ब्रैह (492),Dharmsala(Sub-District) / Kangra(District) / Himachal Pradesh(State),00295000,009610,N,,,,
751,8361,Branda (27),वरण्डा (27),Nurpur(Sub-District) / Kangra(District) / Himachal Pradesh(State),00168900,008361,N,,,,
752,11555,Brankar (56),व्राह्न्कड़ (56),Sulah(Sub-District) / Kangra(District) / Himachal Pradesh(State),00487800,011555,N,,,,
753,939766,Breh (M.C.) 363-1,ब्रैह (363/1),Dharmsala(Sub-District) / Kangra(District) / Himachal Pradesh(State),,000000,N,,,,
754,9894,Bug (705),बग (705),Nagrota Bagwan(Sub-District) / Kangra(District) / Himachal Pradesh(State),00321800,009894,N,,,,
755,8924,Buhal (63),वुहाल (63),Fatehpur(Sub-District) / Kangra(District) / Himachal Pradesh(State),00225200,008924,N,,,,
756,10294,Buhla Badhun (160),बूहला भडूं (160),Dehra Gopipur(Sub-District) / Kangra(District) / Himachal Pradesh(State),00361800,010294,N,,,,
757,11208,Buhla Nauana (146),बूहला नौआ (146),Dhira(Sub-District) / Kangra(District) / Himachal Pradesh(State),00453100,011208,N,,,,
758,9977,Buhnehr (613),भुनेहड (613),Nagrota Bagwan(Sub-District) / Kangra(District) / Himachal Pradesh(State),00330100,009977,N,,,,
759,9688,Bulhi Bhadwal (426),वुहली भडवाल (426),Kangra(Sub-District) / Kangra(District) / Himachal Pradesh(State),00301200,009688,N,,,,
760,11044,Buli (906),बुल्ली (906),Majheen(Sub-District) / Kangra(District) / Himachal Pradesh(State),00436800,011044,N,,,,
761,11846,Bundla Khas (215),बन्दला खास (215),Palampur(Sub-District) / Kangra(District) / Himachal Pradesh(State),00516900,011846,N,,,,
762,11844,Bundla Tea Estate (213),बन्दला टी एस्टेट (213),Palampur(Sub-District) / Kangra(District) / Himachal Pradesh(State),00516700,011844,N,,,,
763,9933,Buner (518),भुनैड (518),Nagrota Bagwan(Sub-District) / Kangra(District) / Himachal Pradesh(State),00325700,009933,N,,,,
764,10445,Buni Gujran (643),बुणी गुजरां (643),Jawalamukhi(Sub-District) / Kangra(District) / Himachal Pradesh(State),00390300,010445,N,,,,
765,9150,Chabwan (2),चबवां (2),Jawali(Sub-District) / Kangra(District) / Himachal Pradesh(State),00247700,009150,N,,,,
766,9060,Chachian (110),चचियां (110),Jawali(Sub-District) / Kangra(District) / Himachal Pradesh(State),00238700,009060,N,,,,
767,11500,Chachian Khas (31),चचियाँ खास (31),Chachian(Sub-District) / Kangra(District) / Himachal Pradesh(State),00482300,011500,N,,,,
768,8526,Chachrehr (350),चचरेहड़ (350),Raja Ka Talab(Sub-District) / Kangra(District) / Himachal Pradesh(State),00185400,008526,N,,,,
769,10584,Chadal (680),चाडल (680),Jawalamukhi(Sub-District) / Kangra(District) / Himachal Pradesh(State),00387400,010584,N,,,,
770,11963,Chadhiar Khas (981),चढियार खास (981),Chadiyar(Sub-District) / Kangra(District) / Himachal Pradesh(State),00528600,011963,N,,,,
771,10142,Chadhrehar(885),चधरेहड़ (885),Baroh(Sub-District) / Kangra(District) / Himachal Pradesh(State),00346600,010142,N,eSignGOFile662648_19_02_2025_14_20_12.pdf,,,
772,10158,Chadrunh (766),चदरुंह (766),Baroh(Sub-District) / Kangra(District) / Himachal Pradesh(State),00348200,010158,N,,,,
773,11697,Chah (368),चाह (368),Bhawarna(Sub-District) / Kangra(District) / Himachal Pradesh(State),00502000,011697,N,,,,
774,11551,Chahar Khola (52),चाहड़ खोला (52),Sulah(Sub-District) / Kangra(District) / Himachal Pradesh(State),00487400,011551,N,,,,
775,9967,Chahri (609),चाहडी (609),Nagrota Bagwan(Sub-District) / Kangra(District) / Himachal Pradesh(State),00329100,009967,N,,,,
776,11323,Chainti (439),छैंटी (439),Alampur(Sub-District) / Kangra(District) / Himachal Pradesh(State),00464600,011323,N,,,,
777,9589,Chakawan Siddhbari (394),चकवन सिद्दवाडी (394),Dharmsala(Sub-District) / Kangra(District) / Himachal Pradesh(State),00292900,009589,N,,,,
778,9066,Chakban (103),चकवन (103),Jawali(Sub-District) / Kangra(District) / Himachal Pradesh(State),00239300,009066,N,,,,
779,11180,Chakban (177),चकबन (177),Dhira(Sub-District) / Kangra(District) / Himachal Pradesh(State),00450300,011180,N,,,,
780,9169,Chakban (71),चकवन (71),Jawali(Sub-District) / Kangra(District) / Himachal Pradesh(State),00249600,009169,N,,,,
781,9088,Chakban (92),चकवन (92),Jawali(Sub-District) / Kangra(District) / Himachal Pradesh(State),00241500,009088,N,,,,
782,9906,Chakban Ambari (649),चकवन अंबाड़ी (649),Nagrota Bagwan(Sub-District) / Kangra(District) / Himachal Pradesh(State),00323000,009906,N,,,,
783,12094,Chakban Bakarkyara (1077),चकबन बकरक्याड़ा (1077),Multhan(Sub-District) / Kangra(District) / Himachal Pradesh(State),00541700,012094,N,,,,
784,9925,Chakban Baldhar (538),चकवन बलधर (538),Nagrota Bagwan(Sub-District) / Kangra(District) / Himachal Pradesh(State),00324900,009925,N,,,,
785,10099,Chakban Balu Galoa-I(812),चकबन बालू गलोआ-।,Baroh(Sub-District) / Kangra(District) / Himachal Pradesh(State),00342300,010099,N,eSignGOFile662648_19_02_2025_14_22_51.pdf,,,
786,10104,Chakban Balu Galoa-II(816),चकबन बालू गलोआ-।।,Baroh(Sub-District) / Kangra(District) / Himachal Pradesh(State),00342800,010104,N,eSignGOFile662648_19_02_2025_14_23_51.pdf,,,
787,9824,Chakban Banai (488),चकवन बनाई (488),Nagrota Bagwan(Sub-District) / Kangra(District) / Himachal Pradesh(State),00303900,009824,N,,,,
788,9847,Chakban Banbher (679),चकवन वनभेड (679),Nagrota Bagwan(Sub-District) / Kangra(District) / Himachal Pradesh(State),00317100,009847,N,,,,
789,9537,Chakban Banwala (356),चकवन बनवाला (356),Dharmsala(Sub-District) / Kangra(District) / Himachal Pradesh(State),00287600,009537,N,,,,
790,9377,Chakban Baranj (108),चकवन वड़न्ज (108),Shahpur(Sub-District) / Kangra(District) / Himachal Pradesh(State),00270400,009377,N,,,,
791,9611,Chakban Barbala (490),चकवन बरवाला (490),Dharmsala(Sub-District) / Kangra(District) / Himachal Pradesh(State),00295100,009611,N,,,,
792,10064,Chakban Bari (808),चकबन बाड़ी (808),Baroh(Sub-District) / Kangra(District) / Himachal Pradesh(State),00338800,010064,N,,,,
793,9604,Chakban Barida Khola (478),चकबन बडीदा खोला (478),Dharmsala(Sub-District) / Kangra(District) / Himachal Pradesh(State),00294400,009604,N,,,,
794,10251,Chakban Beehan (147),चकबन बीहण (147),Pragpur(Sub-District) / Kangra(District) / Himachal Pradesh(State),00357500,010251,N,eSignGOFile662648_18_02_2025_16_12_39.pdf,,,
795,9648,Chakban Bhadyara(276),चकवन भड़यारा (276),Kangra(Sub-District) / Kangra(District) / Himachal Pradesh(State),00280200,009648,N,eSignGOFile662648_19_02_2025_14_37_15.pdf,,,
796,9777,Chakban Bhangwar (805),चकवन भंगवार (805),Kangra(Sub-District) / Kangra(District) / Himachal Pradesh(State),00311300,009777,N,,,,
797,9369,Chakban Bhaniar (88),चकवन भन्यार (88),Shahpur(Sub-District) / Kangra(District) / Himachal Pradesh(State),00269600,009369,N,,,,
798,9867,Chakban Bhowrni (692),चकवन भौरनी (692),Nagrota Bagwan(Sub-District) / Kangra(District) / Himachal Pradesh(State),00319100,009867,N,,,,
799,10020,Chakban Chandrot (746),चकबन चन्दरोट (746),Baroh(Sub-District) / Kangra(District) / Himachal Pradesh(State),00334400,010020,N,,,,
800,9447,Chakban Charri (57),चकवन चड़ी (57),Shahpur(Sub-District) / Kangra(District) / Himachal Pradesh(State),00277400,009447,N,,,,
801,9267,Chakban Chhamb (159),चकबन छाम्ब (159),Harchakian(Sub-District) / Kangra(District) / Himachal Pradesh(State),00259400,009267,N,,,,
802,10092,Chakban Chhidar (825),चकबन छिदर (825),Baroh(Sub-District) / Kangra(District) / Himachal Pradesh(State),00341600,010092,N,,,,
803,9129,Chakban Devida Ban (50),चकवन देवी दा वन (50),Jawali(Sub-District) / Kangra(District) / Himachal Pradesh(State),00245600,009129,N,,,,
804,9902,Chakban Dhangu (655),चकवन ढांगू (655),Nagrota Bagwan(Sub-District) / Kangra(District) / Himachal Pradesh(State),00322600,009902,N,,,,
805,9317,Chakban Dhar Boh (1),चकवन धार वोह (1),Dareeni(Sub-District) / Kangra(District) / Himachal Pradesh(State),00264400,009317,N,,,,
806,9334,Chakban Dhar Darini (20),चकवन धार दरीणी (20),Dareeni(Sub-District) / Kangra(District) / Himachal Pradesh(State),00266100,009334,N,,,,
807,9270,Chakban Dhar Kalan (162),चकबन धारकला (162),Harchakian(Sub-District) / Kangra(District) / Himachal Pradesh(State),00259700,009270,N,,,,
808,9257,Chakban Dhar Khurd (149),चकबन धारखुर्द (149),Harchakian(Sub-District) / Kangra(District) / Himachal Pradesh(State),00258400,009257,N,,,,
809,10468,Chakban Dodru (401),चकबन डोडरू (401),Jawalamukhi(Sub-District) / Kangra(District) / Himachal Pradesh(State),00375300,010468,N,,,,
810,9854,Chakban Dravipat (684),चकवन द्रवीपट (684),Nagrota Bagwan(Sub-District) / Kangra(District) / Himachal Pradesh(State),00317800,009854,N,,,,
811,9567,Chakban Dugbar (404),चकवन डुगवार (404),Dharmsala(Sub-District) / Kangra(District) / Himachal Pradesh(State),00290700,009567,N,,,,
812,9338,Chakban Dulli (22),चकवन दूल्ली (22),Dareeni(Sub-District) / Kangra(District) / Himachal Pradesh(State),00266500,009338,N,,,,
813,9759,Chakban Gahliyan (219),चकवन गाहलियां (219),Kangra(Sub-District) / Kangra(District) / Himachal Pradesh(State),00309500,009759,N,,,,
814,9510,Chakban Gharo (334),चकवन घरोह (334),Dharmsala(Sub-District) / Kangra(District) / Himachal Pradesh(State),00284900,009510,N,,,,
815,10093,Chakban Gheen (823),चकवन घीण (823),Baroh(Sub-District) / Kangra(District) / Himachal Pradesh(State),00341700,010093,N,,,,
816,9605,Chakban Ghiana Kalan (480),चकवन घियाणा कलां (480),Dharmsala(Sub-District) / Kangra(District) / Himachal Pradesh(State),00294500,009605,N,,,,
817,9702,Chakban Ghurkari (454),चकवन घुरकडी (454),Kangra(Sub-District) / Kangra(District) / Himachal Pradesh(State),00302600,009702,N,,,,
818,9374,Chakban Harnera (105),चकवन हरनेरा (105),Shahpur(Sub-District) / Kangra(District) / Himachal Pradesh(State),00270100,009374,N,,,,
819,10060,Chakban Jassai (789),चकबन जसाई (789),Baroh(Sub-District) / Kangra(District) / Himachal Pradesh(State),00338400,010060,N,,,,
820,9905,Chakban Jharet (651),चकवन झरेट (651),Nagrota Bagwan(Sub-District) / Kangra(District) / Himachal Pradesh(State),00322900,009905,N,,,,
821,9281,Chakban Jol (173),चकबन जोल (173),Harchakian(Sub-District) / Kangra(District) / Himachal Pradesh(State),00260800,009281,N,,,,
822,9839,Chakban Jukani (667),चकवन जुकानी (667),Nagrota Bagwan(Sub-District) / Kangra(District) / Himachal Pradesh(State),00316300,009839,N,,,,
823,9701,Chakban Kacchiari (463),चकवन कच्छयारी (463),Kangra(Sub-District) / Kangra(District) / Himachal Pradesh(State),00302500,009701,N,,,,
824,10447,Chakban Kalidhar Gumbar (629),चकबन कालीधार गुम्बर (629),Jawalamukhi(Sub-District) / Kangra(District) / Himachal Pradesh(State),00390500,010447,N,,,,
825,939763,Chakban Kali Dhar-I (672),चकबन कालीधार-1 (672),Jawalamukhi(Sub-District) / Kangra(District) / Himachal Pradesh(State),,000000,N,,,,
826,10592,Chakban Kalidhar Jawalamukhi-II (674),चकबन कालीधार-II (674),Jawalamukhi(Sub-District) / Kangra(District) / Himachal Pradesh(State),00388200,010592,N,,,,
827,9278,Chakban Kalru (170),चकबन कलरू (170),Harchakian(Sub-District) / Kangra(District) / Himachal Pradesh(State),00260500,009278,N,,,,
828,10119,Chakban Kandi (892),चकबन कण्डी (892),Baroh(Sub-District) / Kangra(District) / Himachal Pradesh(State),00344300,010119,N,,,,
829,9846,Chakban Kangota (677),चकवन कंगोटा (677),Nagrota Bagwan(Sub-District) / Kangra(District) / Himachal Pradesh(State),00317000,009846,N,,,,
830,9477,Chakban Kareri (28),चकवन करेरी (28),Dareeni(Sub-District) / Kangra(District) / Himachal Pradesh(State),00281700,009477,N,,,,
831,10091,Chakban Khart (856),चकबन खर्ट (856),Baroh(Sub-District) / Kangra(District) / Himachal Pradesh(State),00341500,010091,N,,,,
832,9709,Chakban Khola(462),चकवन खोला (462),Kangra(Sub-District) / Kangra(District) / Himachal Pradesh(State),00303300,009709,N,eSignGOFile662648_19_02_2025_14_38_07.pdf,,,
833,9703,Chakban Kohala (465),चकवन कोहाला (465),Kangra(Sub-District) / Kangra(District) / Himachal Pradesh(State),00302700,009703,N,,,,
834,9896,Chakban Kothi Uparli (702),चकवन कोठी उपरली (702),Nagrota Bagwan(Sub-District) / Kangra(District) / Himachal Pradesh(State),00322000,009896,N,,,,
835,9432,Chakban Kuryala (139),चकवन कुरयाला(139),Shahpur(Sub-District) / Kangra(District) / Himachal Pradesh(State),00275900,009432,N,,,,
836,9316,Chakban Lanj (228),चकबन लंज (228),Harchakian(Sub-District) / Kangra(District) / Himachal Pradesh(State),00264300,009316,N,,,,
837,9378,Chakban Lapiana (146),चकवन लपियाना (146),Shahpur(Sub-District) / Kangra(District) / Himachal Pradesh(State),00270500,009378,N,,,,
838,9389,Chakban Luankh (122),चकवन लुआंख (122),Shahpur(Sub-District) / Kangra(District) / Himachal Pradesh(State),00271600,009389,N,,,,
839,8702,Chakban Malot (10),चकवन मलोट (10),Indora(Sub-District) / Kangra(District) / Himachal Pradesh(State),00203000,008702,N,,,,
840,9292,Chakban Manai (145),चकबन मनेई (145),Harchakian(Sub-District) / Kangra(District) / Himachal Pradesh(State),00261900,009292,N,,,,
841,9912,Chakban Mumta (658),चकवन मूमता (658),Nagrota Bagwan(Sub-District) / Kangra(District) / Himachal Pradesh(State),00323600,009912,N,,,,
842,9723,Chakban Nandrul (257),चकवन नंदरूल (257),Kangra(Sub-District) / Kangra(District) / Himachal Pradesh(State),00305900,009723,N,,,,
843,12095,Chakban Palachak (1076),चकबन पलाहचक (1076),Multhan(Sub-District) / Kangra(District) / Himachal Pradesh(State),00541800,012095,N,,,,
844,9871,Chakban Palan Chakloo (697),चकवन पलाह चकलू (697),Nagrota Bagwan(Sub-District) / Kangra(District) / Himachal Pradesh(State),00319500,009871,N,,,,
845,9122,Chakban Palaura (51),चकबन देवी दा वन (51),Jawali(Sub-District) / Kangra(District) / Himachal Pradesh(State),00244900,009122,N,,,,
846,9125,Chakban Paloha (47),चकवन पलौड़ा (47),Jawali(Sub-District) / Kangra(District) / Himachal Pradesh(State),00245200,009125,N,,,,
847,11181,Chakban Panapar (179),चकवन पनापर (179),Dhira(Sub-District) / Kangra(District) / Himachal Pradesh(State),00450400,011181,N,,,,
848,12092,Chakban Panyhartu (1079),चकबन पनहारटू (1079),Multhan(Sub-District) / Kangra(District) / Himachal Pradesh(State),00541500,012092,N,,,,
849,9273,Chakban Paragor (165),चकबन प्रगोड़ (165),Harchakian(Sub-District) / Kangra(District) / Himachal Pradesh(State),00260000,009273,N,,,,
850,9843,Chakban Paraul (674),चकवन परौल (674),Nagrota Bagwan(Sub-District) / Kangra(District) / Himachal Pradesh(State),00316700,009843,N,,,,
851,9993,Chakban Pathiar (645),चकवन पठियार (645),Nagrota Bagwan(Sub-District) / Kangra(District) / Himachal Pradesh(State),00331700,009993,N,,,,
852,9820,Chakban Paud (471),चकवन पौड़ (471),Nagrota Bagwan(Sub-District) / Kangra(District) / Himachal Pradesh(State),00303500,009820,N,,,,
853,9735,Chakban Rajal (248),चकवन राजल (248),Kangra(Sub-District) / Kangra(District) / Himachal Pradesh(State),00307100,009735,N,,,,
854,9778,Chakban Rajiana (798),चकवन रजियाणा (798),Kangra(Sub-District) / Kangra(District) / Himachal Pradesh(State),00311400,009778,N,,,,
855,9645,Chakban Rajol (277),चकवन रजोल (277),Kangra(Sub-District) / Kangra(District) / Himachal Pradesh(State),00279800,009645,N,,,,
856,9937,Chakban Ramehar (514),चकवन रमेहड़ (514),Nagrota Bagwan(Sub-District) / Kangra(District) / Himachal Pradesh(State),00326100,009937,N,,,,
857,9388,Chakban Ramgarh (114),चकवन रामगढ़ (114),Shahpur(Sub-District) / Kangra(District) / Himachal Pradesh(State),00271500,009388,N,,,,
858,9390,Chakban Saddun (115),चकवन सद्दू (115),Shahpur(Sub-District) / Kangra(District) / Himachal Pradesh(State),00271700,009390,N,,,,
859,9751,Chakban Saduan (210),चकवन सदुआं (207),Kangra(Sub-District) / Kangra(District) / Himachal Pradesh(State),00308700,009751,N,,,,
860,9663,Chakban Salol (237),चकवन सलोल (237),Kangra(Sub-District) / Kangra(District) / Himachal Pradesh(State),00298700,009663,N,,,,
861,9380,Chakban Salwana (144),चकवन सलवाना (144),Shahpur(Sub-District) / Kangra(District) / Himachal Pradesh(State),00270700,009380,N,,,,
862,9724,Chakban Samirpur (258),चकवन समीरपुर (258),Kangra(Sub-District) / Kangra(District) / Himachal Pradesh(State),00306000,009724,N,,,,
863,9530,Chakban Sarah (349),चकवन सराह (349),Dharmsala(Sub-District) / Kangra(District) / Himachal Pradesh(State),00286900,009530,N,,,,
864,9814,Chakban Sareta (561),चकवन सरेटा (561),Kangra(Sub-District) / Kangra(District) / Himachal Pradesh(State),00315000,009814,N,,,,
865,10032,Chakban Sarotri (754),चकबन सरोत्री (754),Baroh(Sub-District) / Kangra(District) / Himachal Pradesh(State),00335600,010032,N,,,,
866,9504,Chakban Sudehd (341),चकबन सुधेहड़ (341),Dharmsala(Sub-District) / Kangra(District) / Himachal Pradesh(State),00284300,009504,N,,,,
867,10041,Chakban Sunhi (779),चकबन सुन्ही (779),Baroh(Sub-District) / Kangra(District) / Himachal Pradesh(State),00336500,010041,N,,,,
868,9345,Chakban Tahal (59),चकवन तहल (59),Dareeni(Sub-District) / Kangra(District) / Himachal Pradesh(State),00267200,009345,N,,,,
869,8578,Chakban Talarah (314),चकबन तलाड़ा (314),Raja Ka Talab(Sub-District) / Kangra(District) / Himachal Pradesh(State),00190600,008578,N,,,,
870,12093,Chakban Tarnai (1078),चकबन तरनेई (1078),Multhan(Sub-District) / Kangra(District) / Himachal Pradesh(State),00541600,012093,N,,,,
871,10156,Chakban Thamba (769),चकबन ठम्बा (769),Baroh(Sub-District) / Kangra(District) / Himachal Pradesh(State),00348000,010156,N,,,,
872,10110,Chakban Thathal (864),चकबन ठठल (864),Baroh(Sub-District) / Kangra(District) / Himachal Pradesh(State),00343400,010110,N,,,,
873,9258,Chakban Thehr (150),चकबन  ठेहड (150),Harchakian(Sub-District) / Kangra(District) / Himachal Pradesh(State),00258500,009258,N,,,,
874,9664,Chakban Tiara (265),चकवन तियारा (265),Kangra(Sub-District) / Kangra(District) / Himachal Pradesh(State),00298800,009664,N,,,,
875,9997,Chakban Torankwali (727),चकबन तोरनक्वाली (727),Baroh(Sub-District) / Kangra(District) / Himachal Pradesh(State),00332100,009997,N,,,,
876,9600,Chakban Ubharnala (473),चकबन उभरनाला (473),Dharmsala(Sub-District) / Kangra(District) / Himachal Pradesh(State),00294000,009600,N,,,,
877,9694,Chakban Ujjain (442),चकवन उज्जैन (442),Kangra(Sub-District) / Kangra(District) / Himachal Pradesh(State),00301800,009694,N,,,,
878,8413,Chak Dhrwal (442),चक धरवाल (442),Gangath(Sub-District) / Kangra(District) / Himachal Pradesh(State),00174100,008413,N,,,,
879,9107,Chakhirka (112),चखिडका (112),Jawali(Sub-District) / Kangra(District) / Himachal Pradesh(State),00243400,009107,N,,,,
880,10190,Chakla (493),चकला (493),Haripur(Sub-District) / Kangra(District) / Himachal Pradesh(State),00351400,010190,N,,,,
881,9671,Chaklu (260),चकलू (260),Kangra(Sub-District) / Kangra(District) / Himachal Pradesh(State),00299500,009671,N,,,,
882,8695,Chak Naglian (25),चकनांगलियां (25),Indora(Sub-District) / Kangra(District) / Himachal Pradesh(State),00202300,008695,N,,,,
883,12036,Chakol (877),चकोल (877),Baijnath(Sub-District) / Kangra(District) / Himachal Pradesh(State),00535900,012036,N,,,,
884,11934,Chakol Behdu (762),चकोल बेहड़ू (762),Baijnath(Sub-District) / Kangra(District) / Himachal Pradesh(State),00525700,011934,N,,,,
885,8485,Chak Shamlat (402),चक शामलात (402),Gangath(Sub-District) / Kangra(District) / Himachal Pradesh(State),00181300,008485,N,,,,
886,11808,Chakvan (687),चकवन (687),Panchrukhi(Sub-District) / Kangra(District) / Himachal Pradesh(State),00513100,011808,N,,,,
887,11786,Chakvan Andretta (747),चकवन अन्द्रेटा (747),Panchrukhi(Sub-District) / Kangra(District) / Himachal Pradesh(State),00510900,011786,N,,,,
888,11751,Chakvan Chhatru (681),चकवन छतड़ू (681),Panchrukhi(Sub-District) / Kangra(District) / Himachal Pradesh(State),00507400,011751,N,,,,
889,939767,Chakwan Bhagsunag (363/5),चकवन भागसूनाग ( 363/5),Dharmsala(Sub-District) / Kangra(District) / Himachal Pradesh(State),,000000,N,,,,
890,9629,Chakwan Chandranbhan (497),चकवन चन्द्रभान (497),Dharmsala(Sub-District) / Kangra(District) / Himachal Pradesh(State),00296900,009629,N,,,,
891,9628,Chakwan Dhar (496),चकवन धार (496),Dharmsala(Sub-District) / Kangra(District) / Himachal Pradesh(State),00296800,009628,N,,,,
892,9638,Chakwan Kardiyana (499),चकवन करडियाना (499),Dharmsala(Sub-District) / Kangra(District) / Himachal Pradesh(State),00297800,009638,N,,,,
893,8343,Chakwan Khani (60),चकबन खनी (60),Nurpur(Sub-District) / Kangra(District) / Himachal Pradesh(State),00167100,008343,N,,,,
894,9581,Chakwan Khaniyara (371),चकवन घन्यारा (371),Dharmsala(Sub-District) / Kangra(District) / Himachal Pradesh(State),00292100,009581,N,,,,
895,9613,Chakwan Tangroti (522),चकवन तगरोटी (522),Dharmsala(Sub-District) / Kangra(District) / Himachal Pradesh(State),00295300,009613,N,,,,
896,8337,Chakwan Thohra (55),चकबन ठोहड़ा (55),Nurpur(Sub-District) / Kangra(District) / Himachal Pradesh(State),00166500,008337,N,,,,
897,10744,Chalah (227),चलाह (227),Rakkar(Sub-District) / Kangra(District) / Himachal Pradesh(State),00406800,010744,N,,,,
898,11086,Chalah (417),चलाह (417),Thural(Sub-District) / Kangra(District) / Himachal Pradesh(State),00440900,011086,N,,,,
899,9375,Chalahan (106),चलाहण(106),Shahpur(Sub-District) / Kangra(District) / Himachal Pradesh(State),00270200,009375,N,,,,
900,10248,Chalali (130),चलाली (130),Pragpur(Sub-District) / Kangra(District) / Himachal Pradesh(State),00357200,010248,N,eSignGOFile662648_18_02_2025_16_12_39.pdf,,,
901,8393,Chaloh (452),चलोह (452),Indora(Sub-District) / Kangra(District) / Himachal Pradesh(State),00172100,008393,N,,,,
902,10973,Chaloi (727),चलोई (727),Khundian(Sub-District) / Kangra(District) / Himachal Pradesh(State),00429700,010973,N,,,,
903,10918,Chalol (844),चलोल (844),Khundian(Sub-District) / Kangra(District) / Himachal Pradesh(State),00424200,010918,N,,,,
904,11922,Chaluhi (766),चलूही (766),Baijnath(Sub-District) / Kangra(District) / Himachal Pradesh(State),00524500,011922,N,,,,
905,9155,Chalwara Khas (7),चलवाड़ा खास (7),Jawali(Sub-District) / Kangra(District) / Himachal Pradesh(State),00248200,009155,N,,,,
906,11535,Chamarkadi (39),चमारकडी (39),Chachian(Sub-District) / Kangra(District) / Himachal Pradesh(State),00485800,011535,N,,,,
907,11478,Chamarkar (6),चमारकड़ (6),Chachian(Sub-District) / Kangra(District) / Himachal Pradesh(State),00480100,011478,N,,,,
908,10375,Chamar Lahri (568),चमार लाहडी (568),Haripur(Sub-District) / Kangra(District) / Himachal Pradesh(State),00369900,010375,N,,,,
909,10710,Chamba (223),चम्बा (223),Pragpur(Sub-District) / Kangra(District) / Himachal Pradesh(State),00403400,010710,N,,,,
910,10707,Chamba Katuati (221),चम्बा कटोती (221),Pragpur(Sub-District) / Kangra(District) / Himachal Pradesh(State),00403100,010707,N,,,,
911,10709,Chamba Khas (224),चम्बा खास (224),Pragpur(Sub-District) / Kangra(District) / Himachal Pradesh(State),00403300,010709,N,,,,
912,11399,Chambe Da Lahar (593),चम्वे दा लाहड (593),Jaisinghpur(Sub-District) / Kangra(District) / Himachal Pradesh(State),00472200,011399,N,,,,
913,11961,Chambe The Behru (988),चम्वे दा वैहडू (988),Chadiyar(Sub-District) / Kangra(District) / Himachal Pradesh(State),00528400,011961,N,,,,
914,11154,Chambi (119),चम्बी (119),Dhira(Sub-District) / Kangra(District) / Himachal Pradesh(State),00447700,011154,N,,,,
915,11426,Chambi (943),चम्वी (943),Jaisinghpur(Sub-District) / Kangra(District) / Himachal Pradesh(State),00474900,011426,N,,,,
916,10743,Chameti (228),चमेटी (228),Rakkar(Sub-District) / Kangra(District) / Himachal Pradesh(State),00406700,010743,N,,,,
917,9491,Chamiara (40),चमियारा (40),Dharmsala(Sub-District) / Kangra(District) / Himachal Pradesh(State),00283100,009491,N,,,,
918,10268,Chamnal (187),चमनाल (187),Pragpur(Sub-District) / Kangra(District) / Himachal Pradesh(State),00359200,010268,N,,,,
919,8511,Chamoli (369),चमोली (369),Raja Ka Talab(Sub-District) / Kangra(District) / Himachal Pradesh(State),00183900,008511,N,,,,
920,8545,Chamral (349),चमराल (349),Raja Ka Talab(Sub-District) / Kangra(District) / Himachal Pradesh(State),00187300,008545,N,,,,
921,10402,Chanan Kalan (612),चानण कलां (612),Dehra Gopipur(Sub-District) / Kangra(District) / Himachal Pradesh(State),00372600,010402,N,,,,
922,10408,Chanan Khurd (610),चानण खुर्द (610),Dehra Gopipur(Sub-District) / Kangra(District) / Himachal Pradesh(State),00373200,010408,N,,,,
923,11018,Chanardi (851),चनारड़ी (851),Khundian(Sub-District) / Kangra(District) / Himachal Pradesh(State),00434200,011018,N,,,,
924,8715,Chanaur (39),चनौर (39),Indora(Sub-District) / Kangra(District) / Himachal Pradesh(State),00204300,008715,N,,,,
925,10263,Chanauta Jhikla (139),चनौता झिकला (139),Pragpur(Sub-District) / Kangra(District) / Himachal Pradesh(State),00358700,010263,N,,,,
926,10264,Chanauta Uparla (189),चनौता उपरला (189),Pragpur(Sub-District) / Kangra(District) / Himachal Pradesh(State),00358800,010264,N,,,,
927,9229,Chandani (251),चदनी (251),Kotla(Sub-District) / Kangra(District) / Himachal Pradesh(State),00255600,009229,N,,,,
928,8900,Chand Beh (191),चन्दवैह (191),Fatehpur(Sub-District) / Kangra(District) / Himachal Pradesh(State),00222800,008900,N,,,,
929,11682,Chander (371),चान्दड (371),Bhawarna(Sub-District) / Kangra(District) / Himachal Pradesh(State),00500500,011682,N,,,,
930,11840,Chandpur (227),चन्दपुर (227),Palampur(Sub-District) / Kangra(District) / Himachal Pradesh(State),00516300,011840,N,,,,
931,8359,Chandrahan (24),चंदराहण (24),Nurpur(Sub-District) / Kangra(District) / Himachal Pradesh(State),00168700,008359,N,,,,
932,8932,Chandrehr (64),चन्दरेहड़ (64),Fatehpur(Sub-District) / Kangra(District) / Himachal Pradesh(State),00226000,008932,N,,,,
933,11393,Chandron (613),चन्द्रोण (613),Jaisinghpur(Sub-District) / Kangra(District) / Himachal Pradesh(State),00471600,011393,N,,,,
934,11804,Chandropa (691),चन्दरोपा (691),Panchrukhi(Sub-District) / Kangra(District) / Himachal Pradesh(State),00512700,011804,N,,,,
935,10029,Chandrot Khas (748),चन्दरोट खास (748),Baroh(Sub-District) / Kangra(District) / Himachal Pradesh(State),00335300,010029,N,,,,
936,10167,Chanduha (487),चन्दुआ (487),Haripur(Sub-District) / Kangra(District) / Himachal Pradesh(State),00349100,010167,N,,,,
937,11998,Changan (995),चांगण (995),Chadiyar(Sub-District) / Kangra(District) / Himachal Pradesh(State),00532100,011998,N,,,,
938,8423,Changrada (432),चगराहडा (432),Gangath(Sub-District) / Kangra(District) / Himachal Pradesh(State),00175100,008423,N,,,,
939,9092,Chanhiala (113),चन्याला (113),Jawali(Sub-District) / Kangra(District) / Himachal Pradesh(State),00241900,009092,N,,,,
940,12008,Chaniyara (1007),चनियारा (1007),Baijnath(Sub-District) / Kangra(District) / Himachal Pradesh(State),00533100,012008,N,,,,
941,11638,Chanjehar (284),चजेहड (284),Bhawarna(Sub-District) / Kangra(District) / Himachal Pradesh(State),00496100,011638,N,,,,
942,11130,Chanot (503),चनौत (503),Thural(Sub-District) / Kangra(District) / Himachal Pradesh(State),00445300,011130,N,,,,
943,10222,Chanour (94),चनौर (94),Dadasiba(Sub-District) / Kangra(District) / Himachal Pradesh(State),00354600,010222,N,,,,
944,10072,Chanourkar (842),चनौरकड़ (842),Baroh(Sub-District) / Kangra(District) / Himachal Pradesh(State),00339600,010072,N,,,,
945,10665,Chanour Nali (79),चनौर नाली (79),Dadasiba(Sub-District) / Kangra(District) / Himachal Pradesh(State),00398900,010665,N,,,,
946,10218,Chaplah (99),चपलाह (99),Dadasiba(Sub-District) / Kangra(District) / Himachal Pradesh(State),00354200,010218,N,,,,
947,10768,Chaplah Jhikla (261),चपलाह झिकला (261),Rakkar(Sub-District) / Kangra(District) / Himachal Pradesh(State),00409200,010768,N,,,,
948,10767,Chaplah Uperla (260),चपलाह उपरला (260),Rakkar(Sub-District) / Kangra(District) / Himachal Pradesh(State),00409100,010767,N,,,,
949,10123,Chaprehar (889),चपरेहड़ (889),Baroh(Sub-District) / Kangra(District) / Himachal Pradesh(State),00344700,010123,N,,,,
950,10783,Chapruhi (297),चपडूही (297),Rakkar(Sub-District) / Kangra(District) / Himachal Pradesh(State),00410700,010783,N,,,,
951,10929,Charambu (822),चडम्बू (822),Khundian(Sub-District) / Kangra(District) / Himachal Pradesh(State),00425300,010929,N,,,,
952,10086,Charjehar (854),चरजेहड़ (854),Baroh(Sub-District) / Kangra(District) / Himachal Pradesh(State),00341000,010086,N,,,,
953,8480,Charor (396),चरोड (396),Gangath(Sub-District) / Kangra(District) / Himachal Pradesh(State),00180800,008480,N,,,,
954,9441,Charri Dhanotu (300),चड़ी धनोटू (300),Shahpur(Sub-District) / Kangra(District) / Himachal Pradesh(State),00276800,009441,N,,,,
955,9445,Charri- Dodhamb (62),चड़ी डुढम्व (62),Shahpur(Sub-District) / Kangra(District) / Himachal Pradesh(State),00277200,009445,N,,,,
956,9449,Charri Khas (60),चड़ी खास (60),Shahpur(Sub-District) / Kangra(District) / Himachal Pradesh(State),00277600,009449,N,,,,
957,8803,Charuri (1),चरुड़ी (1),Fatehpur(Sub-District) / Kangra(District) / Himachal Pradesh(State),00213100,008803,N,,,,
958,8491,Charuri (389),चरूडी (389),Gangath(Sub-District) / Kangra(District) / Himachal Pradesh(State),00181900,008491,N,,,,
959,11933,Chatar Gahar (763),छत्तर गाहर (763),Baijnath(Sub-District) / Kangra(District) / Himachal Pradesh(State),00525600,011933,N,,,,
960,11259,Chath (638),चठ (638),Jaisinghpur(Sub-District) / Kangra(District) / Himachal Pradesh(State),00458200,011259,N,,,,
961,10328,Chatra (491),चतरा (491),Haripur(Sub-District) / Kangra(District) / Himachal Pradesh(State),00365200,010328,N,,,,
962,10194,Chatra (513),चतरा (513),Haripur(Sub-District) / Kangra(District) / Himachal Pradesh(State),00351800,010194,N,,,,
963,9796,Chatra (567),चतरा (568),Kangra(Sub-District) / Kangra(District) / Himachal Pradesh(State),00313200,009796,N,,,,
964,9371,Chatreri (102),चतरेरी (102),Shahpur(Sub-District) / Kangra(District) / Himachal Pradesh(State),00269800,009371,N,,,,
965,10698,Chatwal (63),चटवाल (63),Dadasiba(Sub-District) / Kangra(District) / Himachal Pradesh(State),00402200,010698,N,,,,
966,8347,Chaugan (61),चौगान (61),Nurpur(Sub-District) / Kangra(District) / Himachal Pradesh(State),00167500,008347,N,,,,
967,11932,Chauhat (777),चौहट (777),Baijnath(Sub-District) / Kangra(District) / Himachal Pradesh(State),00525500,011932,N,,,,
968,10358,Chauki Khurd (540),चौकी खुर्द (540),Dehra Gopipur(Sub-District) / Kangra(District) / Himachal Pradesh(State),00368200,010358,N,,,,
969,9785,Chaunda (576),चौहन्दा (576),Kangra(Sub-District) / Kangra(District) / Himachal Pradesh(State),00312100,009785,N,,,,
970,8914,Chaunki (102),चौंकी (102),Fatehpur(Sub-District) / Kangra(District) / Himachal Pradesh(State),00224200,008914,N,,,,
971,8671,Chaunki (149),चौंकी (149),Sadwan(Sub-District) / Kangra(District) / Himachal Pradesh(State),00199900,008671,N,eSignGOFile662648_19_02_2025_11_05_11.pdf,,,
972,10570,Chaunki (329),चौंकी (329),Bharoli(Sub-District) / Kangra(District) / Himachal Pradesh(State),00386000,010570,N,eSignGOFile131557_11_06_2024_16_55_43.pdf,,,
973,10847,Chaunki (705),चौंकी (705),Lagru(Sub-District) / Kangra(District) / Himachal Pradesh(State),00417100,010847,N,,,,
974,9874,Chaunki (719),चौंकी (719),Nagrota Bagwan(Sub-District) / Kangra(District) / Himachal Pradesh(State),00319800,009874,N,,,,
975,8327,Chaunki (77),चौंकी (77),Nurpur(Sub-District) / Kangra(District) / Himachal Pradesh(State),00165500,008327,N,,,,
976,11046,Chaunki (902),चौंकी (902),Majheen(Sub-District) / Kangra(District) / Himachal Pradesh(State),00437000,011046,N,,,,
977,10883,Chaunki Dhorian (873),चौकी ढोरियां (873),Majheen(Sub-District) / Kangra(District) / Himachal Pradesh(State),00420700,010883,N,,,,
978,10360,Chaunki Kalan (545),चौकी कलां (545),Dehra Gopipur(Sub-District) / Kangra(District) / Himachal Pradesh(State),00368400,010360,N,,,,
979,11218,Chauri Da Lahar (143),चौडी दा लाहड़ (143),Dhira(Sub-District) / Kangra(District) / Himachal Pradesh(State),00454100,011218,N,,,,
980,9235,Cheechar (237),चीचड (237),Kotla(Sub-District) / Kangra(District) / Himachal Pradesh(State),00256200,009235,N,,,,
981,8404,Chek Mughdyal (470),चक वडयाल (470),Gangath(Sub-District) / Kangra(District) / Himachal Pradesh(State),00173200,008404,N,,,,
982,11550,Cheli (51),चेली (51),Sulah(Sub-District) / Kangra(District) / Himachal Pradesh(State),00487300,011550,N,,,,
983,9208,Chelian (263),चेलिया (263),Kotla(Sub-District) / Kangra(District) / Himachal Pradesh(State),00253500,009208,N,,,,
984,9541,Chelian (361),चेलिया (361),Dharmsala(Sub-District) / Kangra(District) / Himachal Pradesh(State),00288000,009541,N,,,,
985,10354,Chelian (531),चेलियां (531),Haripur(Sub-District) / Kangra(District) / Himachal Pradesh(State),00367800,010354,N,,,,
986,9782,Cheliayan (570),चेलियां (570),Kangra(Sub-District) / Kangra(District) / Himachal Pradesh(State),00311800,009782,N,,,,
987,12107,Chelra-Di-Malhan (1049),चेलरा दी मलहाँ (1049),Multhan(Sub-District) / Kangra(District) / Himachal Pradesh(State),00543000,012107,N,,,,
988,9535,Chetru (354),चैतड़ू (354),Dharmsala(Sub-District) / Kangra(District) / Himachal Pradesh(State),00287400,009535,N,,,,
989,9026,Chhabar (223),छब्बड़ (223),Fatehpur(Sub-District) / Kangra(District) / Himachal Pradesh(State),00235300,009026,N,,,,
990,10209,Chhabar (451),छब्बड (451),Haripur(Sub-District) / Kangra(District) / Himachal Pradesh(State),00353300,010209,N,,,,
991,8286,Chhachholi (103),छछोली (103),Sadwan(Sub-District) / Kangra(District) / Himachal Pradesh(State),00161400,008286,N,,,,
992,11929,Chhahbah (773),छाहवा (773),Baijnath(Sub-District) / Kangra(District) / Himachal Pradesh(State),00525200,011929,N,,,,
993,9609,Chhainti (491),छैन्टी (491),Dharmsala(Sub-District) / Kangra(District) / Himachal Pradesh(State),00294900,009609,N,,,,
994,9271,Chhal (163),छल (163),Harchakian(Sub-District) / Kangra(District) / Himachal Pradesh(State),00259800,009271,N,,,,
995,10101,Chhal (813),छल (813),Baroh(Sub-District) / Kangra(District) / Himachal Pradesh(State),00342500,010101,N,,,,
996,9266,Chhamb (158),छाम्ब (158),Harchakian(Sub-District) / Kangra(District) / Himachal Pradesh(State),00259300,009266,N,,,,
997,12000,Chhamb (999),छम्व (999),Chadiyar(Sub-District) / Kangra(District) / Himachal Pradesh(State),00532300,012000,N,,,,
998,11714,Chhanchhri (557),छैछडी (557),Bhawarna(Sub-District) / Kangra(District) / Himachal Pradesh(State),00503700,011714,N,,,,
999,8685,Chhanni (17),छन्नी (17),Indora(Sub-District) / Kangra(District) / Himachal Pradesh(State),00201300,008685,N,,,,
1000,9828,Chhanwar (533),छनवाड (533),Nagrota Bagwan(Sub-District) / Kangra(District) / Himachal Pradesh(State),00304300,009828,N,,,,
1001,10881,Chharar (866),छरड़ (866),Majheen(Sub-District) / Kangra(District) / Himachal Pradesh(State),00420500,010881,N,,,,
1002,10274,Chharol Arli (170),छड़ोल अरली (170),Pragpur(Sub-District) / Kangra(District) / Himachal Pradesh(State),00359800,010274,N,,,,
1003,10273,Chharol Parli (218),छड़ोल पारली (218),Pragpur(Sub-District) / Kangra(District) / Himachal Pradesh(State),00359700,010273,N,,,,
1004,9584,Chhatair (495),चेटहड (495),Dharmsala(Sub-District) / Kangra(District) / Himachal Pradesh(State),00292400,009584,N,,,,
1005,11789,Chhatar (751),छत्तर (751),Panchrukhi(Sub-District) / Kangra(District) / Himachal Pradesh(State),00511200,011789,N,,,,
1006,8524,Chhatar Jhikla (355),छत्र झिकला (355),Raja Ka Talab(Sub-District) / Kangra(District) / Himachal Pradesh(State),00185200,008524,N,,,,
1007,8522,Chhatar Jogian (358),छत्र जोगियां (358),Raja Ka Talab(Sub-District) / Kangra(District) / Himachal Pradesh(State),00185000,008522,N,,,,
1008,8517,Chhatar Khas (357),छत्र खास (357),Raja Ka Talab(Sub-District) / Kangra(District) / Himachal Pradesh(State),00184500,008517,N,,,,
1009,8896,Chhatral (135),छतराल (135),Rey(Sub-District) / Kangra(District) / Himachal Pradesh(State),00222400,008896,N,,,,
1010,8461,Chhatroli Khas (47),छत्रोली खास (47),Nurpur(Sub-District) / Kangra(District) / Himachal Pradesh(State),00178900,008461,N,,,,
1011,9352,Chhatroon (78),चन्दरूहण (78),Shahpur(Sub-District) / Kangra(District) / Himachal Pradesh(State),00267900,009352,N,,,,
1012,9366,Chhatroon (94),छतरूह (94),Shahpur(Sub-District) / Kangra(District) / Himachal Pradesh(State),00269300,009366,N,,,,
1013,9398,Chhau (77),छऊ (77),Shahpur(Sub-District) / Kangra(District) / Himachal Pradesh(State),00272500,009398,N,,,,
1014,9503,Chhawani (339),छावनी (339),Dharmsala(Sub-District) / Kangra(District) / Himachal Pradesh(State),00284200,009503,N,,,,
1015,12126,Chherna (1070),छेरना (1070),Multhan(Sub-District) / Kangra(District) / Himachal Pradesh(State),00544900,012126,N,,,,
1016,10933,Chhilag (823),छिलग (823),Khundian(Sub-District) / Kangra(District) / Himachal Pradesh(State),00425700,010933,N,,,,
1017,10892,Chhimkar (806),छिमकड़ (806),Majheen(Sub-District) / Kangra(District) / Himachal Pradesh(State),00421600,010892,N,,,,
1018,10946,Chhir (749),छिड़ (749),Khundian(Sub-District) / Kangra(District) / Himachal Pradesh(State),00427000,010946,N,,,,
1019,8279,Chho (118),छौ (118),Sadwan(Sub-District) / Kangra(District) / Himachal Pradesh(State),00160700,008279,N,,,,
1020,8638,Chho (210),छौ (210),Nurpur(Sub-District) / Kangra(District) / Himachal Pradesh(State),00196600,008638,N,,,,
1021,10850,Chhont (693),छौंट (693),Khundian(Sub-District) / Kangra(District) / Himachal Pradesh(State),00417400,010850,N,,,,
1022,8672,Chhoti Dhar (Chounki) (146),छोटी धार (146),Sadwan(Sub-District) / Kangra(District) / Himachal Pradesh(State),00200000,008672,N,eSignGOFile662648_19_02_2025_11_05_11.pdf,,,
1023,8675,Chhoti Dhar (Ladori) (143),छोटी धार (143),Sadwan(Sub-District) / Kangra(District) / Himachal Pradesh(State),00200300,008675,N,,,,
1024,11017,Chihar (853),चीहड़ (853),Khundian(Sub-District) / Kangra(District) / Himachal Pradesh(State),00434100,011017,N,,,,
1025,10531,Chihru (375),चीहड़ू (375),Jawalamukhi(Sub-District) / Kangra(District) / Himachal Pradesh(State),00382100,010531,N,,,,
1026,939768,Chilgari (M.C) (363-5),चिलगाड़ी ( 363/5),Dharmsala(Sub-District) / Kangra(District) / Himachal Pradesh(State),,000000,N,eSignGOFile662648_19_02_2025_14_31_20.pdf,,,
1027,11573,Chimbalhar (91),चिम्बलहार (91),Palampur(Sub-District) / Kangra(District) / Himachal Pradesh(State),00489600,011573,N,,,,
1028,11158,Chiran (161),चिड़न (161),Dhira(Sub-District) / Kangra(District) / Himachal Pradesh(State),00448100,011158,N,,,,
1029,12003,Chobin (1002),चोवीन (1002),Baijnath(Sub-District) / Kangra(District) / Himachal Pradesh(State),00532600,012003,N,,,,
1030,8689,Chochar (5),चोचर (5),Indora(Sub-District) / Kangra(District) / Himachal Pradesh(State),00201700,008689,N,,,,
1031,12054,Chogan (1031),चौगान (1031),Baijnath(Sub-District) / Kangra(District) / Himachal Pradesh(State),00537700,012054,N,,,,
1032,939744,Chogan (153/1),उप महाल चौगान (153/1),Nurpur(Sub-District) / Kangra(District) / Himachal Pradesh(State),,000000,N,,,,
1033,12064,Chogan Thathi (1041),चौगान थाथी (1041),Baijnath(Sub-District) / Kangra(District) / Himachal Pradesh(State),00538700,012064,N,,,,
1034,10411,Chohar (607),चुहाड़ (607),Dehra Gopipur(Sub-District) / Kangra(District) / Himachal Pradesh(State),00373500,010411,N,,,,
1035,9545,Chohla (368),चौहला (368),Dharmsala(Sub-District) / Kangra(District) / Himachal Pradesh(State),00288500,009545,N,,,,
1036,11295,Chohla (605),चौहला (605),Jaisinghpur(Sub-District) / Kangra(District) / Himachal Pradesh(State),00461800,011295,N,,,,
1037,8754,Choka Bharmna (107),चौका व्राह्मणा (107),Gangath(Sub-District) / Kangra(District) / Himachal Pradesh(State),00208300,008754,N,,,,
1038,8755,Choka Jattan (106),चौका जट्टा (106),Gangath(Sub-District) / Kangra(District) / Himachal Pradesh(State),00208400,008755,N,,,,
1039,11145,Chombu (116),चौंबू (116),Dhira(Sub-District) / Kangra(District) / Himachal Pradesh(State),00446800,011145,N,,,,
1040,10433,Choran (419),चोड़न (419),Jawalamukhi(Sub-District) / Kangra(District) / Himachal Pradesh(State),00382000,010433,N,,,,
1041,10319,Chorar (448),चोरड (448),Haripur(Sub-District) / Kangra(District) / Himachal Pradesh(State),00364300,010319,N,,,,
1042,9347,Chori (50),चौरी (50),Shahpur(Sub-District) / Kangra(District) / Himachal Pradesh(State),00267400,009347,N,,,,
1043,10834,Chori (707),चोड़ी (707),Lagru(Sub-District) / Kangra(District) / Himachal Pradesh(State),00415800,010834,N,,,,
1044,11839,Chornali (225),चोरनाली (225),Palampur(Sub-District) / Kangra(District) / Himachal Pradesh(State),00516200,011839,N,,,,
1045,9768,Choti Bahi (216),छोटी वही (216),Kangra(Sub-District) / Kangra(District) / Himachal Pradesh(State),00310400,009768,N,,,,
1046,11828,Choudherad (245),चौधरेहड़ (245),Palampur(Sub-District) / Kangra(District) / Himachal Pradesh(State),00515100,011828,N,,,,
1047,11670,Chougan (294),चौगान (294),Bhawarna(Sub-District) / Kangra(District) / Himachal Pradesh(State),00499300,011670,N,,,,
1048,11605,Chouki (183),चौकी (183),Sulah(Sub-District) / Kangra(District) / Himachal Pradesh(State),00492800,011605,N,,,,
1049,10747,Chouli (231),चौली (231),Rakkar(Sub-District) / Kangra(District) / Himachal Pradesh(State),00407100,010747,N,,,,
1050,10108,Chounkru (862),चौंकडू (862),Baroh(Sub-District) / Kangra(District) / Himachal Pradesh(State),00343200,010108,N,,,,
1051,11971,Chourdu (975),चौरड़ू (975),Chadiyar(Sub-District) / Kangra(District) / Himachal Pradesh(State),00529400,011971,N,,,,
1052,11740,Chouthi Band (667),चौथी बड (667),Bhawarna(Sub-District) / Kangra(District) / Himachal Pradesh(State),00506300,011740,N,,,,
1053,11377,Chowan Saral Patt (598),चौसरालपट (598),Jaisinghpur(Sub-District) / Kangra(District) / Himachal Pradesh(State),00470000,011377,N,,,,
1054,11580,Chowki (262),चौकी (262),Palampur(Sub-District) / Kangra(District) / Himachal Pradesh(State),00490300,011580,N,,,,
1055,11778,Chowki (735),चौकी (735),Panchrukhi(Sub-District) / Kangra(District) / Himachal Pradesh(State),00510100,011778,N,,,,
1056,10869,Chowki (792),चौकी (792),Khundian(Sub-District) / Kangra(District) / Himachal Pradesh(State),00419300,010869,N,,,,
1057,11029,Chowki (846),चौकी (846),Khundian(Sub-District) / Kangra(District) / Himachal Pradesh(State),00435300,011029,N,,,,
1058,10290,Chudhrer (157),चुधरेड़ (157),Dehra Gopipur(Sub-District) / Kangra(District) / Himachal Pradesh(State),00361400,010290,N,,,,
1059,11672,Chudrehr (295),चुधरेहड (295),Bhawarna(Sub-District) / Kangra(District) / Himachal Pradesh(State),00499500,011672,N,,,,
1060,9795,Chuhadu (568),चुहाडू (567),Kangra(Sub-District) / Kangra(District) / Himachal Pradesh(State),00313100,009795,N,,,,
1061,8716,Chuharpur (40),चुहडपुर (40),Indora(Sub-District) / Kangra(District) / Himachal Pradesh(State),00204400,008716,N,,,,
1062,9027,Chuhr Blla (225),चूहड़ वल्ला (225),Fatehpur(Sub-District) / Kangra(District) / Himachal Pradesh(State),00235400,009027,N,,,,
1063,9198,Chukhial (77),चुखयाल (77),Jawali(Sub-District) / Kangra(District) / Himachal Pradesh(State),00252500,009198,N,,,,
1064,11117,Chula (498),चूला (498),Thural(Sub-District) / Kangra(District) / Himachal Pradesh(State),00444000,011117,N,,,,
1065,11116,Chula Buhla (499),चूला वूहला (499),Thural(Sub-District) / Kangra(District) / Himachal Pradesh(State),00443900,011116,N,,,,
1066,11118,Chula Uparla (500),चूला उपरला (500),Thural(Sub-District) / Kangra(District) / Himachal Pradesh(State),00444100,011118,N,,,,
1067,10387,Churan (590),चुरन (590),Dehra Gopipur(Sub-District) / Kangra(District) / Himachal Pradesh(State),00371100,010387,N,,,,
1068,10062,Churan (794),चुरन (794),Baroh(Sub-District) / Kangra(District) / Himachal Pradesh(State),00338600,010062,N,,,,
1069,9742,Churar (252),चुरड (252),Kangra(Sub-District) / Kangra(District) / Himachal Pradesh(State),00307800,009742,N,,,,
1070,9434,Churtha (136),चूड़था (136),Shahpur(Sub-District) / Kangra(District) / Himachal Pradesh(State),00276100,009434,N,,,,
1071,10472,Chururu (406),चरूढ़ू (406),Jawalamukhi(Sub-District) / Kangra(District) / Himachal Pradesh(State),00375700,010472,N,,,,
1072,939769,Civil Station (M.C.) (363-6),सिविल स्टेशन (363/6),Dharmsala(Sub-District) / Kangra(District) / Himachal Pradesh(State),,000000,N,,,,
1073,8902,Cohlari (213),कोहल्ड़ी (213),Fatehpur(Sub-District) / Kangra(District) / Himachal Pradesh(State),00223000,008902,N,,,,
1074,9269,Dabar (161),डबार (161),Harchakian(Sub-District) / Kangra(District) / Himachal Pradesh(State),00259600,009269,N,,,,
1075,11107,Dabhi (437),दाभी (437),Thural(Sub-District) / Kangra(District) / Himachal Pradesh(State),00443000,011107,N,,,,
1076,10896,Dabkehri (876),दवकेड़ (876),Majheen(Sub-District) / Kangra(District) / Himachal Pradesh(State),00422000,010896,N,,,,
1077,11413,Dabla (626),दावला (626),Jaisinghpur(Sub-District) / Kangra(District) / Himachal Pradesh(State),00473600,011413,N,,,,
1078,10398,Dab Lahar (583),दबलाहड़ (583),Dehra Gopipur(Sub-District) / Kangra(District) / Himachal Pradesh(State),00372200,010398,N,,,,
1079,10696,Dada (107),डाडा (107),Dadasiba(Sub-District) / Kangra(District) / Himachal Pradesh(State),00402000,010696,N,,,,
1080,10880,Daddal (867),डडल (867),Majheen(Sub-District) / Kangra(District) / Himachal Pradesh(State),00420400,010880,N,,,,
1081,8274,Daddar (116),डाडर (116),Sadwan(Sub-District) / Kangra(District) / Himachal Pradesh(State),00160200,008274,N,eSignGOFile662648_19_02_2025_11_05_11.pdf,,,
1082,11493,Dadh Jhikla (12),डाढ़ झिकला (12),Chachian(Sub-District) / Kangra(District) / Himachal Pradesh(State),00481600,011493,N,,,,
1083,11705,Dadhona (531),दधौना (531),Bhawarna(Sub-District) / Kangra(District) / Himachal Pradesh(State),00502800,011705,N,,,,
1084,11490,Dadh Uparla (8),डाढ़ उपरला (8),Chachian(Sub-District) / Kangra(District) / Himachal Pradesh(State),00481300,011490,N,,,,
1085,10931,Dadhuru (820),डडुरु (820),Khundian(Sub-District) / Kangra(District) / Himachal Pradesh(State),00425500,010931,N,,,,
1086,9879,Dadkhar (763),ढढखर (763),Nagrota Bagwan(Sub-District) / Kangra(District) / Himachal Pradesh(State),00320300,009879,N,,,,
1087,10626,Dadoa (35),डडोआ (35),Jaswan(Sub-District) / Kangra(District) / Himachal Pradesh(State),00395000,010626,N,,,,
1088,8765,Dadoli (116),डडोली (116),Indora(Sub-District) / Kangra(District) / Himachal Pradesh(State),00209400,008765,N,,,,
1089,9314,Dadoli (205),डडोली (205),Harchakian(Sub-District) / Kangra(District) / Himachal Pradesh(State),00264100,009314,N,,,,
1090,9360,Dadroli (87),ददरोली(87),Shahpur(Sub-District) / Kangra(District) / Himachal Pradesh(State),00268700,009360,N,,,,
1091,11339,Dadu (452),डाडु (452),Alampur(Sub-District) / Kangra(District) / Himachal Pradesh(State),00466200,011339,N,,,,
1092,8488,Dadwara (403),डडवाडा (403),Gangath(Sub-District) / Kangra(District) / Himachal Pradesh(State),00181600,008488,N,,,,
1093,8431,Dagdoh (476),दगडोह (476),Gangath(Sub-District) / Kangra(District) / Himachal Pradesh(State),00175900,008431,N,,,,
1094,11079,Dagera (415),डगेरा (415),Thural(Sub-District) / Kangra(District) / Himachal Pradesh(State),00440200,011079,N,,,,
1095,8441,Dagla (419),डागला (419),Gangath(Sub-District) / Kangra(District) / Himachal Pradesh(State),00176900,008441,N,,,,
1096,10928,Daglehr (816),डगलेहड़ (816),Khundian(Sub-District) / Kangra(District) / Himachal Pradesh(State),00425200,010928,N,,,,
1097,11465,Dagoh Khas (986),दगोह खास (986),Jaisinghpur(Sub-District) / Kangra(District) / Himachal Pradesh(State),00478800,011465,N,,,,
1098,11392,Dagruhi (612),डगरूही (612),Jaisinghpur(Sub-District) / Kangra(District) / Himachal Pradesh(State),00471500,011392,N,,,,
1099,8710,Dah (23),डाह (23),Indora(Sub-District) / Kangra(District) / Himachal Pradesh(State),00203800,008710,N,,,,
1100,8566,Dahab (318),दाहब (318),Raja Ka Talab(Sub-District) / Kangra(District) / Himachal Pradesh(State),00189400,008566,N,,,,
1101,11041,Dahd (896),डाहड (896),Majheen(Sub-District) / Kangra(District) / Himachal Pradesh(State),00436500,011041,N,,,,
1102,8447,Dahdo (407),धधो (407),Gangath(Sub-District) / Kangra(District) / Himachal Pradesh(State),00177500,008447,N,,,,
1103,11199,Dai (155),डेईं (155),Dhira(Sub-District) / Kangra(District) / Himachal Pradesh(State),00452200,011199,N,,,,
1104,9670,Daihriyan (263),देहरियां (263),Kangra(Sub-District) / Kangra(District) / Himachal Pradesh(State),00299400,009670,N,,,,
1105,8567,Dak (317),डक (317),Raja Ka Talab(Sub-District) / Kangra(District) / Himachal Pradesh(State),00189500,008567,N,,,,
1106,9763,Daka (223),डाका (223),Kangra(Sub-District) / Kangra(District) / Himachal Pradesh(State),00309900,009763,N,,,,
1107,8921,Dakyara (94),डकयाड़ा (94),Fatehpur(Sub-District) / Kangra(District) / Himachal Pradesh(State),00224900,008921,N,,,,
1108,10878,Dal (868),डल (868),Majheen(Sub-District) / Kangra(District) / Himachal Pradesh(State),00420200,010878,N,,,,
1109,11336,Dali (449),डली (449),Alampur(Sub-District) / Kangra(District) / Himachal Pradesh(State),00465900,011336,N,,,,
1110,10337,Dalippur (529),दलीपपुर (529),Haripur(Sub-District) / Kangra(District) / Himachal Pradesh(State),00366100,010337,N,,,,
1111,11279,Dalli (653),डली (653),Jaisinghpur(Sub-District) / Kangra(District) / Himachal Pradesh(State),00460200,011279,N,,,,
1112,11423,Dallu (925),डलू (925),Jaisinghpur(Sub-District) / Kangra(District) / Himachal Pradesh(State),00474600,011423,N,,,,
1113,10873,Daloh (811),दलोह (811),Majheen(Sub-District) / Kangra(District) / Himachal Pradesh(State),00419700,010873,N,,,,
1114,10008,Dalwar (734),दलवाड़ (734),Baroh(Sub-District) / Kangra(District) / Himachal Pradesh(State),00333200,010008,N,,,,
1115,11450,Dalyana (945),डलयाणा (945),Jaisinghpur(Sub-District) / Kangra(District) / Himachal Pradesh(State),00477300,011450,N,,,,
1116,8612,Damoh (160),डमोह (160),Nurpur(Sub-District) / Kangra(District) / Himachal Pradesh(State),00194000,008612,N,eSignGOFile662648_19_02_2025_11_14_57.pdf,,,
1117,8686,Damtal (2),डमटाल (2),Indora(Sub-District) / Kangra(District) / Himachal Pradesh(State),00201400,008686,N,,,,
1118,10028,Damtehar (747),डमटेहड़ (747),Baroh(Sub-District) / Kangra(District) / Himachal Pradesh(State),00335200,010028,N,,,,
1119,11378,Dandel (600),दंदेल (600),Jaisinghpur(Sub-District) / Kangra(District) / Himachal Pradesh(State),00470100,011378,N,,,,
1120,11623,Dandesar (311),डंडेसर (311),Sulah(Sub-District) / Kangra(District) / Himachal Pradesh(State),00494600,011623,N,,,,
1121,10107,Dangehar (861),डंगेहड़ (861),Baroh(Sub-District) / Kangra(District) / Himachal Pradesh(State),00343100,010107,N,,,,
1122,10272,Dangra (180),डांगड़ा (180),Pragpur(Sub-District) / Kangra(District) / Himachal Pradesh(State),00359600,010272,N,,,,
1123,8268,Dani Khas (130),डन्नी खास (130),Sadwan(Sub-District) / Kangra(District) / Himachal Pradesh(State),00159600,008268,N,,,,
1124,12004,Danin (1003),दनीन (1003),Baijnath(Sub-District) / Kangra(District) / Himachal Pradesh(State),00532700,012004,N,,,,
1125,8272,Danna (117),डन्ना (117),Sadwan(Sub-District) / Kangra(District) / Himachal Pradesh(State),00160000,008272,N,,,,
1126,8287,Danna(124),डन्ना (124),Sadwan(Sub-District) / Kangra(District) / Himachal Pradesh(State),00161500,008287,N,eSignGOFile662648_19_02_2025_14_51_16.pdf,,,
1127,10147,Danoa (852),दनोआ (852),Baroh(Sub-District) / Kangra(District) / Himachal Pradesh(State),00347100,010147,N,,,,
1128,10952,Daphlun (755),डफलूं (755),Lagru(Sub-District) / Kangra(District) / Himachal Pradesh(State),00427600,010952,N,,,,
1129,8533,Dar (374),दड़ (374),Raja Ka Talab(Sub-District) / Kangra(District) / Himachal Pradesh(State),00186100,008533,N,,,,
1130,10533,Darang (376),द्रंग (376),Jawalamukhi(Sub-District) / Kangra(District) / Himachal Pradesh(State),00382300,010533,N,,,,
1131,11549,Darang Khas (49),दरंग खास (49),Sulah(Sub-District) / Kangra(District) / Himachal Pradesh(State),00487200,011549,N,,,,
1132,11496,Darati (30),दराटी (30),Chachian(Sub-District) / Kangra(District) / Himachal Pradesh(State),00481900,011496,N,,,,
1133,11538,Darati (41),दराटी (41),Chachian(Sub-District) / Kangra(District) / Himachal Pradesh(State),00486100,011538,N,,,,
1134,10624,Darb (33),दड़ब (33),Jaswan(Sub-District) / Kangra(District) / Himachal Pradesh(State),00394800,010624,N,,,,
1135,10432,Darek Lahr (420),दरेक लाहड़ (420),Jawalamukhi(Sub-District) / Kangra(District) / Himachal Pradesh(State),00381900,010432,N,,,,
1136,10195,Dargeh (511),दरगैह (511),Haripur(Sub-District) / Kangra(District) / Himachal Pradesh(State),00351900,010195,N,,,,
1137,11831,Dargil (250),दरगील (250),Palampur(Sub-District) / Kangra(District) / Himachal Pradesh(State),00515400,011831,N,,,,
1138,10556,Darin (328),दरीण (328),Bharoli(Sub-District) / Kangra(District) / Himachal Pradesh(State),00384600,010556,N,eSignGOFile131557_11_06_2024_16_54_26.pdf,,,
1139,9330,Darini Khas (8),दरीणी खास (8),Dareeni(Sub-District) / Kangra(District) / Himachal Pradesh(State),00265700,009330,N,,,,
1140,9329,Darini Khurd (9),दरीणी खुर्द (9),Dareeni(Sub-District) / Kangra(District) / Himachal Pradesh(State),00265600,009329,N,,,,
1141,9128,Darkati (45),दरकाटी (45),Jawali(Sub-District) / Kangra(District) / Himachal Pradesh(State),00245500,009128,N,,,,
1142,11225,Darman (328),द्रमण (328),Dhira(Sub-District) / Kangra(District) / Himachal Pradesh(State),00454800,011225,N,,,,
1143,11676,Darohkhas (352),डरोहखास (352),Bhawarna(Sub-District) / Kangra(District) / Himachal Pradesh(State),00499900,011676,N,,,,
1144,10663,Darol (76),डरोल (76),Dadasiba(Sub-District) / Kangra(District) / Himachal Pradesh(State),00398700,010663,N,,,,
1145,10480,Daroli (397),दरोली (397),Jawalamukhi(Sub-District) / Kangra(District) / Himachal Pradesh(State),00376500,010480,N,,,,
1146,11361,Daslon (582),दसलूं (582),Jaisinghpur(Sub-District) / Kangra(District) / Himachal Pradesh(State),00468400,011361,N,,,,
1147,10585,Dasman (364),दसमां (364),Jawalamukhi(Sub-District) / Kangra(District) / Himachal Pradesh(State),00387500,010585,N,,,,
1148,9076,Dasoli Jhikli (99),डसोली झिकली (99),Jawali(Sub-District) / Kangra(District) / Himachal Pradesh(State),00240300,009076,N,,,,
1149,9075,Dasoli Upparli (98),डसोली उपरली (98),Jawali(Sub-District) / Kangra(District) / Himachal Pradesh(State),00240200,009075,N,,,,
1150,11754,Dattal (704),दत्तल (704),Panchrukhi(Sub-District) / Kangra(District) / Himachal Pradesh(State),00507700,011754,N,,,,
1151,9801,Daulatpur (563),दौलतपुर (563),Kangra(Sub-District) / Kangra(District) / Himachal Pradesh(State),00313700,009801,N,,,,
1152,11485,Dayala (19),दयाला (19),Chachian(Sub-District) / Kangra(District) / Himachal Pradesh(State),00480800,011485,N,,,,
1153,10371,Dayolaru (562),दयोलडू (562),Haripur(Sub-District) / Kangra(District) / Himachal Pradesh(State),00369500,010371,N,,,,
1154,10004,Degar Lahar (737),डेगर लाहड़ (737),Baroh(Sub-District) / Kangra(District) / Himachal Pradesh(State),00332800,010004,N,,,,
1155,11200,Dehadi (154),डेहडी (154),Dhira(Sub-District) / Kangra(District) / Himachal Pradesh(State),00452300,011200,N,,,,
1156,11652,Dehan Khas (685),दैहन खास (685),Palampur(Sub-District) / Kangra(District) / Himachal Pradesh(State),00497500,011652,N,eSignGOFile662648_19_02_2025_13_53_47.pdf,,,
1157,11482,Dehli (2),देहली (2),Chachian(Sub-District) / Kangra(District) / Himachal Pradesh(State),00480500,011482,N,,,,
1158,12133,Dehnasar (1090),डैहनासर (1090),Multhan(Sub-District) / Kangra(District) / Himachal Pradesh(State),00545600,012133,N,,,,
1159,9818,Dehra Arla (545),देहरा अरला (545),Kangra(Sub-District) / Kangra(District) / Himachal Pradesh(State),00315400,009818,N,,,,
1160,939752,Dehra Gopipur (N.A.C.)(431/2),देहरा गोपीपुर (न.ऎ.क.)(431/2),Dehra Gopipur(Sub-District) / Kangra(District) / Himachal Pradesh(State),,000000,N,eSignGOFile662648_19_02_2025_16_23_18.pdf,,,
1161,9173,Dehri (70),देहरी (70),Jawali(Sub-District) / Kangra(District) / Himachal Pradesh(State),00250000,009173,N,,,,
1162,11164,Dehru (126),देहरू (126),Dhira(Sub-District) / Kangra(District) / Himachal Pradesh(State),00448700,011164,N,,,,
1163,9733,Dehru (246),देहरू (246),Kangra(Sub-District) / Kangra(District) / Himachal Pradesh(State),00306900,009733,N,,,,
1164,9555,Dehru (401),देहरू (401),Dharmsala(Sub-District) / Kangra(District) / Himachal Pradesh(State),00289500,009555,N,,,,
1165,11351,Dehru (475),देहरु (475),Alampur(Sub-District) / Kangra(District) / Himachal Pradesh(State),00467400,011351,N,,,,
1166,11386,Dehru (611),देहरू (611),Jaisinghpur(Sub-District) / Kangra(District) / Himachal Pradesh(State),00470900,011386,N,,,,
1167,10988,Dehru (752),देहरु (752),Khundian(Sub-District) / Kangra(District) / Himachal Pradesh(State),00431200,010988,N,,,,
1168,10109,Dehru (868),देहरु (868),Baroh(Sub-District) / Kangra(District) / Himachal Pradesh(State),00343300,010109,N,,,,
1169,10143,Dehru (896),देहरु (896),Baroh(Sub-District) / Kangra(District) / Himachal Pradesh(State),00346700,010143,N,,,,
1170,8370,Denkwan (6),डैकवा (6),Gangath(Sub-District) / Kangra(District) / Himachal Pradesh(State),00169800,008370,N,,,,
1171,8368,Denkwan Khas (7),डैकवां खास (7),Gangath(Sub-District) / Kangra(District) / Himachal Pradesh(State),00169600,008368,N,,,,
1172,12080,Deol Khas (853),द्योल (853),Baijnath(Sub-District) / Kangra(District) / Himachal Pradesh(State),00540300,012080,N,,,,
1173,12114,Deot (1053),दियोट (1053),Multhan(Sub-District) / Kangra(District) / Himachal Pradesh(State),00543700,012114,N,,,,
1174,8308,Dev Bharari (88),देव भराड़ी (88),Sadwan(Sub-District) / Kangra(District) / Himachal Pradesh(State),00163600,008308,N,,,,
1175,10822,Devgaon (635),देव गांव (635),Lagru(Sub-District) / Kangra(District) / Himachal Pradesh(State),00414600,010822,N,,,,
1176,11250,Devi (356),देवी (356),Dhira(Sub-District) / Kangra(District) / Himachal Pradesh(State),00457300,011250,N,,,,
1177,939764,Devi Tal (N.A.C.) (389/3),देवीताल(NAC) (389/3),Jawalamukhi(Sub-District) / Kangra(District) / Himachal Pradesh(State),,000000,N,,,,
1178,11162,Devi Tilla (123),देवी टिल्ला (123),Dhira(Sub-District) / Kangra(District) / Himachal Pradesh(State),00448500,011162,N,,,,
1179,9051,Dewal (134),दियोल (134),Kotla(Sub-District) / Kangra(District) / Himachal Pradesh(State),00237800,009051,N,,,,
1180,9805,Dhagyal(216),ढगयाल (216),Kangra(Sub-District) / Kangra(District) / Himachal Pradesh(State),00314100,009805,N,eSignGOFile662648_19_02_2025_14_39_21.pdf,,,
1181,8752,Dhaila(101),ध्याला (101),Gangath(Sub-District) / Kangra(District) / Himachal Pradesh(State),00208100,008752,N,,,,
1182,10281,Dhajag (177),धजाग (177),Dehra Gopipur(Sub-District) / Kangra(District) / Himachal Pradesh(State),00360500,010281,N,,,,
1183,10913,Dhakhar (890),ढखर (890),Majheen(Sub-District) / Kangra(District) / Himachal Pradesh(State),00423700,010913,N,,,,
1184,11658,Dhakrer (282),ढकरैर (282),Bhawarna(Sub-District) / Kangra(District) / Himachal Pradesh(State),00498100,011658,N,,,,
1185,8383,Dhalaina Jangal (3),जंगल ढलयाणा (3),Gangath(Sub-District) / Kangra(District) / Himachal Pradesh(State),00171100,008383,N,,,,
1186,11174,Dhalehra (158),धलेरा (158),Dhira(Sub-District) / Kangra(District) / Himachal Pradesh(State),00449700,011174,N,,,,
1187,10254,Dhaliyara (175),ढलियारा (175),Dehra Gopipur(Sub-District) / Kangra(District) / Himachal Pradesh(State),00357800,010254,N,,,,
1188,9825,Dhaloon (524),धलूं (524),Nagrota Bagwan(Sub-District) / Kangra(District) / Himachal Pradesh(State),00304000,009825,N,,,,
1189,8562,Dhalwara (321),ढलवाड़ा (321),Raja Ka Talab(Sub-District) / Kangra(District) / Himachal Pradesh(State),00189000,008562,N,,,,
1190,11342,Dhamandar (456),धमान्दर (456),Alampur(Sub-District) / Kangra(District) / Himachal Pradesh(State),00466500,011342,N,,,,
1191,11092,Dhaman Lahar (426),धमण लाहड (426),Thural(Sub-District) / Kangra(District) / Himachal Pradesh(State),00441500,011092,N,,,,
1192,8631,Dhameen (274),ढमीण (274),Nurpur(Sub-District) / Kangra(District) / Himachal Pradesh(State),00195900,008631,N,eSignGOFile662648_19_02_2025_11_14_57.pdf,,,
1193,9783,Dhamehr (574),धमेहड (574),Kangra(Sub-District) / Kangra(District) / Himachal Pradesh(State),00311900,009783,N,,,,
1194,10685,Dhameri (72),धमेडी (72),Dadasiba(Sub-District) / Kangra(District) / Himachal Pradesh(State),00400900,010685,N,,,,
1195,8993,Dhameta Khas (200),धमेटा (200),Fatehpur(Sub-District) / Kangra(District) / Himachal Pradesh(State),00232100,008993,N,,,,
1196,8395,Dhamlahar (455),दमलाहड़ (455),Gangath(Sub-District) / Kangra(District) / Himachal Pradesh(State),00172300,008395,N,,,,
1197,8785,Dhamota (49),धमौता (49),Thakurdwara(Sub-District) / Kangra(District) / Himachal Pradesh(State),00211400,008785,N,,,,
1198,9159,Dhan (23),ढन (23),Jawali(Sub-District) / Kangra(District) / Himachal Pradesh(State),00248600,009159,N,,,,
1199,11947,Dhanag (879),धानग (879),Baijnath(Sub-District) / Kangra(District) / Himachal Pradesh(State),00527000,011947,N,,,,
1200,8811,Dhanara (12),धनाड़ा (12),Rey(Sub-District) / Kangra(District) / Himachal Pradesh(State),00213900,008811,N,,,,
1201,11956,Dhandera (726),ढण्डेरा (726),Chadiyar(Sub-District) / Kangra(District) / Himachal Pradesh(State),00527900,011956,N,,,,
1202,11989,Dhandol (960),ढण्डोल (960),Chadiyar(Sub-District) / Kangra(District) / Himachal Pradesh(State),00531200,011989,N,,,,
1203,8500,Dhaneti Churrian (379),धनेटी चरुड़ियां (379),Raja Ka Talab(Sub-District) / Kangra(District) / Himachal Pradesh(State),00182800,008500,N,,,,
1204,8445,Dhangal (408),ढगाल (408),Gangath(Sub-District) / Kangra(District) / Himachal Pradesh(State),00177300,008445,N,,,,
1205,10187,Dhangar Khas (494),धंगड़ खास (494),Haripur(Sub-District) / Kangra(District) / Himachal Pradesh(State),00351100,010187,N,,,,
1206,11109,Dhaniara (460),धनियारा (460),Thural(Sub-District) / Kangra(District) / Himachal Pradesh(State),00443200,011109,N,,,,
1207,11434,Dhaniri (939),धनीरी (939),Jaisinghpur(Sub-District) / Kangra(District) / Himachal Pradesh(State),00475700,011434,N,,,,
1208,10507,Dhanot (352),धनोट (352),Jawalamukhi(Sub-District) / Kangra(District) / Himachal Pradesh(State),00379200,010507,N,,,,
1209,11487,Dhanota (16),धनोटा (16),Chachian(Sub-District) / Kangra(District) / Himachal Pradesh(State),00481000,011487,N,,,,
1210,10335,Dhanotu (524),धनोटू (524),Haripur(Sub-District) / Kangra(District) / Himachal Pradesh(State),00365900,010335,N,,,,
1211,9442,Dhanotu Khas (301),धनोटू खास (301),Shahpur(Sub-District) / Kangra(District) / Himachal Pradesh(State),00276900,009442,N,,,,
1212,8724,Dhantol (34),धन्तौल (34),Indora(Sub-District) / Kangra(District) / Himachal Pradesh(State),00205300,008724,N,,,,
1213,10512,Dhanui (383),धनूई (383),Jawalamukhi(Sub-District) / Kangra(District) / Himachal Pradesh(State),00379700,010512,N,,,,
1214,9022,Dhanuna (184),धनूना (184),Fatehpur(Sub-District) / Kangra(District) / Himachal Pradesh(State),00234900,009022,N,,,,
1215,10366,Dhanyari (539),धन्याड़ी (539),Dehra Gopipur(Sub-District) / Kangra(District) / Himachal Pradesh(State),00369000,010366,N,,,,
1216,9043,Dhar (126),धार (126),Kotla(Sub-District) / Kangra(District) / Himachal Pradesh(State),00237000,009043,N,,,,
1217,9248,Dhar (227),धार (227),Kotla(Sub-District) / Kangra(District) / Himachal Pradesh(State),00257500,009248,N,,,,
1218,8363,Dhar (26),उप महाल धार (26),Nurpur(Sub-District) / Kangra(District) / Himachal Pradesh(State),00169100,008363,N,,,,
1219,9505,Dhar (342),धार (342),Dharmsala(Sub-District) / Kangra(District) / Himachal Pradesh(State),00284400,009505,N,,,,
1220,10184,Dhar (496),धार (496),Haripur(Sub-District) / Kangra(District) / Himachal Pradesh(State),00350800,010184,N,,,,
1221,9834,Dhar (587),धार (587),Nagrota Bagwan(Sub-District) / Kangra(District) / Himachal Pradesh(State),00315800,009834,N,,,,
1222,10990,Dhar (750),धार (750),Khundian(Sub-District) / Kangra(District) / Himachal Pradesh(State),00431400,010990,N,,,,
1223,11876,Dharamman (794),ध्रमण (794),Palampur(Sub-District) / Kangra(District) / Himachal Pradesh(State),00519900,011876,N,,,,
1224,11526,Dharamman (89),ध्रमण (89),Palampur(Sub-District) / Kangra(District) / Himachal Pradesh(State),00484900,011526,N,,,,
1225,9354,Dharamshal (80),धर्मशाल (80),Shahpur(Sub-District) / Kangra(District) / Himachal Pradesh(State),00268100,009354,N,,,,
1226,939770,Dharamshala (M.C.) (363/7),उप महाल धर्मशाला (363/7),Dharmsala(Sub-District) / Kangra(District) / Himachal Pradesh(State),,000000,N,eSignGOFile662648_19_02_2025_16_24_01.pdf,,,
1227,9869,Dharari (696),धारड़ी (696),Nagrota Bagwan(Sub-District) / Kangra(District) / Himachal Pradesh(State),00319300,009869,N,,,,
1228,12042,Dhar Baggi (1025),धारबग्गी (1025),Baijnath(Sub-District) / Kangra(District) / Himachal Pradesh(State),00536500,012042,N,,,,
1229,11024,Dhar Bhamolag (858),धार भगोलग (858),Khundian(Sub-District) / Kangra(District) / Himachal Pradesh(State),00434800,011024,N,,,,
1230,8508,Dhar Bhuli (372),दरभोली (372),Raja Ka Talab(Sub-District) / Kangra(District) / Himachal Pradesh(State),00183600,008508,N,,,,
1231,11352,Dhar Brahampuri (476),धार ब्रहम्पुरी (476),Alampur(Sub-District) / Kangra(District) / Himachal Pradesh(State),00467500,011352,N,,,,
1232,10968,Dhar Chauki (719),धार चौकी (719),Khundian(Sub-District) / Kangra(District) / Himachal Pradesh(State),00429200,010968,N,,,,
1233,10361,Dhar Chhamb (548),धार छाम्ब (548),Dehra Gopipur(Sub-District) / Kangra(District) / Himachal Pradesh(State),00368500,010361,N,,,,
1234,11466,Dhar Drumaka Khurd (902),धार द्रुमका खुर्द्व्र (902),Jaisinghpur(Sub-District) / Kangra(District) / Himachal Pradesh(State),00478900,011466,N,,,,
1235,11469,Dhar Durmaka Kalan (899),धार द्रुमका कलां (899),Jaisinghpur(Sub-District) / Kangra(District) / Himachal Pradesh(State),00479200,011469,N,,,,
1236,12075,Dharer (866),धरेड़ (866),Baijnath(Sub-District) / Kangra(District) / Himachal Pradesh(State),00539800,012075,N,,,,
1237,10175,Dhar Gharyar (505),धार घरियार (505),Haripur(Sub-District) / Kangra(District) / Himachal Pradesh(State),00349900,010175,N,,,,
1238,11983,Dhargher (955),धरगेहड़ (955),Chadiyar(Sub-District) / Kangra(District) / Himachal Pradesh(State),00530600,011983,N,,,,
1239,11025,Dhariatu (849),धरयाटू (849),Khundian(Sub-District) / Kangra(District) / Himachal Pradesh(State),00434900,011025,N,,,,
1240,12087,Dharjot (850),धारजोत (850),Baijnath(Sub-District) / Kangra(District) / Himachal Pradesh(State),00541000,012087,N,,,,
1241,9268,Dhar Khas (160),धार खास (160),Harchakian(Sub-District) / Kangra(District) / Himachal Pradesh(State),00259500,009268,N,,,,
1242,9261,Dhar Khurd (153),धारखुर्द (153),Harchakian(Sub-District) / Kangra(District) / Himachal Pradesh(State),00258800,009261,N,,,,
1243,10566,Dhar Kut (801),धारकूट (801),Bharoli(Sub-District) / Kangra(District) / Himachal Pradesh(State),00385600,010566,N,eSignGOFile131557_11_06_2024_16_55_43.pdf,,,
1244,11327,Dhar Lahar Langha (438),धार लाहड लंघा (438),Alampur(Sub-District) / Kangra(District) / Himachal Pradesh(State),00465000,011327,N,,,,
1245,12110,Dharman (1051),धरमाण (1051),Multhan(Sub-District) / Kangra(District) / Himachal Pradesh(State),00543300,012110,N,,,,
1246,9985,Dharmgiri (639),धर्मगिरी (639),Nagrota Bagwan(Sub-District) / Kangra(District) / Himachal Pradesh(State),00330900,009985,N,,,,
1247,8907,Dharot (121),दरोट (121),Fatehpur(Sub-District) / Kangra(District) / Himachal Pradesh(State),00223500,008907,N,,,,
1248,10331,Dhar Panyali (526),धार पन्याली (526),Haripur(Sub-District) / Kangra(District) / Himachal Pradesh(State),00365500,010331,N,,,,
1249,9052,Dharun (136),धरू (136),Kotla(Sub-District) / Kangra(District) / Himachal Pradesh(State),00237900,009052,N,,,,
1250,8407,Dharwal (458),धरवाल (458),Gangath(Sub-District) / Kangra(District) / Himachal Pradesh(State),00173500,008407,N,,,,
1251,10907,Dhatehr (881),धतेड़ (881),Majheen(Sub-District) / Kangra(District) / Himachal Pradesh(State),00423100,010907,N,,,,
1252,11700,Dhatti (530),ढाटी (530),Bhawarna(Sub-District) / Kangra(District) / Himachal Pradesh(State),00502300,011700,N,,,,
1253,10842,Dhatti (703),ढाटी (703),Lagru(Sub-District) / Kangra(District) / Himachal Pradesh(State),00416600,010842,N,,,,
1254,10836,Dhatti Parmala (699),ढाटी परमाला (699),Lagru(Sub-District) / Kangra(District) / Himachal Pradesh(State),00416000,010836,N,,,,
1255,10427,Dhawala Khas (428),ध्वाला खास (428),Dehra Gopipur(Sub-District) / Kangra(District) / Himachal Pradesh(State),00375100,010427,N,,,,
1256,10320,Dhawalu (447),ध्वालू (447),Haripur(Sub-District) / Kangra(District) / Himachal Pradesh(State),00364400,010320,N,,,,
1257,10180,Dhayun (497),ढियुं (497),Haripur(Sub-District) / Kangra(District) / Himachal Pradesh(State),00350400,010180,N,,,,
1258,8498,Dhenti Barshwala (388),धनेटी वरसवाला (388),Gangath(Sub-District) / Kangra(District) / Himachal Pradesh(State),00182600,008498,N,,,,
1259,8496,Dhenti Bhuriyan (392),धनेटी भूरीयां (392),Gangath(Sub-District) / Kangra(District) / Himachal Pradesh(State),00182400,008496,N,,,,
1260,8497,Dhenti Garlan (387),धनेटी गारला (387),Gangath(Sub-District) / Kangra(District) / Himachal Pradesh(State),00182500,008497,N,,,,
1261,9197,Dhewa (76),धेवा (76),Jawali(Sub-District) / Kangra(District) / Himachal Pradesh(State),00252400,009197,N,,,,
1262,9498,Dhial (337),ध्याल (337),Dharmsala(Sub-District) / Kangra(District) / Himachal Pradesh(State),00283800,009498,N,,,,
1263,9077,Dhial (87),ध्याल (87),Jawali(Sub-District) / Kangra(District) / Himachal Pradesh(State),00240400,009077,N,,,,
1264,9205,Dhiala (264),धियाला (264),Kotla(Sub-District) / Kangra(District) / Himachal Pradesh(State),00253200,009205,N,,,,
1265,8954,Dhiari (58),ध्याडी (58),Fatehpur(Sub-District) / Kangra(District) / Himachal Pradesh(State),00228200,008954,N,,,,
1266,8812,Dhindkhar (15),डिण्डखर (15),Rey(Sub-District) / Kangra(District) / Himachal Pradesh(State),00214000,008812,N,,,,
1267,9787,Dhinu (583),ढीनू (583),Kangra(Sub-District) / Kangra(District) / Himachal Pradesh(State),00312300,009787,N,,,,
1268,11190,Dhira (316),धीरा (316),Dhira(Sub-District) / Kangra(District) / Himachal Pradesh(State),00451300,011190,N,,,,
1269,11094,Dhohreyan Da Lahar (423),ढोरियाँ दा लाहड (423),Thural(Sub-District) / Kangra(District) / Himachal Pradesh(State),00441700,011094,N,,,,
1270,9264,Dholahri (156),धुलाड़ी (156),Harchakian(Sub-District) / Kangra(District) / Himachal Pradesh(State),00259100,009264,N,,,,
1271,9965,Dholai (608),धुलाई (608),Nagrota Bagwan(Sub-District) / Kangra(District) / Himachal Pradesh(State),00328900,009965,N,,,,
1272,10568,Dholas (320),धुलास (320),Bharoli(Sub-District) / Kangra(District) / Himachal Pradesh(State),00385800,010568,N,eSignGOFile131557_11_06_2024_16_55_43.pdf,,,
1273,8858,Dholpur (151),धौलपुर (151),Rey(Sub-District) / Kangra(District) / Himachal Pradesh(State),00218600,008858,N,,,,
1274,10120,Dholru (903),ढौलरु (903),Baroh(Sub-District) / Kangra(District) / Himachal Pradesh(State),00344400,010120,N,,,,
1275,11547,Dholta (48),धोलटा (48),Sulah(Sub-District) / Kangra(District) / Himachal Pradesh(State),00487000,011547,N,,,,
1276,10721,Dholu Bhad (198),धोलूवड (198),Pragpur(Sub-District) / Kangra(District) / Himachal Pradesh(State),00404500,010721,N,,,,
1277,11553,Dhoran (54),धोरन (54),Sulah(Sub-District) / Kangra(District) / Himachal Pradesh(State),00487600,011553,N,,,,
1278,10136,Dhordha(887),धौरड़ा (886),Baroh(Sub-District) / Kangra(District) / Himachal Pradesh(State),00346000,010136,N,eSignGOFile662648_19_02_2025_14_25_08.pdf,,,
1279,10239,Dhounta (127),ढौन्टा (127),Dadasiba(Sub-District) / Kangra(District) / Himachal Pradesh(State),00356300,010239,N,,,,
1280,9971,Dhrub Khal (625),ध्रुवखाल (625),Nagrota Bagwan(Sub-District) / Kangra(District) / Himachal Pradesh(State),00329500,009971,N,,,,
1281,10038,Dhsehar (777),ढसेहड़ (777),Baroh(Sub-District) / Kangra(District) / Himachal Pradesh(State),00336200,010038,N,,,,
1282,9053,Dhunihar (133),धुनियार (133),Jawali(Sub-District) / Kangra(District) / Himachal Pradesh(State),00238000,009053,N,,,,
1283,11380,Dhupkiara (617),धुपकियारा (617),Jaisinghpur(Sub-District) / Kangra(District) / Himachal Pradesh(State),00470300,011380,N,,,,
1284,11524,Dhurehr (83),धुरेहर (83),Palampur(Sub-District) / Kangra(District) / Himachal Pradesh(State),00484700,011524,N,,,,
1285,9007,Dial-I (207),दियाल-1 (207),Fatehpur(Sub-District) / Kangra(District) / Himachal Pradesh(State),00233500,009007,N,,,,
1286,9006,Dial-Ii (206),दियाल-2 (206),Fatehpur(Sub-District) / Kangra(District) / Himachal Pradesh(State),00233400,009006,N,,,,
1287,9495,Diara (335),दयाड़ा (335),Dharmsala(Sub-District) / Kangra(District) / Himachal Pradesh(State),00283500,009495,N,,,,
1288,11287,Dib (566),डिव (566),Jaisinghpur(Sub-District) / Kangra(District) / Himachal Pradesh(State),00461000,011287,N,,,,
1289,10905,Dib (879),डिव (879),Majheen(Sub-District) / Kangra(District) / Himachal Pradesh(State),00422900,010905,N,,,,
1290,9324,Diba (12),डिब्बा (12),Dareeni(Sub-District) / Kangra(District) / Himachal Pradesh(State),00265100,009324,N,,,,
1291,9289,Diber (182),डिबर (182),Harchakian(Sub-District) / Kangra(District) / Himachal Pradesh(State),00261600,009289,N,,,,
1292,11507,Dibnu (24),डिवणू (24),Chachian(Sub-District) / Kangra(District) / Himachal Pradesh(State),00483000,011507,N,,,,
1293,10397,Didu (581),डिडू (581),Dehra Gopipur(Sub-District) / Kangra(District) / Himachal Pradesh(State),00372100,010397,N,,,,
1294,11578,Differpat (87),डिफरपट्ट (87),Palampur(Sub-District) / Kangra(District) / Himachal Pradesh(State),00490100,011578,N,,,,
1295,10302,Digan (575),डिगन (575),Dehra Gopipur(Sub-District) / Kangra(District) / Himachal Pradesh(State),00362600,010302,N,,,,
1296,10503,Digar (346),डिग्गर (346),Bharoli(Sub-District) / Kangra(District) / Himachal Pradesh(State),00378800,010503,N,eSignGOFile131557_11_06_2024_16_52_36.pdf,,,
1297,9602,Diktu (486),डिक्टू (486),Dharmsala(Sub-District) / Kangra(District) / Himachal Pradesh(State),00294200,009602,N,,,,
1298,8747,Dini (109),दीणी (109),Indora(Sub-District) / Kangra(District) / Himachal Pradesh(State),00207600,008747,N,,,,
1299,8768,Diothi (70),डयोठी (70),Indora(Sub-District) / Kangra(District) / Himachal Pradesh(State),00209700,008768,N,,,,
1300,10284,Diyal (163),दयाल (163),Dehra Gopipur(Sub-District) / Kangra(District) / Himachal Pradesh(State),00360800,010284,N,,,,
1301,8895,Diyana Khas (141),दियाना खास (141),Rey(Sub-District) / Kangra(District) / Himachal Pradesh(State),00222300,008895,N,,,,
1302,10292,Diyara (154),दियाड़ा (154),Dehra Gopipur(Sub-District) / Kangra(District) / Himachal Pradesh(State),00361600,010292,N,,,,
1303,11522,Dodan Khola (82),ड़ोडन खोला (82),Palampur(Sub-District) / Kangra(District) / Himachal Pradesh(State),00484500,011522,N,,,,
1304,9444,Dodhamb Khas (302),डुढम्व खास (302),Shahpur(Sub-District) / Kangra(District) / Himachal Pradesh(State),00277100,009444,N,,,,
1305,10824,Dodhru (711),दोहदरु (711),Lagru(Sub-District) / Kangra(District) / Himachal Pradesh(State),00414800,010824,N,,,,
1306,10677,Dodra Kalan (89),दोदरा कलां (89),Dadasiba(Sub-District) / Kangra(District) / Himachal Pradesh(State),00400100,010677,N,,,,
1307,10678,Dodra Khurd (125),दोदरा खुर्द (125),Dadasiba(Sub-District) / Kangra(District) / Himachal Pradesh(State),00400200,010678,N,,,,
1308,10904,Dodru (802),डोडरु (802),Majheen(Sub-District) / Kangra(District) / Himachal Pradesh(State),00422800,010904,N,,,,
1309,10787,Dodun Brahmna (301),दोदूं ब्राह्मणा (301),Rakkar(Sub-District) / Kangra(District) / Himachal Pradesh(State),00411100,010787,N,,,,
1310,10786,Dodun Rajputan (300),दोदूं राजपूतां (300),Rakkar(Sub-District) / Kangra(District) / Himachal Pradesh(State),00411000,010786,N,,,,
1311,10464,Dohag (626),डोहग (626),Jawalamukhi(Sub-District) / Kangra(District) / Himachal Pradesh(State),00392200,010464,N,,,,
1312,10359,Dohag Khas (543),डोहग खास (543),Dehra Gopipur(Sub-District) / Kangra(District) / Himachal Pradesh(State),00368300,010359,N,,,,
1313,11806,Dohal (692),दोहल (692),Panchrukhi(Sub-District) / Kangra(District) / Himachal Pradesh(State),00512900,011806,N,,,,
1314,11709,Dohari (537),डोहरी (537),Bhawarna(Sub-District) / Kangra(District) / Himachal Pradesh(State),00503200,011709,N,,,,
1315,9462,Dol (288),डोल (288),Shahpur(Sub-District) / Kangra(District) / Himachal Pradesh(State),00278900,009462,N,,,,
1316,11335,Dol (445),डोल (445),Alampur(Sub-District) / Kangra(District) / Himachal Pradesh(State),00465800,011335,N,,,,
1317,10449,Dol (660),डोल (660),Jawalamukhi(Sub-District) / Kangra(District) / Himachal Pradesh(State),00390700,010449,N,,,,
1318,10437,Dol (663),डोल (663),Jawalamukhi(Sub-District) / Kangra(District) / Himachal Pradesh(State),00389500,010437,N,,,,
1319,9890,Dol (711),डोल (711),Nagrota Bagwan(Sub-District) / Kangra(District) / Himachal Pradesh(State),00321400,009890,N,,,,
1320,10954,Dola (735),डोला (735),Lagru(Sub-District) / Kangra(District) / Himachal Pradesh(State),00427800,010954,N,,,,
1321,9215,Dolba (254),डोलवा (254),Kotla(Sub-District) / Kangra(District) / Himachal Pradesh(State),00254200,009215,N,,,,
1322,10536,Doli (372),डोली (372),Jawalamukhi(Sub-District) / Kangra(District) / Himachal Pradesh(State),00382600,010536,N,,,,
1323,11727,Doli (546),डोली (546),Bhawarna(Sub-District) / Kangra(District) / Himachal Pradesh(State),00505000,011727,N,,,,
1324,11968,Doli Kalan (983),डोली कंला (983),Chadiyar(Sub-District) / Kangra(District) / Himachal Pradesh(State),00529100,011968,N,,,,
1325,11969,Doli Khurd (982),डोली खुर्द (982),Chadiyar(Sub-District) / Kangra(District) / Himachal Pradesh(State),00529200,011969,N,,,,
1326,9399,Dolyar (100),डोलयार(100),Shahpur(Sub-District) / Kangra(District) / Himachal Pradesh(State),00272600,009399,N,,,,
1327,11052,Dpf Bajoor Gahar (382),डीपी एफ वजूर गाहर (382),Bhawarna(Sub-District) / Kangra(District) / Himachal Pradesh(State),00437500,011052,N,,,,
1328,11069,D.P.F. Baloh (389),डी पी एफ वलोह,Thural(Sub-District) / Kangra(District) / Himachal Pradesh(State),00439200,011069,N,,,,
1329,11690,D.P.F Ban Kudang (290),डीपी एफ वन कुडग (290),Bhawarna(Sub-District) / Kangra(District) / Himachal Pradesh(State),00501300,011690,N,,,,
1330,11106,D.P.F. Dhar Duhak (436),डी पी एफ धार डूहक,Thural(Sub-District) / Kangra(District) / Himachal Pradesh(State),00442900,011106,N,,,,
1331,9121,D.P.F.Lahru (52),डी0 पी0 एफ लाहड़ू (52),Jawali(Sub-District) / Kangra(District) / Himachal Pradesh(State),00244800,009121,N,,,,
1332,8372,Dpf Lodhwan-1 (17),डी पी एफ लोधवा-1 (17),Gangath(Sub-District) / Kangra(District) / Himachal Pradesh(State),00170000,008372,N,,,,
1333,8377,Dpf Lodhwan-II (8),डी पी एफ लोधवा-2 (8),Gangath(Sub-District) / Kangra(District) / Himachal Pradesh(State),00170500,008377,N,,,,
1334,9973,Dragga (622),द्रगा (622),Nagrota Bagwan(Sub-District) / Kangra(District) / Himachal Pradesh(State),00329700,009973,N,,,,
1335,11262,Draman (661),द्रमण (661),Jaisinghpur(Sub-District) / Kangra(District) / Himachal Pradesh(State),00458500,011262,N,,,,
1336,11750,Draman (675),द्रमण (675),Panchrukhi(Sub-District) / Kangra(District) / Himachal Pradesh(State),00507300,011750,N,,,,
1337,9356,Dramman (83),द्रमण (83),Shahpur(Sub-District) / Kangra(District) / Himachal Pradesh(State),00268300,009356,N,,,,
1338,11132,Dridh (512),दरिढ (512),Thural(Sub-District) / Kangra(District) / Himachal Pradesh(State),00445500,011132,N,,,,
1339,11520,Drobi (80),द्रोवी (80),Palampur(Sub-District) / Kangra(District) / Himachal Pradesh(State),00484300,011520,N,,,,
1340,11518,Drognu (77),द्रोगणू (77),Palampur(Sub-District) / Kangra(District) / Himachal Pradesh(State),00484100,011518,N,,,,
1341,11957,Drug (898),दरुग (898),Chadiyar(Sub-District) / Kangra(District) / Himachal Pradesh(State),00528000,011957,N,,,,
1342,9590,Dudehr (393),डुडेहड़ (393),Dharmsala(Sub-District) / Kangra(District) / Himachal Pradesh(State),00293000,009590,N,,,,
1343,10153,Duga (881),डुगा (881),Baroh(Sub-District) / Kangra(District) / Himachal Pradesh(State),00347700,010153,N,,,,
1344,11173,Dugahan (159),डगाहण (159),Dhira(Sub-District) / Kangra(District) / Himachal Pradesh(State),00449600,011173,N,,,,
1345,11100,Dugehar (424),डूगेहड (424),Thural(Sub-District) / Kangra(District) / Himachal Pradesh(State),00442300,011100,N,,,,
1346,9654,Dughiari Khas (274),ढुगियारी खास (274),Kangra(Sub-District) / Kangra(District) / Himachal Pradesh(State),00280800,009654,N,,,,
1347,11891,Dugh Khas (841),डुग खास (841),Baijnath(Sub-District) / Kangra(District) / Himachal Pradesh(State),00521400,011891,N,,,,
1348,9566,Dughwar Khas (408),डुगवार खास (408),Dharmsala(Sub-District) / Kangra(District) / Himachal Pradesh(State),00290600,009566,N,,,,
1349,9226,Dugli (244),डुगली (244),Kotla(Sub-District) / Kangra(District) / Himachal Pradesh(State),00255300,009226,N,,,,
1350,8802,Duhag (2),डूहक (2),Fatehpur(Sub-District) / Kangra(District) / Himachal Pradesh(State),00213000,008802,N,,,,
1351,11853,Duhag (220),डूहग (220),Palampur(Sub-District) / Kangra(District) / Himachal Pradesh(State),00517600,011853,N,,,,
1352,11890,Duhaki (351),डुहकी (351),Bhawarna(Sub-District) / Kangra(District) / Himachal Pradesh(State),00521300,011890,N,,,,
1353,11928,Duhaki (772),डुहकी (772),Baijnath(Sub-District) / Kangra(District) / Himachal Pradesh(State),00525100,011928,N,,,,
1354,11673,Duhaki (842),डुहकी (842),Baijnath(Sub-District) / Kangra(District) / Himachal Pradesh(State),00499600,011673,N,,,,
1355,11105,Duhak Kalan (435),डूहक कलाँ (435),Thural(Sub-District) / Kangra(District) / Himachal Pradesh(State),00442800,011105,N,,,,
1356,11108,Duhak Khurad (461),डूहक खर्द (461),Thural(Sub-District) / Kangra(District) / Himachal Pradesh(State),00443100,011108,N,,,,
1357,8850,Duhg(142),डूहगँ (142),Rey(Sub-District) / Kangra(District) / Himachal Pradesh(State),00217800,008850,N,,,,
1358,8645,Duhg (204),डूहग (204),Nurpur(Sub-District) / Kangra(District) / Himachal Pradesh(State),00197300,008645,N,,,,
1359,11745,Duhgani (671),डुहगनी (671),Bhawarna(Sub-District) / Kangra(District) / Himachal Pradesh(State),00506800,011745,N,,,,
1360,12001,Duhk (1000),डुहक (1000),Baijnath(Sub-District) / Kangra(District) / Himachal Pradesh(State),00532400,012001,N,,,,
1361,11039,Duhk (900),डूहक (900),Majheen(Sub-District) / Kangra(District) / Himachal Pradesh(State),00436300,011039,N,,,,
1362,10657,Duhki (100),डुहकी (54),Dadasiba(Sub-District) / Kangra(District) / Himachal Pradesh(State),00398100,010657,N,,,,
1363,9153,Duhngi (5),डुहगी (5),Jawali(Sub-District) / Kangra(District) / Himachal Pradesh(State),00248000,009153,N,,,,
1364,10077,Duhru-I (827),दुहडू-1 (827),Baroh(Sub-District) / Kangra(District) / Himachal Pradesh(State),00340100,010077,N,,,,
1365,10083,Duhru-II (826),दुहडू-II (826),Baroh(Sub-District) / Kangra(District) / Himachal Pradesh(State),00340700,010083,N,,,,
1366,9222,Dul (243),दुल (243),Kotla(Sub-District) / Kangra(District) / Himachal Pradesh(State),00254900,009222,N,,,,
1367,9342,Dulli (42),दूली (42),Dareeni(Sub-District) / Kangra(District) / Himachal Pradesh(State),00266900,009342,N,,,,
1368,8873,Dumal (180),डमबाल (180),Rey(Sub-District) / Kangra(District) / Himachal Pradesh(State),00220100,008873,N,,,,
1369,8313,Dumal Kaila (65),डूमल काईला (65),Nurpur(Sub-District) / Kangra(District) / Himachal Pradesh(State),00164100,008313,N,,,,
1370,10671,Dumnal (83),डुमनाल (111),Jaswan(Sub-District) / Kangra(District) / Himachal Pradesh(State),00399500,010671,N,,,,
1371,9508,Dungla (345),डुंगला (345),Dharmsala(Sub-District) / Kangra(District) / Himachal Pradesh(State),00284700,009508,N,,,,
1372,9416,Durgella (66),दरगेला (66),Shahpur(Sub-District) / Kangra(District) / Himachal Pradesh(State),00274300,009416,N,,,,
1373,8598,Durgh (173),दुर्घ (173),Nurpur(Sub-District) / Kangra(District) / Himachal Pradesh(State),00192600,008598,N,,,,
1374,11006,Fagurta (830),फगूड़ता (830),Khundian(Sub-District) / Kangra(District) / Himachal Pradesh(State),00433000,011006,N,,,,
1375,9367,Falgerh (95),फलगेड़ (95),Shahpur(Sub-District) / Kangra(District) / Himachal Pradesh(State),00269400,009367,N,,,,
1376,8917,Fatehpur (100),फतेहपुर (100),Fatehpur(Sub-District) / Kangra(District) / Himachal Pradesh(State),00224500,008917,N,,,,
1377,9072,Fior Khas (100),ज्योर खास (100),Jawali(Sub-District) / Kangra(District) / Himachal Pradesh(State),00239900,009072,N,,,,
1378,9831,Gabla Andrar (547),गवला अन्द्राड (547),Nagrota Bagwan(Sub-District) / Kangra(District) / Himachal Pradesh(State),00315500,009831,N,,,,
1379,9551,Gabli Dar (384),गवली दाडी (384),Dharmsala(Sub-District) / Kangra(District) / Himachal Pradesh(State),00289100,009551,N,,,,
1380,9652,Gabli Thehar (273),गवली ठेहड (273),Kangra(Sub-District) / Kangra(District) / Himachal Pradesh(State),00280600,009652,N,,,,
1381,11687,Gadherka (362),गढ़ेरका (362),Bhawarna(Sub-District) / Kangra(District) / Himachal Pradesh(State),00501000,011687,N,,,,
1382,8760,Gadhrana (112),गदराना (112),Indora(Sub-District) / Kangra(District) / Himachal Pradesh(State),00208900,008760,N,,,,
1383,11148,Gadiara (117),गदयाड़ा (117),Dhira(Sub-District) / Kangra(District) / Himachal Pradesh(State),00447100,011148,N,,,,
1384,11791,Gadiara (242),गदयाड़ा (242),Panchrukhi(Sub-District) / Kangra(District) / Himachal Pradesh(State),00511400,011791,N,,,,
1385,11637,Gadiara (280),गदियाडा (280),Bhawarna(Sub-District) / Kangra(District) / Himachal Pradesh(State),00496000,011637,N,,,,
1386,11677,Gadiara (353),गदियाडा (353),Bhawarna(Sub-District) / Kangra(District) / Himachal Pradesh(State),00500000,011677,N,,,,
1387,11689,Gadiara (361),गदियाडा (361),Bhawarna(Sub-District) / Kangra(District) / Himachal Pradesh(State),00501200,011689,N,,,,
1388,11546,Gadiara (47),गदियाडा (47),Chachian(Sub-District) / Kangra(District) / Himachal Pradesh(State),00486900,011546,N,,,,
1389,11382,Gadiara (616),गदियाडा (616),Jaisinghpur(Sub-District) / Kangra(District) / Himachal Pradesh(State),00470500,011382,N,,,,
1390,9969,Gadiara (624),गदयाडा (624),Nagrota Bagwan(Sub-District) / Kangra(District) / Himachal Pradesh(State),00329300,009969,N,,,,
1391,11276,Gadiara (657),गदयाडा (657),Jaisinghpur(Sub-District) / Kangra(District) / Himachal Pradesh(State),00459900,011276,N,,,,
1392,9857,Gadiara (686),गदयाडा (686),Nagrota Bagwan(Sub-District) / Kangra(District) / Himachal Pradesh(State),00318100,009857,N,,,,
1393,11869,Gadiara (796),गदियाड़ा (796),Palampur(Sub-District) / Kangra(District) / Himachal Pradesh(State),00519200,011869,N,,,,
1394,11008,Gadiara (828),गदियाड़ा (828),Khundian(Sub-District) / Kangra(District) / Himachal Pradesh(State),00433200,011008,N,,,,
1395,11565,Gadiara (93),गदियाड़ा (93),Sulah(Sub-District) / Kangra(District) / Himachal Pradesh(State),00488800,011565,N,eSignGOFile662648_16_05_2025_16_59_18.pdf,,,
1396,11737,Gadiara Bhoura (664),गदयाडा भौरा (664),Bhawarna(Sub-District) / Kangra(District) / Himachal Pradesh(State),00506000,011737,N,,,,
1397,11734,Gadiara Khaira (541),गदयाड़ा खैरा (541),Bhawarna(Sub-District) / Kangra(District) / Himachal Pradesh(State),00505700,011734,N,,,,
1398,11767,Gadiarpatt (746),गदयाड़पट (746),Panchrukhi(Sub-District) / Kangra(District) / Himachal Pradesh(State),00509000,011767,N,,,,
1399,10730,Gadot (192),गदौत (192),Pragpur(Sub-District) / Kangra(District) / Himachal Pradesh(State),00405400,010730,N,,,,
1400,10129,Gadrana (873),गड़राना (837),Baroh(Sub-District) / Kangra(District) / Himachal Pradesh(State),00345300,010129,N,,,,
1401,8945,Gadroli (48),गदरोली (48),Fatehpur(Sub-District) / Kangra(District) / Himachal Pradesh(State),00227300,008945,N,,,,
1402,8411,Gadwal (443),गदवाल (443),Gangath(Sub-District) / Kangra(District) / Himachal Pradesh(State),00173900,008411,N,,,,
1403,11468,Gadyada (900),गदयाडा (900),Jaisinghpur(Sub-District) / Kangra(District) / Himachal Pradesh(State),00479100,011468,N,,,,
1404,10188,Gadyara (490),गदियाड़ा (490),Haripur(Sub-District) / Kangra(District) / Himachal Pradesh(State),00351200,010188,N,,,,
1405,9897,Gadyara (703),गदयाडा (703),Nagrota Bagwan(Sub-District) / Kangra(District) / Himachal Pradesh(State),00322100,009897,N,,,,
1406,11764,Gagahan (742),गगाहन (742),Panchrukhi(Sub-District) / Kangra(District) / Himachal Pradesh(State),00508700,011764,N,,,,
1407,9127,Gagehar (44),गगेहड़ (44),Jawali(Sub-District) / Kangra(District) / Himachal Pradesh(State),00245400,009127,N,,,,
1408,10351,Gagehar (542),गगेहड (542),Haripur(Sub-District) / Kangra(District) / Himachal Pradesh(State),00367500,010351,N,,,,
1409,11185,Gaggal (178),गगल (178),Dhira(Sub-District) / Kangra(District) / Himachal Pradesh(State),00450800,011185,N,,,,
1410,9465,Gaggal (285),गगल (285),Shahpur(Sub-District) / Kangra(District) / Himachal Pradesh(State),00279200,009465,N,,,,
1411,9677,Gaggal Khas (414),गगल खास (414),Kangra(Sub-District) / Kangra(District) / Himachal Pradesh(State),00300100,009677,N,,,,
1412,10081,Gaglu (810),गगलू (810),Baroh(Sub-District) / Kangra(District) / Himachal Pradesh(State),00340500,010081,N,,,,
1413,12106,Gaglu-Di-Malhan (1072),गगलू दी मलहाँ (1072),Multhan(Sub-District) / Kangra(District) / Himachal Pradesh(State),00542900,012106,N,,,,
1414,9010,Gagnala (218),गगनाला (218),Fatehpur(Sub-District) / Kangra(District) / Himachal Pradesh(State),00233800,009010,N,,,,
1415,11214,Gagoti (137),गगोटी (137),Dhira(Sub-District) / Kangra(District) / Himachal Pradesh(State),00453700,011214,N,,,,
1416,8379,Gagwal (11),गगवाल (11),Gangath(Sub-District) / Kangra(District) / Himachal Pradesh(State),00170700,008379,N,,,,
1417,8795,Gagwal (58),गगवाल (58),Thakurdwara(Sub-District) / Kangra(District) / Himachal Pradesh(State),00212400,008795,N,,,,
1418,10852,Gahal (747),गहल (747),Khundian(Sub-District) / Kangra(District) / Himachal Pradesh(State),00417600,010852,N,,,,
1419,11825,Gahar (235),गाहर (235),Panchrukhi(Sub-District) / Kangra(District) / Himachal Pradesh(State),00514800,011825,N,,,,
1420,8587,Gahin (162),गेंही (162),Nurpur(Sub-District) / Kangra(District) / Himachal Pradesh(State),00191500,008587,N,,,,
1421,11356,Gahli (482),गाहली (482),Alampur(Sub-District) / Kangra(District) / Himachal Pradesh(State),00467900,011356,N,,,,
1422,11016,Gahli (855),गहली (855),Khundian(Sub-District) / Kangra(District) / Himachal Pradesh(State),00434000,011016,N,,,,
1423,10470,Gahlian (400),गाहलियां (400),Jawalamukhi(Sub-District) / Kangra(District) / Himachal Pradesh(State),00375500,010470,N,,,,
1424,9766,Gahliyan Khas (214),गाहलियां खास (214),Kangra(Sub-District) / Kangra(District) / Himachal Pradesh(State),00310200,009766,N,,,,
1425,10367,Gahran (547),गाहरन (547),Dehra Gopipur(Sub-District) / Kangra(District) / Himachal Pradesh(State),00369100,010367,N,,,,
1426,11169,Galohi (131),गलूही (131),Dhira(Sub-District) / Kangra(District) / Himachal Pradesh(State),00449200,011169,N,,,,
1427,8334,Galor Khas (70),गलोड खास (70),Nurpur(Sub-District) / Kangra(District) / Himachal Pradesh(State),00166200,008334,N,,,,
1428,10938,Galoti (783),गलोटी (783),Khundian(Sub-District) / Kangra(District) / Himachal Pradesh(State),00426200,010938,N,,,,
1429,11013,Galoti (852),गलोटी (852),Khundian(Sub-District) / Kangra(District) / Himachal Pradesh(State),00433700,011013,N,,,,
1430,11715,Galyala (560),गलयाला (560),Bhawarna(Sub-District) / Kangra(District) / Himachal Pradesh(State),00503800,011715,N,,,,
1431,939771,Gamaru (363/6),गमरू (363/6),Dharmsala(Sub-District) / Kangra(District) / Himachal Pradesh(State),,000000,N,,,,
1432,8266,Gamel (132),गुमेल (132),Sadwan(Sub-District) / Kangra(District) / Himachal Pradesh(State),00159400,008266,N,,,,
1433,9601,Gamrehr (472),ग़मरेहड़ (472),Dharmsala(Sub-District) / Kangra(District) / Himachal Pradesh(State),00294100,009601,N,,,,
1434,8819,Ganah (19),गनाह (19),Rey(Sub-District) / Kangra(District) / Himachal Pradesh(State),00214700,008819,N,,,,
1435,11739,Gand (668),गन्ड (668),Bhawarna(Sub-District) / Kangra(District) / Himachal Pradesh(State),00506200,011739,N,,,,
1436,11314,Gandar (488),गन्दड (488),Alampur(Sub-District) / Kangra(District) / Himachal Pradesh(State),00463700,011314,N,,,,
1437,8926,Gandeeri (39),गन्डीरी (39),Fatehpur(Sub-District) / Kangra(District) / Himachal Pradesh(State),00225400,008926,N,,,,
1438,11113,Gandera (493),गण्डेरा (493),Thural(Sub-District) / Kangra(District) / Himachal Pradesh(State),00443600,011113,N,,,,
1439,11952,Gandhi Gram Bhula (883),गांधीग्राम बूहला (883),Baijnath(Sub-District) / Kangra(District) / Himachal Pradesh(State),00527500,011952,N,,,,
1440,11951,Gandhi Gram Uperla (882),गांधीग्राम उपरला (882),Baijnath(Sub-District) / Kangra(District) / Himachal Pradesh(State),00527400,011951,N,,,,
1441,8818,Gandhiri (40),घन्डीरी (40),Rey(Sub-District) / Kangra(District) / Himachal Pradesh(State),00214600,008818,N,,,,
1442,9401,Gandhrap (98),गन्दरप (98),Shahpur(Sub-District) / Kangra(District) / Himachal Pradesh(State),00272800,009401,N,,,,
1443,8452,Gangath (413),गंगथ (413),Gangath(Sub-District) / Kangra(District) / Himachal Pradesh(State),00178000,008452,N,,,,
1444,8737,Gangawal (86),गंगवाल (86),Gangath(Sub-District) / Kangra(District) / Himachal Pradesh(State),00206600,008737,N,,,,
1445,11910,Gangoh (787),गंगोह (787),Baijnath(Sub-District) / Kangra(District) / Himachal Pradesh(State),00523300,011910,N,,,,
1446,8949,Gangoli (53),गंगोली (53),Fatehpur(Sub-District) / Kangra(District) / Himachal Pradesh(State),00227700,008949,N,,,,
1447,10247,Gangot (136),गंगोट (136),Pragpur(Sub-District) / Kangra(District) / Himachal Pradesh(State),00357100,010247,N,eSignGOFile662648_18_02_2025_16_12_39.pdf,,,
1448,11381,Ganguhi (607),गंगूही (607),Jaisinghpur(Sub-District) / Kangra(District) / Himachal Pradesh(State),00470400,011381,N,,,,
1449,12048,Gankhetar (869),गणखेतर (869),Baijnath(Sub-District) / Kangra(District) / Himachal Pradesh(State),00537100,012048,N,,,,
1450,11920,Ganoh (776),गनोह (776),Baijnath(Sub-District) / Kangra(District) / Himachal Pradesh(State),00524300,011920,N,,,,
1451,10071,Ganyaru (850),गन्याडू (850),Baroh(Sub-District) / Kangra(District) / Himachal Pradesh(State),00339500,010071,N,,,,
1452,8535,Garan (311),गारन (311),Raja Ka Talab(Sub-District) / Kangra(District) / Himachal Pradesh(State),00186300,008535,N,,,,
1453,11087,Garder (418),गरडेर (418),Thural(Sub-District) / Kangra(District) / Himachal Pradesh(State),00441000,011087,N,,,,
1454,10686,Gardyal (71),गरडियाल (71),Dadasiba(Sub-District) / Kangra(District) / Himachal Pradesh(State),00401000,010686,N,,,,
1455,10339,Garedu (532),गरेडू (532),Haripur(Sub-District) / Kangra(District) / Himachal Pradesh(State),00366300,010339,N,,,,
1456,10278,Garh (171),गढ़ (171),Pragpur(Sub-District) / Kangra(District) / Himachal Pradesh(State),00360200,010278,N,,,,
1457,11499,Garh (32),गढ़ (32),Chachian(Sub-District) / Kangra(District) / Himachal Pradesh(State),00482200,011499,N,,,,
1458,9511,Garh (333),गढ (333),Dharmsala(Sub-District) / Kangra(District) / Himachal Pradesh(State),00285000,009511,N,,,,
1459,9573,Garh (389),गढ (389),Dharmsala(Sub-District) / Kangra(District) / Himachal Pradesh(State),00291300,009573,N,,,,
1460,11358,Garh (484),गढ (484),Alampur(Sub-District) / Kangra(District) / Himachal Pradesh(State),00468100,011358,N,,,,
1461,10369,Garh (595),गढ (592),Haripur(Sub-District) / Kangra(District) / Himachal Pradesh(State),00369300,010369,N,,,,
1462,10047,Garhi (783),गढ़ी (783),Baroh(Sub-District) / Kangra(District) / Himachal Pradesh(State),00337100,010047,N,,,,
1463,11049,Garh-Khas (524),गढ खास (524),Bhawarna(Sub-District) / Kangra(District) / Himachal Pradesh(State),00437300,011049,N,,,,
1464,10111,Gariatar (863),गड़यातर (863),Baroh(Sub-District) / Kangra(District) / Himachal Pradesh(State),00343500,010111,N,,,,
1465,11610,Garla Dei (196),गरला देई (196),Sulah(Sub-District) / Kangra(District) / Himachal Pradesh(State),00493300,011610,N,,,,
1466,11609,Garla Sarkari (193),गरला सरकारी  (193),Sulah(Sub-District) / Kangra(District) / Himachal Pradesh(State),00493200,011609,N,,,,
1467,10714,Garli (213),गरली (213),Pragpur(Sub-District) / Kangra(District) / Himachal Pradesh(State),00403800,010714,N,,,,
1468,10715,Garli Khas (211),गरली खास (211),Pragpur(Sub-District) / Kangra(District) / Himachal Pradesh(State),00403900,010715,N,,,,
1469,10587,Garni (679),गारनी (679),Jawalamukhi(Sub-District) / Kangra(District) / Himachal Pradesh(State),00387700,010587,N,,,,
1470,10131,Garni (895),गारनी (895),Baroh(Sub-District) / Kangra(District) / Himachal Pradesh(State),00345500,010131,N,,,,
1471,8659,Garniadu (183),गरन्याडू (183),Nurpur(Sub-District) / Kangra(District) / Himachal Pradesh(State),00198700,008659,N,,,,
1472,11938,Garnot (781),घरनोट (781),Baijnath(Sub-District) / Kangra(District) / Himachal Pradesh(State),00526100,011938,N,,,,
1473,10202,Gathuter (459),गठूतर (459),Haripur(Sub-District) / Kangra(District) / Himachal Pradesh(State),00352600,010202,N,,,,
1474,8276,Gatla (111),गतला (111),Sadwan(Sub-District) / Kangra(District) / Himachal Pradesh(State),00160400,008276,N,,,,
1475,9781,Gatta (569),घट्टा (569),Kangra(Sub-District) / Kangra(District) / Himachal Pradesh(State),00311700,009781,N,,,,
1476,12005,Gawal (1004),गवाल (1004),Baijnath(Sub-District) / Kangra(District) / Himachal Pradesh(State),00532800,012005,N,,,,
1477,11858,Gehar (808),गैहर (808),Palampur(Sub-District) / Kangra(District) / Himachal Pradesh(State),00518100,011858,N,,,,
1478,11569,Ghadoral (92),घडोरल (92),Sulah(Sub-District) / Kangra(District) / Himachal Pradesh(State),00489200,011569,N,eSignGOFile662648_19_02_2025_12_41_03.pdf,,,
1479,11066,Ghaghetta (385),घघैटा (385),Thural(Sub-District) / Kangra(District) / Himachal Pradesh(State),00438900,011066,N,,,,
1480,11600,Ghagru Btahral (99),घंघरु वटाहरल (99),Sulah(Sub-District) / Kangra(District) / Himachal Pradesh(State),00492300,011600,N,,,,
1481,8729,Ghagwan (81),घंगवा (81),Indora(Sub-District) / Kangra(District) / Himachal Pradesh(State),00205800,008729,N,,,,
1482,9603,Ghaihr (485),घेहड़ (485),Dharmsala(Sub-District) / Kangra(District) / Himachal Pradesh(State),00294300,009603,N,,,,
1483,9004,Ghaith (185),घाईथ (185),Fatehpur(Sub-District) / Kangra(District) / Himachal Pradesh(State),00233200,009004,N,,,,
1484,11774,Ghaloon (732),घलूं (732),Panchrukhi(Sub-District) / Kangra(District) / Himachal Pradesh(State),00509700,011774,N,,,,
1485,8965,Ghalor (80),घलौर (80),Fatehpur(Sub-District) / Kangra(District) / Himachal Pradesh(State),00229300,008965,N,,,,
1486,10485,Ghalora (410),घलोड़ा (410),Jawalamukhi(Sub-District) / Kangra(District) / Himachal Pradesh(State),00377000,010485,N,,,,
1487,10479,Ghalour Khass (396),घलौर खास (396),Jawalamukhi(Sub-District) / Kangra(District) / Himachal Pradesh(State),00376400,010479,N,,,,
1488,10484,Ghalour Upperla (391),उपरला घलौर (391),Jawalamukhi(Sub-District) / Kangra(District) / Himachal Pradesh(State),00376900,010484,N,,,,
1489,9756,Ghamala (211),घमाला (211),Kangra(Sub-District) / Kangra(District) / Himachal Pradesh(State),00309200,009756,N,,,,
1490,9736,Ghamarkar (249),घमारकड (249),Kangra(Sub-District) / Kangra(District) / Himachal Pradesh(State),00307200,009736,N,,,,
1491,10198,Ghameerpur (460),घमीरपुर (460),Haripur(Sub-District) / Kangra(District) / Himachal Pradesh(State),00352200,010198,N,,,,
1492,10868,Ghamir Lahr (794),घमीरलाहड़ (794),Khundian(Sub-District) / Kangra(District) / Himachal Pradesh(State),00419200,010868,N,,,,
1493,11168,Ghammun (130),घमूंहूँ (130),Dhira(Sub-District) / Kangra(District) / Himachal Pradesh(State),00449100,011168,N,,,,
1494,10602,Ghamroor (3),घमरूर (3),Jaswan(Sub-District) / Kangra(District) / Himachal Pradesh(State),00392600,010602,N,,,,
1495,11508,Ghamrota (25),घमरौता (25),Chachian(Sub-District) / Kangra(District) / Himachal Pradesh(State),00483100,011508,N,,,,
1496,10088,Ghan (867),घन (867),Baroh(Sub-District) / Kangra(District) / Himachal Pradesh(State),00341200,010088,N,,,,
1497,9561,Ghana (423),घणा (423),Dharmsala(Sub-District) / Kangra(District) / Himachal Pradesh(State),00290100,009561,N,,,,
1498,10196,Ghanban (512),घणवण (512),Haripur(Sub-District) / Kangra(District) / Himachal Pradesh(State),00352000,010196,N,,,,
1499,11692,Ghandol (365),घण्डोल (365),Bhawarna(Sub-District) / Kangra(District) / Himachal Pradesh(State),00501500,011692,N,,,,
1500,8728,Ghandran (36),घण्डरा (36),Indora(Sub-District) / Kangra(District) / Himachal Pradesh(State),00205700,008728,N,,,,
1501,9761,Ghanduh (218),घंडूह (218),Kangra(Sub-District) / Kangra(District) / Himachal Pradesh(State),00309700,009761,N,,,,
1502,8357,Ghandwal (30),घण्डवाल (30),Nurpur(Sub-District) / Kangra(District) / Himachal Pradesh(State),00168500,008357,N,,,,
1503,10854,Ghandwar Khas (692),गन्धवाड़ खास (692),Khundian(Sub-District) / Kangra(District) / Himachal Pradesh(State),00417800,010854,N,,,,
1504,11993,Ghangol (966),घंघोल (966),Chadiyar(Sub-District) / Kangra(District) / Himachal Pradesh(State),00531600,011993,N,,,,
1505,11179,Ghanun (173),घनुं (173),Dhira(Sub-District) / Kangra(District) / Himachal Pradesh(State),00450200,011179,N,,,,
1506,9580,Ghanyara Khas (376),घन्यारा खास (376),Dharmsala(Sub-District) / Kangra(District) / Himachal Pradesh(State),00292000,009580,N,,,,
1507,9050,Ghar (128),घेर (128),Kotla(Sub-District) / Kangra(District) / Himachal Pradesh(State),00237700,009050,N,,,,
1508,9313,Ghar (204),घाड़ (204),Harchakian(Sub-District) / Kangra(District) / Himachal Pradesh(State),00264000,009313,N,,,,
1509,9184,Ghar (463),घाड (463),Nagrota Surian(Sub-District) / Kangra(District) / Himachal Pradesh(State),00251100,009184,N,,,,
1510,9174,Ghar (477),घाड (477),Nagrota Surian(Sub-District) / Kangra(District) / Himachal Pradesh(State),00250100,009174,N,,,,
1511,9171,Ghar (68),घाड़ (68),Jawali(Sub-District) / Kangra(District) / Himachal Pradesh(State),00249800,009171,N,,,,
1512,11799,Ghar (696),घाड़ (669),Panchrukhi(Sub-District) / Kangra(District) / Himachal Pradesh(State),00512200,011799,N,,,,
1513,11220,Gharana (142),घराणा (142),Dhira(Sub-District) / Kangra(District) / Himachal Pradesh(State),00454300,011220,N,,,,
1514,11219,Gharana Khas (141),घराणा खास (141),Dhira(Sub-District) / Kangra(District) / Himachal Pradesh(State),00454200,011219,N,,,,
1515,11172,Gharanu (157),घ्राणू (157),Dhira(Sub-District) / Kangra(District) / Himachal Pradesh(State),00449500,011172,N,,,,
1516,8761,Gharatu (110),घराटू (110),Indora(Sub-District) / Kangra(District) / Himachal Pradesh(State),00209000,008761,N,,,,
1517,10978,Ghar Behr (761),घरबेहड़ (761),Khundian(Sub-District) / Kangra(District) / Himachal Pradesh(State),00430200,010978,N,,,,
1518,11253,Gharchindi (716),घरचिन्डी (716),Jaisinghpur(Sub-District) / Kangra(District) / Himachal Pradesh(State),00457600,011253,N,,,,
1519,10977,Gharela (762),घड़ेला (762),Khundian(Sub-District) / Kangra(District) / Himachal Pradesh(State),00430100,010977,N,,,,
1520,11081,Gharhella Awarla (411),घडेला अवारला (411),Thural(Sub-District) / Kangra(District) / Himachal Pradesh(State),00440400,011081,N,,,,
1521,11083,Gharhella Kalan (412),घडेला कलाँ (412),Thural(Sub-District) / Kangra(District) / Himachal Pradesh(State),00440600,011083,N,,,,
1522,11082,Gharhella Parla (410),घडेला पारला (410),Thural(Sub-District) / Kangra(District) / Himachal Pradesh(State),00440500,011082,N,,,,
1523,10174,Ghariyar (499),घरियार (499),Haripur(Sub-District) / Kangra(District) / Himachal Pradesh(State),00349800,010174,N,,,,
1524,10438,Ghar Lahar (423),घर लाहड़ (423),Jawalamukhi(Sub-District) / Kangra(District) / Himachal Pradesh(State),00389600,010438,N,,,,
1525,10128,Gharlahar (898),घरलाहड़ (898),Baroh(Sub-District) / Kangra(District) / Himachal Pradesh(State),00345200,010128,N,,,,
1526,10994,Ghar Lahr (771),घरलाहड़ (771),Khundian(Sub-District) / Kangra(District) / Himachal Pradesh(State),00431800,010994,N,,,,
1527,10923,Gharna (814),घरना (814),Khundian(Sub-District) / Kangra(District) / Himachal Pradesh(State),00424700,010923,N,,,,
1528,9851,Gharnwal(680),गरनवाल (680),Nagrota Bagwan(Sub-District) / Kangra(District) / Himachal Pradesh(State),00317500,009851,N,eSignGOFile662648_19_02_2025_14_49_58.pdf,,,
1529,8455,Gharoh(414),घरोह(414),Gangath(Sub-District) / Kangra(District) / Himachal Pradesh(State),00178300,008455,N,eSignGOFile662648_19_02_2025_16_25_45.pdf,,,
1530,9513,Gharoh Khas (331),घरोह खास (331),Dharmsala(Sub-District) / Kangra(District) / Himachal Pradesh(State),00285200,009513,N,,,,
1531,8519,Gharoli (405),घड़ोली (405),Raja Ka Talab(Sub-District) / Kangra(District) / Himachal Pradesh(State),00184700,008519,N,,,,
1532,11365,Gharoon (587),घरूं (587),Jaisinghpur(Sub-District) / Kangra(District) / Himachal Pradesh(State),00468800,011365,N,,,,
1533,9592,Gharopura (397),घड़ोपुरा (397),Dharmsala(Sub-District) / Kangra(District) / Himachal Pradesh(State),00293200,009592,N,,,,
1534,8349,Gharthara (59),घरथाडा (59),Nurpur(Sub-District) / Kangra(District) / Himachal Pradesh(State),00167700,008349,N,,,,
1535,9522,Gharthehar (315),घरथेहड़ (315),Dharmsala(Sub-District) / Kangra(District) / Himachal Pradesh(State),00286100,009522,N,,,,
1536,10255,Ghartheru (148),घरथेडू (148),Dehra Gopipur(Sub-District) / Kangra(District) / Himachal Pradesh(State),00357900,010255,N,,,,
1537,9515,Gharthina (309),घरठीना (309),Dharmsala(Sub-District) / Kangra(District) / Himachal Pradesh(State),00285400,009515,N,,,,
1538,11563,Ghartholi (103),घरथौली (103),Sulah(Sub-District) / Kangra(District) / Himachal Pradesh(State),00488600,011563,N,,,,
1539,10813,Ghartholi (280),घरथोली (280),Rakkar(Sub-District) / Kangra(District) / Himachal Pradesh(State),00413700,010813,N,,,,
1540,9635,Ghartholi (513),घरथोली (513),Dharmsala(Sub-District) / Kangra(District) / Himachal Pradesh(State),00297500,009635,N,,,,
1541,11098,Gharthoon (431),घरथूँ (431),Thural(Sub-District) / Kangra(District) / Himachal Pradesh(State),00442100,011098,N,,,,
1542,11542,Gharthoon (44),घरथूँ (44),Chachian(Sub-District) / Kangra(District) / Himachal Pradesh(State),00486500,011542,N,,,,
1543,11644,Gharun (270),घडूँ (270),Palampur(Sub-District) / Kangra(District) / Himachal Pradesh(State),00496700,011644,N,eSignGOFile662648_19_02_2025_13_53_47.pdf,,,
1544,10460,Gharun (624),घरूं (624),Jawalamukhi(Sub-District) / Kangra(District) / Himachal Pradesh(State),00391800,010460,N,,,,
1545,9325,Ghatarda (5),घटारड़ा (5),Dareeni(Sub-District) / Kangra(District) / Himachal Pradesh(State),00265200,009325,N,,,,
1546,9780,Ghatarna (797),घटारना (797),Kangra(Sub-District) / Kangra(District) / Himachal Pradesh(State),00311600,009780,N,,,,
1547,11095,Ghathial Lahar (425),घठियाल लाहड (425),Thural(Sub-District) / Kangra(District) / Himachal Pradesh(State),00441800,011095,N,,,,
1548,10607,Ghati Bilwan (6),घाटी बिल्बां (6),Jaswan(Sub-District) / Kangra(District) / Himachal Pradesh(State),00393100,010607,N,,,,
1549,8492,Ghatot (386),घटोट (386),Gangath(Sub-District) / Kangra(District) / Himachal Pradesh(State),00182000,008492,N,,,,
1550,8787,Ghatota (51),गठौता (51),Thakurdwara(Sub-District) / Kangra(District) / Himachal Pradesh(State),00211600,008787,N,,,,
1551,10391,Gher (587),घेड़ (587),Dehra Gopipur(Sub-District) / Kangra(District) / Himachal Pradesh(State),00371500,010391,N,,,,
1552,11780,Gher (733),घेड़ (733),Panchrukhi(Sub-District) / Kangra(District) / Himachal Pradesh(State),00510300,011780,N,,,,
1553,10578,Ghera (333),घेड़ा (333),Bharoli(Sub-District) / Kangra(District) / Himachal Pradesh(State),00386800,010578,N,eSignGOFile131557_11_06_2024_16_39_15.pdf,,,
1554,9838,Gherun (668),घेरूँ (668),Nagrota Bagwan(Sub-District) / Kangra(District) / Himachal Pradesh(State),00316200,009838,N,,,,
1555,8756,Gheta (105),घेटा (105),Gangath(Sub-District) / Kangra(District) / Himachal Pradesh(State),00208500,008756,N,,,,
1556,9607,Ghiana Kalan (483),घियाणा कलां (483),Dharmsala(Sub-District) / Kangra(District) / Himachal Pradesh(State),00294700,009607,N,,,,
1557,9597,Ghiana Khurd (477),घियाणा खुर्द (477),Dharmsala(Sub-District) / Kangra(District) / Himachal Pradesh(State),00293700,009597,N,,,,
1558,9028,Ghiot (230),घियोत (230),Fatehpur(Sub-District) / Kangra(District) / Himachal Pradesh(State),00235500,009028,N,,,,
1559,12043,Ghirtholi (1023),घरथोली (1023),Baijnath(Sub-District) / Kangra(District) / Himachal Pradesh(State),00536600,012043,N,,,,
1560,10230,Ghiyori (151),घियौरी (151),Dehra Gopipur(Sub-District) / Kangra(District) / Himachal Pradesh(State),00355400,010230,N,,,,
1561,11895,Ghlot (833),घलोट (833),Baijnath(Sub-District) / Kangra(District) / Himachal Pradesh(State),00521800,011895,N,,,,
1562,11907,Ghodpith (815),घोड़पीठ (815),Baijnath(Sub-District) / Kangra(District) / Himachal Pradesh(State),00523000,011907,N,,,,
1563,8912,Gholi (103),घोली (103),Fatehpur(Sub-District) / Kangra(District) / Himachal Pradesh(State),00224000,008912,N,,,,
1564,9856,Ghora (695),घोड़ा (695),Nagrota Bagwan(Sub-District) / Kangra(District) / Himachal Pradesh(State),00318000,009856,N,,,,
1565,9956,Ghorab (599),घोडब (599),Nagrota Bagwan(Sub-District) / Kangra(District) / Himachal Pradesh(State),00328000,009956,N,,,,
1566,8389,Ghoran (448),घोडन (448),Indora(Sub-District) / Kangra(District) / Himachal Pradesh(State),00171700,008389,N,,,,
1567,12060,Ghornala (1037),घोड़नाला (1037),Baijnath(Sub-District) / Kangra(District) / Himachal Pradesh(State),00538300,012060,N,,,,
1568,11579,Ghuggar (211),घुग्घर (211),Palampur(Sub-District) / Kangra(District) / Himachal Pradesh(State),00490200,011579,N,,,,
1569,8628,Ghuliana(278),घुलियाना(278),Nurpur(Sub-District) / Kangra(District) / Himachal Pradesh(State),00195600,008628,N,eSignGOFile662648_19_02_2025_14_52_08.pdf,,,
1570,8876,Ghumali (174),घुमाली (174),Rey(Sub-District) / Kangra(District) / Himachal Pradesh(State),00220400,008876,N,,,,
1571,10115,Ghumarda (871),घुमारड़ा (871),Baroh(Sub-District) / Kangra(District) / Himachal Pradesh(State),00343900,010115,N,,,,
1572,11121,Ghumarnu (505),घुमारनू (505),Thural(Sub-District) / Kangra(District) / Himachal Pradesh(State),00444400,011121,N,,,,
1573,9687,Ghundi (422),घुण्डी (422),Kangra(Sub-District) / Kangra(District) / Himachal Pradesh(State),00301100,009687,N,,,,
1574,10127,Ghungehar Bhuhli (899),घुंगेहड़ बुहली (899),Baroh(Sub-District) / Kangra(District) / Himachal Pradesh(State),00345100,010127,N,,,,
1575,10117,Ghungehar Uperli (900),घुंगेहड़ उपरली (900),Baroh(Sub-District) / Kangra(District) / Himachal Pradesh(State),00344100,010117,N,,,,
1576,11074,Ghur (402),घुड (402),Thural(Sub-District) / Kangra(District) / Himachal Pradesh(State),00439700,011074,N,,,,
1577,8489,Ghura (385),गुड़ा (385),Gangath(Sub-District) / Kangra(District) / Himachal Pradesh(State),00181700,008489,N,,,,
1578,9939,Ghurial Kar (633),घुरक्यालकड़ (633),Nagrota Bagwan(Sub-District) / Kangra(District) / Himachal Pradesh(State),00326300,009939,N,,,,
1579,10504,Ghurkal (345),घुरकाल (345),Bharoli(Sub-District) / Kangra(District) / Himachal Pradesh(State),00378900,010504,N,eSignGOFile131557_11_06_2024_16_52_36.pdf,,,
1580,9700,Ghurkari Khas (452),घुरकडी खास (452),Kangra(Sub-District) / Kangra(District) / Himachal Pradesh(State),00302400,009700,N,,,,
1581,8646,Ghurnu (203),घुरनू (203),Nurpur(Sub-District) / Kangra(District) / Himachal Pradesh(State),00197400,008646,N,,,,
1582,8604,Ghuryal (287),घुरयाल (287),Nurpur(Sub-District) / Kangra(District) / Himachal Pradesh(State),00193200,008604,N,,,,
1583,9837,Ghutu (669),घुटु (669),Nagrota Bagwan(Sub-District) / Kangra(District) / Himachal Pradesh(State),00316100,009837,N,,,,
1584,9448,Gillar Bhera (56),गिलड़ भेड़ा (58),Shahpur(Sub-District) / Kangra(District) / Himachal Pradesh(State),00277500,009448,N,,,,
1585,8458,Giora (35),ग्योरा (35),Nurpur(Sub-District) / Kangra(District) / Himachal Pradesh(State),00178600,008458,N,,,,
1586,9930,Gishtwad (534),गिस्तवाड (534),Nagrota Bagwan(Sub-District) / Kangra(District) / Himachal Pradesh(State),00325400,009930,N,,,,
1587,10026,Gobar Nand (782),गोबर नन्द(782),Baroh(Sub-District) / Kangra(District) / Himachal Pradesh(State),00335000,010026,N,,,,
1588,9419,Gojurodi (70),गोजूरोड़ी (70),Shahpur(Sub-District) / Kangra(District) / Himachal Pradesh(State),00274600,009419,N,,,,
1589,8513,Golwan Khas (366),गोलवां (366),Raja Ka Talab(Sub-District) / Kangra(District) / Himachal Pradesh(State),00184100,008513,N,,,,
1590,10614,Gomi (11),गोमी (11),Jaswan(Sub-District) / Kangra(District) / Himachal Pradesh(State),00393800,010614,N,,,,
1591,11488,Gopalpur (15),गोपालपुर (15),Chachian(Sub-District) / Kangra(District) / Himachal Pradesh(State),00481100,011488,N,,,,
1592,10453,Gopipur (649),गोपीपुर (649),Dehra Gopipur(Sub-District) / Kangra(District) / Himachal Pradesh(State),00391100,010453,N,,,,
1593,10644,Goraldhar (23),गुरालधार (23),Jaswan(Sub-District) / Kangra(District) / Himachal Pradesh(State),00396800,010644,N,,,,
1594,11811,Gorat (256),गोरट (256),Palampur(Sub-District) / Kangra(District) / Himachal Pradesh(State),00513400,011811,N,,,,
1595,11857,Gorat (809),गोरट (809),Palampur(Sub-District) / Kangra(District) / Himachal Pradesh(State),00518000,011857,N,,,,
1596,9353,Gorda (79),गोरड़ा (79),Shahpur(Sub-District) / Kangra(District) / Himachal Pradesh(State),00268000,009353,N,,,,
1597,11861,Gount (805),गौंट (805),Palampur(Sub-District) / Kangra(District) / Himachal Pradesh(State),00518400,011861,N,,,,
1598,8950,Gubar (52),गुव्वर (52),Fatehpur(Sub-District) / Kangra(District) / Himachal Pradesh(State),00227800,008950,N,,,,
1599,9296,Gubhar (177),गुभर (177),Harchakian(Sub-District) / Kangra(District) / Himachal Pradesh(State),00262300,009296,N,,,,
1600,10766,Gudara (253),गुडारा (253),Rakkar(Sub-District) / Kangra(District) / Himachal Pradesh(State),00409000,010766,N,,,,
1601,8346,Gudli 62),गुदली (62),Nurpur(Sub-District) / Kangra(District) / Himachal Pradesh(State),00167400,008346,N,,,,
1602,11284,Guga (565),गुगा(565),Jaisinghpur(Sub-District) / Kangra(District) / Himachal Pradesh(State),00460700,011284,N,,,,
1603,10573,Gugana (334),गुगानां (334),Bharoli(Sub-District) / Kangra(District) / Himachal Pradesh(State),00386300,010573,N,eSignGOFile131557_11_06_2024_16_55_43.pdf,,,
1604,9899,Guglahr (700),गुगलाहड (700),Nagrota Bagwan(Sub-District) / Kangra(District) / Himachal Pradesh(State),00322300,009899,N,,,,
1605,11452,Guhan (947),गुहण (947),Jaisinghpur(Sub-District) / Kangra(District) / Himachal Pradesh(State),00477500,011452,N,,,,
1606,11175,Guin (165),गुंई (165),Dhira(Sub-District) / Kangra(District) / Himachal Pradesh(State),00449800,011175,N,,,,
1607,11410,Gujreda (627),गुजरेडा (627),Jaisinghpur(Sub-District) / Kangra(District) / Himachal Pradesh(State),00473300,011410,N,,,,
1608,11489,Gujrehada (13),गुजरेहडा (13),Chachian(Sub-District) / Kangra(District) / Himachal Pradesh(State),00481200,011489,N,,,,
1609,11955,Gujrehda (727),गुजरेहड़ा (727),Baijnath(Sub-District) / Kangra(District) / Himachal Pradesh(State),00527800,011955,N,,,,
1610,9772,Gujrehera (799),गुजरेहडा (799),Kangra(Sub-District) / Kangra(District) / Himachal Pradesh(State),00310800,009772,N,,,,
1611,11667,Gujrehra (292),गुजरेहडा (292),Bhawarna(Sub-District) / Kangra(District) / Himachal Pradesh(State),00499000,011667,N,,,,
1612,9534,Gujrehra (353),गुजरेहड़ा (353),Dharmsala(Sub-District) / Kangra(District) / Himachal Pradesh(State),00287300,009534,N,,,,
1613,10372,Gujrehra (550),गुजरेहडा (550),Haripur(Sub-District) / Kangra(District) / Himachal Pradesh(State),00369600,010372,N,,,,
1614,9992,Gujrehra (647),गुजरेहडा (647),Nagrota Bagwan(Sub-District) / Kangra(District) / Himachal Pradesh(State),00331600,009992,N,,,,
1615,9903,Gujrehra (654),गुजरेहडा (654),Nagrota Bagwan(Sub-District) / Kangra(District) / Himachal Pradesh(State),00322700,009903,N,,,,
1616,9895,Gujrehra (707),गुजरेहडा (707),Nagrota Bagwan(Sub-District) / Kangra(District) / Himachal Pradesh(State),00321900,009895,N,,,,
1617,9883,Gujrehra (723),गुजरेहडा (723),Nagrota Bagwan(Sub-District) / Kangra(District) / Himachal Pradesh(State),00320700,009883,N,,,,
1618,9291,Gujrera (184),गुजरेडा (184),Harchakian(Sub-District) / Kangra(District) / Himachal Pradesh(State),00261800,009291,N,,,,
1619,11708,Gulabe Da Behru (539),गुलाबे दा बेहडू (539),Bhawarna(Sub-District) / Kangra(District) / Himachal Pradesh(State),00503100,011708,N,,,,
1620,11333,Gulana (447),गुलाणा(447),Alampur(Sub-District) / Kangra(District) / Himachal Pradesh(State),00465600,011333,N,,,,
1621,10672,Gulangra (112),गुलांगड़ा (112),Jaswan(Sub-District) / Kangra(District) / Himachal Pradesh(State),00399600,010672,N,,,,
1622,8594,Gularpur (178),गुलाडपुर (178),Nurpur(Sub-District) / Kangra(District) / Himachal Pradesh(State),00192200,008594,N,,,,
1623,11405,Gulehar (622),गुलेहड (622),Jaisinghpur(Sub-District) / Kangra(District) / Himachal Pradesh(State),00472800,011405,N,,,,
1624,9893,Gulehra (706),गुलेहड (706),Nagrota Bagwan(Sub-District) / Kangra(District) / Himachal Pradesh(State),00321700,009893,N,,,,
1625,10204,Guler (457),गुलेर (457),Haripur(Sub-District) / Kangra(District) / Himachal Pradesh(State),00352800,010204,N,,,,
1626,9542,Gulerian (360),गुलेरिया (360),Dharmsala(Sub-District) / Kangra(District) / Himachal Pradesh(State),00288100,009542,N,,,,
1627,10037,Gumehar (775),गुमेहड़ (775),Baroh(Sub-District) / Kangra(District) / Himachal Pradesh(State),00336100,010037,N,,,,
1628,10461,Gummer (646),गुम्मर (646),Jawalamukhi(Sub-District) / Kangra(District) / Himachal Pradesh(State),00391900,010461,N,,,,
1629,12056,Gunehar (1033),गुनेहड़ (1033),Baijnath(Sub-District) / Kangra(District) / Himachal Pradesh(State),00537900,012056,N,,,,
1630,11283,Gungari (562),गुंगडी (562),Jaisinghpur(Sub-District) / Kangra(District) / Himachal Pradesh(State),00460600,011283,N,,,,
1631,8573,Gunoh (299),गनोह (299),Nurpur(Sub-District) / Kangra(District) / Himachal Pradesh(State),00190100,008573,N,,,,
1632,9139,Gurah (15),गुहड़ा (15),Jawali(Sub-District) / Kangra(District) / Himachal Pradesh(State),00246600,009139,N,,,,
1633,10244,Gural (131),गुहरल (131),Pragpur(Sub-District) / Kangra(District) / Himachal Pradesh(State),00356800,010244,N,eSignGOFile662648_18_02_2025_16_12_39.pdf,,,
1634,11817,Gurehar (244),गुरेहड़ (244),Panchrukhi(Sub-District) / Kangra(District) / Himachal Pradesh(State),00514000,011817,N,,,,
1635,10496,Gurehr (309),गुरेहड़ (309),Bharoli(Sub-District) / Kangra(District) / Himachal Pradesh(State),00378100,010496,N,eSignGOFile131557_10_06_2024_16_15_55.pdf,,,
1636,8577,Gurial Khas (315),गुरियाल खास (315),Raja Ka Talab(Sub-District) / Kangra(District) / Himachal Pradesh(State),00190500,008577,N,,,,
1637,10691,Gurnwar (103),गुरनवाड (103),Dadasiba(Sub-District) / Kangra(District) / Himachal Pradesh(State),00401500,010691,N,,,,
1638,11873,Gwaltikar (846),गवालटिकर (846),Palampur(Sub-District) / Kangra(District) / Himachal Pradesh(State),00519600,011873,N,,,,
1639,11949,Haadi (881),हाडी (881),Baijnath(Sub-District) / Kangra(District) / Himachal Pradesh(State),00527200,011949,N,,,,
1640,11845,Haar (214),हार (214),Palampur(Sub-District) / Kangra(District) / Himachal Pradesh(State),00516800,011845,N,,,,
1641,9181,Haar (471),हार (471),Nagrota Surian(Sub-District) / Kangra(District) / Himachal Pradesh(State),00250800,009181,N,,,,
1642,11921,Haar (768),हार (768),Baijnath(Sub-District) / Kangra(District) / Himachal Pradesh(State),00524400,011921,N,,,,
1643,9963,Habib Pura (607),हबीबपुरा (607),Nagrota Bagwan(Sub-District) / Kangra(District) / Himachal Pradesh(State),00328700,009963,N,,,,
1644,10013,Hadait (756),हडैट (756),Baroh(Sub-District) / Kangra(District) / Himachal Pradesh(State),00333700,010013,N,,,,
1645,9327,Hadal (11),हडल (11),Dareeni(Sub-District) / Kangra(District) / Himachal Pradesh(State),00265400,009327,N,,,,
1646,8311,Hadal Jhikli (86),हडल झिकली (86),Nurpur(Sub-District) / Kangra(District) / Himachal Pradesh(State),00163900,008311,N,,,,
1647,8310,Hadal Uperli (87),हडल उपरली (87),Nurpur(Sub-District) / Kangra(District) / Himachal Pradesh(State),00163800,008310,N,,,,
1648,8996,Hadwal (201),हडवाल (201),Fatehpur(Sub-District) / Kangra(District) / Himachal Pradesh(State),00232400,008996,N,,,,
1649,8378,Hagwal (12),हगवाल (12),Gangath(Sub-District) / Kangra(District) / Himachal Pradesh(State),00170600,008378,N,,,,
1650,11702,Haldra (521),हलदरा (521),Bhawarna(Sub-District) / Kangra(District) / Himachal Pradesh(State),00502500,011702,N,,,,
1651,9845,Haldwari (683),हलदवाडी (683),Nagrota Bagwan(Sub-District) / Kangra(District) / Himachal Pradesh(State),00316900,009845,N,,,,
1652,10582,Haled (681),हलेड़ (681),Jawalamukhi(Sub-District) / Kangra(District) / Himachal Pradesh(State),00387200,010582,N,,,,
1653,10641,Halehr (18),हलेड़ (18),Jaswan(Sub-District) / Kangra(District) / Himachal Pradesh(State),00396500,010641,N,,,,
1654,9968,Halehr (623),हलेड़ (623),Nagrota Bagwan(Sub-District) / Kangra(District) / Himachal Pradesh(State),00329200,009968,N,,,,
1655,8460,Haler (36),हलेड (36),Nurpur(Sub-District) / Kangra(District) / Himachal Pradesh(State),00178800,008460,N,,,,
1656,9176,Haler (475),हलेड (475),Nagrota Surian(Sub-District) / Kangra(District) / Himachal Pradesh(State),00250300,009176,N,,,,
1657,10087,Haler (858),हलेड़ (858),Baroh(Sub-District) / Kangra(District) / Himachal Pradesh(State),00341100,010087,N,,,,
1658,11424,Haler (926),हलेड (926),Jaisinghpur(Sub-District) / Kangra(District) / Himachal Pradesh(State),00474700,011424,N,,,,
1659,9722,Halerkalan (441),हलेडकलां (441),Kangra(Sub-District) / Kangra(District) / Himachal Pradesh(State),00305800,009722,N,,,,
1660,9715,Halerkhurd (445),हलेडखुर्द (445),Kangra(Sub-District) / Kangra(District) / Himachal Pradesh(State),00305100,009715,N,,,,
1661,8769,Halle (67),हल्ले (67),Indora(Sub-District) / Kangra(District) / Himachal Pradesh(State),00209800,008769,N,,,,
1662,11441,Halon Kalan (936),हलौण कलां (936),Jaisinghpur(Sub-District) / Kangra(District) / Himachal Pradesh(State),00476400,011441,N,,,,
1663,11444,Halon Khurd (951),हलौण खुर्द्व (951),Jaisinghpur(Sub-District) / Kangra(District) / Himachal Pradesh(State),00476700,011444,N,,,,
1664,11124,Haloon (401),हलूँ (401),Thural(Sub-District) / Kangra(District) / Himachal Pradesh(State),00444700,011124,N,,,,
1665,10785,Handal (299),हण्डाल (299),Rakkar(Sub-District) / Kangra(District) / Himachal Pradesh(State),00410900,010785,N,,,,
1666,8647,Hangera (209),हंगेरा (209),Nurpur(Sub-District) / Kangra(District) / Himachal Pradesh(State),00197500,008647,N,,,,
1667,11536,Hangloh (35),हंगलोह (35),Chachian(Sub-District) / Kangra(District) / Himachal Pradesh(State),00485900,011536,N,,,,
1668,10400,Haor (613),होड़ (613),Dehra Gopipur(Sub-District) / Kangra(District) / Himachal Pradesh(State),00372400,010400,N,,,,
1669,8304,Har (113),हार (113),Sadwan(Sub-District) / Kangra(District) / Himachal Pradesh(State),00163200,008304,N,,,,
1670,9424,Har (125),हार (125),Shahpur(Sub-District) / Kangra(District) / Himachal Pradesh(State),00275100,009424,N,,,,
1671,10283,Har (173),हार (173),Dehra Gopipur(Sub-District) / Kangra(District) / Himachal Pradesh(State),00360700,010283,N,,,,
1672,8590,Har (177),हार (177),Nurpur(Sub-District) / Kangra(District) / Himachal Pradesh(State),00191800,008590,N,,,,
1673,9315,Har (206),हार (206),Harchakian(Sub-District) / Kangra(District) / Himachal Pradesh(State),00264200,009315,N,,,,
1674,9030,Har (227),हार (227),Fatehpur(Sub-District) / Kangra(District) / Himachal Pradesh(State),00235700,009030,N,,,,
1675,11659,Har (283),हार (283),Bhawarna(Sub-District) / Kangra(District) / Himachal Pradesh(State),00498200,011659,N,,,,
1676,9467,Har (296),हार (296),Shahpur(Sub-District) / Kangra(District) / Himachal Pradesh(State),00279400,009467,N,,,,
1677,9319,Har (3),हार (3),Dareeni(Sub-District) / Kangra(District) / Himachal Pradesh(State),00264600,009319,N,,,,
1678,11184,Har (305),हार (305),Dhira(Sub-District) / Kangra(District) / Himachal Pradesh(State),00450700,011184,N,,,,
1679,9935,Har (519),हार (519),Nagrota Bagwan(Sub-District) / Kangra(District) / Himachal Pradesh(State),00325900,009935,N,,,,
1680,9808,Har (555),हार (555),Kangra(Sub-District) / Kangra(District) / Himachal Pradesh(State),00314400,009808,N,,,,
1681,11371,Har (577),हार (577),Jaisinghpur(Sub-District) / Kangra(District) / Himachal Pradesh(State),00469400,011371,N,,,,
1682,9790,Har (578),हार (578),Kangra(Sub-District) / Kangra(District) / Himachal Pradesh(State),00312600,009790,N,,,,
1683,11758,Har (748),हार (748),Panchrukhi(Sub-District) / Kangra(District) / Himachal Pradesh(State),00508100,011758,N,,,,
1684,9397,Har (76),हार (76),Shahpur(Sub-District) / Kangra(District) / Himachal Pradesh(State),00272400,009397,N,,,,
1685,10036,Har (773),हार (773),Baroh(Sub-District) / Kangra(District) / Himachal Pradesh(State),00336000,010036,N,,,,
1686,10023,Har (787),हार (787),Baroh(Sub-District) / Kangra(District) / Himachal Pradesh(State),00334700,010023,N,,,,
1687,9450,Har (80),हार (308),Shahpur(Sub-District) / Kangra(District) / Himachal Pradesh(State),00277700,009450,N,,,,
1688,9165,Har (81),हार (81),Jawali(Sub-District) / Kangra(District) / Himachal Pradesh(State),00249200,009165,N,,,,
1689,8302,Har (91),हार (91),Sadwan(Sub-District) / Kangra(District) / Himachal Pradesh(State),00163000,008302,N,eSignGOFile662648_19_02_2025_16_46_35.pdf,,,
1690,8757,Hara (104),हाडा (104),Gangath(Sub-District) / Kangra(District) / Himachal Pradesh(State),00208600,008757,N,,,,
1691,9355,Hara (81),हाड़ा (81),Shahpur(Sub-District) / Kangra(District) / Himachal Pradesh(State),00268200,009355,N,,,,
1692,8978,Hara (99),हाड़ा (99),Fatehpur(Sub-District) / Kangra(District) / Himachal Pradesh(State),00230600,008978,N,,,,
1693,10334,Harar (523),हरड (523),Haripur(Sub-District) / Kangra(District) / Himachal Pradesh(State),00365800,010334,N,,,,
1694,9881,Hararu (725),हारडू (725),Nagrota Bagwan(Sub-District) / Kangra(District) / Himachal Pradesh(State),00320500,009881,N,,,,
1695,10912,Harbah (889),हड़वा (889),Majheen(Sub-District) / Kangra(District) / Himachal Pradesh(State),00423600,010912,N,,,,
1696,12028,Harbahi (890),हारबही (890),Baijnath(Sub-District) / Kangra(District) / Himachal Pradesh(State),00535100,012028,N,,,,
1697,11324,Har Balak Rupi (458),हार बालकरुपी(458),Alampur(Sub-District) / Kangra(District) / Himachal Pradesh(State),00464700,011324,N,,,,
1698,11625,Har Boda (309),हार वोदा (309),Sulah(Sub-District) / Kangra(District) / Himachal Pradesh(State),00494800,011625,N,,,,
1699,9263,Harchakian (155),हारचाकिया (155),Harchakian(Sub-District) / Kangra(District) / Himachal Pradesh(State),00259000,009263,N,,,,
1700,11675,Har Daroh (348),हार डरोह (348),Bhawarna(Sub-District) / Kangra(District) / Himachal Pradesh(State),00499800,011675,N,,,,
1701,10563,Har Dehri (321),हार देहरी (321),Bharoli(Sub-District) / Kangra(District) / Himachal Pradesh(State),00385300,010563,N,eSignGOFile131557_11_06_2024_16_55_43.pdf,,,
1702,11923,Hardi (767),हरड़ी (767),Baijnath(Sub-District) / Kangra(District) / Himachal Pradesh(State),00524600,011923,N,,,,
1703,9880,Hardi Chhatra (724),हारड़ी छतरा (724),Nagrota Bagwan(Sub-District) / Kangra(District) / Himachal Pradesh(State),00320400,009880,N,,,,
1704,10833,Hardip Pur (708),हरदीपपुर (708),Lagru(Sub-District) / Kangra(District) / Himachal Pradesh(State),00415700,010833,N,,,,
1705,10790,Har Dogri (304),हार डोगरी (304),Rakkar(Sub-District) / Kangra(District) / Himachal Pradesh(State),00411400,010790,N,,,,
1706,11369,Hardon (579),हरडोण (579),Jaisinghpur(Sub-District) / Kangra(District) / Himachal Pradesh(State),00469200,011369,N,,,,
1707,10010,Hardu (759),हारडू (759),Baroh(Sub-District) / Kangra(District) / Himachal Pradesh(State),00333400,010010,N,,,,
1708,10996,Hardwal Lahar(765),हरड़वाल लाहड़ (765),Khundian(Sub-District) / Kangra(District) / Himachal Pradesh(State),00432000,010996,N,,,,
1709,11898,Hareher (829),हड़ेड़ (829),Baijnath(Sub-District) / Kangra(District) / Himachal Pradesh(State),00522100,011898,N,,,,
1710,11001,Hari (768),हरी (768),Khundian(Sub-District) / Kangra(District) / Himachal Pradesh(State),00432500,011001,N,,,,
1711,10325,Haripur (520),हरिपुर (520),Haripur(Sub-District) / Kangra(District) / Himachal Pradesh(State),00364900,010325,N,,,,
1712,11248,Har Liungni (345),हार लियूगणी (345),Dhira(Sub-District) / Kangra(District) / Himachal Pradesh(State),00457100,011248,N,,,,
1713,9063,Harnaira (107),हरनेरा (107),Jawali(Sub-District) / Kangra(District) / Himachal Pradesh(State),00239000,009063,N,,,,
1714,9593,Harnehr (398),हरनेहड़ (398),Dharmsala(Sub-District) / Kangra(District) / Himachal Pradesh(State),00293300,009593,N,,,,
1715,9376,Harnera (107),हरनेरा (107),Shahpur(Sub-District) / Kangra(District) / Himachal Pradesh(State),00270300,009376,N,,,,
1716,9073,Harnota Chhota (97),हरनोटा छोटा (97),Jawali(Sub-District) / Kangra(District) / Himachal Pradesh(State),00240000,009073,N,,,,
1717,9074,Harnota Khas (96),हरनोटा खास (96),Jawali(Sub-District) / Kangra(District) / Himachal Pradesh(State),00240100,009074,N,,,,
1718,10518,Haroli (370),हड़ोली (370),Jawalamukhi(Sub-District) / Kangra(District) / Himachal Pradesh(State),00380300,010518,N,,,,
1719,11406,Harot (631),हडोट (631),Jaisinghpur(Sub-District) / Kangra(District) / Himachal Pradesh(State),00472900,011406,N,,,,
1720,12024,Har Sakri (894),हारसकड़ी (894),Baijnath(Sub-District) / Kangra(District) / Himachal Pradesh(State),00534700,012024,N,,,,
1721,9170,Harsarkhas (67),हरसर (67),Jawali(Sub-District) / Kangra(District) / Himachal Pradesh(State),00249700,009170,N,,,,
1722,11435,Harsi (931),हारसी (931),Jaisinghpur(Sub-District) / Kangra(District) / Himachal Pradesh(State),00475800,011435,N,,,,
1723,12022,Hartara (1016),हारतड़ा (1016),Baijnath(Sub-District) / Kangra(District) / Himachal Pradesh(State),00534500,012022,N,,,,
1724,11247,Har Tarembu (344),हार त्रेम्वू (344),Dhira(Sub-District) / Kangra(District) / Himachal Pradesh(State),00457000,011247,N,,,,
1725,11601,Harwahral (101),हारवाहरल (101),Sulah(Sub-District) / Kangra(District) / Himachal Pradesh(State),00492400,011601,N,,,,
1726,10386,Haryal (601),हड़याल (601),Dehra Gopipur(Sub-District) / Kangra(District) / Himachal Pradesh(State),00371000,010386,N,,,,
1727,10112,Haryat (869),हरयाट (869),Baroh(Sub-District) / Kangra(District) / Himachal Pradesh(State),00343600,010112,N,,,,
1728,9109,Haryian (88),हारियां (88),Jawali(Sub-District) / Kangra(District) / Himachal Pradesh(State),00243600,009109,N,,,,
1729,10552,Hasol (342),हसोल (342),Bharoli(Sub-District) / Kangra(District) / Himachal Pradesh(State),00384200,010552,N,eSignGOFile131557_11_06_2024_16_54_26.pdf,,,
1730,8879,Hatara (183),हटाड़ा (183),Rey(Sub-District) / Kangra(District) / Himachal Pradesh(State),00220700,008879,N,,,,
1731,8682,Hathi Dhar (137),हाथी धार (137),Sadwan(Sub-District) / Kangra(District) / Himachal Pradesh(State),00201000,008682,N,,,,
1732,8673,Hathi Dhar (145),हाथी धार (145),Sadwan(Sub-District) / Kangra(District) / Himachal Pradesh(State),00200100,008673,N,,,,
1733,9328,Hathor (7),हथोड़ (7),Dareeni(Sub-District) / Kangra(District) / Himachal Pradesh(State),00265500,009328,N,,,,
1734,8668,Hatli (169),हटली (169),Nurpur(Sub-District) / Kangra(District) / Himachal Pradesh(State),00199600,008668,N,,,,
1735,10448,Hatli (644),हटली (644),Jawalamukhi(Sub-District) / Kangra(District) / Himachal Pradesh(State),00390600,010448,N,,,,
1736,8305,Hatli (95),हटली (95),Sadwan(Sub-District) / Kangra(District) / Himachal Pradesh(State),00163300,008305,N,,,,
1737,8824,Hatli Khas (16),हटली खास (16),Rey(Sub-District) / Kangra(District) / Himachal Pradesh(State),00215200,008824,N,,,,
1738,8542,Hat Panjlian (353),हट पांजल्या (353),Raja Ka Talab(Sub-District) / Kangra(District) / Himachal Pradesh(State),00187000,008542,N,,,,
1739,9959,Hatwas Jhikla (616),हटवास झिकला (616),Nagrota Bagwan(Sub-District) / Kangra(District) / Himachal Pradesh(State),00328300,009959,N,,,,
1740,9975,Hatwas Khas (619),हटवास खास (619),Nagrota Bagwan(Sub-District) / Kangra(District) / Himachal Pradesh(State),00329900,009975,N,,,,
1741,8947,Hauri (50),हौरी (50),Fatehpur(Sub-District) / Kangra(District) / Himachal Pradesh(State),00227500,008947,N,,,,
1742,10304,Haveli (437),हवेली (437),Haripur(Sub-District) / Kangra(District) / Himachal Pradesh(State),00362800,010304,N,,,,
1743,9168,Hawal (66),हवाल (66),Jawali(Sub-District) / Kangra(District) / Himachal Pradesh(State),00249500,009168,N,,,,
1744,11127,Heb (388),हेव (388),Thural(Sub-District) / Kangra(District) / Himachal Pradesh(State),00445000,011127,N,,,,
1745,11630,Henja (197),हैंजा (197),Sulah(Sub-District) / Kangra(District) / Himachal Pradesh(State),00495300,011630,N,,,,
1746,10540,Hiran (363),हिरन (363),Jawalamukhi(Sub-District) / Kangra(District) / Himachal Pradesh(State),00383000,010540,N,,,,
1747,11156,Hoda (162),होड़ा (162),Dhira(Sub-District) / Kangra(District) / Himachal Pradesh(State),00447900,011156,N,,,,
1748,9575,Hodal (383),होडल (383),Dharmsala(Sub-District) / Kangra(District) / Himachal Pradesh(State),00291500,009575,N,,,,
1749,11800,Holsu (695),होल्सु (695),Panchrukhi(Sub-District) / Kangra(District) / Himachal Pradesh(State),00512300,011800,N,,,,
1750,11838,Holta (226),होल्टा (226),Palampur(Sub-District) / Kangra(District) / Himachal Pradesh(State),00516100,011838,N,,,,
1751,9892,Honsti (708),हौंस्टी (708),Nagrota Bagwan(Sub-District) / Kangra(District) / Himachal Pradesh(State),00321600,009892,N,,,,
1752,11696,Houla (367),हौला (367),Bhawarna(Sub-District) / Kangra(District) / Himachal Pradesh(State),00501900,011696,N,,,,
1753,8951,Hushiana (51),होशियाणा (51),Fatehpur(Sub-District) / Kangra(District) / Himachal Pradesh(State),00227900,008951,N,,,,
1754,9678,Ichhi Khas (412),ईच्छी खास (412),Kangra(Sub-District) / Kangra(District) / Himachal Pradesh(State),00300200,009678,N,,,,
1755,11275,Inder Nagar (658),इन्दरनगर (658),Jaisinghpur(Sub-District) / Kangra(District) / Himachal Pradesh(State),00459800,011275,N,,,,
1756,8799,Indora (Ct),इऩ्दौरा,Indora(Sub-District) / Kangra(District) / Himachal Pradesh(State),00205000,008799,N,,,,
1757,8723,Indpur (33),इन्दपुर (33),Indora(Sub-District) / Kangra(District) / Himachal Pradesh(State),00205200,008723,N,,,,
1758,10648,Jabbar (52),जब्बर (52),Dadasiba(Sub-District) / Kangra(District) / Himachal Pradesh(State),00397200,010648,N,,,,
1759,8584,Jachh (154),जाच्छ (154),Nurpur(Sub-District) / Kangra(District) / Himachal Pradesh(State),00191200,008584,N,,,,
1760,10689,Jadaman (69),जदामण (69),Dadasiba(Sub-District) / Kangra(District) / Himachal Pradesh(State),00401300,010689,N,,,,
1761,11241,Jadwana (347),जड़वाना (347),Dhira(Sub-District) / Kangra(District) / Himachal Pradesh(State),00456400,011241,N,,,,
1762,9259,Jagain (151),जुगिया (151),Harchakian(Sub-District) / Kangra(District) / Himachal Pradesh(State),00258600,009259,N,,,,
1763,11375,Jagani Jar (596),जगनी जाड़ (596),Jaisinghpur(Sub-District) / Kangra(District) / Himachal Pradesh(State),00469800,011375,N,,,,
1764,11261,Jagat (643),जगट (643),Jaisinghpur(Sub-District) / Kangra(District) / Himachal Pradesh(State),00458400,011261,N,,,,
1765,11477,Jagehar (5),जगेहड़ (5),Chachian(Sub-District) / Kangra(District) / Himachal Pradesh(State),00480000,011477,N,,,,
1766,9286,Jagehr (179),जुगेहड़ (179),Harchakian(Sub-District) / Kangra(District) / Himachal Pradesh(State),00261300,009286,N,,,,
1767,10065,Jagni (792),जगनी (792),Baroh(Sub-District) / Kangra(District) / Himachal Pradesh(State),00338900,010065,N,,,,
1768,8985,Jagnoli (111),जगनोली (111),Fatehpur(Sub-District) / Kangra(District) / Himachal Pradesh(State),00231300,008985,N,,,,
1769,11350,Jagrup Nagar (474),जगरुप नगर (474),Alampur(Sub-District) / Kangra(District) / Himachal Pradesh(State),00467300,011350,N,,,,
1770,9141,Jaisar (13),जैसर (13),Jawali(Sub-District) / Kangra(District) / Himachal Pradesh(State),00246800,009141,N,,,,
1771,11417,Jaisinghpur (922),जयसिंहपुर (922),Jaisinghpur(Sub-District) / Kangra(District) / Himachal Pradesh(State),00474000,011417,N,,,,
1772,10810,Jajar (279),जजर (279),Rakkar(Sub-District) / Kangra(District) / Himachal Pradesh(State),00413400,010810,N,,,,
1773,10902,Jajjar (878),जजर (878),Majheen(Sub-District) / Kangra(District) / Himachal Pradesh(State),00422600,010902,N,,,,
1774,10515,Jajwar (411),जजवाड़ (411),Jawalamukhi(Sub-District) / Kangra(District) / Himachal Pradesh(State),00380000,010515,N,,,,
1775,10666,Jakdhar (75),जखधार (75),Dadasiba(Sub-District) / Kangra(District) / Himachal Pradesh(State),00399000,010666,N,,,,
1776,8969,Jakhara Khas (87),जखाड़ा (87),Fatehpur(Sub-District) / Kangra(District) / Himachal Pradesh(State),00229700,008969,N,,,,
1777,10985,Jakhlahar (764),जखलाहड़ (764),Khundian(Sub-District) / Kangra(District) / Himachal Pradesh(State),00430900,010985,N,,,,
1778,9994,Jakhnehar (729),जखनेहड़ (729),Baroh(Sub-District) / Kangra(District) / Himachal Pradesh(State),00331800,009994,N,,,,
1779,10406,Jakhuei (608),जखूई (608),Dehra Gopipur(Sub-District) / Kangra(District) / Himachal Pradesh(State),00373000,010406,N,,,,
1780,10635,Jakhuni (28),जखूणी (28),Jaswan(Sub-District) / Kangra(District) / Himachal Pradesh(State),00395900,010635,N,,,,
1781,10299,Jakhuni (432),जखूणी (432),Dehra Gopipur(Sub-District) / Kangra(District) / Himachal Pradesh(State),00362300,010299,N,,,,
1782,11678,Jalakh (354),जलाख (354),Bhawarna(Sub-District) / Kangra(District) / Himachal Pradesh(State),00500100,011678,N,,,,
1783,10193,Jalakh (514),जलख (514),Haripur(Sub-District) / Kangra(District) / Himachal Pradesh(State),00351700,010193,N,,,,
1784,10456,Jalandhar Lahar (648),जलन्धर लाहड़ (648),Dehra Gopipur(Sub-District) / Kangra(District) / Himachal Pradesh(State),00391400,010456,N,,,,
1785,11398,Jalari (618),जलाडी (618),Jaisinghpur(Sub-District) / Kangra(District) / Himachal Pradesh(State),00472100,011398,N,,,,
1786,9370,Jalari (97),जलाड़ी (97),Shahpur(Sub-District) / Kangra(District) / Himachal Pradesh(State),00269700,009370,N,,,,
1787,9950,Jalbimbi (596),जलबिम्बी (596),Nagrota Bagwan(Sub-District) / Kangra(District) / Himachal Pradesh(State),00327400,009950,N,,,,
1788,10661,Jalera (50),जलेरा (50),Jaswan(Sub-District) / Kangra(District) / Himachal Pradesh(State),00398500,010661,N,,,,
1789,11402,Jalet (591),जलेट (591),Jaisinghpur(Sub-District) / Kangra(District) / Himachal Pradesh(State),00472500,011402,N,,,,
1790,12078,Jalgran (855),जलग्रां (855),Baijnath(Sub-District) / Kangra(District) / Himachal Pradesh(State),00540100,012078,N,,,,
1791,9692,Jamanabad(436),जमानाबाद (436),Kangra(Sub-District) / Kangra(District) / Himachal Pradesh(State),00301600,009692,N,eSignGOFile662648_19_02_2025_14_42_18.pdf,,,
1792,10214,Jambal (114),जम्बल (114),Dadasiba(Sub-District) / Kangra(District) / Himachal Pradesh(State),00353800,010214,N,,,,
1793,8807,Jambali (8),जम्बली (8),Fatehpur(Sub-District) / Kangra(District) / Himachal Pradesh(State),00213500,008807,N,,,,
1794,8748,Jamgal (96),जमगंल (96),Gangath(Sub-District) / Kangra(District) / Himachal Pradesh(State),00207700,008748,N,,,,
1795,10350,Jamgarh (553),जमधढ (553),Haripur(Sub-District) / Kangra(District) / Himachal Pradesh(State),00367400,010350,N,,,,
1796,10956,Jamlehr (733),जमलेहड़ (733),Lagru(Sub-District) / Kangra(District) / Himachal Pradesh(State),00428000,010956,N,,,,
1797,9486,Jamli (32),जमली (32),Dharmsala(Sub-District) / Kangra(District) / Himachal Pradesh(State),00282600,009486,N,,,,
1798,9021,Jamluhi (221),जमलुई (221),Fatehpur(Sub-District) / Kangra(District) / Himachal Pradesh(State),00234800,009021,N,,,,
1799,10886,Jamna (799),जमना (799),Majheen(Sub-District) / Kangra(District) / Himachal Pradesh(State),00421000,010886,N,,,,
1800,11954,Jamrela (728),जमरेला (728),Baijnath(Sub-District) / Kangra(District) / Himachal Pradesh(State),00527700,011954,N,,,,
1801,11147,Jamula (118),जमूला (118),Dhira(Sub-District) / Kangra(District) / Himachal Pradesh(State),00447000,011147,N,,,,
1802,11681,Jamula (372),जमूला (372),Bhawarna(Sub-District) / Kangra(District) / Himachal Pradesh(State),00500400,011681,N,,,,
1803,11359,Jamula (485),जमुला (485),Alampur(Sub-District) / Kangra(District) / Himachal Pradesh(State),00468200,011359,N,,,,
1804,9884,Jamula (713),जमूला (713),Nagrota Bagwan(Sub-District) / Kangra(District) / Himachal Pradesh(State),00320800,009884,N,,,,
1805,10827,Jamula (738),जमूला (738),Lagru(Sub-District) / Kangra(District) / Himachal Pradesh(State),00415100,010827,N,,,,
1806,10571,Jamuli (330),जमूली (330),Bharoli(Sub-District) / Kangra(District) / Himachal Pradesh(State),00386100,010571,N,eSignGOFile131557_11_06_2024_16_55_43.pdf,,,
1807,10948,Jamuli (744),जमूली (744),Khundian(Sub-District) / Kangra(District) / Himachal Pradesh(State),00427200,010948,N,,,,
1808,10934,Jamuli (817),जमूली (817),Khundian(Sub-District) / Kangra(District) / Himachal Pradesh(State),00425800,010934,N,,,,
1809,11530,Jamwalkar (66),जम्वालकड़ (66),Chachian(Sub-District) / Kangra(District) / Himachal Pradesh(State),00485300,011530,N,,,,
1810,9813,Janainkar (559),जनयानकड (559),Kangra(Sub-District) / Kangra(District) / Himachal Pradesh(State),00314900,009813,N,,,,
1811,9144,Janala (12),जनाला (12),Jawali(Sub-District) / Kangra(District) / Himachal Pradesh(State),00247100,009144,N,,,,
1812,10613,Jandaur (10),जण्डौर (10),Jaswan(Sub-District) / Kangra(District) / Himachal Pradesh(State),00393700,010613,N,,,,
1813,11810,Jandera (253),जण्डेरा (253),Palampur(Sub-District) / Kangra(District) / Himachal Pradesh(State),00513300,011810,N,,,,
1814,11318,Jandera (477),झण्डेरा (477),Alampur(Sub-District) / Kangra(District) / Himachal Pradesh(State),00464100,011318,N,,,,
1815,11911,Jandpur (786),जण्डपुर (786),Baijnath(Sub-District) / Kangra(District) / Himachal Pradesh(State),00523400,011911,N,,,,
1816,8386,Jandukut (5),जन्डूकुट (5),Gangath(Sub-District) / Kangra(District) / Himachal Pradesh(State),00171400,008386,N,,,,
1817,11926,Janehar (775),जनेहड़ (775),Baijnath(Sub-District) / Kangra(District) / Himachal Pradesh(State),00524900,011926,N,,,,
1818,8320,Janera (152),जनैरा (152),Sadwan(Sub-District) / Kangra(District) / Himachal Pradesh(State),00164800,008320,N,,,,
1819,8367,Janera (444),जनेरा (444),Gangath(Sub-District) / Kangra(District) / Himachal Pradesh(State),00169500,008367,N,,,,
1820,10557,Jangal (327),जंगल (327),Bharoli(Sub-District) / Kangra(District) / Himachal Pradesh(State),00384700,010557,N,eSignGOFile131557_11_06_2024_16_54_26.pdf,,,
1821,11344,Jangal (469),जांगल (469),Alampur(Sub-District) / Kangra(District) / Himachal Pradesh(State),00466700,011344,N,,,,
1822,8705,Jangal Balir (6),जंगल वलीर (6),Indora(Sub-District) / Kangra(District) / Himachal Pradesh(State),00203300,008705,N,,,,
1823,8520,Jangal Chalon (360),जंगल चलौण (360),Raja Ka Talab(Sub-District) / Kangra(District) / Himachal Pradesh(State),00184800,008520,N,,,,
1824,11326,Jangal Dhar Balakrupi (440),जंगल धार बालकरुपी(440),Alampur(Sub-District) / Kangra(District) / Himachal Pradesh(State),00464900,011326,N,,,,
1825,8382,Jangal Gagwal Thapkour (4),जगल गगवाल थपकौर (4),Gangath(Sub-District) / Kangra(District) / Himachal Pradesh(State),00171000,008382,N,,,,
1826,8384,Jangal Hagwal (10),जगल हगवाल (10),Gangath(Sub-District) / Kangra(District) / Himachal Pradesh(State),00171200,008384,N,,,,
1827,8518,Jangal Karahu (363),जंगल कड़ाहू (363),Raja Ka Talab(Sub-District) / Kangra(District) / Himachal Pradesh(State),00184600,008518,N,,,,
1828,8806,Jangal Kathial (3),जंगल कठियाला (3),Rey(Sub-District) / Kangra(District) / Himachal Pradesh(State),00213400,008806,N,,,,
1829,9223,Jangal Khas (240),जांगल (240),Kotla(Sub-District) / Kangra(District) / Himachal Pradesh(State),00255000,009223,N,,,,
1830,8546,Jangal Kiyari (346),जंगल क्यारी (346),Raja Ka Talab(Sub-District) / Kangra(District) / Himachal Pradesh(State),00187400,008546,N,,,,
1831,8733,Jangal Mehfuja Meduda Barshbala (85),जगल महफूजा महजूदा  वरसवाला (85),Gangath(Sub-District) / Kangra(District) / Himachal Pradesh(State),00206200,008733,N,,,,
1832,9238,Jangal Mehfuja Mehduda Bar (228),जंगल महफूजा गैर मेह्दुदा (228),Kotla(Sub-District) / Kangra(District) / Himachal Pradesh(State),00256500,009238,N,,,,
1833,8742,Jangal Mehfuja Mehduda Thorian (91),जंगल महफूजा महदूदा थोरियां वरलाहड (91),Gangath(Sub-District) / Kangra(District) / Himachal Pradesh(State),00207100,008742,N,,,,
1834,9502,Jangal Reserve Banoi (338),जगल रिर्जव वनोई (338),Dharmsala(Sub-District) / Kangra(District) / Himachal Pradesh(State),00284100,009502,N,,,,
1835,8391,Jangal Samal (460),जंगल समाल (460),Indora(Sub-District) / Kangra(District) / Himachal Pradesh(State),00171900,008391,N,,,,
1836,8507,Jangal Sanu Ghantal (367),जंगल सनूहं घंटाल (367),Raja Ka Talab(Sub-District) / Kangra(District) / Himachal Pradesh(State),00183500,008507,N,,,,
1837,8397,Jangal Tandnusar Ktian (454),जगल तुगवड़ीसर (454),Gangath(Sub-District) / Kangra(District) / Himachal Pradesh(State),00172500,008397,N,,,,
1838,11053,Jangrehar (394),जंगरेहड (394),Thural(Sub-District) / Kangra(District) / Himachal Pradesh(State),00437600,011053,N,,,,
1839,8607,Janhun (161),झनून (161),Nurpur(Sub-District) / Kangra(District) / Himachal Pradesh(State),00193500,008607,N,,,,
1840,11964,Jans Panera (994),जानस पनेरा (994),Chadiyar(Sub-District) / Kangra(District) / Himachal Pradesh(State),00528700,011964,N,,,,
1841,8619,Jara (285),जडा (285),Nurpur(Sub-District) / Kangra(District) / Himachal Pradesh(State),00194700,008619,N,,,,
1842,11274,Jarehar (646),जरेहड (646),Jaisinghpur(Sub-District) / Kangra(District) / Himachal Pradesh(State),00459700,011274,N,,,,
1843,9175,Jarot Khas (476),जडोट खास (476),Nagrota Surian(Sub-District) / Kangra(District) / Himachal Pradesh(State),00250200,009175,N,,,,
1844,9189,Jarpal (482),जरपाल (482),Nagrota Surian(Sub-District) / Kangra(District) / Himachal Pradesh(State),00251600,009189,N,,,,
1845,11035,Jarundi (892),जरून्डी (892),Majheen(Sub-District) / Kangra(District) / Himachal Pradesh(State),00435900,011035,N,,,,
1846,11407,Jaryal Lahar (630),जरयाल लाहड (630),Jaisinghpur(Sub-District) / Kangra(District) / Himachal Pradesh(State),00473000,011407,N,,,,
1847,10859,Jasehar (688),जसेहड़ (688),Khundian(Sub-District) / Kangra(District) / Himachal Pradesh(State),00418300,010859,N,,,,
1848,9924,Jasor (540),जसौर (540),Nagrota Bagwan(Sub-District) / Kangra(District) / Himachal Pradesh(State),00324800,009924,N,,,,
1849,11598,Jassun (185),जसूं (185),Sulah(Sub-District) / Kangra(District) / Himachal Pradesh(State),00492100,011598,N,,,,
1850,8585,Jassur Khas (46),जसूर खास (46),Nurpur(Sub-District) / Kangra(District) / Himachal Pradesh(State),00191300,008585,N,,,,
1851,9595,Jasyal (481),जसयाल (481),Dharmsala(Sub-District) / Kangra(District) / Himachal Pradesh(State),00293500,009595,N,,,,
1852,9757,Jatehar (213),जटेहड (213),Kangra(Sub-District) / Kangra(District) / Himachal Pradesh(State),00309300,009757,N,,,,
1853,9811,Jatehar (552),जटेहड (552),Kangra(Sub-District) / Kangra(District) / Himachal Pradesh(State),00314700,009811,N,,,,
1854,10074,Jatehar (838),जटेहड़ (838),Baroh(Sub-District) / Kangra(District) / Himachal Pradesh(State),00339800,010074,N,,,,
1855,9531,Jatehr (350),जटेहड़ (350),Dharmsala(Sub-District) / Kangra(District) / Himachal Pradesh(State),00287000,009531,N,,,,
1856,9540,Jatehr (358),जटेहड (358),Dharmsala(Sub-District) / Kangra(District) / Himachal Pradesh(State),00287900,009540,N,,,,
1857,10488,Jatehr (386),जटेहड़ (386),Bharoli(Sub-District) / Kangra(District) / Himachal Pradesh(State),00377300,010488,N,,,,
1858,10632,Jatehr (43),जटेहड़ (43),Jaswan(Sub-District) / Kangra(District) / Himachal Pradesh(State),00395600,010632,N,,,,
1859,10476,Jathman (403),जठमां (403),Jawalamukhi(Sub-District) / Kangra(District) / Himachal Pradesh(State),00376100,010476,N,,,,
1860,10378,Jat Lahar (592),जटलाहड़ (592),Dehra Gopipur(Sub-District) / Kangra(District) / Himachal Pradesh(State),00370200,010378,N,,,,
1861,10538,Jatlahr (371),जटलाहड़ (371),Jawalamukhi(Sub-District) / Kangra(District) / Himachal Pradesh(State),00382800,010538,N,,,,
1862,8369,Jatoli (16),जटोली (16),Gangath(Sub-District) / Kangra(District) / Himachal Pradesh(State),00169700,008369,N,,,,
1863,8341,Jatoli (53),जटोली (53),Nurpur(Sub-District) / Kangra(District) / Himachal Pradesh(State),00166900,008341,N,,,,
1864,10792,Jatoli Chakran (294),जटोली चाकरां (294),Rakkar(Sub-District) / Kangra(District) / Himachal Pradesh(State),00411600,010792,N,,,,
1865,8373,Jatoli Jhikli (15),जटौली झिकली (15),Gangath(Sub-District) / Kangra(District) / Himachal Pradesh(State),00170100,008373,N,,,,
1866,10791,Jatoli Khatran (295),जटोली खटडां (295),Rakkar(Sub-District) / Kangra(District) / Himachal Pradesh(State),00411500,010791,N,,,,
1867,8898,Jauli (133),जौली (133),Rey(Sub-District) / Kangra(District) / Himachal Pradesh(State),00222600,008898,N,,,,
1868,939765,Jawalamukhi (N.A.C) (389/2),ज्वालामुखी (NAC) (389/2),Jawalamukhi(Sub-District) / Kangra(District) / Himachal Pradesh(State),,000000,N,,,,
1869,9163,Jawali Khas (62),ज्वाली (62),Jawali(Sub-District) / Kangra(District) / Himachal Pradesh(State),00249000,009163,N,,,,
1870,8958,Jayat (74),जायट (74),Fatehpur(Sub-District) / Kangra(District) / Himachal Pradesh(State),00228600,008958,N,,,,
1871,11511,Jayun (71),जयूण (71),Chachian(Sub-District) / Kangra(District) / Himachal Pradesh(State),00483400,011511,N,,,,
1872,10430,Jeen (422),जीं (422),Jawalamukhi(Sub-District) / Kangra(District) / Himachal Pradesh(State),00381600,010430,N,,,,
1873,11894,Jehru (834),जेहड़ू (834),Baijnath(Sub-District) / Kangra(District) / Himachal Pradesh(State),00521700,011894,N,,,,
1874,11604,Jhagehar (189),झंगेहड़ (189),Sulah(Sub-District) / Kangra(District) / Himachal Pradesh(State),00492700,011604,N,,,,
1875,8531,Jhajguan (327),झाजवां (327),Raja Ka Talab(Sub-District) / Kangra(District) / Himachal Pradesh(State),00185900,008531,N,,,,
1876,9294,Jhajhroli (186),झझरोली (186),Harchakian(Sub-District) / Kangra(District) / Himachal Pradesh(State),00262100,009294,N,,,,
1877,8654,Jhakar Ban (194),झाखड वन (194),Nurpur(Sub-District) / Kangra(District) / Himachal Pradesh(State),00198200,008654,N,,,,
1878,10322,Jhaklehr (450),झकलैड (450),Haripur(Sub-District) / Kangra(District) / Himachal Pradesh(State),00364600,010322,N,,,,
1879,10495,Jhakota (308),जखोटा (308),Bharoli(Sub-District) / Kangra(District) / Himachal Pradesh(State),00378000,010495,N,eSignGOFile131557_10_06_2024_16_15_55.pdf,,,
1880,9591,Jhakrehr (396),झकरेहड़ (396),Dharmsala(Sub-District) / Kangra(District) / Himachal Pradesh(State),00293100,009591,N,,,,
1881,9232,Jhakri (238),झाकड़ी (238),Kotla(Sub-District) / Kangra(District) / Himachal Pradesh(State),00255900,009232,N,,,,
1882,9005,Jhalal (187),झलाल (187),Fatehpur(Sub-District) / Kangra(District) / Himachal Pradesh(State),00233300,009005,N,,,,
1883,8972,Jhalar (86),झुलाड़ (86),Fatehpur(Sub-District) / Kangra(District) / Himachal Pradesh(State),00230000,008972,N,,,,
1884,11835,Jhalerar (230),झलरेड (230),Palampur(Sub-District) / Kangra(District) / Himachal Pradesh(State),00515800,011835,N,,,,
1885,10930,Jhalot (786),झलौट (786),Khundian(Sub-District) / Kangra(District) / Himachal Pradesh(State),00425400,010930,N,,,,
1886,9071,Jhalun (95),झलूं (95),Jawali(Sub-District) / Kangra(District) / Himachal Pradesh(State),00239800,009071,N,,,,
1887,11460,Jhamoon (907),झमूंह (907),Jaisinghpur(Sub-District) / Kangra(District) / Himachal Pradesh(State),00478300,011460,N,,,,
1888,10066,Jhang (829),झंग (829),Baroh(Sub-District) / Kangra(District) / Himachal Pradesh(State),00339000,010066,N,,,,
1889,8712,Jhangrara (30),झंगराड़ा (30),Indora(Sub-District) / Kangra(District) / Himachal Pradesh(State),00204000,008712,N,,,,
1890,10482,Jhanyara Kaleshwar (390),झनियार कलेश्वर (390),Jawalamukhi(Sub-District) / Kangra(District) / Himachal Pradesh(State),00376700,010482,N,,,,
1891,9886,Jhaperh (710),झपेड (710),Nagrota Bagwan(Sub-District) / Kangra(District) / Himachal Pradesh(State),00321000,009886,N,,,,
1892,10096,Jharal (819),झराल (819),Baroh(Sub-District) / Kangra(District) / Himachal Pradesh(State),00342000,010096,N,,,,
1893,9201,Jharar (80),झराड़ (80),Jawali(Sub-District) / Kangra(District) / Himachal Pradesh(State),00252800,009201,N,,,,
1894,9429,Jharer (134),झरेड़ (134),Shahpur(Sub-District) / Kangra(District) / Himachal Pradesh(State),00275600,009429,N,,,,
1895,11141,Jharet Jagian (109),झरेट जगियाँ (109),Dhira(Sub-District) / Kangra(District) / Himachal Pradesh(State),00446400,011141,N,,,,
1896,11139,Jharet Thakaran (112),झरेट ठाकरां (112),Dhira(Sub-District) / Kangra(District) / Himachal Pradesh(State),00446200,011139,N,,,,
1897,8603,Jharoli (288),झरोली (288),Nurpur(Sub-District) / Kangra(District) / Himachal Pradesh(State),00193100,008603,N,,,,
1898,8548,Jharoli (345),झड़ोली (345),Raja Ka Talab(Sub-District) / Kangra(District) / Himachal Pradesh(State),00187600,008548,N,,,,
1899,11034,Jhaula (891),झौला (891),Majheen(Sub-District) / Kangra(District) / Himachal Pradesh(State),00435800,011034,N,,,,
1900,11852,Jhhanjhharda (219),झन्डारडा (219),Palampur(Sub-District) / Kangra(District) / Himachal Pradesh(State),00517500,011852,N,,,,
1901,9525,Jhikkar (325),झिक्कड़ (325),Dharmsala(Sub-District) / Kangra(District) / Himachal Pradesh(State),00286400,009525,N,,,,
1902,9958,Jhikla Balla (602),झिकला बल्ला (602),Nagrota Bagwan(Sub-District) / Kangra(District) / Himachal Pradesh(State),00328200,009958,N,,,,
1903,9386,Jhikla Baranj (111),झिकला वड़न्ज (111),Shahpur(Sub-District) / Kangra(District) / Himachal Pradesh(State),00271300,009386,N,,,,
1904,11966,Jhikla Behru (987),झिकला वेहड़ू (987),Chadiyar(Sub-District) / Kangra(District) / Himachal Pradesh(State),00528900,011966,N,,,,
1905,9368,Jhikla Bhaniar (96),झिकला भन्यार(96),Shahpur(Sub-District) / Kangra(District) / Himachal Pradesh(State),00269500,009368,N,,,,
1906,9730,Jhikla Chatreta (230),झिकला चतरेटा (230),Kangra(Sub-District) / Kangra(District) / Himachal Pradesh(State),00306600,009730,N,,,,
1907,9393,Jhikla Dohb (117),झिकला ड़ोहव (117),Shahpur(Sub-District) / Kangra(District) / Himachal Pradesh(State),00272000,009393,N,,,,
1908,9306,Jhikla Lanj (197),झिकला लंज (197),Harchakian(Sub-District) / Kangra(District) / Himachal Pradesh(State),00263300,009306,N,,,,
1909,9518,Jhikla Odar (328),झिकला ओडर (328),Dharmsala(Sub-District) / Kangra(District) / Himachal Pradesh(State),00285700,009518,N,,,,
1910,9255,Jhikla Pandhu (147),झिकला पंधू (147),Harchakian(Sub-District) / Kangra(District) / Himachal Pradesh(State),00258200,009255,N,,,,
1911,9384,Jhikla Sidhpur (110),झिकला सिध्दपुर (110),Shahpur(Sub-District) / Kangra(District) / Himachal Pradesh(State),00271100,009384,N,,,,
1912,9978,Jhikli Ambari (617),झिकली अंबाड़ी (617),Nagrota Bagwan(Sub-District) / Kangra(District) / Himachal Pradesh(State),00330200,009978,N,,,,
1913,9454,Jhikli Ansuhi (306),झिकली अनसूई (306),Shahpur(Sub-District) / Kangra(District) / Himachal Pradesh(State),00278100,009454,N,,,,
1914,9641,Jhikli Barol (Og),झिकली वडोल(365),Dharmsala(Sub-District) / Kangra(District) / Himachal Pradesh(State),00288200,009641,N,,,,
1915,10769,Jhikli Bharoli (262),झिकली भरोली (262),Rakkar(Sub-District) / Kangra(District) / Himachal Pradesh(State),00409300,010769,N,,,,
1916,9552,Jhikli Dar (385),झिकली (385),Dharmsala(Sub-District) / Kangra(District) / Himachal Pradesh(State),00289200,009552,N,,,,
1917,9653,Jhikli Dughiari (270),झिकली ढुगियारी (270),Kangra(Sub-District) / Kangra(District) / Himachal Pradesh(State),00280700,009653,N,,,,
1918,9681,Jhikli Ichhi (413),झिकली ईच्छी (413),Kangra(Sub-District) / Kangra(District) / Himachal Pradesh(State),00300500,009681,N,,,,
1919,9262,Jhikli Thehr (154),झिकली ठेहड (154),Harchakian(Sub-District) / Kangra(District) / Himachal Pradesh(State),00258900,009262,N,,,,
1920,9069,Jhinjhpur (94),झिंझपुर (94),Jawali(Sub-District) / Kangra(District) / Himachal Pradesh(State),00239600,009069,N,,,,
1921,11944,Jhirkhar (825),झीरखड़ (825),Baijnath(Sub-District) / Kangra(District) / Himachal Pradesh(State),00526700,011944,N,,,,
1922,9151,Jhonka Ratial (3),झौंका रतयाल  (3),Jawali(Sub-District) / Kangra(District) / Himachal Pradesh(State),00247800,009151,N,,,,
1923,9400,Jhullar (99),झुलाड़ (99),Shahpur(Sub-District) / Kangra(District) / Himachal Pradesh(State),00272700,009400,N,,,,
1924,8963,Jhumb Khas (72),झुम्व (72),Fatehpur(Sub-District) / Kangra(District) / Himachal Pradesh(State),00229100,008963,N,,,,
1925,9747,Jhurdu (243),झुरडू (243),Kangra(Sub-District) / Kangra(District) / Himachal Pradesh(State),00308300,009747,N,,,,
1926,11480,Jia Khas (17),जिया खास (17),Chachian(Sub-District) / Kangra(District) / Himachal Pradesh(State),00480300,011480,N,,,,
1927,10492,Jijal (349),जिजल (349),Bharoli(Sub-District) / Kangra(District) / Himachal Pradesh(State),00377700,010492,N,eSignGOFile131557_10_06_2024_16_15_55.pdf,,,
1928,8700,Jindri (19),जिन्दड़ी (19),Indora(Sub-District) / Kangra(District) / Himachal Pradesh(State),00202800,008700,N,,,,
1929,10897,Jiod (803),ज्योड़ (803),Majheen(Sub-District) / Kangra(District) / Himachal Pradesh(State),00422100,010897,N,,,,
1930,9673,Jogi Balla (417),जोगीवल्ला (417),Kangra(Sub-District) / Kangra(District) / Himachal Pradesh(State),00299700,009673,N,,,,
1931,9716,Jogipur (447),जोगीपुर (447),Kangra(Sub-District) / Kangra(District) / Himachal Pradesh(State),00305200,009716,N,,,,
1932,11560,Jol (107),जोल (107),Sulah(Sub-District) / Kangra(District) / Himachal Pradesh(State),00488300,011560,N,,,,
1933,9300,Jol (190),जोल (190),Harchakian(Sub-District) / Kangra(District) / Himachal Pradesh(State),00262700,009300,N,,,,
1934,9231,Jol (250),जोल (250),Kotla(Sub-District) / Kangra(District) / Himachal Pradesh(State),00255800,009231,N,,,,
1935,10620,Jol (30),जोल (30),Jaswan(Sub-District) / Kangra(District) / Himachal Pradesh(State),00394400,010620,N,,,,
1936,10577,Jol (339),जोल (339),Bharoli(Sub-District) / Kangra(District) / Himachal Pradesh(State),00386700,010577,N,eSignGOFile131557_11_06_2024_16_39_15.pdf,,,
1937,11307,Jol (519),जोल(519),Alampur(Sub-District) / Kangra(District) / Himachal Pradesh(State),00463000,011307,N,,,,
1938,10458,Jol (621),जोल (621),Dehra Gopipur(Sub-District) / Kangra(District) / Himachal Pradesh(State),00391600,010458,N,,,,
1939,10095,Jol (821),जोल (821),Baroh(Sub-District) / Kangra(District) / Himachal Pradesh(State),00341900,010095,N,,,,
1940,11009,Jol (831),जोल (831),Khundian(Sub-District) / Kangra(District) / Himachal Pradesh(State),00433300,011009,N,,,,
1941,8987,Jonat Kalan (114),जुनाटकलां (114),Fatehpur(Sub-District) / Kangra(District) / Himachal Pradesh(State),00231500,008987,N,,,,
1942,8989,Jonat Khurd (197),जुनाट खुर्द (197),Fatehpur(Sub-District) / Kangra(District) / Himachal Pradesh(State),00231700,008989,N,,,,
1943,8636,Jonta (214),जौन्टा (214),Nurpur(Sub-District) / Kangra(District) / Himachal Pradesh(State),00196400,008636,N,,,,
1944,939761,Joru Tal (N.A.C.) (389/4),जौड़ूताल (NAC) (389/4),Jawalamukhi(Sub-District) / Kangra(District) / Himachal Pradesh(State),,000000,N,,,,
1945,12123,Judhar (1062),जुधार (1062),Multhan(Sub-District) / Kangra(District) / Himachal Pradesh(State),00544600,012123,N,,,,
1946,9473,Jugehar (319),जुगेहड़ (319),Shahpur(Sub-District) / Kangra(District) / Himachal Pradesh(State),00281300,009473,N,,,,
1947,11671,Jugehr (296),जुगेहड (296),Bhawarna(Sub-District) / Kangra(District) / Himachal Pradesh(State),00499400,011671,N,,,,
1948,9986,Jugleta (637),जुगलेटा (637),Nagrota Bagwan(Sub-District) / Kangra(District) / Himachal Pradesh(State),00331000,009986,N,,,,
1949,9548,Juhl (372),जूल (372),Dharmsala(Sub-District) / Kangra(District) / Himachal Pradesh(State),00288800,009548,N,,,,
1950,11011,Jujpul (836),जुजपुल (836),Khundian(Sub-District) / Kangra(District) / Himachal Pradesh(State),00433500,011011,N,,,,
1951,10405,Jukundi (606),जुकन्डी (606),Dehra Gopipur(Sub-District) / Kangra(District) / Himachal Pradesh(State),00372900,010405,N,,,,
1952,11401,Julah Patt (624),जुलाहपट (624),Jaisinghpur(Sub-District) / Kangra(District) / Himachal Pradesh(State),00472400,011401,N,,,,
1953,9640,Jule (498),जूल (498),Dharmsala(Sub-District) / Kangra(District) / Himachal Pradesh(State),00298000,009640,N,,,,
1954,8611,Jungal Bhol Thakran (296),जंगल भोल ठकरां (296),Nurpur(Sub-District) / Kangra(District) / Himachal Pradesh(State),00193900,008611,N,,,,
1955,8649,Jungal Chhatril (201),जंगल छतरील (201),Nurpur(Sub-District) / Kangra(District) / Himachal Pradesh(State),00197700,008649,N,,,,
1956,9923,Jurgehr (539),जुरगेहड़ (539),Nagrota Bagwan(Sub-District) / Kangra(District) / Himachal Pradesh(State),00324700,009923,N,,,,
1957,10843,Jyara (701),ज्याड़ा (701),Khundian(Sub-District) / Kangra(District) / Himachal Pradesh(State),00416700,010843,N,,,,
1958,9310,Kabyal (201),कब्याल (201),Harchakian(Sub-District) / Kangra(District) / Himachal Pradesh(State),00263700,009310,N,,,,
1959,9719,Kacchiari (455),कच्छयारी (455),Kangra(Sub-District) / Kangra(District) / Himachal Pradesh(State),00305500,009719,N,,,,
1960,11416,Kachhal Bhandrian (919),कच्छाल भण्डारिया (919),Jaisinghpur(Sub-District) / Kangra(District) / Himachal Pradesh(State),00473900,011416,N,,,,
1961,11418,Kachhal Jaggian (923),कच्छाल जग्गियां (923),Jaisinghpur(Sub-District) / Kangra(District) / Himachal Pradesh(State),00474100,011418,N,,,,
1962,10356,Kachhaur (537),कच्छौर (537),Haripur(Sub-District) / Kangra(District) / Himachal Pradesh(State),00368000,010356,N,,,,
1963,11470,Kachhera (725),कच़्छेडा (725),Jaisinghpur(Sub-District) / Kangra(District) / Himachal Pradesh(State),00479300,011470,N,,,,
1964,9916,Kachhrehr (662),कच्छरेहड (662),Nagrota Bagwan(Sub-District) / Kangra(District) / Himachal Pradesh(State),00324000,009916,N,,,,
1965,8556,Kadana (335),कदाणा (335),Raja Ka Talab(Sub-District) / Kangra(District) / Himachal Pradesh(State),00188400,008556,N,,,,
1966,10991,Kadehar (777),कदेहड़ (777),Khundian(Sub-District) / Kangra(District) / Himachal Pradesh(State),00431500,010991,N,,,,
1967,8602,Kadroh (286),कदरोह (286),Nurpur(Sub-District) / Kangra(District) / Himachal Pradesh(State),00193000,008602,N,,,,
1968,8897,Kafnali (131),कफनाली (131),Rey(Sub-District) / Kangra(District) / Himachal Pradesh(State),00222500,008897,N,,,,
1969,10642,Kahanpur (17),काहनपुर (17),Jaswan(Sub-District) / Kangra(District) / Himachal Pradesh(State),00396600,010642,N,,,,
1970,10333,Kahkar (522),काहकड (522),Haripur(Sub-District) / Kangra(District) / Himachal Pradesh(State),00365700,010333,N,,,,
1971,9304,Kahlian (195),काहलिया (195),Harchakian(Sub-District) / Kangra(District) / Himachal Pradesh(State),00263100,009304,N,,,,
1972,10674,Kahru (86),काहरू (86),Jaswan(Sub-District) / Kangra(District) / Himachal Pradesh(State),00399800,010674,N,,,,
1973,11290,Kailan (570),कैलन (570),Jaisinghpur(Sub-District) / Kangra(District) / Himachal Pradesh(State),00461300,011290,N,,,,
1974,11776,Kailashpur (731),कैलाशपुर (731),Panchrukhi(Sub-District) / Kangra(District) / Himachal Pradesh(State),00509900,011776,N,,,,
1975,10561,Kaithal (319),कैथन (319),Bharoli(Sub-District) / Kangra(District) / Himachal Pradesh(State),00385100,010561,N,eSignGOFile131557_11_06_2024_16_54_26.pdf,,,
1976,11977,Kaithru (971),कथैड़ू (971),Chadiyar(Sub-District) / Kangra(District) / Himachal Pradesh(State),00530000,011977,N,,,,
1977,9500,Kajlot -I (340),कजलोट-। (340),Dharmsala(Sub-District) / Kangra(District) / Himachal Pradesh(State),00284000,009500,N,,,,
1978,9501,Kajlot -Ii (340/1),कजलोट-।। (340/1),Dharmsala(Sub-District) / Kangra(District) / Himachal Pradesh(State),00284000,009501,N,,,,
1979,9340,Kakra (44),काकड़ा (44),Dareeni(Sub-District) / Kangra(District) / Himachal Pradesh(State),00266700,009340,N,,,,
1980,11606,Kakrain (190),ककडैं (190),Sulah(Sub-District) / Kangra(District) / Himachal Pradesh(State),00492900,011606,N,,,,
1981,11717,Kakrehar (550),ककरेहड (550),Bhawarna(Sub-District) / Kangra(District) / Himachal Pradesh(State),00504000,011717,N,,,,
1982,11650,Kakrehr (268),ककरेहड़ (268),Palampur(Sub-District) / Kangra(District) / Himachal Pradesh(State),00497300,011650,N,eSignGOFile662648_19_02_2025_13_53_47.pdf,,,
1983,9046,Kakroh (122),ककडोह (122),Kotla(Sub-District) / Kangra(District) / Himachal Pradesh(State),00237300,009046,N,,,,
1984,9458,Kakroh (294),ककडोह (294),Shahpur(Sub-District) / Kangra(District) / Himachal Pradesh(State),00278500,009458,N,,,,
1985,11189,Kalah (174),कलाह (174),Dhira(Sub-District) / Kangra(District) / Himachal Pradesh(State),00451200,011189,N,,,,
1986,9045,Kalahr (124),कलाहड (124),Kotla(Sub-District) / Kangra(District) / Himachal Pradesh(State),00237200,009045,N,,,,
1987,9830,Kalaid Khas (460),कलेड खास (460),Nagrota Bagwan(Sub-District) / Kangra(District) / Himachal Pradesh(State),00304500,009830,N,,,,
1988,9032,Kalamb (226),कलम्ब (226),Fatehpur(Sub-District) / Kangra(District) / Himachal Pradesh(State),00235900,009032,N,,,,
1989,9558,Kaland Rehr (411),कलंद रेहड़ (411),Dharmsala(Sub-District) / Kangra(District) / Himachal Pradesh(State),00289800,009558,N,,,,
1990,10820,Kalapani (633),काला पानी (633),Lagru(Sub-District) / Kangra(District) / Himachal Pradesh(State),00414400,010820,N,,,,
1991,10345,Kalar (559),कलर (559),Haripur(Sub-District) / Kangra(District) / Himachal Pradesh(State),00366900,010345,N,,,,
1992,10365,Kalar Kalan (544),कलर कलां (544),Dehra Gopipur(Sub-District) / Kangra(District) / Himachal Pradesh(State),00368900,010365,N,,,,
1993,10357,Kalar Khurd (538),कलर खुर्द (538),Dehra Gopipur(Sub-District) / Kangra(District) / Himachal Pradesh(State),00368100,010357,N,,,,
1994,8744,Kalawan (94),कलावां (94),Indora(Sub-District) / Kangra(District) / Himachal Pradesh(State),00207300,008744,N,,,,
1995,9105,Kaldun (265),कालदूं (265),Jawali(Sub-District) / Kangra(District) / Himachal Pradesh(State),00243200,009105,N,,,,
1996,10700,Kalehar (106),कलेेहड (106),Dadasiba(Sub-District) / Kangra(District) / Himachal Pradesh(State),00402400,010700,N,,,,
1997,11694,Kalehar (370),कलेहड (370),Bhawarna(Sub-District) / Kangra(District) / Himachal Pradesh(State),00501700,011694,N,,,,
1998,8664,Kalera (188),कलेरा (188),Nurpur(Sub-District) / Kangra(District) / Himachal Pradesh(State),00199200,008664,N,,,,
1999,10539,Kaleri (366),कलरी (366),Jawalamukhi(Sub-District) / Kangra(District) / Himachal Pradesh(State),00382900,010539,N,,,,
2000,10741,Kaleshwar (225),कलेश्वर (225),Pragpur(Sub-District) / Kangra(District) / Himachal Pradesh(State),00406500,010741,N,,,,
2001,11319,Kalhera (491),कलेहरा (491),Alampur(Sub-District) / Kangra(District) / Himachal Pradesh(State),00464200,011319,N,,,,
2002,11310,Kalhun (514),कलुहं(514),Alampur(Sub-District) / Kangra(District) / Himachal Pradesh(State),00463300,011310,N,,,,
2003,11572,Kalial Kar (207),कलियालकड (207),Palampur(Sub-District) / Kangra(District) / Himachal Pradesh(State),00489500,011572,N,,,,
2004,11935,Kaliana (761),कलियाणा (761),Baijnath(Sub-District) / Kangra(District) / Himachal Pradesh(State),00525800,011935,N,,,,
2005,10590,Kali Dhar Amb (676),कालीधार अम्ब (676),Jawalamukhi(Sub-District) / Kangra(District) / Himachal Pradesh(State),00388000,010590,N,,,,
2006,10600,Kali Dhar Bohan-I (639),कालीधार बौहण -I (639),Jawalamukhi(Sub-District) / Kangra(District) / Himachal Pradesh(State),00389200,010600,N,,,,
2007,10594,Kalidhar Bohan II (671),कालीधार बौहण -II (671),Jawalamukhi(Sub-District) / Kangra(District) / Himachal Pradesh(State),00388400,010594,N,,,,
2008,10586,Kalidhar Kohala (683),कालीधार कोहाला (683),Jawalamukhi(Sub-District) / Kangra(District) / Himachal Pradesh(State),00387600,010586,N,,,,
2009,12135,Kalihani Dhar (1085),कालीहानीधार (1085),Multhan(Sub-District) / Kangra(District) / Himachal Pradesh(State),00545800,012135,N,,,,
2010,9849,Kali Jan (682),कालीजन (682),Nagrota Bagwan(Sub-District) / Kangra(District) / Himachal Pradesh(State),00317300,009849,N,,,,
2011,11491,Kaliyarkad (9),कलूरकड़ (9),Chachian(Sub-District) / Kangra(District) / Himachal Pradesh(State),00481400,011491,N,,,,
2012,9312,Kallar (203),कल्लर (203),Harchakian(Sub-District) / Kangra(District) / Himachal Pradesh(State),00263900,009312,N,,,,
2013,10059,Kallar (830),कल्लर (830),Baroh(Sub-District) / Kangra(District) / Himachal Pradesh(State),00338300,010059,N,,,,
2014,10732,Kaloha Nichla (194),कलोहा निचला (194),Rakkar(Sub-District) / Kangra(District) / Himachal Pradesh(State),00405600,010732,N,,,,
2015,10734,Kaloha Uperla (242),कलोहा उपरला (242),Rakkar(Sub-District) / Kangra(District) / Himachal Pradesh(State),00405800,010734,N,,,,
2016,9279,Kalru (171),कलरू (171),Harchakian(Sub-District) / Kangra(District) / Himachal Pradesh(State),00260600,009279,N,,,,
2017,10182,Kalru (488),कलरू (488),Haripur(Sub-District) / Kangra(District) / Himachal Pradesh(State),00350600,010182,N,,,,
2018,10068,Kalru (837),कलरु (837),Baroh(Sub-District) / Kangra(District) / Himachal Pradesh(State),00339200,010068,N,,,,
2019,10429,Kalru Kalan (421),कलरू कलां (421),Jawalamukhi(Sub-District) / Kangra(District) / Himachal Pradesh(State),00381500,010429,N,,,,
2020,11367,Kaluhi (584),कलूही (584),Jaisinghpur(Sub-District) / Kangra(District) / Himachal Pradesh(State),00469000,011367,N,,,,
2021,11203,Kalun (132),कलूणा (132),Dhira(Sub-District) / Kangra(District) / Himachal Pradesh(State),00452600,011203,N,,,,
2022,11498,Kalund (33),कलुण्ड (33),Chachian(Sub-District) / Kangra(District) / Himachal Pradesh(State),00482100,011498,N,,,,
2023,9753,Kamalyala (212),कमलयाला (212),Kangra(Sub-District) / Kangra(District) / Himachal Pradesh(State),00308900,009753,N,,,,
2024,11409,Kamand (628),कमांद (628),Jaisinghpur(Sub-District) / Kangra(District) / Himachal Pradesh(State),00473200,011409,N,,,,
2025,9350,Kamlahari (73),कमलाहड़ी (73),Shahpur(Sub-District) / Kangra(District) / Himachal Pradesh(State),00267700,009350,N,,,,
2026,11865,Kamlehar (803),कमलेहड़ (803),Palampur(Sub-District) / Kangra(District) / Himachal Pradesh(State),00518800,011865,N,,,,
2027,10508,Kamlota (353),कमलोटा (353),Jawalamukhi(Sub-District) / Kangra(District) / Himachal Pradesh(State),00379300,010508,N,,,,
2028,10039,Kamlota (835),कमलोटा (835),Baroh(Sub-District) / Kangra(District) / Himachal Pradesh(State),00336300,010039,N,,,,
2029,10053,Kamlota (848),कमलोटा (848),Baroh(Sub-District) / Kangra(District) / Himachal Pradesh(State),00337700,010053,N,,,,
2030,8465,Kamnala Khas (42),कमनाला खास (42),Nurpur(Sub-District) / Kangra(District) / Himachal Pradesh(State),00179300,008465,N,,,,
2031,8435,Kamoohi (474),कंमूही (474),Gangath(Sub-District) / Kangra(District) / Himachal Pradesh(State),00176300,008435,N,,,,
2032,11126,Kanan Suan (400),काना सुआँ (400),Thural(Sub-District) / Kangra(District) / Himachal Pradesh(State),00444900,011126,N,,,,
2033,9549,Kand (373),कण्ड (373),Dharmsala(Sub-District) / Kangra(District) / Himachal Pradesh(State),00288900,009549,N,,,,
2034,9632,Kand (501),कण्ड (501),Dharmsala(Sub-District) / Kangra(District) / Himachal Pradesh(State),00297200,009632,N,,,,
2035,11872,Kand (813),कण्ड़ (813),Palampur(Sub-District) / Kangra(District) / Himachal Pradesh(State),00519500,011872,N,,,,
2036,10017,Kanda (751),कण्डा (751),Baroh(Sub-District) / Kangra(District) / Himachal Pradesh(State),00334100,010017,N,,,,
2037,10863,Kandha (684),कण्ढा (684),Khundian(Sub-District) / Kangra(District) / Himachal Pradesh(State),00418700,010863,N,,,,
2038,10027,Kandha (745),कण्ढा (745),Baroh(Sub-District) / Kangra(District) / Himachal Pradesh(State),00335100,010027,N,,,,
2039,8992,Kandhal (210),कन्धाल (210),Fatehpur(Sub-District) / Kangra(District) / Himachal Pradesh(State),00232000,008992,N,,,,
2040,11820,Kandharal (237),कन्धारल (237),Panchrukhi(Sub-District) / Kangra(District) / Himachal Pradesh(State),00514300,011820,N,,,,
2041,8581,Kandi (157),कण्डी (157),Nurpur(Sub-District) / Kangra(District) / Himachal Pradesh(State),00190900,008581,N,,,,
2042,11071,Kandi (398),कंडी (398),Thural(Sub-District) / Kangra(District) / Himachal Pradesh(State),00439400,011071,N,,,,
2043,12077,Kand Kosri (856),कंडकोसरी (856),Baijnath(Sub-District) / Kangra(District) / Himachal Pradesh(State),00540000,012077,N,,,,
2044,10150,Kandog (876),कण्डोग (876),Baroh(Sub-District) / Kangra(District) / Himachal Pradesh(State),00347400,010150,N,,,,
2045,8555,Kandor (337),कन्दोर (337),Raja Ka Talab(Sub-District) / Kangra(District) / Himachal Pradesh(State),00188300,008555,N,,,,
2046,11897,Kandral (831),कंदराल (831),Baijnath(Sub-District) / Kangra(District) / Himachal Pradesh(State),00522000,011897,N,,,,
2047,8698,Kandrori (27),कन्दरौड़ी (27),Indora(Sub-District) / Kangra(District) / Himachal Pradesh(State),00202600,008698,N,,,,
2048,10383,Kandyala (603),कण्डयाला (603),Dehra Gopipur(Sub-District) / Kangra(District) / Himachal Pradesh(State),00370700,010383,N,,,,
2049,10137,Kanehar (882),कनेहड़ (882),Baroh(Sub-District) / Kangra(District) / Himachal Pradesh(State),00346100,010137,N,,,,
2050,9947,Kanehr (593),कनेहड (593),Nagrota Bagwan(Sub-District) / Kangra(District) / Himachal Pradesh(State),00327100,009947,N,,,,
2051,8738,Kangreri (90),कंगरेडी (90),Gangath(Sub-District) / Kangra(District) / Himachal Pradesh(State),00206700,008738,N,,,,
2052,11775,Kangri (730),काँगड़ी (730),Panchrukhi(Sub-District) / Kangra(District) / Himachal Pradesh(State),00509800,011775,N,,,,
2053,12100,Kangyor (1046),कंगयोड़ (1046),Multhan(Sub-District) / Kangra(District) / Himachal Pradesh(State),00542300,012100,N,,,,
2054,9078,Kaniat (33),कन्याट (33),Jawali(Sub-District) / Kangra(District) / Himachal Pradesh(State),00240500,009078,N,,,,
2055,11721,Kaniyalkar (551),कनियालकड (551),Bhawarna(Sub-District) / Kangra(District) / Himachal Pradesh(State),00504400,011721,N,,,,
2056,9699,Kanjher (451),कंजेहड (451),Kangra(Sub-District) / Kangra(District) / Himachal Pradesh(State),00302300,009699,N,,,,
2057,9806,Kanjher (558),कंजेहड (558),Kangra(Sub-District) / Kangra(District) / Himachal Pradesh(State),00314200,009806,N,,,,
2058,12074,Kanjrar (867),कंजराड़ (867),Baijnath(Sub-District) / Kangra(District) / Himachal Pradesh(State),00539700,012074,N,,,,
2059,8928,Kanjuha (44),कंजूहा (44),Fatehpur(Sub-District) / Kangra(District) / Himachal Pradesh(State),00225600,008928,N,,,,
2060,10225,Kanol (118),कनोल (118),Dadasiba(Sub-District) / Kangra(District) / Himachal Pradesh(State),00354900,010225,N,,,,
2061,9336,Kanol (15),कनोल (15),Dareeni(Sub-District) / Kangra(District) / Himachal Pradesh(State),00266300,009336,N,,,,
2062,10145,Kanol (878),कनोल (878),Baroh(Sub-District) / Kangra(District) / Himachal Pradesh(State),00346900,010145,N,,,,
2063,8681,Kansari (138),कनसारी (138),Sadwan(Sub-District) / Kangra(District) / Himachal Pradesh(State),00200900,008681,N,eSignGOFile662648_19_02_2025_11_05_11.pdf,,,
2064,10870,Kanuhi (793),कनूही (793),Majheen(Sub-District) / Kangra(District) / Himachal Pradesh(State),00419400,010870,N,,,,
2065,8766,Kanyat (115),कन्याट (115),Indora(Sub-District) / Kangra(District) / Himachal Pradesh(State),00209500,008766,N,,,,
2066,10171,Kapahri (507),कपाहड़ी (507),Haripur(Sub-District) / Kangra(District) / Himachal Pradesh(State),00349500,010171,N,,,,
2067,8309,Kapahri (85),कपाहडी (85),Nurpur(Sub-District) / Kangra(District) / Himachal Pradesh(State),00163700,008309,N,,,,
2068,11870,Kapain (797),कपैण (797),Palampur(Sub-District) / Kangra(District) / Himachal Pradesh(State),00519300,011870,N,,,,
2069,8651,Kappahri (198),कपाहड़ी (198),Sadwan(Sub-District) / Kangra(District) / Himachal Pradesh(State),00197900,008651,N,,,,
2070,8421,Kaptiyal (433),कपत्याल (433),Gangath(Sub-District) / Kangra(District) / Himachal Pradesh(State),00174900,008421,N,,,,
2071,9821,Karah Pura (530),कडाहपुरा (530),Nagrota Bagwan(Sub-District) / Kangra(District) / Himachal Pradesh(State),00303600,009821,N,,,,
2072,10941,Karal (782),कराल (782),Khundian(Sub-District) / Kangra(District) / Himachal Pradesh(State),00426500,010941,N,,,,
2073,11408,Karan Ghat (629),कर्णघट (629),Jaisinghpur(Sub-District) / Kangra(District) / Himachal Pradesh(State),00473100,011408,N,,,,
2074,12099,Kardhar (1045),कड़धार (1045),Multhan(Sub-District) / Kangra(District) / Himachal Pradesh(State),00542200,012099,N,,,,
2075,9156,Kardial (20),करडियाल (20),Jawali(Sub-District) / Kangra(District) / Himachal Pradesh(State),00248300,009156,N,,,,
2076,9639,Kardiana (500),करडियाना (500),Dharmsala(Sub-District) / Kangra(District) / Himachal Pradesh(State),00297900,009639,N,,,,
2077,9478,Kareri Khas (25),करेरी खास (25),Dareeni(Sub-District) / Kangra(District) / Himachal Pradesh(State),00281800,009478,N,,,,
2078,10451,Kariara (659),करियाड़ा (659),Dehra Gopipur(Sub-District) / Kangra(District) / Himachal Pradesh(State),00390900,010451,N,,,,
2079,10441,Kariara Nichla (658),करियाडा निचला (658),Dehra Gopipur(Sub-District) / Kangra(District) / Himachal Pradesh(State),00389900,010441,N,,,,
2080,9452,Karnaal (305),करनाल (305),Shahpur(Sub-District) / Kangra(District) / Himachal Pradesh(State),00277900,009452,N,,,,
2081,12083,Karnarthu (839),करनारथू (839),Baijnath(Sub-District) / Kangra(District) / Himachal Pradesh(State),00540600,012083,N,,,,
2082,11237,Karner (324),करनेहड़ (324),Dhira(Sub-District) / Kangra(District) / Himachal Pradesh(State),00456000,011237,N,,,,
2083,9298,Karnol (189),करनोल (189),Harchakian(Sub-District) / Kangra(District) / Himachal Pradesh(State),00262500,009298,N,,,,
2084,12012,Karnu (1011),कारनू (1011),Baijnath(Sub-District) / Kangra(District) / Himachal Pradesh(State),00533500,012012,N,,,,
2085,10249,Karoa Kalan (128),कड़ोआ कलां (128),Pragpur(Sub-District) / Kangra(District) / Himachal Pradesh(State),00357300,010249,N,eSignGOFile662648_18_02_2025_16_12_39.pdf,,,
2086,10241,Karoa Khurd (129),कड़ोआ खुर्द (129),Pragpur(Sub-District) / Kangra(District) / Himachal Pradesh(State),00356500,010241,N,eSignGOFile662648_18_02_2025_16_12_39.pdf,,,
2087,8446,Karoh (475),करोह (475),Gangath(Sub-District) / Kangra(District) / Himachal Pradesh(State),00177400,008446,N,,,,
2088,10376,Karoh (593),कडोह (593),Haripur(Sub-District) / Kangra(District) / Himachal Pradesh(State),00370000,010376,N,,,,
2089,10282,Karol (176),कड़ोल (176),Dehra Gopipur(Sub-District) / Kangra(District) / Himachal Pradesh(State),00360600,010282,N,,,,
2090,11317,Karonthi (478),करौंठी (478),Alampur(Sub-District) / Kangra(District) / Himachal Pradesh(State),00464000,011317,N,,,,
2091,11784,Karor (738),करोड़ (738),Panchrukhi(Sub-District) / Kangra(District) / Himachal Pradesh(State),00510700,011784,N,,,,
2092,11886,Karot (847),करोट (847),Baijnath(Sub-District) / Kangra(District) / Himachal Pradesh(State),00520900,011886,N,,,,
2093,9096,Karsoli (131),करसोली (131),Jawali(Sub-District) / Kangra(District) / Himachal Pradesh(State),00242300,009096,N,,,,
2094,9349,Kasar (72),कसर (72),Shahpur(Sub-District) / Kangra(District) / Himachal Pradesh(State),00267600,009349,N,,,,
2095,11037,Kasar (897),कासड़ (897),Majheen(Sub-District) / Kangra(District) / Himachal Pradesh(State),00436100,011037,N,,,,
2096,10637,Kasba (26),कस्बा (26),Jaswan(Sub-District) / Kangra(District) / Himachal Pradesh(State),00396100,010637,N,,,,
2097,9626,Kasba (494/5),कसवा (494/5),Dharmsala(Sub-District) / Kangra(District) / Himachal Pradesh(State),00296600,009626,N,,,,
2098,10656,Kasba (55),कस्वा (55),Dadasiba(Sub-District) / Kangra(District) / Himachal Pradesh(State),00398000,010656,N,,,,
2099,9983,Kasba (635),कस्बा (635),Nagrota Bagwan(Sub-District) / Kangra(District) / Himachal Pradesh(State),00330700,009983,N,,,,
2100,11749,Kasba (674),कस्बा (674),Bhawarna(Sub-District) / Kangra(District) / Himachal Pradesh(State),00507200,011749,N,,,,
2101,11655,Kasba (684),कस्बा (684),Bhawarna(Sub-District) / Kangra(District) / Himachal Pradesh(State),00497800,011655,N,,,,
2102,11943,Kasba (822),कस्बा (8220,Baijnath(Sub-District) / Kangra(District) / Himachal Pradesh(State),00526600,011943,N,,,,
2103,12046,Kasba (871),कस्वा (871),Baijnath(Sub-District) / Kangra(District) / Himachal Pradesh(State),00536900,012046,N,,,,
2104,11394,Kasehra (614),कसेहडा खास (614),Jaisinghpur(Sub-District) / Kangra(District) / Himachal Pradesh(State),00471700,011394,N,,,,
2105,10526,Kaseti (395),कसेटी (395),Jawalamukhi(Sub-District) / Kangra(District) / Himachal Pradesh(State),00381100,010526,N,,,,
2106,10413,Kaseti (618),कसेटी (618),Dehra Gopipur(Sub-District) / Kangra(District) / Himachal Pradesh(State),00373700,010413,N,,,,
2107,10030,Kasetkar (749),कसेटकड़ (749),Baroh(Sub-District) / Kangra(District) / Himachal Pradesh(State),00335400,010030,N,,,,
2108,8881,Kasial (176),कसयाल (176),Rey(Sub-District) / Kangra(District) / Himachal Pradesh(State),00220900,008881,N,,,,
2109,11647,Kasoti (265),कसौटी (265),Palampur(Sub-District) / Kangra(District) / Himachal Pradesh(State),00497000,011647,N,eSignGOFile662648_19_02_2025_13_53_47.pdf,,,
2110,11746,Kaswa Jugehar (672),कस्बा जुगेहड़ (672),Panchrukhi(Sub-District) / Kangra(District) / Himachal Pradesh(State),00506900,011746,N,,,,
2111,9815,Kaswara (550),कसवाडा (550),Kangra(Sub-District) / Kangra(District) / Himachal Pradesh(State),00315100,009815,N,,,,
2112,8443,Katal (421),कटल (421),Gangath(Sub-District) / Kangra(District) / Himachal Pradesh(State),00177100,008443,N,,,,
2113,8476,Kathal (41),काथल (41),Nurpur(Sub-District) / Kangra(District) / Himachal Pradesh(State),00180400,008476,N,,,,
2114,11432,Kathala (929),काथला (929),Jaisinghpur(Sub-District) / Kangra(District) / Himachal Pradesh(State),00475500,011432,N,,,,
2115,11596,Katharu (98),कठारु (98),Sulah(Sub-District) / Kangra(District) / Himachal Pradesh(State),00491900,011596,N,,,,
2116,11525,Kathena (84),कथैना (84),Palampur(Sub-District) / Kangra(District) / Himachal Pradesh(State),00484800,011525,N,,,,
2117,8718,Kathgarh (45),काठगढ (45),Indora(Sub-District) / Kangra(District) / Himachal Pradesh(State),00204600,008718,N,,,,
2118,11592,Kathiara (201),कथियाड़ा (201),Sulah(Sub-District) / Kangra(District) / Himachal Pradesh(State),00491500,011592,N,,,,
2119,10740,Kathiara (206),कठियाड़ा (206),Pragpur(Sub-District) / Kangra(District) / Himachal Pradesh(State),00406400,010740,N,,,,
2120,8680,Kathla (131),कांथला (131),Sadwan(Sub-District) / Kangra(District) / Himachal Pradesh(State),00200800,008680,N,,,,
2121,9182,Katholi (466),कथोली (466),Nagrota Surian(Sub-District) / Kangra(District) / Himachal Pradesh(State),00250900,009182,N,,,,
2122,11459,Kathon (911),कथौन (911),Jaisinghpur(Sub-District) / Kangra(District) / Himachal Pradesh(State),00478200,011459,N,,,,
2123,9946,Kathwari (594),कथवाडी (594),Nagrota Bagwan(Sub-District) / Kangra(District) / Himachal Pradesh(State),00327000,009946,N,,,,
2124,10463,Katialu (625),कत्यालू (625),Jawalamukhi(Sub-District) / Kangra(District) / Himachal Pradesh(State),00392100,010463,N,,,,
2125,8570,Katlahar (313),कुटलाहड़ (313),Raja Ka Talab(Sub-District) / Kangra(District) / Himachal Pradesh(State),00189800,008570,N,,,,
2126,10771,Katoh (264),कटोह (264),Rakkar(Sub-District) / Kangra(District) / Himachal Pradesh(State),00409500,010771,N,,,,
2127,10555,Katoi (315),कटोई (315),Bharoli(Sub-District) / Kangra(District) / Himachal Pradesh(State),00384500,010555,N,eSignGOFile131557_11_06_2024_16_54_26.pdf,,,
2128,9185,Katora (467),कटोरा (467),Nagrota Surian(Sub-District) / Kangra(District) / Himachal Pradesh(State),00251200,009185,N,,,,
2129,9108,Katoreri (89),कटोरड़ी (89),Jawali(Sub-District) / Kangra(District) / Himachal Pradesh(State),00243500,009108,N,,,,
2130,9034,Katrah Khas (240),कतराह (240),Fatehpur(Sub-District) / Kangra(District) / Himachal Pradesh(State),00236100,009034,N,,,,
2131,9800,Katwal Lahar (564),कटवाल लाहड  (564),Kangra(Sub-District) / Kangra(District) / Himachal Pradesh(State),00313600,009800,N,,,,
2132,11588,Katyad (59),कटयाड़ (59),Sulah(Sub-District) / Kangra(District) / Himachal Pradesh(State),00491100,011588,N,,,,
2133,10789,Kaulapur (303),कौलापुर (303),Rakkar(Sub-District) / Kangra(District) / Himachal Pradesh(State),00411300,010789,N,,,,
2134,11102,Kauna (432),कौना (432),Thural(Sub-District) / Kangra(District) / Himachal Pradesh(State),00442500,011102,N,,,,
2135,11325,Kawal (457),कवाल (457),Alampur(Sub-District) / Kangra(District) / Himachal Pradesh(State),00464800,011325,N,,,,
2136,9945,Kawari (606),कबाडी (606),Nagrota Bagwan(Sub-District) / Kangra(District) / Himachal Pradesh(State),00326900,009945,N,,,,
2137,8736,Kayari (87),क्यारी (87),Gangath(Sub-District) / Kangra(District) / Himachal Pradesh(State),00206500,008736,N,,,,
2138,10412,Kayori (620),कियोड़ी (620),Dehra Gopipur(Sub-District) / Kangra(District) / Himachal Pradesh(State),00373600,010412,N,,,,
2139,8574,Keharna (302),कैहरना (302),Nurpur(Sub-District) / Kangra(District) / Himachal Pradesh(State),00190200,008574,N,,,,
2140,9100,Kehran Urf Bishanpura (272),केहरना (272),Kotla(Sub-District) / Kangra(District) / Himachal Pradesh(State),00242700,009100,N,,,,
2141,9117,Kehrian (41),कैहरियां (41),Jawali(Sub-District) / Kangra(District) / Himachal Pradesh(State),00244400,009117,N,,,,
2142,8948,Kehrian (55),खैरियां (55),Fatehpur(Sub-District) / Kangra(District) / Himachal Pradesh(State),00227600,008948,N,,,,
2143,9861,Kenth Lahr (689),कैन्थलाहड (689),Nagrota Bagwan(Sub-District) / Kangra(District) / Himachal Pradesh(State),00318500,009861,N,,,,
2144,12052,Keori (1029),क्योरी (1029),Baijnath(Sub-District) / Kangra(District) / Himachal Pradesh(State),00537500,012052,N,,,,
2145,9476,Keori (324),क्योड़ी (323),Shahpur(Sub-District) / Kangra(District) / Himachal Pradesh(State),00281600,009476,N,,,,
2146,10042,Kerta (780),केरटा (780),Baroh(Sub-District) / Kangra(District) / Himachal Pradesh(State),00336600,010042,N,,,,
2147,9470,Ketlu (280),केटलू  (280),Shahpur(Sub-District) / Kangra(District) / Himachal Pradesh(State),00280000,009470,N,,,,
2148,939778,Ketlu (289),केटलू (289),Shahpur(Sub-District) / Kangra(District) / Himachal Pradesh(State),,000000,N,,,,
2149,9203,Khabal (84),खब्बल (84),Jawali(Sub-District) / Kangra(District) / Himachal Pradesh(State),00253000,009203,N,,,,
2150,9383,Khabbal (140),खव्वल (140),Shahpur(Sub-District) / Kangra(District) / Himachal Pradesh(State),00271000,009383,N,,,,
2151,9183,Khabbal (465),खव्वल (465),Nagrota Surian(Sub-District) / Kangra(District) / Himachal Pradesh(State),00251000,009183,N,,,,
2152,10399,Khabli (582),खबली (582),Dehra Gopipur(Sub-District) / Kangra(District) / Himachal Pradesh(State),00372300,010399,N,,,,
2153,8839,Khadaun (25),खडौन (25),Rey(Sub-District) / Kangra(District) / Himachal Pradesh(State),00216700,008839,N,,,,
2154,8937,Khadial (93),खड़याल (93),Fatehpur(Sub-District) / Kangra(District) / Himachal Pradesh(State),00226500,008937,N,,,,
2155,8905,Khadloh (130),खड़लोह (130),Fatehpur(Sub-District) / Kangra(District) / Himachal Pradesh(State),00223300,008905,N,,,,
2156,11994,Khaila (967),खैला (967),Chadiyar(Sub-District) / Kangra(District) / Himachal Pradesh(State),00531700,011994,N,,,,
2157,11718,Khaira Buhla (555),खैरा बूहला (555),Bhawarna(Sub-District) / Kangra(District) / Himachal Pradesh(State),00504100,011718,N,,,,
2158,11732,Khairauperla (545),खैरा उपरला (545),Bhawarna(Sub-District) / Kangra(District) / Himachal Pradesh(State),00505500,011732,N,,,,
2159,9210,Khairian (259),खैरियां (259),Kotla(Sub-District) / Kangra(District) / Himachal Pradesh(State),00253700,009210,N,,,,
2160,8606,Khairian Khas (170),खैरीयां खास (170),Nurpur(Sub-District) / Kangra(District) / Himachal Pradesh(State),00193400,008606,N,,,,
2161,8537,Khair Khas (328),खैहर खास (328),Raja Ka Talab(Sub-District) / Kangra(District) / Himachal Pradesh(State),00186500,008537,N,,,,
2162,8319,Khajan (101),खजन (101),Sadwan(Sub-District) / Kangra(District) / Himachal Pradesh(State),00164700,008319,N,,,,
2163,8663,Khajjian (189),खजियां (189),Nurpur(Sub-District) / Kangra(District) / Himachal Pradesh(State),00199100,008663,N,,,,
2164,11054,Khajurnu (381),खजूरनू (381),Thural(Sub-District) / Kangra(District) / Himachal Pradesh(State),00437700,011054,N,,,,
2165,11474,Khajurnu (721),खजूरनू (721),Jaisinghpur(Sub-District) / Kangra(District) / Himachal Pradesh(State),00479700,011474,N,,,,
2166,10121,Khajurnu (905),खजुरनू (905),Baroh(Sub-District) / Kangra(District) / Himachal Pradesh(State),00344500,010121,N,,,,
2167,10160,Khakhnera (765),खखनेरा (765),Baroh(Sub-District) / Kangra(District) / Himachal Pradesh(State),00348400,010160,N,,,,
2168,10778,Khal (266),खाल (266),Rakkar(Sub-District) / Kangra(District) / Himachal Pradesh(State),00410200,010778,N,,,,
2169,10953,Khalag (742),खालग (742),Lagru(Sub-District) / Kangra(District) / Himachal Pradesh(State),00427700,010953,N,,,,
2170,11582,Khalet (263),खलेट (263),Palampur(Sub-District) / Kangra(District) / Himachal Pradesh(State),00490500,011582,N,,,,
2171,10344,Khaleta (558),खलेटा (558),Haripur(Sub-District) / Kangra(District) / Himachal Pradesh(State),00366800,010344,N,,,,
2172,11022,Khaliana (854),खलियाना (854),Khundian(Sub-District) / Kangra(District) / Himachal Pradesh(State),00434600,011022,N,,,,
2173,12018,Khalianu (1014),खलयाणु (1014),Baijnath(Sub-District) / Kangra(District) / Himachal Pradesh(State),00534100,012018,N,,,,
2174,11431,Khalta (928),खालटा (928),Jaisinghpur(Sub-District) / Kangra(District) / Himachal Pradesh(State),00475400,011431,N,,,,
2175,8618,Khalun (289),खलूण (289),Nurpur(Sub-District) / Kangra(District) / Himachal Pradesh(State),00194600,008618,N,,,,
2176,11047,Khamehar (525),खमेहड (525),Bhawarna(Sub-District) / Kangra(District) / Himachal Pradesh(State),00437100,011047,N,,,,
2177,8270,Khanar (129),खनाहड़ (129),Sadwan(Sub-District) / Kangra(District) / Himachal Pradesh(State),00159800,008270,N,,,,
2178,8743,Khanda (92),खण्डा (92),Indora(Sub-District) / Kangra(District) / Himachal Pradesh(State),00207200,008743,N,,,,
2179,8350,Khani Jhikli (56),खनी झिकली (56),Nurpur(Sub-District) / Kangra(District) / Himachal Pradesh(State),00167800,008350,N,,,,
2180,8344,Khani Uperli (63),खनी उपरली (63),Nurpur(Sub-District) / Kangra(District) / Himachal Pradesh(State),00167200,008344,N,,,,
2181,9891,Khanog (716),खनोग (716),Nagrota Bagwan(Sub-District) / Kangra(District) / Himachal Pradesh(State),00321500,009891,N,,,,
2182,8789,Khanpur (47),खानपुर (47),Thakurdwara(Sub-District) / Kangra(District) / Himachal Pradesh(State),00211800,008789,N,,,,
2183,10424,Khanwara (655),खनवाडा (655),Dehra Gopipur(Sub-District) / Kangra(District) / Himachal Pradesh(State),00374800,010424,N,,,,
2184,10079,Khapernal (791),खपरनाल (791),Baroh(Sub-District) / Kangra(District) / Himachal Pradesh(State),00340300,010079,N,,,,
2185,10118,Khaprehar (901),खपरेहड़ (901),Baroh(Sub-District) / Kangra(District) / Himachal Pradesh(State),00344200,010118,N,,,,
2186,11215,Kharaina (138),खरियाना (138),Dhira(Sub-District) / Kangra(District) / Himachal Pradesh(State),00453800,011215,N,,,,
2187,11903,Kharanal (819),खड़ानाल (819),Baijnath(Sub-District) / Kangra(District) / Himachal Pradesh(State),00522600,011903,N,,,,
2188,9146,Kharar (10),खराड़ (10),Jawali(Sub-District) / Kangra(District) / Himachal Pradesh(State),00247300,009146,N,,,,
2189,11476,Kharati (4),खारटी (4),Chachian(Sub-District) / Kangra(District) / Himachal Pradesh(State),00479900,011476,N,,,,
2190,9949,Khard (591),खरड़ (591),Nagrota Bagwan(Sub-District) / Kangra(District) / Himachal Pradesh(State),00327300,009949,N,,,,
2191,8888,Kharela (186),खरेला (186),Rey(Sub-District) / Kangra(District) / Himachal Pradesh(State),00221600,008888,N,,,,
2192,9483,Khari Behi (26),खड़ी बेही (26),Dareeni(Sub-District) / Kangra(District) / Himachal Pradesh(State),00282300,009483,N,,,,
2193,12131,Khari Malhan (1068),खड़ी मलहां (1068),Multhan(Sub-District) / Kangra(District) / Himachal Pradesh(State),00545400,012131,N,,,,
2194,9343,Khariri (48),खरीड़ी (48),Dareeni(Sub-District) / Kangra(District) / Himachal Pradesh(State),00267000,009343,N,,,,
2195,11267,Kharjad (647),खरजाड (647),Jaisinghpur(Sub-District) / Kangra(District) / Himachal Pradesh(State),00459000,011267,N,,,,
2196,10987,Kharmuhn (775),खरमूहण (775),Khundian(Sub-District) / Kangra(District) / Himachal Pradesh(State),00431100,010987,N,,,,
2197,8335,Kharod (69),खरोड़ (69),Nurpur(Sub-District) / Kangra(District) / Himachal Pradesh(State),00166300,008335,N,,,,
2198,10558,Kharota (326),खरोटा (326),Bharoli(Sub-District) / Kangra(District) / Himachal Pradesh(State),00384800,010558,N,eSignGOFile131557_11_06_2024_16_54_26.pdf,,,
2199,9583,Kharota (378),खडौता (378),Dharmsala(Sub-District) / Kangra(District) / Himachal Pradesh(State),00292300,009583,N,,,,
2200,9147,Kharota (9),खरोटा (9),Jawali(Sub-District) / Kangra(District) / Himachal Pradesh(State),00247400,009147,N,,,,
2201,10753,Kharoti (237),खरोटी (237),Rakkar(Sub-District) / Kangra(District) / Himachal Pradesh(State),00407700,010753,N,,,,
2202,11564,Kharouth Har (102),खड़ौठ हार (102),Sulah(Sub-District) / Kangra(District) / Himachal Pradesh(State),00488700,011564,N,,,,
2203,9745,Kharti (254),खर्ठी (254),Kangra(Sub-District) / Kangra(District) / Himachal Pradesh(State),00308100,009745,N,,,,
2204,10085,Khart Khas (855),खर्ट खास (855),Baroh(Sub-District) / Kangra(District) / Himachal Pradesh(State),00340900,010085,N,,,,
2205,11693,Kharuhal (366),खडुहल (366),Bhawarna(Sub-District) / Kangra(District) / Himachal Pradesh(State),00501600,011693,N,,,,
2206,9647,Kharyada(279),खड़याला (279),Kangra(Sub-District) / Kangra(District) / Himachal Pradesh(State),00280100,009647,N,eSignGOFile662648_19_02_2025_14_44_06.pdf,,,
2207,10058,Kharyalkar (832),खरयालकड़ (832),Baroh(Sub-District) / Kangra(District) / Himachal Pradesh(State),00338200,010058,N,,,,
2208,9827,Khas Thana (532),खास ठाना (532),Nagrota Bagwan(Sub-District) / Kangra(District) / Himachal Pradesh(State),00304200,009827,N,,,,
2209,11494,Khatehar (11),खटेहड़ (11),Chachian(Sub-District) / Kangra(District) / Himachal Pradesh(State),00481700,011494,N,,,,
2210,9564,Khatehr (409),खटेहड़ (409),Dharmsala(Sub-District) / Kangra(District) / Himachal Pradesh(State),00290400,009564,N,,,,
2211,11144,Khatin (108),खतीन (108),Dhira(Sub-District) / Kangra(District) / Himachal Pradesh(State),00446700,011144,N,,,,
2212,9016,Khatiyar (241),खटियाड़ (241),Fatehpur(Sub-District) / Kangra(District) / Himachal Pradesh(State),00234400,009016,N,,,,
2213,8823,Khatrehar (38),खतरेहड़ (38),Fatehpur(Sub-District) / Kangra(District) / Himachal Pradesh(State),00215100,008823,N,,,,
2214,11945,Khatrehar (824),खतरेड़ (824),Baijnath(Sub-District) / Kangra(District) / Himachal Pradesh(State),00526800,011945,N,,,,
2215,9943,Khatrehr (629),खतरेहड (629),Nagrota Bagwan(Sub-District) / Kangra(District) / Himachal Pradesh(State),00326700,009943,N,,,,
2216,8510,Khatta (370),खत्ता (370),Raja Ka Talab(Sub-District) / Kangra(District) / Himachal Pradesh(State),00183800,008510,N,,,,
2217,10161,Khazzi (771),खज्जी (771),Baroh(Sub-District) / Kangra(District) / Himachal Pradesh(State),00348500,010161,N,,,,
2218,8644,Khel (192),खेल (192),Nurpur(Sub-District) / Kangra(District) / Himachal Pradesh(State),00197200,008644,N,,,,
2219,11264,Kheri (660),खेडी (660),Jaisinghpur(Sub-District) / Kangra(District) / Himachal Pradesh(State),00458700,011264,N,,,,
2220,10572,Kherian (331),खैरियां (331),Bharoli(Sub-District) / Kangra(District) / Himachal Pradesh(State),00386200,010572,N,eSignGOFile131557_11_06_2024_16_55_43.pdf,,,
2221,10317,Kherian Khas (445),खैरियां खास  (445),Haripur(Sub-District) / Kangra(District) / Himachal Pradesh(State),00364100,010317,N,,,,
2222,11576,Khilroo (210),खिलडू (210),Palampur(Sub-District) / Kangra(District) / Himachal Pradesh(State),00489900,011576,N,,,,
2223,9009,Khodla (217),खोड़ला (217),Fatehpur(Sub-District) / Kangra(District) / Himachal Pradesh(State),00233700,009009,N,,,,
2224,9409,Khola (54),खोला (54),Shahpur(Sub-District) / Kangra(District) / Himachal Pradesh(State),00273600,009409,N,,,,
2225,11027,Khola (847),खोला (847),Khundian(Sub-District) / Kangra(District) / Himachal Pradesh(State),00435100,011027,N,,,,
2226,11177,Kholi (170),खोली (170),Dhira(Sub-District) / Kangra(District) / Himachal Pradesh(State),00450000,011177,N,,,,
2227,11182,Kholi (180),खोली (180),Dhira(Sub-District) / Kangra(District) / Himachal Pradesh(State),00450500,011182,N,,,,
2228,9711,Kholi (459),खोली (459),Kangra(Sub-District) / Kangra(District) / Himachal Pradesh(State),00304700,009711,N,,,,
2229,11733,Kholi (542),खोली (542),Bhawarna(Sub-District) / Kangra(District) / Himachal Pradesh(State),00505600,011733,N,,,,
2230,9364,Kholi (93),खोली (93),Shahpur(Sub-District) / Kangra(District) / Himachal Pradesh(State),00269100,009364,N,,,,
2231,11990,Kholi (961),खौली (961),Chadiyar(Sub-District) / Kangra(District) / Himachal Pradesh(State),00531300,011990,N,,,,
2232,12019,Khopa (1018),खोपा (1018),Baijnath(Sub-District) / Kangra(District) / Himachal Pradesh(State),00534200,012019,N,,,,
2233,9704,Khopa (466),खोपा (466),Kangra(Sub-District) / Kangra(District) / Himachal Pradesh(State),00302800,009704,N,,,,
2234,8984,Khor (192),खोड़ (192),Fatehpur(Sub-District) / Kangra(District) / Himachal Pradesh(State),00231200,008984,N,,,,
2235,8481,Khoral (397),खडौल (397),Gangath(Sub-District) / Kangra(District) / Himachal Pradesh(State),00180900,008481,N,,,,
2236,10597,Khouhla (668),खौहला (668),Jawalamukhi(Sub-District) / Kangra(District) / Himachal Pradesh(State),00388900,010597,N,,,,
2237,8275,Khowara (115),खुवाड़ा (115),Sadwan(Sub-District) / Kangra(District) / Himachal Pradesh(State),00160300,008275,N,,,,
2238,8714,Khubbar (31),खुव्वड (31),Indora(Sub-District) / Kangra(District) / Himachal Pradesh(State),00204200,008714,N,,,,
2239,11914,Khudali (754),खुडली (754),Baijnath(Sub-District) / Kangra(District) / Himachal Pradesh(State),00523700,011914,N,,,,
2240,11976,Khuh (972),खूह (972),Chadiyar(Sub-District) / Kangra(District) / Himachal Pradesh(State),00529900,011976,N,,,,
2241,9708,Khui (464),खुई (464),Kangra(Sub-District) / Kangra(District) / Himachal Pradesh(State),00303200,009708,N,,,,
2242,8961,Khukniara (75),खुखनियाड़ा (75),Fatehpur(Sub-District) / Kangra(District) / Himachal Pradesh(State),00228900,008961,N,,,,
2243,8430,Khumal (469),खुमाल (469),Gangath(Sub-District) / Kangra(District) / Himachal Pradesh(State),00175800,008430,N,,,,
2244,10940,Khundian (780),खुण्डियाँ (780),Khundian(Sub-District) / Kangra(District) / Himachal Pradesh(State),00426400,010940,N,,,,
2245,9395,Kiari (101),क्यारी (101),Shahpur(Sub-District) / Kangra(District) / Himachal Pradesh(State),00272200,009395,N,,,,
2246,10845,Kihari (700),किहड़ी (700),Khundian(Sub-District) / Kangra(District) / Himachal Pradesh(State),00416900,010845,N,,,,
2247,939754,Kila (443),किला (443),Kangra(Sub-District) / Kangra(District) / Himachal Pradesh(State),,000000,N,,,,
2248,9112,Kimman (57),किम्मण (57),Jawali(Sub-District) / Kangra(District) / Himachal Pradesh(State),00243900,009112,N,,,,
2249,11045,Kior (903),क्योड़ (903),Majheen(Sub-District) / Kangra(District) / Himachal Pradesh(State),00436900,011045,N,,,,
2250,8670,Kior Brahmana (150),क्योड़ ब्राहमणा (150),Sadwan(Sub-District) / Kangra(District) / Himachal Pradesh(State),00199800,008670,N,,,,
2251,8669,Kior Ghrian (151),कयोड़ घरियाँ (151),Sadwan(Sub-District) / Kangra(District) / Himachal Pradesh(State),00199700,008669,N,,,,
2252,9976,Kir Chamba (612),कीरचम्बा (612),Nagrota Bagwan(Sub-District) / Kangra(District) / Himachal Pradesh(State),00330000,009976,N,,,,
2253,11212,Kiyara (145),कियारा (145),Dhira(Sub-District) / Kangra(District) / Himachal Pradesh(State),00453500,011212,N,,,,
2254,9070,Koh (93),कोह (93),Jawali(Sub-District) / Kangra(District) / Himachal Pradesh(State),00239700,009070,N,,,,
2255,9307,Kohala (198),कोहला (198),Harchakian(Sub-District) / Kangra(District) / Himachal Pradesh(State),00263400,009307,N,,,,
2256,11296,Kohala (606),केहाला (606),Jaisinghpur(Sub-District) / Kangra(District) / Himachal Pradesh(State),00461900,011296,N,,,,
2257,9705,Kohala Khas (467),कोहाला खास (467),Kangra(Sub-District) / Kangra(District) / Himachal Pradesh(State),00302900,009705,N,,,,
2258,10867,Kohalri (791),कोहलड़ी (791),Khundian(Sub-District) / Kangra(District) / Himachal Pradesh(State),00419100,010867,N,,,,
2259,11193,Kohana (319),कोहाना (319),Dhira(Sub-District) / Kangra(District) / Himachal Pradesh(State),00451600,011193,N,,,,
2260,12104,Kohar Khas (1048),कोहड़ खास (1048),Multhan(Sub-District) / Kangra(District) / Himachal Pradesh(State),00542700,012104,N,,,,
2261,12105,Kohar Uparli (1073),कोहड़ उपरली (1073),Multhan(Sub-District) / Kangra(District) / Himachal Pradesh(State),00542800,012105,N,,,,
2262,9431,Kohla (142),कोहला (142),Shahpur(Sub-District) / Kangra(District) / Himachal Pradesh(State),00275800,009431,N,,,,
2263,10417,Kohla (578),कोहला (578),Dehra Gopipur(Sub-District) / Kangra(District) / Himachal Pradesh(State),00374100,010417,N,,,,
2264,8298,Kohla Dalialan (96),कोहला ढलयाल (96),Sadwan(Sub-District) / Kangra(District) / Himachal Pradesh(State),00162600,008298,N,,,,
2265,10490,Kohlari (351),कोहलड़ी (351),Jawalamukhi(Sub-District) / Kangra(District) / Himachal Pradesh(State),00377500,010490,N,,,,
2266,10596,Kohla Sagwal (667),कोहला सगवाल (667),Jawalamukhi(Sub-District) / Kangra(District) / Himachal Pradesh(State),00388600,010596,N,,,,
2267,11851,Kohli (223),कोहली (223),Palampur(Sub-District) / Kangra(District) / Himachal Pradesh(State),00517400,011851,N,,,,
2268,10315,Kohli (443),कोहली (443),Haripur(Sub-District) / Kangra(District) / Himachal Pradesh(State),00363900,010315,N,,,,
2269,11167,Kohlru (129),कोहलडू (129),Dhira(Sub-District) / Kangra(District) / Himachal Pradesh(State),00449000,011167,N,,,,
2270,8600,Kohri (180),कोहडी (180),Nurpur(Sub-District) / Kangra(District) / Himachal Pradesh(State),00192800,008600,N,,,,
2271,10618,Koi (19),कोई (19),Jaswan(Sub-District) / Kangra(District) / Himachal Pradesh(State),00394200,010618,N,,,,
2272,10839,Koka (637),कोका (637),Lagru(Sub-District) / Kangra(District) / Himachal Pradesh(State),00416300,010839,N,,,,
2273,11855,Kolani (810),कुलाणी (810),Palampur(Sub-District) / Kangra(District) / Himachal Pradesh(State),00517800,011855,N,,,,
2274,8637,Kopar (212),कोपड (212),Nurpur(Sub-District) / Kangra(District) / Himachal Pradesh(State),00196500,008637,N,,,,
2275,10551,Kopra (341),कोपड़ा (341),Bharoli(Sub-District) / Kangra(District) / Himachal Pradesh(State),00384100,010551,N,eSignGOFile131557_11_06_2024_16_54_26.pdf,,,
2276,8331,Kopra Khas (78),कोपडा खास (78),Nurpur(Sub-District) / Kangra(District) / Himachal Pradesh(State),00165900,008331,N,,,,
2277,9311,Korian (202),कोडिया (202),Harchakian(Sub-District) / Kangra(District) / Himachal Pradesh(State),00263800,009311,N,,,,
2278,10984,Korli (763),कोरली (763),Khundian(Sub-District) / Kangra(District) / Himachal Pradesh(State),00430800,010984,N,,,,
2279,11143,Korna (115),कोरना (115),Dhira(Sub-District) / Kangra(District) / Himachal Pradesh(State),00446600,011143,N,,,,
2280,11770,Kosab (717),कोसव (717),Panchrukhi(Sub-District) / Kangra(District) / Himachal Pradesh(State),00509300,011770,N,,,,
2281,11396,Kosri Khas (621),कोसरी खास (621),Jaisinghpur(Sub-District) / Kangra(District) / Himachal Pradesh(State),00471900,011396,N,,,,
2282,8667,Kot (148),कोट (148),Sadwan(Sub-District) / Kangra(District) / Himachal Pradesh(State),00199500,008667,N,,,,
2283,8814,Kot (18),कोट (18),Rey(Sub-District) / Kangra(District) / Himachal Pradesh(State),00214200,008814,N,,,,
2284,11826,Kot (234),कोट (234),Panchrukhi(Sub-District) / Kangra(District) / Himachal Pradesh(State),00514900,011826,N,,,,
2285,11231,Kot (339),कोट (339),Dhira(Sub-District) / Kangra(District) / Himachal Pradesh(State),00455400,011231,N,,,,
2286,11166,Kotha (128),कोठा (128),Dhira(Sub-District) / Kangra(District) / Himachal Pradesh(State),00448900,011166,N,,,,
2287,8830,Kothar (36),कोठार (36),Rey(Sub-District) / Kangra(District) / Himachal Pradesh(State),00215800,008830,N,,,,
2288,8515,Kothi (362),कोठी (362),Raja Ka Talab(Sub-District) / Kangra(District) / Himachal Pradesh(State),00184300,008515,N,eSignGOFile131557_01_02_2025_14_38_26.pdf,,,
2289,8424,Kothi (430),कोठी (430),Gangath(Sub-District) / Kangra(District) / Himachal Pradesh(State),00175200,008424,N,,,,
2290,11729,Kothi (543),कोठी (543),Bhawarna(Sub-District) / Kangra(District) / Himachal Pradesh(State),00505200,011729,N,,,,
2291,8800,Kothi (6),कोठी (6),Fatehpur(Sub-District) / Kangra(District) / Himachal Pradesh(State),00212800,008800,N,,,,
2292,11752,Kothi (682),कोठी (682),Panchrukhi(Sub-District) / Kangra(District) / Himachal Pradesh(State),00507500,011752,N,,,,
2293,11946,Kothi (965),कोठी (965),Chadiyar(Sub-District) / Kangra(District) / Himachal Pradesh(State),00526900,011946,N,,,,
2294,11992,Kothi Buhli (823),कोठी बुहली (823),Baijnath(Sub-District) / Kangra(District) / Himachal Pradesh(State),00531500,011992,N,,,,
2295,9732,Kothru (240),कोठडू (240),Kangra(Sub-District) / Kangra(District) / Himachal Pradesh(State),00306800,009732,N,,,,
2296,9691,Kotkwala (432),कोटकवाला (432),Kangra(Sub-District) / Kangra(District) / Himachal Pradesh(State),00301500,009691,N,,,,
2297,10545,Kotla (359),कोटला (359),Jawalamukhi(Sub-District) / Kangra(District) / Himachal Pradesh(State),00383500,010545,N,,,,
2298,9493,Kotla (39),कोटला (39),Dharmsala(Sub-District) / Kangra(District) / Himachal Pradesh(State),00283300,009493,N,,,,
2299,8419,Kotla (440),कोटला (440),Gangath(Sub-District) / Kangra(District) / Himachal Pradesh(State),00174700,008419,N,,,,
2300,10622,Kotla Khas (29),कोटला खास (29),Jaswan(Sub-District) / Kangra(District) / Himachal Pradesh(State),00394600,010622,N,,,,
2301,12055,Kotli (1032),कोटली (1032),Baijnath(Sub-District) / Kangra(District) / Himachal Pradesh(State),00537800,012055,N,,,,
2302,11303,Kotlu (513),कोटलू(513),Alampur(Sub-District) / Kangra(District) / Himachal Pradesh(State),00462600,011303,N,,,,
2303,11297,Kotlu Khas (604),कोटलूखास (604),Jaisinghpur(Sub-District) / Kangra(District) / Himachal Pradesh(State),00462000,011297,N,,,,
2304,10884,Kotu Dhorian (869),कोटू ढोरियां (869),Majheen(Sub-District) / Kangra(District) / Himachal Pradesh(State),00420800,010884,N,,,,
2305,11076,Kotwal Lahar (405),कोतवाल लाहड (405),Thural(Sub-District) / Kangra(District) / Himachal Pradesh(State),00439900,011076,N,,,,
2306,10073,Kotwal Lahar (841),कोतवाल लाहड़ (841),Baroh(Sub-District) / Kangra(District) / Himachal Pradesh(State),00339700,010073,N,,,,
2307,11703,Kouna (522),कौना (522),Bhawarna(Sub-District) / Kangra(District) / Himachal Pradesh(State),00502600,011703,N,,,,
2308,10527,Kubhkar (408),कुम्बकर (408),Jawalamukhi(Sub-District) / Kangra(District) / Himachal Pradesh(State),00381200,010527,N,,,,
2309,10916,Kud (863),कुड (863),Khundian(Sub-District) / Kangra(District) / Himachal Pradesh(State),00424000,010916,N,,,,
2310,12009,Kudail Buhli (1008),कुदैल बुहली (1008),Baijnath(Sub-District) / Kangra(District) / Himachal Pradesh(State),00533200,012009,N,,,,
2311,12010,Kudail Upperli (1009),कुदैल उपरली (1009),Baijnath(Sub-District) / Kangra(District) / Himachal Pradesh(State),00533300,012010,N,,,,
2312,11483,Kudan (3),कुडन (3),Chachian(Sub-District) / Kangra(District) / Himachal Pradesh(State),00480600,011483,N,,,,
2313,11302,Kudana (575),कुडाणा (575),Jaisinghpur(Sub-District) / Kangra(District) / Himachal Pradesh(State),00462500,011302,N,,,,
2314,10581,Kuharpura (337),कुहारपुरा (337),Bharoli(Sub-District) / Kangra(District) / Himachal Pradesh(State),00387100,010581,N,eSignGOFile131557_11_06_2024_16_39_15.pdf,,,
2315,10297,Kuhasan (161),कुहासन (161),Dehra Gopipur(Sub-District) / Kangra(District) / Himachal Pradesh(State),00362100,010297,N,,,,
2316,10742,Kuhna (226),कूहना (226),Rakkar(Sub-District) / Kangra(District) / Himachal Pradesh(State),00406600,010742,N,,,,
2317,11334,Kuhn Khas (448),कुहन खास(448),Alampur(Sub-District) / Kangra(District) / Himachal Pradesh(State),00465700,011334,N,,,,
2318,11332,Kuhn Uparli (446),कुहन उपरली (446),Alampur(Sub-District) / Kangra(District) / Himachal Pradesh(State),00465500,011332,N,,,,
2319,10426,Kuhru (429),कुहरु (429),Dehra Gopipur(Sub-District) / Kangra(District) / Himachal Pradesh(State),00375000,010426,N,,,,
2320,10764,Kukahar (254),कुकाहर (254),Rakkar(Sub-District) / Kangra(District) / Himachal Pradesh(State),00408800,010764,N,,,,
2321,11940,Kukaina (783),कुकैना (783),Baijnath(Sub-District) / Kangra(District) / Himachal Pradesh(State),00526300,011940,N,,,,
2322,12096,Kukargundha (1042),कुक्कड़गुन्धा (1042),Multhan(Sub-District) / Kangra(District) / Himachal Pradesh(State),00541900,012096,N,,,,
2323,8300,Kukher (109),खुखेड़ (109),Sadwan(Sub-District) / Kangra(District) / Himachal Pradesh(State),00162800,008300,N,eSignGOFile662648_19_02_2025_11_05_11.pdf,,,
2324,8732,Kukrala (83),कुकडेला (83),Indora(Sub-District) / Kangra(District) / Himachal Pradesh(State),00206100,008732,N,,,,
2325,10903,Kukrehr (877),कुकरेड़ (877),Majheen(Sub-District) / Kangra(District) / Himachal Pradesh(State),00422700,010903,N,,,,
2326,10829,Kukriana (741),कुकड़ियाना (741),Lagru(Sub-District) / Kangra(District) / Himachal Pradesh(State),00415300,010829,N,,,,
2327,8579,Kulahan (159),कुलाहण (159),Nurpur(Sub-District) / Kangra(District) / Himachal Pradesh(State),00190700,008579,N,,,,
2328,9784,Kulakar (575),कुलाकड (575),Kangra(Sub-District) / Kangra(District) / Himachal Pradesh(State),00312000,009784,N,,,,
2329,8877,Kulali (162),कुलेली (162),Rey(Sub-District) / Kangra(District) / Himachal Pradesh(State),00220500,008877,N,,,,
2330,8894,Kulalla (156),कुलाला (156),Rey(Sub-District) / Kangra(District) / Himachal Pradesh(State),00222200,008894,N,,,,
2331,10288,Kular (159),कुलाहर (159),Dehra Gopipur(Sub-District) / Kangra(District) / Himachal Pradesh(State),00361200,010288,N,,,,
2332,8709,Kulara (22),कुलाड़ा (22),Indora(Sub-District) / Kangra(District) / Himachal Pradesh(State),00203700,008709,N,,,,
2333,9357,Kulhar (84),कुलहाड़ (84),Shahpur(Sub-District) / Kangra(District) / Himachal Pradesh(State),00268400,009357,N,,,,
2334,9519,Kuliara (327),कुलयाड़ा (327),Dharmsala(Sub-District) / Kangra(District) / Himachal Pradesh(State),00285800,009519,N,,,,
2335,9786,Kulthi (582),कुल्थी (582),Kangra(Sub-District) / Kangra(District) / Himachal Pradesh(State),00312200,009786,N,,,,
2336,8810,Kumb Jhikli (10),कुम्ब झिकली (10),Rey(Sub-District) / Kangra(District) / Himachal Pradesh(State),00213800,008810,N,,,,
2337,8809,Kumb Uparli (11),कुम्ब उपरली (11),Fatehpur(Sub-District) / Kangra(District) / Himachal Pradesh(State),00213700,008809,N,,,,
2338,11893,Kumhara (835),घुमारड़ा (835),Baijnath(Sub-District) / Kangra(District) / Himachal Pradesh(State),00521600,011893,N,,,,
2339,9533,Kumharkar (352),कुम्हारकड़ (352),Dharmsala(Sub-District) / Kangra(District) / Himachal Pradesh(State),00287200,009533,N,,,,
2340,10439,Kundli (426),कुन्दली (426),Dehra Gopipur(Sub-District) / Kangra(District) / Himachal Pradesh(State),00389700,010439,N,,,,
2341,10560,Kunna (318),कुन्ना (318),Bharoli(Sub-District) / Kangra(District) / Himachal Pradesh(State),00385000,010560,N,eSignGOFile131557_11_06_2024_16_54_26.pdf,,,
2342,12032,Kunsal Buhli (888),कुंसल वुहली (888),Baijnath(Sub-District) / Kangra(District) / Himachal Pradesh(State),00535500,012032,N,,,,
2343,12039,Kunsal Upperli (873),कुंसल उपरली (873),Baijnath(Sub-District) / Kangra(District) / Himachal Pradesh(State),00536200,012039,N,,,,
2344,9799,Kupar Lahr (566),कोपरलाहड (566),Kangra(Sub-District) / Kangra(District) / Himachal Pradesh(State),00313500,009799,N,,,,
2345,8871,Kural (181),कुड़ल (181),Rey(Sub-District) / Kangra(District) / Himachal Pradesh(State),00219900,008871,N,,,,
2346,11615,Kural (306),कुरल (306),Sulah(Sub-District) / Kangra(District) / Himachal Pradesh(State),00493800,011615,N,,,,
2347,11978,Kurang (970),कुडंग (970),Chadiyar(Sub-District) / Kangra(District) / Himachal Pradesh(State),00530100,011978,N,,,,
2348,10963,Kurehar (725),कुरेहड़ (725),Khundian(Sub-District) / Kangra(District) / Himachal Pradesh(State),00428700,010963,N,,,,
2349,9391,Kurela (121),कुरेला (121),Shahpur(Sub-District) / Kangra(District) / Himachal Pradesh(State),00271800,009391,N,,,,
2350,10872,Kurera (810),करेड़ा (810),Majheen(Sub-District) / Kangra(District) / Himachal Pradesh(State),00419600,010872,N,,,,
2351,10908,Kuri (885),कुरी (885),Majheen(Sub-District) / Kangra(District) / Himachal Pradesh(State),00423200,010908,N,,,,
2352,8410,Kuriyala (445),कुरयाला (445),Gangath(Sub-District) / Kangra(District) / Himachal Pradesh(State),00173800,008410,N,,,,
2353,8740,Kuriyali (88),कुरयाली (88),Gangath(Sub-District) / Kangra(District) / Himachal Pradesh(State),00206900,008740,N,,,,
2354,10781,Kurna (265),कुड़ना (265),Rakkar(Sub-District) / Kangra(District) / Himachal Pradesh(State),00410500,010781,N,,,,
2355,8720,Kursan (41),कुडसां (41),Indora(Sub-District) / Kangra(District) / Himachal Pradesh(State),00204800,008720,N,,,,
2356,11294,Kuru (573),कुरू (573),Jaisinghpur(Sub-District) / Kangra(District) / Himachal Pradesh(State),00461700,011294,N,,,,
2357,9662,Kuryala (233),कुरयाला (233),Kangra(Sub-District) / Kangra(District) / Himachal Pradesh(State),00298600,009662,N,,,,
2358,10784,Kuryal Khera (296),कुरयाल खेड़ा (296),Rakkar(Sub-District) / Kangra(District) / Himachal Pradesh(State),00410800,010784,N,,,,
2359,11528,Kushmal (68),कुशमल (68),Chachian(Sub-District) / Kangra(District) / Himachal Pradesh(State),00485100,011528,N,,,,
2360,8355,Kut (29),कुट (29),Nurpur(Sub-District) / Kangra(District) / Himachal Pradesh(State),00168300,008355,N,,,,
2361,9490,Kut (37),कुट (37),Dharmsala(Sub-District) / Kangra(District) / Himachal Pradesh(State),00283000,009490,N,,,,
2362,8938,Kut (95),कुट (95),Fatehpur(Sub-District) / Kangra(District) / Himachal Pradesh(State),00226600,008938,N,,,,
2363,10939,Kutahan (784),कुटाहण (784),Khundian(Sub-District) / Kangra(District) / Himachal Pradesh(State),00426300,010939,N,,,,
2364,11414,Kutahan (920),कुटाहण (920),Jaisinghpur(Sub-District) / Kangra(District) / Himachal Pradesh(State),00473700,011414,N,,,,
2365,11360,Kutballa (581),कुटवल्ला (581),Jaisinghpur(Sub-District) / Kangra(District) / Himachal Pradesh(State),00468300,011360,N,,,,
2366,10318,Kut Ban Tili (564),कुट वन टिल्ली (564),Haripur(Sub-District) / Kangra(District) / Himachal Pradesh(State),00364200,010318,N,,,,
2367,8538,Kuthandal (330),कुठन्दल (330),Raja Ka Talab(Sub-District) / Kangra(District) / Himachal Pradesh(State),00186600,008538,N,,,,
2368,9427,Kuthar (124),कुठार (124),Shahpur(Sub-District) / Kangra(District) / Himachal Pradesh(State),00275400,009427,N,,,,
2369,10330,Kuthar (530),कुठार (530),Haripur(Sub-District) / Kangra(District) / Himachal Pradesh(State),00365400,010330,N,,,,
2370,8977,Kuthara (97),कुठाड़ा (97),Fatehpur(Sub-District) / Kangra(District) / Himachal Pradesh(State),00230500,008977,N,,,,
2371,9480,Kutharna (23),कुठारना (23),Dareeni(Sub-District) / Kangra(District) / Himachal Pradesh(State),00282000,009480,N,,,,
2372,12066,Kuthar Thathi (859),कुठार थाथी (859),Baijnath(Sub-District) / Kangra(District) / Himachal Pradesh(State),00538900,012066,N,,,,
2373,9219,Kuthehr (267),कुठेहड (267),Kotla(Sub-District) / Kangra(District) / Himachal Pradesh(State),00254600,009219,N,,,,
2374,10611,Kuthehra (8),कुठेहड़ा (8),Jaswan(Sub-District) / Kangra(District) / Himachal Pradesh(State),00393500,010611,N,,,,
2375,8599,Kuther (174),कुठेड (174),Nurpur(Sub-District) / Kangra(District) / Himachal Pradesh(State),00192700,008599,N,,,,
2376,9439,Kuther (298),कुठेहड़ (298),Shahpur(Sub-District) / Kangra(District) / Himachal Pradesh(State),00276600,009439,N,,,,
2377,9130,Kuthera (43),कुठेहड़ा (43),Jawali(Sub-District) / Kangra(District) / Himachal Pradesh(State),00245700,009130,N,,,,
2378,11722,Kuthera (656),कुठेहडा (656),Bhawarna(Sub-District) / Kangra(District) / Himachal Pradesh(State),00504500,011722,N,,,,
2379,9471,Kuthman (313),कुठमा (313),Shahpur(Sub-District) / Kangra(District) / Himachal Pradesh(State),00281000,009471,N,,,,
2380,10546,Kuth Sarotriyan (357),कुठ सहोतरियां (357),Bharoli(Sub-District) / Kangra(District) / Himachal Pradesh(State),00383600,010546,N,eSignGOFile131557_11_06_2024_16_52_36.pdf,,,
2381,8539,Kutkana (331),कुत्तकाना (331),Raja Ka Talab(Sub-District) / Kangra(District) / Himachal Pradesh(State),00186700,008539,N,,,,
2382,10579,Kut Kashmir (332),कुट कश्मीर (332),Bharoli(Sub-District) / Kangra(District) / Himachal Pradesh(State),00386900,010579,N,eSignGOFile131557_11_06_2024_16_39_15.pdf,,,
2383,9013,Kutlehr (233),कुटलाहड़ (233),Fatehpur(Sub-District) / Kangra(District) / Himachal Pradesh(State),00234100,009013,N,,,,
2384,11002,Kuwali (769),कुबाली (769),Khundian(Sub-District) / Kangra(District) / Himachal Pradesh(State),00432600,011002,N,,,,
2385,11523,Kwat (85),कवाट (85),Palampur(Sub-District) / Kangra(District) / Himachal Pradesh(State),00484600,011523,N,,,,
2386,10097,Kyar (818),क्यार (818),Baroh(Sub-District) / Kangra(District) / Himachal Pradesh(State),00342100,010097,N,,,,
2387,9133,Lab (40),लब (40),Jawali(Sub-District) / Kangra(District) / Himachal Pradesh(State),00246000,009133,N,,,,
2388,11915,Labol (759),लवौल (759),Baijnath(Sub-District) / Kangra(District) / Himachal Pradesh(State),00523800,011915,N,,,,
2389,10349,Lachhu (551),लच्छूं (551),Haripur(Sub-District) / Kangra(District) / Himachal Pradesh(State),00367300,010349,N,,,,
2390,11881,Lachoon (788),लच्छूँ (788),Palampur(Sub-District) / Kangra(District) / Himachal Pradesh(State),00520400,011881,N,,,,
2391,10303,Ladana (576),लड़ाना (576),Dehra Gopipur(Sub-District) / Kangra(District) / Himachal Pradesh(State),00362700,010303,N,,,,
2392,9126,Ladhiar (46),लुधियाड़ (46),Jawali(Sub-District) / Kangra(District) / Himachal Pradesh(State),00245300,009126,N,,,,
2393,10772,Ladoa (252),लडोआ (252),Rakkar(Sub-District) / Kangra(District) / Himachal Pradesh(State),00409600,010772,N,,,,
2394,11793,Ladoh (701),लदोह (701),Panchrukhi(Sub-District) / Kangra(District) / Himachal Pradesh(State),00511600,011793,N,,,,
2395,8677,Ladori Khas (141),लदोड़ी खास (141),Sadwan(Sub-District) / Kangra(District) / Himachal Pradesh(State),00200500,008677,N,,,,
2396,9855,Ladret (685),लदरेट (685),Nagrota Bagwan(Sub-District) / Kangra(District) / Himachal Pradesh(State),00317900,009855,N,,,,
2397,9333,Lag (16),लग (16),Dareeni(Sub-District) / Kangra(District) / Himachal Pradesh(State),00266000,009333,N,,,,
2398,10687,Lag (67),लग (67),Dadasiba(Sub-District) / Kangra(District) / Himachal Pradesh(State),00401100,010687,N,,,,
2399,10265,Lag Badhna (188),लगवधना (188),Pragpur(Sub-District) / Kangra(District) / Himachal Pradesh(State),00358900,010265,N,,,,
2400,10728,Lag Dahdu (191),लगडाहड़ू (191),Pragpur(Sub-District) / Kangra(District) / Himachal Pradesh(State),00405200,010728,N,,,,
2401,8586,Lagor (163),लगोड (163),Nurpur(Sub-District) / Kangra(District) / Himachal Pradesh(State),00191400,008586,N,,,,
2402,8835,Lagra (35),लगड़ा (35),Rey(Sub-District) / Kangra(District) / Himachal Pradesh(State),00216300,008835,N,,,,
2403,10832,Lagru (709),लगडू (709),Lagru(Sub-District) / Kangra(District) / Himachal Pradesh(State),00415600,010832,N,,,,
2404,10729,Lag Thakran (190),लग ठाकरां (190),Pragpur(Sub-District) / Kangra(District) / Himachal Pradesh(State),00405300,010729,N,,,,
2405,10163,Lahalpur (485),लाहलपुर (484),Haripur(Sub-District) / Kangra(District) / Himachal Pradesh(State),00348700,010163,N,,,,
2406,11762,Lahaman (744),लहामण (744),Panchrukhi(Sub-District) / Kangra(District) / Himachal Pradesh(State),00508500,011762,N,,,,
2407,11366,Lahar (583),लाहड (583),Jaisinghpur(Sub-District) / Kangra(District) / Himachal Pradesh(State),00468900,011366,N,,,,
2408,9966,Lahar (610),लाहड़ (610),Nagrota Bagwan(Sub-District) / Kangra(District) / Himachal Pradesh(State),00329000,009966,N,,,,
2409,10980,Lahar (758),लाहड़ (758),Khundian(Sub-District) / Kangra(District) / Himachal Pradesh(State),00430400,010980,N,,,,
2410,10048,Lahar (788),लाहड़ (788),Baroh(Sub-District) / Kangra(District) / Himachal Pradesh(State),00337200,010048,N,,,,
2411,11196,Lahar Buhla (323),लाहड़ बूहला (323),Dhira(Sub-District) / Kangra(District) / Himachal Pradesh(State),00451900,011196,N,,,,
2412,11104,Lahar Duhak (462),लाहड डूहक (462),Thural(Sub-District) / Kangra(District) / Himachal Pradesh(State),00442700,011104,N,,,,
2413,9335,Lahari (14),लाहड़ी (14),Dareeni(Sub-District) / Kangra(District) / Himachal Pradesh(State),00266200,009335,N,,,,
2414,11299,Lahari (602),लाहडी (602),Jaisinghpur(Sub-District) / Kangra(District) / Himachal Pradesh(State),00462200,011299,N,,,,
2415,9853,Lahar Kangota (678),लाहड कंगोटा (678),Nagrota Bagwan(Sub-District) / Kangra(District) / Himachal Pradesh(State),00317700,009853,N,,,,
2416,9225,Laharn (248),लाहडन (248),Kotla(Sub-District) / Kangra(District) / Himachal Pradesh(State),00255200,009225,N,,,,
2417,11602,Lahartara (184),लाहड़ तड़ा (184),Sulah(Sub-District) / Kangra(District) / Himachal Pradesh(State),00492500,011602,N,,,,
2418,10537,Laharu (365),लाहड़ू (365),Jawalamukhi(Sub-District) / Kangra(District) / Himachal Pradesh(State),00382700,010537,N,,,,
2419,11263,Laharu (644),लाहडू (644),Jaisinghpur(Sub-District) / Kangra(District) / Himachal Pradesh(State),00458600,011263,N,,,,
2420,10542,Lahasan (362),लहासन (362),Jawalamukhi(Sub-District) / Kangra(District) / Himachal Pradesh(State),00383200,010542,N,,,,
2421,11281,Lahat Khas (563),लाहट खास (563),Jaisinghpur(Sub-District) / Kangra(District) / Himachal Pradesh(State),00460400,011281,N,,,,
2422,11540,Lahla Khas (43),लाहला खास (43),Chachian(Sub-District) / Kangra(District) / Himachal Pradesh(State),00486300,011540,N,,,,
2423,9964,Lahlesar (605),लहलेसर (605),Nagrota Bagwan(Sub-District) / Kangra(District) / Himachal Pradesh(State),00328800,009964,N,,,,
2424,11202,Lahr Banahra (150),लाहड़ बनाहडा (150),Dhira(Sub-District) / Kangra(District) / Himachal Pradesh(State),00452500,011202,N,,,,
2425,11204,Lahr Chalaina (133),लाहड़ छलैना (133),Dhira(Sub-District) / Kangra(District) / Himachal Pradesh(State),00452700,011204,N,,,,
2426,9207,Lahri (262),लाह्डी (262),Kotla(Sub-District) / Kangra(District) / Himachal Pradesh(State),00253400,009207,N,,,,
2427,11170,Lahr Malaicha (151),लाहड़ मलाचां (151),Dhira(Sub-District) / Kangra(District) / Himachal Pradesh(State),00449300,011170,N,,,,
2428,11159,Lahr Thakran (124),लाहड़ ठाकरां (124),Dhira(Sub-District) / Kangra(District) / Himachal Pradesh(State),00448200,011159,N,,,,
2429,11238,Lahru (335),लाहडू (335),Dhira(Sub-District) / Kangra(District) / Himachal Pradesh(State),00456100,011238,N,,,,
2430,11230,Lahru (338),लाहडू (338),Dhira(Sub-District) / Kangra(District) / Himachal Pradesh(State),00455300,011230,N,,,,
2431,11056,Lahru (380),लाहडू (380),Thural(Sub-District) / Kangra(District) / Himachal Pradesh(State),00437900,011056,N,,,,
2432,11068,Lahru (392),लाहडू (392),Thural(Sub-District) / Kangra(District) / Himachal Pradesh(State),00439100,011068,N,,,,
2433,10300,Lahru (433),लाहडू (433),Dehra Gopipur(Sub-District) / Kangra(District) / Himachal Pradesh(State),00362400,010300,N,,,,
2434,11330,Lahru (443),लाहडू (443),Alampur(Sub-District) / Kangra(District) / Himachal Pradesh(State),00465300,011330,N,,,,
2435,11731,Lahru (548),लाहडू (548),Bhawarna(Sub-District) / Kangra(District) / Himachal Pradesh(State),00505400,011731,N,,,,
2436,9119,Lahru (56),लाहड़ू (56),Jawali(Sub-District) / Kangra(District) / Himachal Pradesh(State),00244600,009119,N,,,,
2437,10989,Lahru (751),लाहडू (751),Khundian(Sub-District) / Kangra(District) / Himachal Pradesh(State),00431300,010989,N,,,,
2438,10015,Lahru (757),लाहडू (757),Baroh(Sub-District) / Kangra(District) / Himachal Pradesh(State),00333900,010015,N,,,,
2439,10998,Lahru (779),लाहडू (779),Khundian(Sub-District) / Kangra(District) / Himachal Pradesh(State),00432200,010998,N,,,,
2440,11188,Lahr Uparla (315),लाहड़ उपरला (315),Dhira(Sub-District) / Kangra(District) / Himachal Pradesh(State),00451100,011188,N,,,,
2441,11653,Laihr (686),लैहड़ (686),Palampur(Sub-District) / Kangra(District) / Himachal Pradesh(State),00497600,011653,N,eSignGOFile662648_19_02_2025_13_53_47.pdf,,,
2442,9970,Lakha Mandal (627),लाखामण्डल (627),Nagrota Bagwan(Sub-District) / Kangra(District) / Himachal Pradesh(State),00329400,009970,N,,,,
2443,8362,Lakhanpur (20),लखनपुर (20),Nurpur(Sub-District) / Kangra(District) / Himachal Pradesh(State),00169000,008362,N,,,,
2444,10643,Lakharra (22),लखारड़ा (22),Jaswan(Sub-District) / Kangra(District) / Himachal Pradesh(State),00396700,010643,N,,,,
2445,8277,Lakhnat (112),लखनाट (112),Sadwan(Sub-District) / Kangra(District) / Himachal Pradesh(State),00160500,008277,N,,,,
2446,9204,Lakhner (86),लखनेहड़ (86),Jawali(Sub-District) / Kangra(District) / Himachal Pradesh(State),00253100,009204,N,,,,
2447,8405,Lakhotarwan (464),लखोत्रवां (464),Gangath(Sub-District) / Kangra(District) / Himachal Pradesh(State),00173300,008405,N,,,,
2448,10505,Lakhwal (347),लखवाल (347),Bharoli(Sub-District) / Kangra(District) / Himachal Pradesh(State),00379000,010505,N,eSignGOFile131557_11_06_2024_16_52_36.pdf,,,
2449,8297,Lakhwal (94),लखवाल (94),Sadwan(Sub-District) / Kangra(District) / Himachal Pradesh(State),00162500,008297,N,,,,
2450,9962,Lakrehr (611),लकरेहड़ (611),Nagrota Bagwan(Sub-District) / Kangra(District) / Himachal Pradesh(State),00328600,009962,N,,,,
2451,9453,Lalar (304),लालर (304),Shahpur(Sub-District) / Kangra(District) / Himachal Pradesh(State),00278000,009453,N,,,,
2452,9717,Laleher (449),ललेहड़ (449),Kangra(Sub-District) / Kangra(District) / Himachal Pradesh(State),00305300,009717,N,,,,
2453,9873,Lalehr (717),ललेहड (717),Nagrota Bagwan(Sub-District) / Kangra(District) / Himachal Pradesh(State),00319700,009873,N,,,,
2454,10511,Lalwara (382),ललवाड़ा (382),Jawalamukhi(Sub-District) / Kangra(District) / Himachal Pradesh(State),00379600,010511,N,,,,
2455,9250,Lalyar (226),लल्याड (226),Kotla(Sub-District) / Kangra(District) / Himachal Pradesh(State),00257700,009250,N,,,,
2456,9318,Lam (4),लाम (4),Dareeni(Sub-District) / Kangra(District) / Himachal Pradesh(State),00264500,009318,N,,,,
2457,11495,Lambapat (14),लमवापट्ट (14),Chachian(Sub-District) / Kangra(District) / Himachal Pradesh(State),00481800,011495,N,,,,
2458,8933,Lambat (43),लम्बाट (43),Fatehpur(Sub-District) / Kangra(District) / Himachal Pradesh(State),00226100,008933,N,,,,
2459,11823,Lamehar (238),लमेहड़ (238),Panchrukhi(Sub-District) / Kangra(District) / Himachal Pradesh(State),00514600,011823,N,,,,
2460,11798,Lamlehar (697),लमलेहड़ (697),Panchrukhi(Sub-District) / Kangra(District) / Himachal Pradesh(State),00512100,011798,N,,,,
2461,10693,Landyara (62),लंडियाडा (62),Dadasiba(Sub-District) / Kangra(District) / Himachal Pradesh(State),00401700,010693,N,,,,
2462,11953,Langhu (884),लंघू (884),Baijnath(Sub-District) / Kangra(District) / Himachal Pradesh(State),00527600,011953,N,,,,
2463,11142,Lanjehr (114),लंजैहड़ (114),Dhira(Sub-District) / Kangra(District) / Himachal Pradesh(State),00446500,011142,N,,,,
2464,9526,Lanjhni (347),लांझणी (347),Dharmsala(Sub-District) / Kangra(District) / Himachal Pradesh(State),00286500,009526,N,,,,
2465,9305,Lanj Khas (196),लंज खास (196),Harchakian(Sub-District) / Kangra(District) / Himachal Pradesh(State),00263200,009305,N,,,,
2466,9415,Lanjot (130),लंजोत (130),Shahpur(Sub-District) / Kangra(District) / Himachal Pradesh(State),00274200,009415,N,,,,
2467,11282,Lanot (561),लनौट (561),Jaisinghpur(Sub-District) / Kangra(District) / Himachal Pradesh(State),00460500,011282,N,,,,
2468,9284,Lapiana (176),लपियाना (176),Harchakian(Sub-District) / Kangra(District) / Himachal Pradesh(State),00261100,009284,N,,,,
2469,9285,Lapiana Khas (178),लपियाना खास (178),Harchakian(Sub-District) / Kangra(District) / Himachal Pradesh(State),00261200,009285,N,,,,
2470,8551,Larhoon Khas (342),लरूहं खास (342),Raja Ka Talab(Sub-District) / Kangra(District) / Himachal Pradesh(State),00187900,008551,N,,,,
2471,8759,Larth (108),लारथ (108),Indora(Sub-District) / Kangra(District) / Himachal Pradesh(State),00208800,008759,N,,,,
2472,8561,Larth (324),लाड़थ (324),Raja Ka Talab(Sub-District) / Kangra(District) / Himachal Pradesh(State),00188900,008561,N,,,,
2473,10972,Latehar (728),लटेहड़ (728),Khundian(Sub-District) / Kangra(District) / Himachal Pradesh(State),00429600,010972,N,,,,
2474,8889,Lathial (159),लठयाल (159),Rey(Sub-District) / Kangra(District) / Himachal Pradesh(State),00221700,008889,N,,,,
2475,8923,Latwala (47),लटवाला (47),Fatehpur(Sub-District) / Kangra(District) / Himachal Pradesh(State),00225100,008923,N,,,,
2476,11532,Latwala (65),लटवाला (65),Chachian(Sub-District) / Kangra(District) / Himachal Pradesh(State),00485500,011532,N,,,,
2477,11112,Leora (466),लियोरा (466),Thural(Sub-District) / Kangra(District) / Himachal Pradesh(State),00443500,011112,N,,,,
2478,10797,Ler (284),लेर (284),Rakkar(Sub-District) / Kangra(District) / Himachal Pradesh(State),00412100,010797,N,,,,
2479,11854,Lhanga (221),लाँघा (221),Palampur(Sub-District) / Kangra(District) / Himachal Pradesh(State),00517700,011854,N,,,,
2480,939749,Lidwad (604/1),लिदवड़ (604-1),Nagrota Bagwan(Sub-District) / Kangra(District) / Himachal Pradesh(State),,000000,N,,,,
2481,10926,Lihas (821),लिहास (821),Khundian(Sub-District) / Kangra(District) / Himachal Pradesh(State),00425000,010926,N,,,,
2482,8312,Lihora (66),लिहोरा (66),Nurpur(Sub-District) / Kangra(District) / Himachal Pradesh(State),00164000,008312,N,,,,
2483,9836,Lili (665),लिली (665),Nagrota Bagwan(Sub-District) / Kangra(District) / Himachal Pradesh(State),00316000,009836,N,,,,
2484,11064,Linjhan (384),लिँझण (384),Thural(Sub-District) / Kangra(District) / Himachal Pradesh(State),00438700,011064,N,,,,
2485,11355,Liunda (481),लियुन्डा (481),Alampur(Sub-District) / Kangra(District) / Himachal Pradesh(State),00467800,011355,N,,,,
2486,8375,Lodhwan Khas (14),लोधवा खास (14),Gangath(Sub-District) / Kangra(District) / Himachal Pradesh(State),00170300,008375,N,,,,
2487,8936,Loh (54),लोह (54),Fatehpur(Sub-District) / Kangra(District) / Himachal Pradesh(State),00226400,008936,N,,,,
2488,8980,Lohara (106),लोहारा (106),Fatehpur(Sub-District) / Kangra(District) / Himachal Pradesh(State),00230800,008980,N,,,,
2489,11571,Loharal (206),लोहारल (206),Palampur(Sub-District) / Kangra(District) / Himachal Pradesh(State),00489400,011571,N,,,,
2490,9089,Lohar Beh (91),लौहार बैह (91),Jawali(Sub-District) / Kangra(District) / Himachal Pradesh(State),00241600,009089,N,,,,
2491,9506,Loharkar (343),लोहारकड़ (343),Dharmsala(Sub-District) / Kangra(District) / Himachal Pradesh(State),00284500,009506,N,,,,
2492,11720,Loharkar (553),लोहारकड (553),Bhawarna(Sub-District) / Kangra(District) / Himachal Pradesh(State),00504300,011720,N,,,,
2493,10959,Loharkar (731),लोहारकड़ (731),Lagru(Sub-District) / Kangra(District) / Himachal Pradesh(State),00428300,010959,N,,,,
2494,11015,Loharkar (856),लोहारकड़ (856),Khundian(Sub-District) / Kangra(District) / Himachal Pradesh(State),00433900,011015,N,,,,
2495,10105,Lohar Lahri (824),लोहार लाहड़ी (824),Baroh(Sub-District) / Kangra(District) / Himachal Pradesh(State),00342900,010105,N,,,,
2496,8307,Lohar Pura (89),लोहारपुरा (89),Sadwan(Sub-District) / Kangra(District) / Himachal Pradesh(State),00163500,008307,N,,,,
2497,11841,Lohna (224),लोहना (224),Palampur(Sub-District) / Kangra(District) / Himachal Pradesh(State),00516400,011841,N,,,,
2498,8482,Lokwan (398),लोहक्वां (398),Gangath(Sub-District) / Kangra(District) / Himachal Pradesh(State),00181000,008482,N,,,,
2499,12079,Lolani (854),लोलानी (854),Baijnath(Sub-District) / Kangra(District) / Himachal Pradesh(State),00540200,012079,N,,,,
2500,11887,Lot (845),लोट (845),Baijnath(Sub-District) / Kangra(District) / Himachal Pradesh(State),00521000,011887,N,,,,
2501,11713,Loungni (559),लौगणी (559),Bhawarna(Sub-District) / Kangra(District) / Himachal Pradesh(State),00503600,011713,N,,,,
2502,12120,Lowai (1064),लुवाई (1064),Multhan(Sub-District) / Kangra(District) / Himachal Pradesh(State),00544300,012120,N,,,,
2503,11363,Lower Lamba Graon (589),लोअर लम्वागांव (589),Jaisinghpur(Sub-District) / Kangra(District) / Himachal Pradesh(State),00468600,011363,N,,,,
2504,11552,Ludhran (53),लुधरां (53),Sulah(Sub-District) / Kangra(District) / Himachal Pradesh(State),00487500,011552,N,,,,
2505,10197,Ludret (464),लुदरेट (464),Haripur(Sub-District) / Kangra(District) / Himachal Pradesh(State),00352100,010197,N,,,,
2506,11472,Lugat (722),लुगट (722),Jaisinghpur(Sub-District) / Kangra(District) / Himachal Pradesh(State),00479500,011472,N,,,,
2507,9332,Luharka (13),लुहारका (13),Dareeni(Sub-District) / Kangra(District) / Himachal Pradesh(State),00265900,009332,N,,,,
2508,11513,Lulani (74),लुलाणी (74),Palampur(Sub-District) / Kangra(District) / Himachal Pradesh(State),00483600,011513,N,,,,
2509,11685,Lulehar (376),लुलेहड (376),Bhawarna(Sub-District) / Kangra(District) / Himachal Pradesh(State),00500800,011685,N,,,,
2510,11236,Lulehr (325),ललेहड़ (325),Dhira(Sub-District) / Kangra(District) / Himachal Pradesh(State),00455900,011236,N,,,,
2511,11222,Lulehr (409),ललेहड़ (409),Dhira(Sub-District) / Kangra(District) / Himachal Pradesh(State),00454500,011222,N,,,,
2512,8653,Lundar (197),लुंडर (197),Nurpur(Sub-District) / Kangra(District) / Himachal Pradesh(State),00198100,008653,N,,,,
2513,9101,Lutehar (270),लुटेहड (270),Kotla(Sub-District) / Kangra(District) / Himachal Pradesh(State),00242800,009101,N,,,,
2514,10562,Luthan (317),लुथान (317),Bharoli(Sub-District) / Kangra(District) / Himachal Pradesh(State),00385200,010562,N,eSignGOFile131557_11_06_2024_16_55_43.pdf,,,
2515,9620,Machhan (506),मच्छा (506),Dharmsala(Sub-District) / Kangra(District) / Himachal Pradesh(State),00296000,009620,N,,,,
2516,9024,Machhot (222),मछोट (222),Fatehpur(Sub-District) / Kangra(District) / Himachal Pradesh(State),00235100,009024,N,,,,
2517,11779,Machhuai (736),मच्छुई (736),Panchrukhi(Sub-District) / Kangra(District) / Himachal Pradesh(State),00510200,011779,N,,,,
2518,11135,Machlehar (387),मचलेहड (387),Thural(Sub-District) / Kangra(District) / Himachal Pradesh(State),00445800,011135,N,,,,
2519,11599,Machlena (100),मछलैना (100),Sulah(Sub-District) / Kangra(District) / Himachal Pradesh(State),00492200,011599,N,,,,
2520,8290,Madanpur (102),मदनपुर (102),Sadwan(Sub-District) / Kangra(District) / Himachal Pradesh(State),00161800,008290,N,,,,
2521,12063,Maded Kalan (1040),मढ़ेडकलां (1040),Baijnath(Sub-District) / Kangra(District) / Himachal Pradesh(State),00538600,012063,N,,,,
2522,12062,Maded Khurd (1039),मढेढ़ (1039),Baijnath(Sub-District) / Kangra(District) / Himachal Pradesh(State),00538500,012062,N,,,,
2523,9746,Madha (253),मढा (253),Kangra(Sub-District) / Kangra(District) / Himachal Pradesh(State),00308200,009746,N,,,,
2524,10370,Madhini (596),मधीणी (596),Haripur(Sub-District) / Kangra(District) / Himachal Pradesh(State),00369400,010370,N,,,,
2525,11892,Madhonagar (836),माधोनगर (836),Baijnath(Sub-District) / Kangra(District) / Himachal Pradesh(State),00521500,011892,N,,,,
2526,8434,Madoli (429),मदौली (429),Gangath(Sub-District) / Kangra(District) / Himachal Pradesh(State),00176200,008434,N,,,,
2527,9739,Madu (241),मढूं (241),Kangra(Sub-District) / Kangra(District) / Himachal Pradesh(State),00307500,009739,N,,,,
2528,10807,Magru Brahmna (277),मगरु ब्राह्मणा (277),Rakkar(Sub-District) / Kangra(District) / Himachal Pradesh(State),00413100,010807,N,,,,
2529,10806,Magru Saryala (276),मगरु सरयाला (276),Rakkar(Sub-District) / Kangra(District) / Himachal Pradesh(State),00413000,010806,N,,,,
2530,11554,Mahadev (55),महादेव (55),Sulah(Sub-District) / Kangra(District) / Himachal Pradesh(State),00487700,011554,N,,,,
2531,9457,Mahakali (293),महाकाली (293 ),Shahpur(Sub-District) / Kangra(District) / Himachal Pradesh(State),00278400,009457,N,,,,
2532,10612,Mahala (9),महाला (9),Jaswan(Sub-District) / Kangra(District) / Himachal Pradesh(State),00393600,010612,N,,,,
2533,12037,Mahalpat Katocha (876),महालपट्ट कटोचा (876),Baijnath(Sub-District) / Kangra(District) / Himachal Pradesh(State),00536000,012037,N,,,,
2534,12030,Mahankal (1020),महांकाल (1020),Baijnath(Sub-District) / Kangra(District) / Himachal Pradesh(State),00535300,012030,N,,,,
2535,9372,Mahar-1 (103),महाड़-1 (103),Shahpur(Sub-District) / Kangra(District) / Himachal Pradesh(State),00269900,009372,N,,,,
2536,9373,Mahar-2 (104),महाड़-2 (104),Shahpur(Sub-District) / Kangra(District) / Himachal Pradesh(State),00270000,009373,N,,,,
2537,8293,Maharag (98),माहड़ग (98),Sadwan(Sub-District) / Kangra(District) / Himachal Pradesh(State),00162100,008293,N,,,,
2538,11387,Maharaj Nagar (633),महाराजनगर (633),Jaisinghpur(Sub-District) / Kangra(District) / Himachal Pradesh(State),00471000,011387,N,,,,
2539,11040,Mahesi (901),मैहसी (901),Majheen(Sub-District) / Kangra(District) / Himachal Pradesh(State),00436400,011040,N,,,,
2540,11664,Mahlag Buhli (289),माहलग बूहली (289),Bhawarna(Sub-District) / Kangra(District) / Himachal Pradesh(State),00498700,011664,N,,,,
2541,11663,Mahlag Uparli (288),माहलग उपरली (288),Bhawarna(Sub-District) / Kangra(District) / Himachal Pradesh(State),00498600,011663,N,,,,
2542,12034,Mahlpat (886),महालपट्ट (886),Baijnath(Sub-District) / Kangra(District) / Himachal Pradesh(State),00535700,012034,N,,,,
2543,10823,Mahr (710),माहड़ (710),Lagru(Sub-District) / Kangra(District) / Himachal Pradesh(State),00414700,010823,N,,,,
2544,10006,Mahulahar (738),महूलाहड़ (738),Baroh(Sub-District) / Kangra(District) / Himachal Pradesh(State),00333000,010006,N,,,,
2545,10716,Mahun (217),महूँ (217),Pragpur(Sub-District) / Kangra(District) / Himachal Pradesh(State),00404000,010716,N,,,,
2546,8271,Maihla (133),मैहला (133),Sadwan(Sub-District) / Kangra(District) / Himachal Pradesh(State),00159900,008271,N,,,,
2547,11437,Maila (934),मैला (934),Jaisinghpur(Sub-District) / Kangra(District) / Himachal Pradesh(State),00476000,011437,N,,,,
2548,11059,Mailey (396),मैले (396),Thural(Sub-District) / Kangra(District) / Himachal Pradesh(State),00438200,011059,N,,,,
2549,8891,Maingal Pir (28),मैंगल पीर (28),Rey(Sub-District) / Kangra(District) / Himachal Pradesh(State),00221900,008891,N,,,,
2550,9744,Maira (255),मैरा (255),Kangra(Sub-District) / Kangra(District) / Himachal Pradesh(State),00308000,009744,N,,,,
2551,9085,Maira (28),मैरा (28),Jawali(Sub-District) / Kangra(District) / Himachal Pradesh(State),00241200,009085,N,,,,
2552,8409,Maira(454),मैरा(454),Gangath(Sub-District) / Kangra(District) / Himachal Pradesh(State),00173700,008409,N,eSignGOFile662648_19_02_2025_16_29_54.pdf,,,
2553,10841,Maira (698),मैरा (698),Lagru(Sub-District) / Kangra(District) / Himachal Pradesh(State),00416500,010841,N,,,,
2554,8345,Maira Batrah (64),मैरा बटराह (64),Nurpur(Sub-District) / Kangra(District) / Himachal Pradesh(State),00167300,008345,N,,,,
2555,11461,Maiser Gujrehra (903),मैहसडगुजरेडा (903),Jaisinghpur(Sub-District) / Kangra(District) / Himachal Pradesh(State),00478400,011461,N,,,,
2556,11479,Majehatali (7),मझेटली (7),Chachian(Sub-District) / Kangra(District) / Himachal Pradesh(State),00480200,011479,N,,,,
2557,11603,Majhakra (188),मझाकड़ा (188),Sulah(Sub-District) / Kangra(District) / Himachal Pradesh(State),00492600,011603,N,,,,
2558,9788,Majhakra (579),मझाकडा (579),Kangra(Sub-District) / Kangra(District) / Himachal Pradesh(State),00312400,009788,N,,,,
2559,11965,Majhar (993),मझेड़ (993),Chadiyar(Sub-District) / Kangra(District) / Himachal Pradesh(State),00528800,011965,N,,,,
2560,11277,Majhehar (655),मझेहड (655),Jaisinghpur(Sub-District) / Kangra(District) / Himachal Pradesh(State),00460000,011277,N,,,,
2561,11796,Majhenu (698),मझैनू (698),Panchrukhi(Sub-District) / Kangra(District) / Himachal Pradesh(State),00511900,011796,N,,,,
2562,11471,Majhera (724),मझेडा (724),Jaisinghpur(Sub-District) / Kangra(District) / Himachal Pradesh(State),00479400,011471,N,,,,
2563,11937,Majheran Khas (779),मझैरन खास (779),Baijnath(Sub-District) / Kangra(District) / Himachal Pradesh(State),00526000,011937,N,,,,
2564,11936,Majheran Uperla (780),मझैरन उपरला (780),Baijnath(Sub-District) / Kangra(District) / Himachal Pradesh(State),00525900,011936,N,,,,
2565,9990,Majhetali Buhli (643),मझेटली वुहली (643),Nagrota Bagwan(Sub-District) / Kangra(District) / Himachal Pradesh(State),00331400,009990,N,,,,
2566,9981,Majhetali Uparli (641),मझेटली उपरली (641),Nagrota Bagwan(Sub-District) / Kangra(District) / Himachal Pradesh(State),00330500,009981,N,,,,
2567,10888,Majhin (807),मझीण (807),Majheen(Sub-District) / Kangra(District) / Himachal Pradesh(State),00421200,010888,N,,,,
2568,11455,Majhoti (913),मंझोटी (913),Jaisinghpur(Sub-District) / Kangra(District) / Himachal Pradesh(State),00477800,011455,N,,,,
2569,11985,Majhoti (956),मझौटी (956),Chadiyar(Sub-District) / Kangra(District) / Himachal Pradesh(State),00530800,011985,N,,,,
2570,8684,Majra (16),माजरा (16),Indora(Sub-District) / Kangra(District) / Himachal Pradesh(State),00201200,008684,N,,,,
2571,11026,Makar (848),मकड़ (848),Khundian(Sub-District) / Kangra(District) / Himachal Pradesh(State),00435000,011026,N,,,,
2572,9651,Makdeli (272),मकडेली (272),Kangra(Sub-District) / Kangra(District) / Himachal Pradesh(State),00280500,009651,N,,,,
2573,10580,Makhror (336),मखरोड़ (336),Bharoli(Sub-District) / Kangra(District) / Himachal Pradesh(State),00387000,010580,N,eSignGOFile131557_11_06_2024_16_39_15.pdf,,,
2574,10011,Makloh (761),मकलोह (761),Baroh(Sub-District) / Kangra(District) / Himachal Pradesh(State),00333500,010011,N,,,,
2575,11772,Makol (720),मकोल (720),Panchrukhi(Sub-District) / Kangra(District) / Himachal Pradesh(State),00509500,011772,N,,,,
2576,9161,Makrahan (25),मकड़ाहन (25),Jawali(Sub-District) / Kangra(District) / Himachal Pradesh(State),00248800,009161,N,,,,
2577,11149,Makrehr (169),मकरेहड़ (169),Dhira(Sub-District) / Kangra(District) / Himachal Pradesh(State),00447200,011149,N,,,,
2578,9283,Makrer (175),मकरेड (175),Harchakian(Sub-District) / Kangra(District) / Himachal Pradesh(State),00261000,009283,N,,,,
2579,8758,Makroli (103),मकडोली (103),Gangath(Sub-District) / Kangra(District) / Himachal Pradesh(State),00208700,008758,N,,,,
2580,9469,Makroti (282),मकड़ोटी (282),Shahpur(Sub-District) / Kangra(District) / Himachal Pradesh(State),00279600,009469,N,,,,
2581,10951,Maktehar (754),मकतेहड़ (754),Khundian(Sub-District) / Kangra(District) / Himachal Pradesh(State),00427500,010951,N,,,,
2582,8428,Malahar (468),मलहाड़ (468),Gangath(Sub-District) / Kangra(District) / Himachal Pradesh(State),00175600,008428,N,,,,
2583,8731,Malahri (82),मलाहड़ी (82),Indora(Sub-District) / Kangra(District) / Himachal Pradesh(State),00206000,008731,N,,,,
2584,9303,Malahru (194),मलाहडू (194),Harchakian(Sub-District) / Kangra(District) / Himachal Pradesh(State),00263000,009303,N,,,,
2585,11744,Malahu (670),मलाहू (670),Bhawarna(Sub-District) / Kangra(District) / Himachal Pradesh(State),00506700,011744,N,,,,
2586,8772,Malal (68),मलाल (68),Indora(Sub-District) / Kangra(District) / Himachal Pradesh(State),00210100,008772,N,,,,
2587,9991,Malan (646),मलां (646),Nagrota Bagwan(Sub-District) / Kangra(District) / Himachal Pradesh(State),00331500,009991,N,,,,
2588,11725,Malan (659),मलान (659),Bhawarna(Sub-District) / Kangra(District) / Himachal Pradesh(State),00504800,011725,N,,,,
2589,10151,Malana (877),मलाना (877),Baroh(Sub-District) / Kangra(District) / Himachal Pradesh(State),00347500,010151,N,,,,
2590,9907,Malan Ambari (648),मलां अंबाड़ी (648),Nagrota Bagwan(Sub-District) / Kangra(District) / Himachal Pradesh(State),00323100,009907,N,,,,
2591,11096,Malandhar (428),मलान्धर (428),Thural(Sub-District) / Kangra(District) / Himachal Pradesh(State),00441900,011096,N,,,,
2592,11662,Malanu (676),मालनू (676),Bhawarna(Sub-District) / Kangra(District) / Himachal Pradesh(State),00498500,011662,N,,,,
2593,12017,Malehar (1013),मलेहड़ (1013),Baijnath(Sub-District) / Kangra(District) / Himachal Pradesh(State),00534000,012017,N,,,,
2594,11075,Malehar (403),मलेहड (403),Thural(Sub-District) / Kangra(District) / Himachal Pradesh(State),00439800,011075,N,,,,
2595,11456,Malehar (912),मलेहड (912),Jaisinghpur(Sub-District) / Kangra(District) / Himachal Pradesh(State),00477900,011456,N,,,,
2596,11251,Malehr (355),मलेहड़ (355),Dhira(Sub-District) / Kangra(District) / Himachal Pradesh(State),00457400,011251,N,,,,
2597,9116,Malela (60),मलेला (60),Jawali(Sub-District) / Kangra(District) / Himachal Pradesh(State),00244300,009116,N,,,,
2598,11515,Malenta (79),मलैन्ता (79),Palampur(Sub-District) / Kangra(District) / Himachal Pradesh(State),00483800,011515,N,,,,
2599,10306,Maleta (435),मलेटा (435),Haripur(Sub-District) / Kangra(District) / Himachal Pradesh(State),00363000,010306,N,,,,
2600,11901,Malghota (827),मलघोटा (827),Baijnath(Sub-District) / Kangra(District) / Himachal Pradesh(State),00522400,011901,N,,,,
2601,11072,Malghuni (399),मलघूणी (399),Thural(Sub-District) / Kangra(District) / Himachal Pradesh(State),00439500,011072,N,,,,
2602,8846,Malhanta (132),मलहन्ता (132),Rey(Sub-District) / Kangra(District) / Himachal Pradesh(State),00217400,008846,N,,,,
2603,8782,Malkana (62),मलकाना (62),Thakurdwara(Sub-District) / Kangra(District) / Himachal Pradesh(State),00211100,008782,N,,,,
2604,11048,Malkehar (526),मलकेहड (526),Bhawarna(Sub-District) / Kangra(District) / Himachal Pradesh(State),00437200,011048,N,,,,
2605,8273,Malkwal (134),मलकवाल (134),Sadwan(Sub-District) / Kangra(District) / Himachal Pradesh(State),00160100,008273,N,,,,
2606,11257,Malli (639),मल्ली (639),Jaisinghpur(Sub-District) / Kangra(District) / Himachal Pradesh(State),00458000,011257,N,,,,
2607,10159,Malmunh (767),मलमूंह (767),Baroh(Sub-District) / Kangra(District) / Himachal Pradesh(State),00348300,010159,N,,,,
2608,11345,Malodhan (468),मलोढन (468),Alampur(Sub-District) / Kangra(District) / Himachal Pradesh(State),00466800,011345,N,,,,
2609,11622,Malog (349),मलोग (349),Sulah(Sub-District) / Kangra(District) / Himachal Pradesh(State),00494500,011622,N,,,,
2610,8701,Malot (20),मलोट (20),Indora(Sub-District) / Kangra(District) / Himachal Pradesh(State),00202900,008701,N,,,,
2611,10633,Malot (44),मलोट (44),Jaswan(Sub-District) / Kangra(District) / Himachal Pradesh(State),00395700,010633,N,,,,
2612,8282,Mamun Gurchhal (122),ममुह गुरचाल (122),Sadwan(Sub-District) / Kangra(District) / Himachal Pradesh(State),00161000,008282,N,,,,
2613,8464,Mamur (44),ममूर (44),Nurpur(Sub-District) / Kangra(District) / Himachal Pradesh(State),00179200,008464,N,,,,
2614,11884,Manai (849),मनाई (849),Baijnath(Sub-District) / Kangra(District) / Himachal Pradesh(State),00520700,011884,N,,,,
2615,9194,Manara (72),मनारा (72),Jawali(Sub-District) / Kangra(District) / Himachal Pradesh(State),00252100,009194,N,,,,
2616,9563,Mandal (424),मन्दल (424),Dharmsala(Sub-District) / Kangra(District) / Himachal Pradesh(State),00290300,009563,N,,,,
2617,8777,Mand Bhogarwan (66),मण्डभोग्रवां (66),Indora(Sub-District) / Kangra(District) / Himachal Pradesh(State),00210600,008777,N,,,,
2618,9803,Mandhal (581),मंधाल (580),Kangra(Sub-District) / Kangra(District) / Himachal Pradesh(State),00313900,009803,N,,,,
2619,11618,Mandhap (308),मण्डप (308),Sulah(Sub-District) / Kangra(District) / Himachal Pradesh(State),00494100,011618,N,,,,
2620,10442,Mandheli (657),मन्ढेली (657),Dehra Gopipur(Sub-District) / Kangra(District) / Himachal Pradesh(State),00390000,010442,N,,,,
2621,12031,Mandhol (1021),मंधोल (1021),Baijnath(Sub-District) / Kangra(District) / Himachal Pradesh(State),00535400,012031,N,,,,
2622,8986,Mandhot (115),मन्धोट (115),Fatehpur(Sub-District) / Kangra(District) / Himachal Pradesh(State),00231400,008986,N,,,,
2623,10667,Mandiyara (78),मडियाडा (78),Dadasiba(Sub-District) / Kangra(District) / Himachal Pradesh(State),00399100,010667,N,,,,
2624,10817,Mandlian (290),मंदलयां  (290),Rakkar(Sub-District) / Kangra(District) / Himachal Pradesh(State),00414100,010817,N,,,,
2625,9055,Mandol (109),मन्डोल (109),Jawali(Sub-District) / Kangra(District) / Himachal Pradesh(State),00238200,009055,N,,,,
2626,11995,Mandrera (968),मन्दरेरा (968),Chadiyar(Sub-District) / Kangra(District) / Himachal Pradesh(State),00531800,011995,N,,,,
2627,10821,Mandu (632),मंडू (632),Lagru(Sub-District) / Kangra(District) / Himachal Pradesh(State),00414500,010821,N,,,,
2628,10260,Mandwara (140),मन्दवाड़ा (140),Pragpur(Sub-District) / Kangra(District) / Himachal Pradesh(State),00358400,010260,N,,,,
2629,9557,Maned (403),मनेड (403),Dharmsala(Sub-District) / Kangra(District) / Himachal Pradesh(State),00289700,009557,N,,,,
2630,8640,Manehr (207),मनेहड (207),Nurpur(Sub-District) / Kangra(District) / Himachal Pradesh(State),00196800,008640,N,,,,
2631,9295,Manei Khas (187),मनेई खास (187),Harchakian(Sub-District) / Kangra(District) / Himachal Pradesh(State),00262200,009295,N,,,,
2632,10910,Manera (899),मनेरा (899),Majheen(Sub-District) / Kangra(District) / Himachal Pradesh(State),00423400,010910,N,,,,
2633,9241,Mangal (231),मंगल (231),Kotla(Sub-District) / Kangra(District) / Himachal Pradesh(State),00256800,009241,N,,,,
2634,10396,Mangarh (573),मानगढ़ (573),Dehra Gopipur(Sub-District) / Kangra(District) / Himachal Pradesh(State),00372000,010396,N,,,,
2635,8523,Mangdhial (348),मन्गडियाल (348),Raja Ka Talab(Sub-District) / Kangra(District) / Himachal Pradesh(State),00185100,008523,N,,,,
2636,11151,Mangehr (167),मगेहड़ (167),Dhira(Sub-District) / Kangra(District) / Himachal Pradesh(State),00447400,011151,N,,,,
2637,11629,Mangher Buhli (299),मंघेहड़ वूहली (299),Sulah(Sub-District) / Kangra(District) / Himachal Pradesh(State),00495200,011629,N,,,,
2638,11628,Mangher Uparli (298),मंघेहड़ उपरली (298),Sulah(Sub-District) / Kangra(District) / Himachal Pradesh(State),00495100,011628,N,,,,
2639,10012,Mangrela (760),मंगरेला (760),Baroh(Sub-District) / Kangra(District) / Himachal Pradesh(State),00333600,010012,N,,,,
2640,8412,Mangwal (441),मगंवाल (441),Gangath(Sub-District) / Kangra(District) / Himachal Pradesh(State),00174000,008412,N,,,,
2641,9841,Mangwal (672),मंगवाल (672),Nagrota Bagwan(Sub-District) / Kangra(District) / Himachal Pradesh(State),00316500,009841,N,,,,
2642,11088,Manjha Buhla (419),माँझा वूहला (419),Thural(Sub-District) / Kangra(District) / Himachal Pradesh(State),00441100,011088,N,,,,
2643,8979,Manjhar (98),मन्झार (98),Fatehpur(Sub-District) / Kangra(District) / Himachal Pradesh(State),00230700,008979,N,,,,
2644,11089,Manjha Uparla (420),माँझा उपरला (420),Thural(Sub-District) / Kangra(District) / Himachal Pradesh(State),00441200,011089,N,,,,
2645,9438,Manjhgran (297),मझ्रंग (297),Shahpur(Sub-District) / Kangra(District) / Himachal Pradesh(State),00276500,009438,N,,,,
2646,9358,Manjhgran (85),मझग्रां (85),Shahpur(Sub-District) / Kangra(District) / Himachal Pradesh(State),00268500,009358,N,,,,
2647,9403,Manjhiar (75),मझयार (75),Shahpur(Sub-District) / Kangra(District) / Himachal Pradesh(State),00273000,009403,N,,,,
2648,9440,Manjhla Dhanotu (299),मझला धनोटू (299),Shahpur(Sub-District) / Kangra(District) / Himachal Pradesh(State),00276700,009440,N,,,,
2649,10947,Manjhlahar (753),मंझलाहड़ (753),Khundian(Sub-District) / Kangra(District) / Himachal Pradesh(State),00427100,010947,N,,,,
2650,8801,Manjholi (4),मंझोली (4),Fatehpur(Sub-District) / Kangra(District) / Himachal Pradesh(State),00212900,008801,N,,,,
2651,8790,Manjwan (54),मंझवां (54),Thakurdwara(Sub-District) / Kangra(District) / Himachal Pradesh(State),00211900,008790,N,,,,
2652,9927,Manjwar (528),मझंवाड (528),Nagrota Bagwan(Sub-District) / Kangra(District) / Himachal Pradesh(State),00325100,009927,N,,,,
2653,8635,Mankot (215),मनकोट (215),Nurpur(Sub-District) / Kangra(District) / Himachal Pradesh(State),00196300,008635,N,,,,
2654,10906,Mannuh (880),मननू (880),Majheen(Sub-District) / Kangra(District) / Himachal Pradesh(State),00423000,010906,N,,,,
2655,8910,Manoh (107),मनोह (107),Fatehpur(Sub-District) / Kangra(District) / Himachal Pradesh(State),00223800,008910,N,,,,
2656,9410,Manoh (55),मनोह (55),Shahpur(Sub-District) / Kangra(District) / Himachal Pradesh(State),00273700,009410,N,,,,
2657,8565,Manot (320),मनहोट (320),Raja Ka Talab(Sub-District) / Kangra(District) / Himachal Pradesh(State),00189300,008565,N,,,,
2658,11636,Mansimble Buhla (273),मनसिम्वल वूहला (273),Bhawarna(Sub-District) / Kangra(District) / Himachal Pradesh(State),00495900,011636,N,,,,
2659,11635,Mansimble Uperla (271),मनसिम्वल उपरला (271),Bhawarna(Sub-District) / Kangra(District) / Himachal Pradesh(State),00495800,011635,N,,,,
2660,8264,Manuha (136),मनूहा (136),Sadwan(Sub-District) / Kangra(District) / Himachal Pradesh(State),00159200,008264,N,,,,
2661,8440,Manuhal (423),मनूहाल (423),Gangath(Sub-District) / Kangra(District) / Himachal Pradesh(State),00176800,008440,N,,,,
2662,9011,Manwala (219),मनवाला (219),Fatehpur(Sub-District) / Kangra(District) / Himachal Pradesh(State),00233900,009011,N,,,,
2663,8438,Manwal Jattan (427),मनवाल जट्टा (427),Gangath(Sub-District) / Kangra(District) / Himachal Pradesh(State),00176600,008438,N,,,,
2664,8398,Manwal Nagliyan (426),मनवाल नागलिया (426),Gangath(Sub-District) / Kangra(District) / Himachal Pradesh(State),00172600,008398,N,,,,
2665,10739,Manyala Buhla (205),मनयाला बुहला (205),Pragpur(Sub-District) / Kangra(District) / Himachal Pradesh(State),00406300,010739,N,,,,
2666,10737,Manyala Uparla (204),मनयाला उपरला (204),Pragpur(Sub-District) / Kangra(District) / Himachal Pradesh(State),00406100,010737,N,,,,
2667,11374,Manyar (595),मन्याड (595),Jaisinghpur(Sub-District) / Kangra(District) / Himachal Pradesh(State),00469700,011374,N,,,,
2668,10750,Mao (234),मौ (234),Rakkar(Sub-District) / Kangra(District) / Himachal Pradesh(State),00407400,010750,N,,,,
2669,9131,Mao (42),मौ (42),Jawali(Sub-District) / Kangra(District) / Himachal Pradesh(State),00245800,009131,N,,,,
2670,10250,Mao Kundli (145),मौं कुन्दली (145),Pragpur(Sub-District) / Kangra(District) / Himachal Pradesh(State),00357400,010250,N,eSignGOFile662648_18_02_2025_16_12_39.pdf,,,
2671,12134,Marala Dhar (1086),मरालाधार (1086),Multhan(Sub-District) / Kangra(District) / Himachal Pradesh(State),00545700,012134,N,,,,
2672,11651,Maranda (258),मारंडा (258),Palampur(Sub-District) / Kangra(District) / Himachal Pradesh(State),00497400,011651,N,eSignGOFile662648_19_02_2025_13_53_47.pdf,,,
2673,10796,Marar (291),मरड़ (291),Rakkar(Sub-District) / Kangra(District) / Himachal Pradesh(State),00412000,010796,N,,,,
2674,10970,Marehar (722),मरेहड़ (722),Khundian(Sub-District) / Kangra(District) / Himachal Pradesh(State),00429400,010970,N,,,,
2675,11313,Marera (495),मरेरा (495),Alampur(Sub-District) / Kangra(District) / Himachal Pradesh(State),00463600,011313,N,,,,
2676,11521,Mareri (70),मरैरी (70),Palampur(Sub-District) / Kangra(District) / Himachal Pradesh(State),00484400,011521,N,,,,
2677,10911,Marhana (898),मरहाना (898),Majheen(Sub-District) / Kangra(District) / Himachal Pradesh(State),00423500,010911,N,,,,
2678,10415,Marhera (615),मरहेडा (615),Dehra Gopipur(Sub-District) / Kangra(District) / Himachal Pradesh(State),00373900,010415,N,,,,
2679,11245,Marhun (342),मरहूं (342),Dhira(Sub-District) / Kangra(District) / Himachal Pradesh(State),00456800,011245,N,,,,
2680,11244,Marhun Buhli (341),मरहूं बूहली (341),Dhira(Sub-District) / Kangra(District) / Himachal Pradesh(State),00456700,011244,N,,,,
2681,9877,Mariari (720),मरयारी (720),Nagrota Bagwan(Sub-District) / Kangra(District) / Himachal Pradesh(State),00320100,009877,N,,,,
2682,9876,Mariari (726),मरयारी जलोट (726),Nagrota Bagwan(Sub-District) / Kangra(District) / Himachal Pradesh(State),00320000,009876,N,,,,
2683,8764,Maryari (117),मलाहड़ी (117),Indora(Sub-District) / Kangra(District) / Himachal Pradesh(State),00209300,008764,N,,,,
2684,10416,Maryari (580),मरयारी (580),Dehra Gopipur(Sub-District) / Kangra(District) / Himachal Pradesh(State),00374000,010416,N,,,,
2685,11004,Maryari (833),मरयारी (833),Khundian(Sub-District) / Kangra(District) / Himachal Pradesh(State),00432800,011004,N,,,,
2686,9914,Masandkar (661),मसन्दकड (661),Nagrota Bagwan(Sub-District) / Kangra(District) / Himachal Pradesh(State),00323800,009914,N,,,,
2687,11654,Maserna (281),मसैरना (281),Bhawarna(Sub-District) / Kangra(District) / Himachal Pradesh(State),00497700,011654,N,,,,
2688,11353,Mashwar (479),मसवार (479),Alampur(Sub-District) / Kangra(District) / Himachal Pradesh(State),00467600,011353,N,,,,
2689,10276,Masot (168),मसोट (168),Dehra Gopipur(Sub-District) / Kangra(District) / Himachal Pradesh(State),00360000,010276,N,,,,
2690,9565,Masrehr (407),मसरेहड़ (407),Dharmsala(Sub-District) / Kangra(District) / Himachal Pradesh(State),00290500,009565,N,,,,
2691,10165,Masrur (503),मसरूर (503),Haripur(Sub-District) / Kangra(District) / Himachal Pradesh(State),00348900,010165,N,,,,
2692,9904,Massal (653),मस्सल (653),Nagrota Bagwan(Sub-District) / Kangra(District) / Himachal Pradesh(State),00322800,009904,N,,,,
2693,9057,Mast Garh (119),मस्तगढ (119),Jawali(Sub-District) / Kangra(District) / Himachal Pradesh(State),00238400,009057,N,,,,
2694,8639,Mat (213),मट (213),Nurpur(Sub-District) / Kangra(District) / Himachal Pradesh(State),00196700,008639,N,,,,
2695,9569,Mat (406),मट (406),Dharmsala(Sub-District) / Kangra(District) / Himachal Pradesh(State),00290900,009569,N,,,,
2696,10307,Mat (571),मट (571),Dehra Gopipur(Sub-District) / Kangra(District) / Himachal Pradesh(State),00363100,010307,N,,,,
2697,11879,Mat (789),मट (789),Palampur(Sub-District) / Kangra(District) / Himachal Pradesh(State),00520200,011879,N,,,,
2698,11833,Matehar (232),मतेहड़ (232),Palampur(Sub-District) / Kangra(District) / Himachal Pradesh(State),00515600,011833,N,,,,
2699,11726,Matehar (544),मतेहड (544),Bhawarna(Sub-District) / Kangra(District) / Himachal Pradesh(State),00504900,011726,N,,,,
2700,10945,Matehar (702),मतेहड़ (702),Khundian(Sub-District) / Kangra(District) / Himachal Pradesh(State),00426900,010945,N,,,,
2701,11239,Matehr (321),मतेहड़ (321),Dhira(Sub-District) / Kangra(District) / Himachal Pradesh(State),00456200,011239,N,,,,
2702,9982,Matehr (626),मतेहड (626),Nagrota Bagwan(Sub-District) / Kangra(District) / Himachal Pradesh(State),00330600,009982,N,,,,
2703,11537,Matherar (40),मथरेहड (40),Chachian(Sub-District) / Kangra(District) / Himachal Pradesh(State),00486000,011537,N,,,,
2704,8463,Matholi (43),मठोली (43),Nurpur(Sub-District) / Kangra(District) / Himachal Pradesh(State),00179100,008463,N,,,,
2705,8749,Matholi (97),ठठोली (97),Gangath(Sub-District) / Kangra(District) / Himachal Pradesh(State),00207800,008749,N,,,,
2706,10529,Matial (416),मतयाल (416),Jawalamukhi(Sub-District) / Kangra(District) / Himachal Pradesh(State),00381400,010529,N,,,,
2707,11973,Matiyal Kalan (976),मत्याल कंला (976),Chadiyar(Sub-District) / Kangra(District) / Himachal Pradesh(State),00529600,011973,N,,,,
2708,11972,Matiyal Khurd (973),मत्याल खुर्द (973),Chadiyar(Sub-District) / Kangra(District) / Himachal Pradesh(State),00529500,011972,N,,,,
2709,9689,Matour (427),मटौर (427),Kangra(Sub-District) / Kangra(District) / Himachal Pradesh(State),00301300,009689,N,,,,
2710,10879,Matrer (870),मतरेड़ (870),Majheen(Sub-District) / Kangra(District) / Himachal Pradesh(State),00420300,010879,N,,,,
2711,12068,Matruan (860),मतरुंह (860),Baijnath(Sub-District) / Kangra(District) / Himachal Pradesh(State),00539100,012068,N,,,,
2712,11613,Matt (301),मट (301),Sulah(Sub-District) / Kangra(District) / Himachal Pradesh(State),00493600,011613,N,,,,
2713,10719,Mat Umran (201),मट उमराँ (201),Pragpur(Sub-District) / Kangra(District) / Himachal Pradesh(State),00404300,010719,N,,,,
2714,10014,Matyal (755),मत्याल (755),Baroh(Sub-District) / Kangra(District) / Himachal Pradesh(State),00333800,010014,N,,,,
2715,9954,Matyari (597),मटयारी (597),Nagrota Bagwan(Sub-District) / Kangra(District) / Himachal Pradesh(State),00327800,009954,N,,,,
2716,8634,Mau (275),मौ (275),Nurpur(Sub-District) / Kangra(District) / Himachal Pradesh(State),00196200,008634,N,,,,
2717,10385,Meharban (600),मेहरबान (600),Dehra Gopipur(Sub-District) / Kangra(District) / Himachal Pradesh(State),00370900,010385,N,,,,
2718,10664,Mehatnal (77),मेहतनाल (77),Dadasiba(Sub-District) / Kangra(District) / Himachal Pradesh(State),00398800,010664,N,,,,
2719,11999,Mehla (996),मेहला (996),Chadiyar(Sub-District) / Kangra(District) / Himachal Pradesh(State),00532200,011999,N,,,,
2720,8641,Mehlri (208),मैहलडी (208),Nurpur(Sub-District) / Kangra(District) / Himachal Pradesh(State),00196900,008641,N,,,,
2721,10172,Mehndhru (509),मैहन्दडू (509),Haripur(Sub-District) / Kangra(District) / Himachal Pradesh(State),00349600,010172,N,,,,
2722,10650,Mehra (56),मेहडा (56),Dadasiba(Sub-District) / Kangra(District) / Himachal Pradesh(State),00397400,010650,N,,,,
2723,9646,Mehrana (278),मेहरना (278),Kangra(Sub-District) / Kangra(District) / Himachal Pradesh(State),00279900,009646,N,,,,
2724,8283,Mehrka (127),मैहरका (127),Sadwan(Sub-District) / Kangra(District) / Himachal Pradesh(State),00161100,008283,N,,,,
2725,9111,Mehskar (55),मैहसकर (55),Jawali(Sub-District) / Kangra(District) / Himachal Pradesh(State),00243800,009111,N,,,,
2726,8490,Mehta (401),महेटा (401),Gangath(Sub-District) / Kangra(District) / Himachal Pradesh(State),00181800,008490,N,,,,
2727,8325,Mehti (72),मेहटी (72),Nurpur(Sub-District) / Kangra(District) / Himachal Pradesh(State),00165300,008325,N,,,,
2728,10343,Mehwa (556),मेहवा (556),Haripur(Sub-District) / Kangra(District) / Himachal Pradesh(State),00366700,010343,N,,,,
2729,8784,Melwan (48),मिलवां (48),Thakurdwara(Sub-District) / Kangra(District) / Himachal Pradesh(State),00211300,008784,N,,,,
2730,11567,Menjha Uparla (63),मैंझा उपरला (63),Sulah(Sub-District) / Kangra(District) / Himachal Pradesh(State),00489000,011567,N,eSignGOFile662648_19_02_2025_12_41_03.pdf,,,
2731,10718,Mera (215),मैरा (215),Pragpur(Sub-District) / Kangra(District) / Himachal Pradesh(State),00404200,010718,N,,,,
2732,9512,Meti (332),मैटी (332),Dharmsala(Sub-District) / Kangra(District) / Himachal Pradesh(State),00285100,009512,N,,,,
2733,8885,Mial (178),मयाल (178),Rey(Sub-District) / Kangra(District) / Himachal Pradesh(State),00221300,008885,N,,,,
2734,8791,Miani (46),मियानी (46),Thakurdwara(Sub-District) / Kangra(District) / Himachal Pradesh(State),00212000,008791,N,,,,
2735,9693,Mihalu (437),मिहालू (437),Kangra(Sub-District) / Kangra(District) / Himachal Pradesh(State),00301700,009693,N,,,,
2736,9494,Miniana (59),मिनियाणा (59),Dharmsala(Sub-District) / Kangra(District) / Himachal Pradesh(State),00283400,009494,N,,,,
2737,8614,Minjhgran (293),मिन्झग्रा (293),Nurpur(Sub-District) / Kangra(District) / Himachal Pradesh(State),00194200,008614,N,,,,
2738,8727,Minjhli Band (79),मिझली वण्ड (79),Indora(Sub-District) / Kangra(District) / Himachal Pradesh(State),00205600,008727,N,,,,
2739,8549,Minta (341),मिन्ता (341),Raja Ka Talab(Sub-District) / Kangra(District) / Himachal Pradesh(State),00187700,008549,N,,,,
2740,10392,Miyol (589),मियोल (589),Dehra Gopipur(Sub-District) / Kangra(District) / Himachal Pradesh(State),00371600,010392,N,,,,
2741,8841,Moch (126),मोच (126),Rey(Sub-District) / Kangra(District) / Himachal Pradesh(State),00216900,008841,N,,,,
2742,8975,Moch Jhikla (89),मोच झिकला (89),Fatehpur(Sub-District) / Kangra(District) / Himachal Pradesh(State),00230300,008975,N,,,,
2743,8973,Moch Uparli (91),मोच उपरला (91),Fatehpur(Sub-District) / Kangra(District) / Himachal Pradesh(State),00230100,008973,N,,,,
2744,8931,Mohar (37),मोहाड़ (37),Fatehpur(Sub-District) / Kangra(District) / Himachal Pradesh(State),00225900,008931,N,,,,
2745,8826,Mohar (56),महाड़ (56),Fatehpur(Sub-District) / Kangra(District) / Himachal Pradesh(State),00215400,008826,N,,,,
2746,9578,Mohli Harandi (381),मोहली हारा दी (381),Dharmsala(Sub-District) / Kangra(District) / Himachal Pradesh(State),00291800,009578,N,,,,
2747,8820,Mohli Khas (14),मोहली खास (14),Rey(Sub-District) / Kangra(District) / Himachal Pradesh(State),00214800,008820,N,,,,
2748,9579,Mohli Lahrandi (380),मोहली लाहडा दी (380),Dharmsala(Sub-District) / Kangra(District) / Himachal Pradesh(State),00291900,009579,N,,,,
2749,11568,Mohrla (61),मोहरला (61),Sulah(Sub-District) / Kangra(District) / Himachal Pradesh(State),00489100,011568,N,eSignGOFile662648_19_02_2025_12_41_03.pdf,,,
2750,9363,Mohru (91),मोहरू (91),Shahpur(Sub-District) / Kangra(District) / Himachal Pradesh(State),00269000,009363,N,,,,
2751,8690,Mohtli (15),मोहटली (15),Indora(Sub-District) / Kangra(District) / Himachal Pradesh(State),00201800,008690,N,,,,
2752,10245,Moin (134),मोईन (134),Pragpur(Sub-District) / Kangra(District) / Himachal Pradesh(State),00356900,010245,N,eSignGOFile662648_18_02_2025_16_12_39.pdf,,,
2753,8952,Mokhar (57),मौखर (57),Fatehpur(Sub-District) / Kangra(District) / Himachal Pradesh(State),00228000,008952,N,,,,
2754,11440,Molag Jhikla (938),मोलग झिकला (938),Jaisinghpur(Sub-District) / Kangra(District) / Himachal Pradesh(State),00476300,011440,N,,,,
2755,11439,Molag Uprla (935),मोलग उपरला (935),Jaisinghpur(Sub-District) / Kangra(District) / Himachal Pradesh(State),00476200,011439,N,,,,
2756,11832,Mollichak (246),मौलीचक (246),Palampur(Sub-District) / Kangra(District) / Himachal Pradesh(State),00515500,011832,N,,,,
2757,11958,Moon (989),मूण (989),Chadiyar(Sub-District) / Kangra(District) / Himachal Pradesh(State),00528100,011958,N,,,,
2758,11062,Moondhi Khas (393),मूण्ढी खास (393),Thural(Sub-District) / Kangra(District) / Himachal Pradesh(State),00438500,011062,N,,,,
2759,9321,Morachh (19),मोरछ (19),Dareeni(Sub-District) / Kangra(District) / Himachal Pradesh(State),00264800,009321,N,,,,
2760,10569,Morar (325),मोरड़ (325),Bharoli(Sub-District) / Kangra(District) / Himachal Pradesh(State),00385900,010569,N,eSignGOFile131557_11_06_2024_16_55_43.pdf,,,
2761,10067,Morth (820),मोरठ (820),Baroh(Sub-District) / Kangra(District) / Himachal Pradesh(State),00339100,010067,N,,,,
2762,11007,Mour (827),मौर (827),Khundian(Sub-District) / Kangra(District) / Himachal Pradesh(State),00433100,011007,N,,,,
2763,9481,Mowa (34),मोआ (34),Dareeni(Sub-District) / Kangra(District) / Himachal Pradesh(State),00282100,009481,N,,,,
2764,10050,Mualkar (833),मुआलकड़ (833),Baroh(Sub-District) / Kangra(District) / Himachal Pradesh(State),00337400,010050,N,,,,
2765,8929,Muda (62),मुद्दा (62),Fatehpur(Sub-District) / Kangra(District) / Himachal Pradesh(State),00225700,008929,N,,,,
2766,8616,Mugniala (292),मुगनियाला (292),Nurpur(Sub-District) / Kangra(District) / Himachal Pradesh(State),00194400,008616,N,,,,
2767,10455,Muhal (647),मूहल (647),Dehra Gopipur(Sub-District) / Kangra(District) / Himachal Pradesh(State),00391300,010455,N,,,,
2768,9942,Muhalkar Khas (628),मुहालकड़ खास (628),Nagrota Bagwan(Sub-District) / Kangra(District) / Himachal Pradesh(State),00326600,009942,N,,,,
2769,10046,Muktehar (784),मुकतेहड़ (784),Baroh(Sub-District) / Kangra(District) / Himachal Pradesh(State),00337000,010046,N,,,,
2770,12119,Multhan (1056),मुलथान (1056),Multhan(Sub-District) / Kangra(District) / Himachal Pradesh(State),00544200,012119,N,,,,
2771,9913,Mumta (660),मूमता (660),Nagrota Bagwan(Sub-District) / Kangra(District) / Himachal Pradesh(State),00323700,009913,N,,,,
2772,10016,Munda (752),मुण्डा (752),Baroh(Sub-District) / Kangra(District) / Himachal Pradesh(State),00334000,010016,N,,,,
2773,10922,Mundal (840),मुंडल (840),Khundian(Sub-District) / Kangra(District) / Himachal Pradesh(State),00424600,010922,N,,,,
2774,9468,Mundla (284),मुन्दला (284),Shahpur(Sub-District) / Kangra(District) / Himachal Pradesh(State),00279500,009468,N,,,,
2775,9918,Mundla (588),मून्दला (588),Nagrota Bagwan(Sub-District) / Kangra(District) / Himachal Pradesh(State),00324200,009918,N,,,,
2776,11448,Mungal (949),मुगंल (949),Jaisinghpur(Sub-District) / Kangra(District) / Himachal Pradesh(State),00477100,011448,N,,,,
2777,9679,Mungreh (420),मुंगरेहड (420),Kangra(Sub-District) / Kangra(District) / Himachal Pradesh(State),00300300,009679,N,,,,
2778,8474,Mungtial (40),मुंगत्याल (40),Nurpur(Sub-District) / Kangra(District) / Himachal Pradesh(State),00180200,008474,N,,,,
2779,9118,Muriana (59),मरियाना (59),Jawali(Sub-District) / Kangra(District) / Himachal Pradesh(State),00244500,009118,N,,,,
2780,9142,Mutlahr (18),मतलाहड़ (18),Jawali(Sub-District) / Kangra(District) / Himachal Pradesh(State),00246900,009142,N,,,,
2781,11847,Nachhir (216),नच्छीर (216),Palampur(Sub-District) / Kangra(District) / Himachal Pradesh(State),00517000,011847,N,,,,
2782,10063,Nad (793),नड़ (793),Baroh(Sub-District) / Kangra(District) / Himachal Pradesh(State),00338700,010063,N,,,,
2783,9200,Nadahan (79),नड़हन (79),Jawali(Sub-District) / Kangra(District) / Himachal Pradesh(State),00252700,009200,N,,,,
2784,9499,Naddi (30),नडडी (30),Dharmsala(Sub-District) / Kangra(District) / Himachal Pradesh(State),00283900,009499,N,,,,
2785,9209,Nadholi Khas (261),नढोली (261),Kotla(Sub-District) / Kangra(District) / Himachal Pradesh(State),00253600,009209,N,,,,
2786,11769,Nadli (740),नडली (740),Panchrukhi(Sub-District) / Kangra(District) / Himachal Pradesh(State),00509200,011769,N,,,,
2787,8352,Naga Bari (32),नागा बाडी (32),Nurpur(Sub-District) / Kangra(District) / Himachal Pradesh(State),00168000,008352,N,,,,
2788,8899,Nagal (188),नगाल (31),Fatehpur(Sub-District) / Kangra(District) / Himachal Pradesh(State),00222700,008899,N,,,,
2789,11055,Nagan (378),नागन (378),Thural(Sub-District) / Kangra(District) / Himachal Pradesh(State),00437800,011055,N,,,,
2790,9676,Nagan (416),नागन (416),Kangra(Sub-District) / Kangra(District) / Himachal Pradesh(State),00300000,009676,N,,,,
2791,9406,Nagan (69),नागन (69),Shahpur(Sub-District) / Kangra(District) / Himachal Pradesh(State),00273300,009406,N,,,,
2792,11902,Nagan (826),नागन (826),Baijnath(Sub-District) / Kangra(District) / Himachal Pradesh(State),00522500,011902,N,,,,
2793,9523,Nagan Pat (316),नागन पटट (316),Dharmsala(Sub-District) / Kangra(District) / Himachal Pradesh(State),00286200,009523,N,,,,
2794,8399,Nagdwan (459),नगडवाह (459),Gangath(Sub-District) / Kangra(District) / Himachal Pradesh(State),00172700,008399,N,,,,
2795,8625,Nage Da Pail (190),नागे दा पैल (190),Nurpur(Sub-District) / Kangra(District) / Himachal Pradesh(State),00195300,008625,N,,,,
2796,11607,Nagehar (192),नगेहड़ (192),Sulah(Sub-District) / Kangra(District) / Himachal Pradesh(State),00493000,011607,N,,,,
2797,12015,Nagehar Gabhli (1012),नगेहड़ गभली (1012),Baijnath(Sub-District) / Kangra(District) / Himachal Pradesh(State),00533800,012015,N,,,,
2798,12011,Nagehr Buhli (1010),नगेहड़ बुहली (1010),Baijnath(Sub-District) / Kangra(District) / Himachal Pradesh(State),00533400,012011,N,,,,
2799,12016,Nagehr Uparli (1015),नगेहड़ उपरली (1015),Baijnath(Sub-District) / Kangra(District) / Himachal Pradesh(State),00533900,012016,N,,,,
2800,8862,Nagoh (153),नगोह (153),Rey(Sub-District) / Kangra(District) / Himachal Pradesh(State),00219000,008862,N,,,,
2801,10639,Nagoh Karant (15),नगोह करैंट (15),Jaswan(Sub-District) / Kangra(District) / Himachal Pradesh(State),00396300,010639,N,,,,
2802,11449,Nagpuri (948),नागपुरी (948),Jaisinghpur(Sub-District) / Kangra(District) / Himachal Pradesh(State),00477200,011449,N,,,,
2803,9275,Nagreta (166),नगरेटा (166),Harchakian(Sub-District) / Kangra(District) / Himachal Pradesh(State),00260200,009275,N,,,,
2804,10516,Nagrota (413),नगरोटा (413),Jawalamukhi(Sub-District) / Kangra(District) / Himachal Pradesh(State),00380100,010516,N,,,,
2805,939750,Nagrota Bagwan (Nac) (604),नगरोटा बगवाँ (एन०ए०सी०) (604),Nagrota Bagwan(Sub-District) / Kangra(District) / Himachal Pradesh(State),,000000,N,,,,
2806,10711,Nagrota Nahan (208),नगरोटा नाहन (208),Pragpur(Sub-District) / Kangra(District) / Himachal Pradesh(State),00403500,010711,N,,,,
2807,9180,Nagrota Surian (470),नगरोटा सूरियां (470),Nagrota Surian(Sub-District) / Kangra(District) / Himachal Pradesh(State),00250700,009180,N,,,,
2808,9123,Nagrotu (49),नगरोटू (49),Jawali(Sub-District) / Kangra(District) / Himachal Pradesh(State),00245000,009123,N,,,,
2809,11913,Nagta (755),नागटा (755),Baijnath(Sub-District) / Kangra(District) / Himachal Pradesh(State),00523600,011913,N,,,,
2810,11390,Nagwan Bhuhla (908),नागवन वूहला (908),Jaisinghpur(Sub-District) / Kangra(District) / Himachal Pradesh(State),00471300,011390,N,,,,
2811,11389,Nagwan Uprala (635),नागवनउपरला (635),Jaisinghpur(Sub-District) / Kangra(District) / Himachal Pradesh(State),00471200,011389,N,,,,
2812,10420,Nagwar Lahar (652),नगवाल लाहड़ (652),Dehra Gopipur(Sub-District) / Kangra(District) / Himachal Pradesh(State),00374400,010420,N,,,,
2813,9351,Nahalan (74),नाहलन (74),Shahpur(Sub-District) / Kangra(District) / Himachal Pradesh(State),00267800,009351,N,,,,
2814,11384,Nahalna (609),नाहलना (609),Jaisinghpur(Sub-District) / Kangra(District) / Himachal Pradesh(State),00470700,011384,N,,,,
2815,10712,Nahan (212),नाहन (212),Pragpur(Sub-District) / Kangra(District) / Himachal Pradesh(State),00403600,010712,N,,,,
2816,10509,Nahar Ban (384),नाहरबन (384),Jawalamukhi(Sub-District) / Kangra(District) / Himachal Pradesh(State),00379400,010509,N,,,,
2817,10837,Nahli (704),नाहली (704),Lagru(Sub-District) / Kangra(District) / Himachal Pradesh(State),00416100,010837,N,,,,
2818,10920,Nahli Jhikla (842),नाहली झिकला (842),Khundian(Sub-District) / Kangra(District) / Himachal Pradesh(State),00424400,010920,N,,,,
2819,10921,Nahli Uprla (841),नाहली उपरला (841),Khundian(Sub-District) / Kangra(District) / Himachal Pradesh(State),00424500,010921,N,,,,
2820,11868,Nain (802),नैण (802),Palampur(Sub-District) / Kangra(District) / Himachal Pradesh(State),00519100,011868,N,,,,
2821,11888,Nain (844),नैण (844),Baijnath(Sub-District) / Kangra(District) / Himachal Pradesh(State),00521100,011888,N,,,,
2822,11260,Nakthodi (641),नकथोडी (641),Jaisinghpur(Sub-District) / Kangra(District) / Himachal Pradesh(State),00458300,011260,N,,,,
2823,8314,Nala (67),नल्ला (67),Nurpur(Sub-District) / Kangra(District) / Himachal Pradesh(State),00164200,008314,N,,,,
2824,11128,Nalehar (509),नलेहड (509),Thural(Sub-District) / Kangra(District) / Himachal Pradesh(State),00445100,011128,N,,,,
2825,10286,Naleti (172),नलेटी (172),Dehra Gopipur(Sub-District) / Kangra(District) / Himachal Pradesh(State),00361000,010286,N,,,,
2826,10549,Naloh Kharoh (355),नलोह खड़ोह (355),Bharoli(Sub-District) / Kangra(District) / Himachal Pradesh(State),00383900,010549,N,eSignGOFile131557_11_06_2024_16_54_26.pdf,,,
2827,12103,Nalohta (1074),नलोहता (1074),Multhan(Sub-District) / Kangra(District) / Himachal Pradesh(State),00542600,012103,N,,,,
2828,11023,Naloti (857),नलोटी (857),Khundian(Sub-District) / Kangra(District) / Himachal Pradesh(State),00434700,011023,N,,,,
2829,10269,Nalsuha (186),नलसूहा (186),Pragpur(Sub-District) / Kangra(District) / Himachal Pradesh(State),00359300,010269,N,,,,
2830,10257,Nalsuha Bharwarian (142),नलसूहा भरवाड़ियां (142),Pragpur(Sub-District) / Kangra(District) / Himachal Pradesh(State),00358100,010257,N,,,,
2831,8734,Naluha (93),नलूआ (93),Indora(Sub-District) / Kangra(District) / Himachal Pradesh(State),00206300,008734,N,,,,
2832,11863,Nanahar (799),ननाहर (799),Palampur(Sub-District) / Kangra(District) / Himachal Pradesh(State),00518600,011863,N,,,,
2833,9195,Nana Khas (74),नाणा खास (74),Jawali(Sub-District) / Kangra(District) / Himachal Pradesh(State),00252200,009195,N,,,,
2834,11612,Nanaon Khas (195),ननाऔं खास (195),Sulah(Sub-District) / Kangra(District) / Himachal Pradesh(State),00493500,011612,N,,,,
2835,9196,Nana Perla (75),नाणा पारला (75),Jawali(Sub-District) / Kangra(District) / Himachal Pradesh(State),00252300,009196,N,,,,
2836,9033,Nand (239),नन्ड (239),Fatehpur(Sub-District) / Kangra(District) / Himachal Pradesh(State),00236000,009033,N,,,,
2837,9690,Nandehar (431),नंदेहड (431),Kangra(Sub-District) / Kangra(District) / Himachal Pradesh(State),00301400,009690,N,,,,
2838,10380,Nandlu (599),नंण्डलू (599),Dehra Gopipur(Sub-District) / Kangra(District) / Himachal Pradesh(State),00370400,010380,N,,,,
2839,10106,Nandoti (860),नन्दोटी (860),Baroh(Sub-District) / Kangra(District) / Himachal Pradesh(State),00343000,010106,N,,,,
2840,10201,Nandpur (461),नन्दपुर (461),Haripur(Sub-District) / Kangra(District) / Himachal Pradesh(State),00352500,010201,N,,,,
2841,9743,Nandrul (256),नंदरूल (256),Kangra(Sub-District) / Kangra(District) / Himachal Pradesh(State),00307900,009743,N,,,,
2842,10235,Nangal (152),नगंल (152),Dehra Gopipur(Sub-District) / Kangra(District) / Himachal Pradesh(State),00355900,010235,N,,,,
2843,10634,Nangal (25),नंगल (25),Jaswan(Sub-District) / Kangra(District) / Himachal Pradesh(State),00395800,010634,N,,,,
2844,8890,Nangal (31),नंगल (31),Rey(Sub-District) / Kangra(District) / Himachal Pradesh(State),00221800,008890,N,,,,
2845,8959,Nangal (77),नंगल (77),Fatehpur(Sub-District) / Kangra(District) / Himachal Pradesh(State),00228700,008959,N,,,,
2846,10211,Nangal Chowk (109),नंगल चौक (109),Dadasiba(Sub-District) / Kangra(District) / Himachal Pradesh(State),00353500,010211,N,,,,
2847,8354,Nanglahar (34),नगलाहड (34),Nurpur(Sub-District) / Kangra(District) / Himachal Pradesh(State),00168200,008354,N,,,,
2848,11657,Nangnal (679),नगनाल (679),Bhawarna(Sub-District) / Kangra(District) / Himachal Pradesh(State),00498000,011657,N,,,,
2849,11967,Nanwar (985),ननवाड़ (985),Chadiyar(Sub-District) / Kangra(District) / Himachal Pradesh(State),00529000,011967,N,,,,
2850,12124,Napohta (1066),नपोहता (1066),Multhan(Sub-District) / Kangra(District) / Himachal Pradesh(State),00544700,012124,N,,,,
2851,8403,Nara Barhmna (472),नारा व्राह्मणा (472),Gangath(Sub-District) / Kangra(District) / Himachal Pradesh(State),00173100,008403,N,,,,
2852,8402,Nara Mohla (461),नारा मोहला (461),Gangath(Sub-District) / Kangra(District) / Himachal Pradesh(State),00173000,008402,N,,,,
2853,8401,Nara Pnyalcha (471),नारा पन्यालचा (471),Gangath(Sub-District) / Kangra(District) / Himachal Pradesh(State),00172900,008401,N,,,,
2854,9138,Nargala (17),नरगाला (17),Jawali(Sub-District) / Kangra(District) / Himachal Pradesh(State),00246500,009138,N,,,,
2855,12014,Narghor (896),नरघौड़ (896),Baijnath(Sub-District) / Kangra(District) / Himachal Pradesh(State),00533700,012014,N,,,,
2856,9527,Narghota (528),नरघोटा (348),Dharmsala(Sub-District) / Kangra(District) / Himachal Pradesh(State),00286600,009527,N,,,,
2857,10401,Narghota (614),नरगोटा (614),Dehra Gopipur(Sub-District) / Kangra(District) / Himachal Pradesh(State),00372500,010401,N,,,,
2858,10975,Narghota (723),नरघोटा (723),Khundian(Sub-District) / Kangra(District) / Himachal Pradesh(State),00429900,010975,N,,,,
2859,939777,Narghuni (86),नरघूणी (86),Shahpur(Sub-District) / Kangra(District) / Himachal Pradesh(State),,000000,N,,,,
2860,10610,Nari (37),नारी (37),Jaswan(Sub-District) / Kangra(District) / Himachal Pradesh(State),00393400,010610,N,,,,
2861,9065,Narial (104),नरयाल (104),Jawali(Sub-District) / Kangra(District) / Himachal Pradesh(State),00239200,009065,N,,,,
2862,8552,Narnhun (343),नरहूँ (343),Raja Ka Talab(Sub-District) / Kangra(District) / Himachal Pradesh(State),00188000,008552,N,,,,
2863,9625,Narwana (494/6),उप महाल योल खास (494/4),Dharmsala(Sub-District) / Kangra(District) / Himachal Pradesh(State),00296500,009625,N,,,,
2864,9341,Narwar (36),नरवाड़ (36),Dareeni(Sub-District) / Kangra(District) / Himachal Pradesh(State),00266800,009341,N,,,,
2865,10452,Narwari (650),नरवाड़ी (650),Dehra Gopipur(Sub-District) / Kangra(District) / Himachal Pradesh(State),00391000,010452,N,,,,
2866,10075,Naryalkar (840),नरयालकड़ (840),Baroh(Sub-District) / Kangra(District) / Himachal Pradesh(State),00339900,010075,N,,,,
2867,8390,Naswal (449),नसवाल (449),Indora(Sub-District) / Kangra(District) / Himachal Pradesh(State),00171800,008390,N,,,,
2868,9695,Natehar (438),नटेहड (438),Kangra(Sub-District) / Kangra(District) / Himachal Pradesh(State),00301900,009695,N,,,,
2869,10720,Nathun (200),नथूँ (200),Pragpur(Sub-District) / Kangra(District) / Himachal Pradesh(State),00404400,010720,N,,,,
2870,9863,Naugaza (664),नौगजा (664),Nagrota Bagwan(Sub-District) / Kangra(District) / Himachal Pradesh(State),00318700,009863,N,,,,
2871,9479,Nauhali (24),नोहली (24),Dareeni(Sub-District) / Kangra(District) / Himachal Pradesh(State),00281900,009479,N,,,,
2872,10395,Naun (585),नौण (585),Dehra Gopipur(Sub-District) / Kangra(District) / Himachal Pradesh(State),00371900,010395,N,,,,
2873,11234,Naura (336),नौरा (336),Dhira(Sub-District) / Kangra(District) / Himachal Pradesh(State),00455700,011234,N,,,,
2874,11939,Nauri Jhikli (782),नौरी झिकली (782),Baijnath(Sub-District) / Kangra(District) / Himachal Pradesh(State),00526200,011939,N,,,,
2875,11909,Nauri Uparli (785),नौरी उपरली (785),Baijnath(Sub-District) / Kangra(District) / Himachal Pradesh(State),00523200,011909,N,,,,
2876,10384,Naushehra (604),नौशहरा (604),Dehra Gopipur(Sub-District) / Kangra(District) / Himachal Pradesh(State),00370800,010384,N,,,,
2877,9242,Nawa Shehar (230),नवांशहर (230),Kotla(Sub-District) / Kangra(District) / Himachal Pradesh(State),00256900,009242,N,,,,
2878,8493,Nawa Shehar (384),नवा शहर (384),Gangath(Sub-District) / Kangra(District) / Himachal Pradesh(State),00182100,008493,N,,,,
2879,11255,Nee (715),नी (715),Jaisinghpur(Sub-District) / Kangra(District) / Himachal Pradesh(State),00457800,011255,N,,,,
2880,9872,Nehar (718),नेहड (718),Nagrota Bagwan(Sub-District) / Kangra(District) / Himachal Pradesh(State),00319600,009872,N,,,,
2881,12112,Ner (1059),नेर (1059),Multhan(Sub-District) / Kangra(District) / Himachal Pradesh(State),00543500,012112,N,,,,
2882,9282,Nera (174),नेरा (174),Harchakian(Sub-District) / Kangra(District) / Himachal Pradesh(State),00260900,009282,N,,,,
2883,8303,Nera (90),नेरा (90),Sadwan(Sub-District) / Kangra(District) / Himachal Pradesh(State),00163100,008303,N,,,,
2884,9244,Nera Khas (220),नेरा (220),Kotla(Sub-District) / Kangra(District) / Himachal Pradesh(State),00257100,009244,N,,,,
2885,8532,Nerna (375),नेरना (375),Raja Ka Talab(Sub-District) / Kangra(District) / Himachal Pradesh(State),00186000,008532,N,,,,
2886,9435,Nerti (37),नेरटी (137),Shahpur(Sub-District) / Kangra(District) / Himachal Pradesh(State),00276200,009435,N,,,,
2887,11421,Netru (915),ने़त्रू (915),Jaisinghpur(Sub-District) / Kangra(District) / Himachal Pradesh(State),00474400,011421,N,,,,
2888,9080,Nial (34),नियाल (34),Jawali(Sub-District) / Kangra(District) / Himachal Pradesh(State),00240700,009080,N,,,,
2889,9941,Nianda (631),नियाण्डा (631),Nagrota Bagwan(Sub-District) / Kangra(District) / Himachal Pradesh(State),00326500,009941,N,,,,
2890,8281,Niar (120),न्याड़ (120),Sadwan(Sub-District) / Kangra(District) / Himachal Pradesh(State),00160900,008281,N,,,,
2891,10660,Niar (48),न्याड़ (48),Jaswan(Sub-District) / Kangra(District) / Himachal Pradesh(State),00398400,010660,N,,,,
2892,8321,Niar (83),नियाड़ (83),Sadwan(Sub-District) / Kangra(District) / Himachal Pradesh(State),00164900,008321,N,,,,
2893,939745,Niazpur (154/4),उप महाल न्याजपुर (154/4),Nurpur(Sub-District) / Kangra(District) / Himachal Pradesh(State),,000000,N,,,,
2894,11566,Nichla Menjha (62),निचला मैंझा (62),Sulah(Sub-District) / Kangra(District) / Himachal Pradesh(State),00488900,011566,N,eSignGOFile662648_19_02_2025_12_41_03.pdf,,,
2895,11584,Nihag (259),निहंग (259),Palampur(Sub-District) / Kangra(District) / Himachal Pradesh(State),00490700,011584,N,,,,
2896,11379,Nihara (599),निहारा (599),Jaisinghpur(Sub-District) / Kangra(District) / Himachal Pradesh(State),00470200,011379,N,,,,
2897,9868,Nihar Galu (699),निहार गलू (699),Nagrota Bagwan(Sub-District) / Kangra(District) / Himachal Pradesh(State),00319200,009868,N,,,,
2898,10815,Nihari (287),निहारी (287),Rakkar(Sub-District) / Kangra(District) / Himachal Pradesh(State),00413900,010815,N,,,,
2899,9835,Nihar Khola (666),निहार खोला (666),Nagrota Bagwan(Sub-District) / Kangra(District) / Himachal Pradesh(State),00315900,009835,N,,,,
2900,11533,Niyad (64),नियाड़ (64),Chachian(Sub-District) / Kangra(District) / Himachal Pradesh(State),00485600,011533,N,,,,
2901,9247,Niyangal (229),नियांगल (229),Kotla(Sub-District) / Kangra(District) / Himachal Pradesh(State),00257400,009247,N,,,,
2902,8613,Nolahar (295),नौलाहड (295),Nurpur(Sub-District) / Kangra(District) / Himachal Pradesh(State),00194100,008613,N,,,,
2903,8569,Nolari (312),नोलाड़ी (312),Raja Ka Talab(Sub-District) / Kangra(District) / Himachal Pradesh(State),00189700,008569,N,,,,
2904,11925,Non (770),नौण (770),Baijnath(Sub-District) / Kangra(District) / Himachal Pradesh(State),00524800,011925,N,,,,
2905,9482,Nora (33),नोरा (33),Dareeni(Sub-District) / Kangra(District) / Himachal Pradesh(State),00282200,009482,N,,,,
2906,9922,Nora (541),नौरा (541),Nagrota Bagwan(Sub-District) / Kangra(District) / Himachal Pradesh(State),00324600,009922,N,,,,
2907,12033,Nouhra (887),नोहरा (887),Baijnath(Sub-District) / Kangra(District) / Himachal Pradesh(State),00535600,012033,N,,,,
2908,11680,Noura (359),नौरा (359),Bhawarna(Sub-District) / Kangra(District) / Himachal Pradesh(State),00500300,011680,N,,,,
2909,10816,Nouri (288),नौरी (288),Rakkar(Sub-District) / Kangra(District) / Himachal Pradesh(State),00414000,010816,N,,,,
2910,9422,Noushera (131),नौशहरा (131),Shahpur(Sub-District) / Kangra(District) / Himachal Pradesh(State),00274900,009422,N,,,,
2911,11235,Nunhalkar (337),नुनहालकड़ (337),Dhira(Sub-District) / Kangra(District) / Himachal Pradesh(State),00455800,011235,N,,,,
2912,10080,Obra (809),ओवरा (809),Baroh(Sub-District) / Kangra(District) / Himachal Pradesh(State),00340400,010080,N,,,,
2913,11186,Och (175),ओच (175),Dhira(Sub-District) / Kangra(District) / Himachal Pradesh(State),00450900,011186,N,,,,
2914,9910,Och (600),ओच (600),Nagrota Bagwan(Sub-District) / Kangra(District) / Himachal Pradesh(State),00323400,009910,N,,,,
2915,11329,Och Kalan (442),औच कलां (442),Alampur(Sub-District) / Kangra(District) / Himachal Pradesh(State),00465200,011329,N,,,,
2916,11328,Och Khurad (441),औच खुर्द (441),Alampur(Sub-District) / Kangra(District) / Himachal Pradesh(State),00465100,011328,N,,,,
2917,11633,Odar (275),ओडर (275),Sulah(Sub-District) / Kangra(District) / Himachal Pradesh(State),00495600,011633,N,,,,
2918,11877,Oder (233),ओडर (233),Palampur(Sub-District) / Kangra(District) / Himachal Pradesh(State),00520000,011877,N,,,,
2919,11311,Odri (496),ओडरी (496),Alampur(Sub-District) / Kangra(District) / Himachal Pradesh(State),00463400,011311,N,,,,
2920,10056,Oie (847),ओई (847),Baroh(Sub-District) / Kangra(District) / Himachal Pradesh(State),00338000,010056,N,,,,
2921,11195,Olehar (322),ओलेहड़ (322),Dhira(Sub-District) / Kangra(District) / Himachal Pradesh(State),00451800,011195,N,,,,
2922,9961,Olhari (614),ओहलडी (614),Nagrota Bagwan(Sub-District) / Kangra(District) / Himachal Pradesh(State),00328500,009961,N,,,,
2923,11187,Onch (176),औंच (176),Dhira(Sub-District) / Kangra(District) / Himachal Pradesh(State),00451000,011187,N,,,,
2924,10169,Othra (502),ओथड़ा (502),Haripur(Sub-District) / Kangra(District) / Himachal Pradesh(State),00349300,010169,N,,,,
2925,8592,Pachan (167),पंचा (167),Nurpur(Sub-District) / Kangra(District) / Himachal Pradesh(State),00192000,008592,N,,,,
2926,9214,Padar (255),पदर (255),Kotla(Sub-District) / Kangra(District) / Himachal Pradesh(State),00254100,009214,N,,,,
2927,10409,Padehr (616),पधेड़ (616),Dehra Gopipur(Sub-District) / Kangra(District) / Himachal Pradesh(State),00373300,010409,N,,,,
2928,10688,Padhan (70),पधां (70),Dadasiba(Sub-District) / Kangra(District) / Himachal Pradesh(State),00401200,010688,N,,,,
2929,8540,Padhar (332),प़धेड़ (332),Raja Ka Talab(Sub-District) / Kangra(District) / Himachal Pradesh(State),00186800,008540,N,,,,
2930,11561,Padher (104),पधेड़ (104),Sulah(Sub-District) / Kangra(District) / Himachal Pradesh(State),00488400,011561,N,,,,
2931,9532,Padher (351),पधेड़ (351),Dharmsala(Sub-District) / Kangra(District) / Himachal Pradesh(State),00287100,009532,N,,,,
2932,9636,Padher (512),पधर (512),Dharmsala(Sub-District) / Kangra(District) / Himachal Pradesh(State),00297600,009636,N,,,,
2933,11882,Padhiarkhar (793),पढियारखर (793),Palampur(Sub-District) / Kangra(District) / Himachal Pradesh(State),00520500,011882,N,,,,
2934,10342,Padka (555),पादका (555),Haripur(Sub-District) / Kangra(District) / Himachal Pradesh(State),00366600,010342,N,,,,
2935,11541,Padra (38),पदरा (38),Chachian(Sub-District) / Kangra(District) / Himachal Pradesh(State),00486400,011541,N,,,,
2936,9437,Pahlam (283),पाहलम (283),Shahpur(Sub-District) / Kangra(District) / Himachal Pradesh(State),00276400,009437,N,,,,
2937,9365,Paid (92),पैड़ (92),Shahpur(Sub-District) / Kangra(District) / Himachal Pradesh(State),00269200,009365,N,,,,
2938,8371,Pail (18),पैल (18),Gangath(Sub-District) / Kangra(District) / Himachal Pradesh(State),00169900,008371,N,,,,
2939,8348,Pail (58),पैल (58),Nurpur(Sub-District) / Kangra(District) / Himachal Pradesh(State),00167600,008348,N,,,,
2940,10404,Paisa Khas (605),पाईसा खास (605),Dehra Gopipur(Sub-District) / Kangra(District) / Himachal Pradesh(State),00372800,010404,N,,,,
2941,9538,Pajlehar (357),पजलेहड (357),Dharmsala(Sub-District) / Kangra(District) / Himachal Pradesh(State),00287700,009538,N,,,,
2942,10506,Pakhehr (348),पखेहड़ (348),Bharoli(Sub-District) / Kangra(District) / Himachal Pradesh(State),00379100,010506,N,eSignGOFile131557_11_06_2024_16_52_36.pdf,,,
2943,8864,Palah (163),पलाह (163),Rey(Sub-District) / Kangra(District) / Himachal Pradesh(State),00219200,008864,N,,,,
2944,10473,Palahi (407),पलाही (407),Jawalamukhi(Sub-District) / Kangra(District) / Himachal Pradesh(State),00375800,010473,N,,,,
2945,8666,Palahri (147),पलाहड़ी (147),Sadwan(Sub-District) / Kangra(District) / Himachal Pradesh(State),00199400,008666,N,,,,
2946,8779,Palahta (65),पलाहटा (65),Thakurdwara(Sub-District) / Kangra(District) / Himachal Pradesh(State),00210800,008779,N,,,,
2947,11809,Palahu (689),पलाहू (689),Panchrukhi(Sub-District) / Kangra(District) / Himachal Pradesh(State),00513200,011809,N,,,,
2948,9996,Palakhru (730),पलाखरु (730),Baroh(Sub-District) / Kangra(District) / Himachal Pradesh(State),00332000,009996,N,,,,
2949,939742,Palampur Khas (260-2),पालमपुर खास,Palampur(Sub-District) / Kangra(District) / Himachal Pradesh(State),,000000,N,,,,
2950,939743,Palampur Uparala (260-1),पालमपुर उपरला,Palampur(Sub-District) / Kangra(District) / Himachal Pradesh(State),,000000,N,,,,
2951,11278,Palat (654),पलाट (654),Jaisinghpur(Sub-District) / Kangra(District) / Himachal Pradesh(State),00460100,011278,N,,,,
2952,9134,Palaura (38),पलौड़ा (38),Jawali(Sub-District) / Kangra(District) / Himachal Pradesh(State),00246100,009134,N,,,,
2953,8629,Paleen (277),पलीण (277),Nurpur(Sub-District) / Kangra(District) / Himachal Pradesh(State),00195700,008629,N,,,,
2954,8861,Palela (155),पलेला (155),Rey(Sub-District) / Kangra(District) / Himachal Pradesh(State),00218900,008861,N,,,,
2955,9762,Palera (220),पलेरा (220),Kangra(Sub-District) / Kangra(District) / Himachal Pradesh(State),00309800,009762,N,,,,
2956,10390,Paleta (570),पलेटा (570),Dehra Gopipur(Sub-District) / Kangra(District) / Himachal Pradesh(State),00371400,010390,N,,,,
2957,11446,Paleta (953),पलेटा (953),Jaisinghpur(Sub-District) / Kangra(District) / Himachal Pradesh(State),00476900,011446,N,,,,
2958,12035,Palhoon (885),पहलून (885),Baijnath(Sub-District) / Kangra(District) / Himachal Pradesh(State),00535800,012035,N,,,,
2959,11661,Palhuni (677),पलहूणी (677),Bhawarna(Sub-District) / Kangra(District) / Himachal Pradesh(State),00498400,011661,N,,,,
2960,10924,Paliar (813),पलियार (813),Khundian(Sub-District) / Kangra(District) / Himachal Pradesh(State),00424800,010924,N,,,,
2961,9928,Palli (537),पल्ली (537),Nagrota Bagwan(Sub-District) / Kangra(District) / Himachal Pradesh(State),00325200,009928,N,,,,
2962,8974,Palli Khas (90),पल्ली खास (90),Fatehpur(Sub-District) / Kangra(District) / Himachal Pradesh(State),00230200,008974,N,,,,
2963,9488,Palotha (36),पलोथा (36),Dharmsala(Sub-District) / Kangra(District) / Himachal Pradesh(State),00282800,009488,N,,,,
2964,10381,Paloti (546),पलोटी (546),Dehra Gopipur(Sub-District) / Kangra(District) / Himachal Pradesh(State),00370500,010381,N,,,,
2965,10138,Palra (883),पालरा (883),Baroh(Sub-District) / Kangra(District) / Himachal Pradesh(State),00346200,010138,N,,,,
2966,10139,Palru (884),पालरु (884),Baroh(Sub-District) / Kangra(District) / Himachal Pradesh(State),00346300,010139,N,,,,
2967,9816,Palwana (549),पलवाना (549),Kangra(Sub-District) / Kangra(District) / Himachal Pradesh(State),00315200,009816,N,,,,
2968,10565,Pamehr (323),पमेहड़ (323),Bharoli(Sub-District) / Kangra(District) / Himachal Pradesh(State),00385500,010565,N,eSignGOFile131557_11_06_2024_16_55_43.pdf,,,
2969,9172,Panalth (69),पनालथ (69),Jawali(Sub-District) / Kangra(District) / Himachal Pradesh(State),00249900,009172,N,,,,
2970,11183,Panapar Har (182),पनापर हार (182),Dhira(Sub-District) / Kangra(District) / Himachal Pradesh(State),00450600,011183,N,,,,
2971,11562,Panapri Khas (181),पनापर खास (181),Sulah(Sub-District) / Kangra(District) / Himachal Pradesh(State),00488500,011562,N,,,,
2972,11362,Pandehr (588),पन्डेहड (588),Jaisinghpur(Sub-District) / Kangra(District) / Himachal Pradesh(State),00468500,011362,N,,,,
2973,10669,Pandol (81),पण्डोल (81),Jaswan(Sub-District) / Kangra(District) / Himachal Pradesh(State),00399300,010669,N,,,,
2974,8521,Pandora (356),पण्डोरा (356),Raja Ka Talab(Sub-District) / Kangra(District) / Himachal Pradesh(State),00184900,008521,N,,,,
2975,11611,Pandtehar (194),पन्तेहड़ (194),Sulah(Sub-District) / Kangra(District) / Himachal Pradesh(State),00493400,011611,N,,,,
2976,9556,Pandtehr (402),पन्द्तेहड़ (402),Dharmsala(Sub-District) / Kangra(District) / Himachal Pradesh(State),00289600,009556,N,,,,
2977,9972,Pandtehr (620),पंडतेहड़ (620),Nagrota Bagwan(Sub-District) / Kangra(District) / Himachal Pradesh(State),00329600,009972,N,,,,
2978,9940,Pandtehr (634),पन्डतेहड (634),Nagrota Bagwan(Sub-District) / Kangra(District) / Himachal Pradesh(State),00326400,009940,N,,,,
2979,11941,Pandtehr (821),पंतेहड़ (821),Baijnath(Sub-District) / Kangra(District) / Himachal Pradesh(State),00526400,011941,N,,,,
2980,12045,Pandtehr (872),पंतेहड़ (872),Baijnath(Sub-District) / Kangra(District) / Himachal Pradesh(State),00536800,012045,N,,,,
2981,8725,Paniala (35),पनियाला (35),Indora(Sub-District) / Kangra(District) / Himachal Pradesh(State),00205400,008725,N,,,,
2982,10226,Paniyamal (117),पनियामल (117),Dadasiba(Sub-District) / Kangra(District) / Himachal Pradesh(State),00355000,010226,N,,,,
2983,8571,Panjahra Baraswalan (298),पंजाहडा बरसवाला (298),Nurpur(Sub-District) / Kangra(District) / Himachal Pradesh(State),00189900,008571,N,,,,
2984,8575,Panjahra Damuwal (300),पंजाहडा डमूवाल (300),Nurpur(Sub-District) / Kangra(District) / Himachal Pradesh(State),00190300,008575,N,,,,
2985,8502,Panjahra Dhallan (310),पंजाहडा ढाला (310),Nurpur(Sub-District) / Kangra(District) / Himachal Pradesh(State),00183000,008502,N,,,,
2986,11292,Panjalehar (571),पन्जलेहड (571),Jaisinghpur(Sub-District) / Kangra(District) / Himachal Pradesh(State),00461500,011292,N,,,,
2987,8534,Panjasara (376),पंजासरा (376),Raja Ka Talab(Sub-District) / Kangra(District) / Himachal Pradesh(State),00186200,008534,N,,,,
2988,11223,Panjial (329),पंजियाल (329),Dhira(Sub-District) / Kangra(District) / Himachal Pradesh(State),00454600,011223,N,,,,
2989,12071,Panjiala Buhla (863),पंजियाला बुहला (863),Baijnath(Sub-District) / Kangra(District) / Himachal Pradesh(State),00539400,012071,N,,,,
2990,12072,Panjiala Upperla (864),पंजियाला उपरला (864),Baijnath(Sub-District) / Kangra(District) / Himachal Pradesh(State),00539500,012072,N,,,,
2991,10489,Panjiara (385),पंजयाड़ा (385),Jawalamukhi(Sub-District) / Kangra(District) / Himachal Pradesh(State),00377400,010489,N,,,,
2992,8825,Panjkura (24),पंजकुडा (24),Rey(Sub-District) / Kangra(District) / Himachal Pradesh(State),00215300,008825,N,,,,
2993,11078,Panjlehar (407),पंजलेहड (407),Thural(Sub-District) / Kangra(District) / Himachal Pradesh(State),00440100,011078,N,,,,
2994,9789,Panjlehar (577),पंजलेहड (577),Kangra(Sub-District) / Kangra(District) / Himachal Pradesh(State),00312500,009789,N,,,,
2995,11226,Panjlehr (331),पंजलेहड़ (331),Dhira(Sub-District) / Kangra(District) / Himachal Pradesh(State),00454900,011226,N,,,,
2996,10483,Panjlehr (389),पंजलेहड़ (389),Jawalamukhi(Sub-District) / Kangra(District) / Himachal Pradesh(State),00376800,010483,N,,,,
2997,9858,Panjlehr (687),पंजलेहड (687),Nagrota Bagwan(Sub-District) / Kangra(District) / Himachal Pradesh(State),00318200,009858,N,,,,
2998,11719,Pankhar (554),पनखर (554),Bhawarna(Sub-District) / Kangra(District) / Himachal Pradesh(State),00504200,011719,N,,,,
2999,9979,Pankhar (642),पानखर (642),Nagrota Bagwan(Sub-District) / Kangra(District) / Himachal Pradesh(State),00330300,009979,N,,,,
3000,10031,Panol (753),पनोल (753),Baroh(Sub-District) / Kangra(District) / Himachal Pradesh(State),00335500,010031,N,,,,
3001,9061,Panola (105),पनोला (105),Jawali(Sub-District) / Kangra(District) / Himachal Pradesh(State),00238800,009061,N,,,,
3002,10321,Pansal (446),पनसाल (446),Haripur(Sub-District) / Kangra(District) / Himachal Pradesh(State),00364500,010321,N,,,,
3003,12029,Pansuha (889),पानसुआ (889),Baijnath(Sub-District) / Kangra(District) / Himachal Pradesh(State),00535200,012029,N,,,,
3004,9760,Pantehar (217),पंतेहड (217),Kangra(Sub-District) / Kangra(District) / Himachal Pradesh(State),00309600,009760,N,,,,
3005,11813,Pantehar (251),पंतेहड (251),Palampur(Sub-District) / Kangra(District) / Himachal Pradesh(State),00513600,011813,N,,,,
3006,11288,Panti (533),पान्टी (533),Jaisinghpur(Sub-District) / Kangra(District) / Himachal Pradesh(State),00461100,011288,N,,,,
3007,9154,Papahn (6),पपाहन (6),Jawali(Sub-District) / Kangra(District) / Himachal Pradesh(State),00248100,009154,N,,,,
3008,11306,Paplah (516),पपलाह(516),Alampur(Sub-District) / Kangra(District) / Himachal Pradesh(State),00462900,011306,N,,,,
3009,11723,Paplahkar (552),पपलाकड (552),Bhawarna(Sub-District) / Kangra(District) / Himachal Pradesh(State),00504600,011723,N,,,,
3010,8960,Paplah Khas (81),पपलाह खास (81),Fatehpur(Sub-District) / Kangra(District) / Himachal Pradesh(State),00228800,008960,N,,,,
3011,10659,Paplothar (47),पपलोथर (47),Jaswan(Sub-District) / Kangra(District) / Himachal Pradesh(State),00398300,010659,N,,,,
3012,11942,Paprola Khas (820),पपरोला खास (820),Baijnath(Sub-District) / Kangra(District) / Himachal Pradesh(State),00526500,011942,N,,,,
3013,11347,Paprolla (454),पपरोला (454),Alampur(Sub-District) / Kangra(District) / Himachal Pradesh(State),00467000,011347,N,,,,
3014,8780,Paral (64),पराल (64),Thakurdwara(Sub-District) / Kangra(District) / Himachal Pradesh(State),00210900,008780,N,,,,
3015,11032,Parauntha (893),परौन्ठा (893),Majheen(Sub-District) / Kangra(District) / Himachal Pradesh(State),00435600,011032,N,,,,
3016,8817,Pardah (23),परडाह (23),Rey(Sub-District) / Kangra(District) / Himachal Pradesh(State),00214500,008817,N,,,,
3017,8449,Parduhi (406),परडूई (406),Gangath(Sub-District) / Kangra(District) / Himachal Pradesh(State),00177700,008449,N,,,,
3018,9276,Pargor Khas (168),प्रगोड़ खास (168),Harchakian(Sub-District) / Kangra(District) / Himachal Pradesh(State),00260300,009276,N,,,,
3019,11209,Parmar Nagar (134),परमार नगर (134),Dhira(Sub-District) / Kangra(District) / Himachal Pradesh(State),00453200,011209,N,,,,
3020,8315,Parnala (80),पारनाला (80),Sadwan(Sub-District) / Kangra(District) / Himachal Pradesh(State),00164300,008315,N,,,,
3021,11792,Parnoh (700),परनोह (700),Panchrukhi(Sub-District) / Kangra(District) / Himachal Pradesh(State),00511500,011792,N,,,,
3022,9599,Parol (474),परोल (474),Dharmsala(Sub-District) / Kangra(District) / Himachal Pradesh(State),00293900,009599,N,,,,
3023,8957,Parol (73),परौल (73),Fatehpur(Sub-District) / Kangra(District) / Himachal Pradesh(State),00228500,008957,N,,,,
3024,11556,Parour Khas (58),परोर खास  (58),Sulah(Sub-District) / Kangra(District) / Himachal Pradesh(State),00487900,011556,N,,,,
3025,8913,Parraha (117),परडाह (117),Fatehpur(Sub-District) / Kangra(District) / Himachal Pradesh(State),00224100,008913,N,,,,
3026,11473,Parrman (723),पडमण (723),Jaisinghpur(Sub-District) / Kangra(District) / Himachal Pradesh(State),00479600,011473,N,,,,
3027,9425,Parsel (126),प्रसेल (126),Shahpur(Sub-District) / Kangra(District) / Himachal Pradesh(State),00275200,009425,N,,,,
3028,12076,Pashakot (865),पसाकोट (865),Baijnath(Sub-District) / Kangra(District) / Himachal Pradesh(State),00539900,012076,N,,,,
3029,12007,Pat (1006),पट (1006),Baijnath(Sub-District) / Kangra(District) / Himachal Pradesh(State),00533000,012007,N,,,,
3030,11246,Pat (343),पट (343),Dhira(Sub-District) / Kangra(District) / Himachal Pradesh(State),00456900,011246,N,,,,
3031,9528,Pat (362),पट् (362),Dharmsala(Sub-District) / Kangra(District) / Himachal Pradesh(State),00286700,009528,N,,,,
3032,8968,Pata Jatiyan (83),पट्टा जाटियां (83),Fatehpur(Sub-District) / Kangra(District) / Himachal Pradesh(State),00229600,008968,N,,,,
3033,9160,Patan (24),पतन (24),Jawali(Sub-District) / Kangra(District) / Himachal Pradesh(State),00248700,009160,N,,,,
3034,9554,Patani (386),पतनी (386),Dharmsala(Sub-District) / Kangra(District) / Himachal Pradesh(State),00289400,009554,N,,,,
3035,10001,Patari (735),पटारी (735),Baroh(Sub-District) / Kangra(District) / Himachal Pradesh(State),00332500,010001,N,,,,
3036,9685,Patarkad (430),पटारकड (430),Kangra(Sub-District) / Kangra(District) / Himachal Pradesh(State),00300900,009685,N,,,,
3037,11984,Patel Nagar (963),पटेल नगर (963),Chadiyar(Sub-District) / Kangra(District) / Himachal Pradesh(State),00530700,011984,N,,,,
3038,9048,Pathiar (121),पठियार (121),Kotla(Sub-District) / Kangra(District) / Himachal Pradesh(State),00237500,009048,N,,,,
3039,9748,Pathiar (242),पठयार (242),Kangra(Sub-District) / Kangra(District) / Himachal Pradesh(State),00308400,009748,N,,,,
3040,10814,Pathiar (286),पठयार (286),Rakkar(Sub-District) / Kangra(District) / Himachal Pradesh(State),00413800,010814,N,,,,
3041,10521,Pathiar (378),पठियार (378),Jawalamukhi(Sub-District) / Kangra(District) / Himachal Pradesh(State),00380600,010521,N,,,,
3042,10645,Pati (24),पटृी (24),Jaswan(Sub-District) / Kangra(District) / Himachal Pradesh(State),00396900,010645,N,,,,
3043,8805,Pati (5),पट्टी (5),Fatehpur(Sub-District) / Kangra(District) / Himachal Pradesh(State),00213300,008805,N,,,,
3044,9826,Patial Kad (531),पटियालकड (531),Nagrota Bagwan(Sub-District) / Kangra(District) / Himachal Pradesh(State),00304100,009826,N,,,,
3045,10052,Patohar (845),पटोहड़ (845),Baroh(Sub-District) / Kangra(District) / Himachal Pradesh(State),00337600,010052,N,,,,
3046,9560,Patohla (421),पटोहला (421),Dharmsala(Sub-District) / Kangra(District) / Himachal Pradesh(State),00290000,009560,N,,,,
3047,9633,Patohla (509),पटोला (509),Dharmsala(Sub-District) / Kangra(District) / Himachal Pradesh(State),00297300,009633,N,,,,
3048,9898,Patola (704),पटोला (704),Nagrota Bagwan(Sub-District) / Kangra(District) / Himachal Pradesh(State),00322200,009898,N,,,,
3049,10838,Patreli (639),पतरेली(636),Lagru(Sub-District) / Kangra(District) / Himachal Pradesh(State),00416200,010838,N,,,,
3050,11660,Patrodak (678),पतरोडक (678),Bhawarna(Sub-District) / Kangra(District) / Himachal Pradesh(State),00498300,011660,N,,,,
3051,11270,Patt (652),पट (652),Jaisinghpur(Sub-District) / Kangra(District) / Himachal Pradesh(State),00459300,011270,N,,,,
3052,8967,Patta Brahamna (82),पट्टा व्राहम्णा (82),Fatehpur(Sub-District) / Kangra(District) / Himachal Pradesh(State),00229500,008967,N,,,,
3053,11766,Pattguwali (745),पटगवाली (745),Panchrukhi(Sub-District) / Kangra(District) / Himachal Pradesh(State),00508900,011766,N,,,,
3054,9667,Patti (267),पट्टी (267),Kangra(Sub-District) / Kangra(District) / Himachal Pradesh(State),00299100,009667,N,,,,
3055,9819,Paud (470),पौड़ (470),Nagrota Bagwan(Sub-District) / Kangra(District) / Himachal Pradesh(State),00303400,009819,N,,,,
3056,8842,Peh (127),पैह (127),Rey(Sub-District) / Kangra(District) / Himachal Pradesh(State),00217000,008842,N,,,,
3057,9674,Pehg (434),पैहग (434),Kangra(Sub-District) / Kangra(District) / Himachal Pradesh(State),00299800,009674,N,,,,
3058,10871,Perla (812),पेड़ला (812),Majheen(Sub-District) / Kangra(District) / Himachal Pradesh(State),00419500,010871,N,,,,
3059,11133,Phagurta (517),फगूडता (517),Thural(Sub-District) / Kangra(District) / Himachal Pradesh(State),00445600,011133,N,,,,
3060,9302,Phair (193),फेर (193),Harchakian(Sub-District) / Kangra(District) / Himachal Pradesh(State),00262900,009302,N,,,,
3061,10894,Phaked (800),फकेड (800),Majheen(Sub-District) / Kangra(District) / Himachal Pradesh(State),00421800,010894,N,,,,
3062,9870,Phaket Lahr (698),फकेटलाहड (698),Nagrota Bagwan(Sub-District) / Kangra(District) / Himachal Pradesh(State),00319400,009870,N,,,,
3063,12021,Phalehar (1019),फलेहड़ (1019),Baijnath(Sub-District) / Kangra(District) / Himachal Pradesh(State),00534400,012021,N,,,,
3064,11645,Phalehr (267),फलेहड़ (267),Palampur(Sub-District) / Kangra(District) / Himachal Pradesh(State),00496800,011645,N,eSignGOFile662648_19_02_2025_13_53_47.pdf,,,
3065,9822,Phalondi (487),फलौन्दी (487),Nagrota Bagwan(Sub-District) / Kangra(District) / Himachal Pradesh(State),00303700,009822,N,,,,
3066,11131,Phangehar (502),फंगेहड (502),Thural(Sub-District) / Kangra(District) / Himachal Pradesh(State),00445400,011131,N,,,,
3067,8278,Phangota (114),फंगोता (114),Sadwan(Sub-District) / Kangra(District) / Himachal Pradesh(State),00160600,008278,N,,,,
3068,10966,Pharera (717),फरेहड़ा (717),Khundian(Sub-District) / Kangra(District) / Himachal Pradesh(State),00429000,010966,N,,,,
3069,9157,Pharian (21),फारियां (21),Jawali(Sub-District) / Kangra(District) / Himachal Pradesh(State),00248400,009157,N,,,,
3070,11249,Phashta (357),फशटा (357),Dhira(Sub-District) / Kangra(District) / Himachal Pradesh(State),00457200,011249,N,,,,
3071,12082,Phatahar (838),फटाहर (838),Baijnath(Sub-District) / Kangra(District) / Himachal Pradesh(State),00540500,012082,N,,,,
3072,10487,Pher (387),फेर (387),Jawalamukhi(Sub-District) / Kangra(District) / Himachal Pradesh(State),00377200,010487,N,,,,
3073,11019,Phihar (839),फिहार (839),Khundian(Sub-District) / Kangra(District) / Himachal Pradesh(State),00434300,011019,N,,,,
3074,9067,Phiral (102),फराल (102),Jawali(Sub-District) / Kangra(District) / Himachal Pradesh(State),00239400,009067,N,,,,
3075,8655,Phulel (196),फलेल (196),Sadwan(Sub-District) / Kangra(District) / Himachal Pradesh(State),00198300,008655,N,,,,
3076,11090,Phulwar (421),फुलवाड (421),Thural(Sub-District) / Kangra(District) / Himachal Pradesh(State),00441300,011090,N,,,,
3077,10240,Phulwara (123),फुलवाडा (123),Dadasiba(Sub-District) / Kangra(District) / Himachal Pradesh(State),00356400,010240,N,,,,
3078,10999,Phulwari (770),फुलवाड़ी (770),Khundian(Sub-District) / Kangra(District) / Himachal Pradesh(State),00432300,010999,N,,,,
3079,11020,Pihri (838),पीहड़ी (838),Khundian(Sub-District) / Kangra(District) / Himachal Pradesh(State),00434400,011020,N,,,,
3080,8778,Pind Padhya (75),पिण्ड पाध्यां (75),Indora(Sub-District) / Kangra(District) / Himachal Pradesh(State),00210700,008778,N,,,,
3081,10793,Pir (293),पीर (293),Rakkar(Sub-District) / Kangra(District) / Himachal Pradesh(State),00411700,010793,N,,,,
3082,11157,Pira (160),पीरा (160),Dhira(Sub-District) / Kangra(District) / Himachal Pradesh(State),00448000,011157,N,,,,
3083,11684,Plaid (374),पलेड (374),Bhawarna(Sub-District) / Kangra(District) / Himachal Pradesh(State),00500700,011684,N,,,,
3084,8775,Plakh (77),पलाख (77),Indora(Sub-District) / Kangra(District) / Himachal Pradesh(State),00210400,008775,N,,,,
3085,9404,Pohara (127),पोहाड़ा (127),Shahpur(Sub-District) / Kangra(District) / Himachal Pradesh(State),00273100,009404,N,,,,
3086,9020,Polian (220),पोलियां (220),Fatehpur(Sub-District) / Kangra(District) / Himachal Pradesh(State),00234700,009020,N,,,,
3087,12130,Polling (1069),पोलिंग (1069),Multhan(Sub-District) / Kangra(District) / Himachal Pradesh(State),00545300,012130,N,,,,
3088,10164,Ponal (484),पोनाल (484),Haripur(Sub-District) / Kangra(District) / Himachal Pradesh(State),00348800,010164,N,,,,
3089,10199,Pong Dam (473),पौंग बाधं (473),Dehra Gopipur(Sub-District) / Kangra(District) / Himachal Pradesh(State),00352300,010199,N,,,,
3090,10310,Pour (439),पौड (439),Haripur(Sub-District) / Kangra(District) / Himachal Pradesh(State),00363400,010310,N,,,,
3091,10615,Pragpur (12),प्रागपुर (12),Jaswan(Sub-District) / Kangra(District) / Himachal Pradesh(State),00393900,010615,N,,,,
3092,10279,Pragpur (179),प्रागपुर (179),Pragpur(Sub-District) / Kangra(District) / Himachal Pradesh(State),00360300,010279,N,,,,
3093,9426,Prei (120),प्रई (120),Shahpur(Sub-District) / Kangra(District) / Himachal Pradesh(State),00275300,009426,N,,,,
3094,9731,Prei (229),प्रेई (229),Kangra(Sub-District) / Kangra(District) / Himachal Pradesh(State),00306700,009731,N,,,,
3095,8356,Pucca Tiala (31),उप महाल पक्का टियाला (31),Nurpur(Sub-District) / Kangra(District) / Himachal Pradesh(State),00168400,008356,N,,,,
3096,10831,Pukhru (740),पुखरु (740),Lagru(Sub-District) / Kangra(District) / Himachal Pradesh(State),00415500,010831,N,,,,
3097,8874,Punal (171),पुनाल (171),Rey(Sub-District) / Kangra(District) / Himachal Pradesh(State),00220200,008874,N,,,,
3098,10801,Punani (270),पुननी (270),Rakkar(Sub-District) / Kangra(District) / Himachal Pradesh(State),00412500,010801,N,,,,
3099,10002,Punder (584),पुन्दर (584),Baroh(Sub-District) / Kangra(District) / Himachal Pradesh(State),00332600,010002,N,,,,
3100,8289,Pundrehr (105),पुन्दरेहड़ (105),Sadwan(Sub-District) / Kangra(District) / Himachal Pradesh(State),00161700,008289,N,,,,
3101,939760,Purana Kangra (444/4),पुराना कांगडा (444/4),Kangra(Sub-District) / Kangra(District) / Himachal Pradesh(State),,000000,N,,,,
3102,11875,Purani Palam (791),पुरानी पलम (791),Palampur(Sub-District) / Kangra(District) / Himachal Pradesh(State),00519800,011875,N,,,,
3103,9217,Purkher (246),पुरखेड (246),Kotla(Sub-District) / Kangra(District) / Himachal Pradesh(State),00254400,009217,N,,,,
3104,10543,Purtiala (360),पुरत्याला (360),Jawalamukhi(Sub-District) / Kangra(District) / Himachal Pradesh(State),00383300,010543,N,,,,
3105,10917,Rachhan (862),रछाहण (862),Khundian(Sub-District) / Kangra(District) / Himachal Pradesh(State),00424100,010917,N,,,,
3106,9472,Rachhialu (322),रछयालू (322),Shahpur(Sub-District) / Kangra(District) / Himachal Pradesh(State),00281200,009472,N,,,,
3107,11860,Rachiara (806),रछयाडा (806),Palampur(Sub-District) / Kangra(District) / Himachal Pradesh(State),00518300,011860,N,,,,
3108,9809,Rah (554),राह (554),Kangra(Sub-District) / Kangra(District) / Himachal Pradesh(State),00314500,009809,N,,,,
3109,8865,Rahadpur (165),रैहतपुर (165),Rey(Sub-District) / Kangra(District) / Himachal Pradesh(State),00219300,008865,N,,,,
3110,10332,Rahan (521),राहण (521),Haripur(Sub-District) / Kangra(District) / Himachal Pradesh(State),00365600,010332,N,,,,
3111,10246,Rahi (135),रेही (135),Pragpur(Sub-District) / Kangra(District) / Himachal Pradesh(State),00357000,010246,N,eSignGOFile662648_18_02_2025_16_12_39.pdf,,,
3112,12136,Raigahar Dhar (1084),रईगाहरधार (1084),Multhan(Sub-District) / Kangra(District) / Himachal Pradesh(State),00545900,012136,N,,,,
3113,10523,Raikhan (414),रैंखा (414),Jawalamukhi(Sub-District) / Kangra(District) / Himachal Pradesh(State),00380800,010523,N,,,,
3114,10652,Rail (58),रैल (58),Jaswan(Sub-District) / Kangra(District) / Himachal Pradesh(State),00397600,010652,N,,,,
3115,10428,Rainta (425),रैन्टा (425),Dehra Gopipur(Sub-District) / Kangra(District) / Himachal Pradesh(State),00375200,010428,N,,,,
3116,11597,Raipur Khas (186),रायपुर खास (186),Sulah(Sub-District) / Kangra(District) / Himachal Pradesh(State),00492000,011597,N,,,,
3117,11589,Raipur Tea Estate (204),रायपुर टी एस्टेट (204),Sulah(Sub-District) / Kangra(District) / Himachal Pradesh(State),00491200,011589,N,,,,
3118,9423,Rait (132),रैत (132),Shahpur(Sub-District) / Kangra(District) / Himachal Pradesh(State),00275000,009423,N,,,,
3119,8711,Raja Khasa (29),राजा खासा (29),Indora(Sub-District) / Kangra(District) / Himachal Pradesh(State),00203900,008711,N,,,,
3120,12006,Rajal (1005),राजल (1005),Baijnath(Sub-District) / Kangra(District) / Himachal Pradesh(State),00532900,012006,N,,,,
3121,9738,Rajal Khas (251),राजल खास (251),Kangra(Sub-District) / Kangra(District) / Himachal Pradesh(State),00307400,009738,N,,,,
3122,9769,Rajaur (802),रजौर (802),Kangra(Sub-District) / Kangra(District) / Himachal Pradesh(State),00310500,009769,N,,,,
3123,8833,Rajbal (27),रजबाल (27),Rey(Sub-District) / Kangra(District) / Himachal Pradesh(State),00216100,008833,N,,,,
3124,8415,Rajeen (438),रझीण (438),Gangath(Sub-District) / Kangra(District) / Himachal Pradesh(State),00174300,008415,N,,,,
3125,11502,Rajehar (27),रजेहड़ (27),Chachian(Sub-District) / Kangra(District) / Himachal Pradesh(State),00482500,011502,N,,,,
3126,11871,Rajehar (798),रजेहड़ (798),Palampur(Sub-District) / Kangra(District) / Himachal Pradesh(State),00519400,011871,N,,,,
3127,939753,Rajgarh (Nac) (431-1),राजगढ़ (431-1),Dehra Gopipur(Sub-District) / Kangra(District) / Himachal Pradesh(State),,000000,N,,,,
3128,8773,Rajgir (73),राजगिर (73),Indora(Sub-District) / Kangra(District) / Himachal Pradesh(State),00210200,008773,N,,,,
3129,12097,Rajgundha (1043),राजगुन्धा (1043),Multhan(Sub-District) / Kangra(District) / Himachal Pradesh(State),00542000,012097,N,,,,
3130,11152,Rajhun Khas (164),रझू खास (164),Dhira(Sub-District) / Kangra(District) / Himachal Pradesh(State),00447500,011152,N,,,,
3131,9290,Rajial (183),रजियाल  (183),Harchakian(Sub-District) / Kangra(District) / Himachal Pradesh(State),00261700,009290,N,,,,
3132,9779,Rajiana (796),रजियाणा (796),Kangra(Sub-District) / Kangra(District) / Himachal Pradesh(State),00311500,009779,N,,,,
3133,9920,Rajiana Khas (543),रजियाणा खास (543),Nagrota Bagwan(Sub-District) / Kangra(District) / Himachal Pradesh(State),00324400,009920,N,,,,
3134,10704,Rajiana Mishran (209),रजियाणा मिसरां (209),Pragpur(Sub-District) / Kangra(District) / Himachal Pradesh(State),00402800,010704,N,,,,
3135,11974,Rajinder Nagar (977),राजिन्दर नगर (977),Chadiyar(Sub-District) / Kangra(District) / Himachal Pradesh(State),00529700,011974,N,,,,
3136,11982,Rajnagar (964),राज नगर (964),Chadiyar(Sub-District) / Kangra(District) / Himachal Pradesh(State),00530500,011982,N,,,,
3137,11527,Rajnali (88),रजनाली (88),Chachian(Sub-District) / Kangra(District) / Himachal Pradesh(State),00485000,011527,N,,,,
3138,9102,Rajol (138),रजोल (138),Kotla(Sub-District) / Kangra(District) / Himachal Pradesh(State),00242900,009102,N,,,,
3139,939779,Rajol (281),रजोल (281),Shahpur(Sub-District) / Kangra(District) / Himachal Pradesh(State),,000000,N,,,,
3140,10443,Rajol (661),रजोल (661),Dehra Gopipur(Sub-District) / Kangra(District) / Himachal Pradesh(State),00390100,010443,N,,,,
3141,10471,Rajol Palahi (405),रजोल पलाही (405),Jawalamukhi(Sub-District) / Kangra(District) / Himachal Pradesh(State),00375600,010471,N,,,,
3142,11924,Rajot Buhla (769),रजोट वुहला (769),Baijnath(Sub-District) / Kangra(District) / Himachal Pradesh(State),00524700,011924,N,,,,
3143,11918,Rajot Uperla (765),रजोट उपरला (765),Baijnath(Sub-District) / Kangra(District) / Himachal Pradesh(State),00524100,011918,N,,,,
3144,8859,Raj Palwan (143),रजपालवां (143),Rey(Sub-District) / Kangra(District) / Himachal Pradesh(State),00218700,008859,N,,,,
3145,11812,Rajpur (255),राजपुर (255),Palampur(Sub-District) / Kangra(District) / Himachal Pradesh(State),00513500,011812,N,,,,
3146,9585,Rakar (379),रकड़ (379),Dharmsala(Sub-District) / Kangra(District) / Himachal Pradesh(State),00292500,009585,N,,,,
3147,10993,Rakehar (773),रकेहड़ (773),Khundian(Sub-District) / Kangra(District) / Himachal Pradesh(State),00431700,010993,N,,,,
3148,11211,Rakh (136),राख (136),Dhira(Sub-District) / Kangra(District) / Himachal Pradesh(State),00453400,011211,N,,,,
3149,11505,Rakh (23),राख (23),Chachian(Sub-District) / Kangra(District) / Himachal Pradesh(State),00482800,011505,N,,,,
3150,8615,Rakhundli (294),रखुंडली (294),Nurpur(Sub-District) / Kangra(District) / Himachal Pradesh(State),00194300,008615,N,,,,
3151,11619,Rakkar (307),रक्कड़ (307),Sulah(Sub-District) / Kangra(District) / Himachal Pradesh(State),00494200,011619,N,,,,
3152,11917,Rakkar Bhedi (753),रक्कड़ भेड़ी (753),Baijnath(Sub-District) / Kangra(District) / Himachal Pradesh(State),00524000,011917,N,,,,
3153,10475,Rakwal Lahr (398),रकवाल लाहड़ (398),Jawalamukhi(Sub-District) / Kangra(District) / Himachal Pradesh(State),00376000,010475,N,,,,
3154,10238,Rambeh (126),रामवैह (126),Dadasiba(Sub-District) / Kangra(District) / Himachal Pradesh(State),00356200,010238,N,,,,
3155,11866,Ramchehar (800),रमचेहड (800),Palampur(Sub-District) / Kangra(District) / Himachal Pradesh(State),00518900,011866,N,,,,
3156,11716,Ramehar (556),रमेहड (556),Bhawarna(Sub-District) / Kangra(District) / Himachal Pradesh(State),00503900,011716,N,,,,
3157,10216,Ramnagar (111),रामनगर (111),Dadasiba(Sub-District) / Kangra(District) / Himachal Pradesh(State),00354000,010216,N,,,,
3158,10754,Ramnagar (238),रामनगर (238),Rakkar(Sub-District) / Kangra(District) / Himachal Pradesh(State),00407800,010754,N,,,,
3159,9642,Ram Nagar (364/1),राम नगर (364/1),Dharmsala(Sub-District) / Kangra(District) / Himachal Pradesh(State),40203000,009642,N,,,,
3160,11763,Ram Nagar (708),रामनगर (708),Panchrukhi(Sub-District) / Kangra(District) / Himachal Pradesh(State),00508600,011763,N,,,,
3161,10976,Ramnagar (721),रामनगर (721),Khundian(Sub-District) / Kangra(District) / Himachal Pradesh(State),00430000,010976,N,,,,
3162,11451,Ramnagar (946),रामनगर (946),Jaisinghpur(Sub-District) / Kangra(District) / Himachal Pradesh(State),00477400,011451,N,,,,
3163,939746,Rampuri (153/3),उप महाल रामपुरी (153/3),Nurpur(Sub-District) / Kangra(District) / Himachal Pradesh(State),,000000,N,,,,
3164,11445,Rana Nagar (950),रामनगर (950),Jaisinghpur(Sub-District) / Kangra(District) / Himachal Pradesh(State),00476800,011445,N,,,,
3165,8387,Randoh (446),रंडोह (446),Indora(Sub-District) / Kangra(District) / Himachal Pradesh(State),00171500,008387,N,,,,
3166,9405,Ranehar (71),रनेहड़,Shahpur(Sub-District) / Kangra(District) / Himachal Pradesh(State),00273200,009405,N,eSignGOFile662648_19_02_2025_16_36_20.pdf,,,
3167,9889,Raneta (709),रणैटा (709),Nagrota Bagwan(Sub-District) / Kangra(District) / Himachal Pradesh(State),00321300,009889,N,,,,
3168,10162,Rangehar (764),रंगेहड़ (764),Baroh(Sub-District) / Kangra(District) / Himachal Pradesh(State),00348600,010162,N,,,,
3169,11161,Rangehr (121),रंगेहड़ (121),Dhira(Sub-District) / Kangra(District) / Himachal Pradesh(State),00448400,011161,N,,,,
3170,11768,Rangru (741),रगडू (741),Panchrukhi(Sub-District) / Kangra(District) / Himachal Pradesh(State),00509100,011768,N,,,,
3171,9944,Ranhun (630),रनूँह (630),Nagrota Bagwan(Sub-District) / Kangra(District) / Himachal Pradesh(State),00326800,009944,N,,,,
3172,9771,Ranital (800),रानीताल (800),Kangra(Sub-District) / Kangra(District) / Himachal Pradesh(State),00310700,009771,N,,,,
3173,10340,Ranka (533),राण्का (533),Haripur(Sub-District) / Kangra(District) / Himachal Pradesh(State),00366400,010340,N,,,,
3174,10617,Ranoh (14),रनोह (14),Jaswan(Sub-District) / Kangra(District) / Himachal Pradesh(State),00394100,010617,N,,,,
3175,8453,Rapar (415),रपड़ (415),Gangath(Sub-District) / Kangra(District) / Himachal Pradesh(State),00178100,008453,N,,,,
3176,11058,Rapot (395),रपोट (395),Thural(Sub-District) / Kangra(District) / Himachal Pradesh(State),00438100,011058,N,,,,
3177,11617,Rara (302),रड़ा (302),Sulah(Sub-District) / Kangra(District) / Himachal Pradesh(State),00494000,011617,N,,,,
3178,11616,Rarouta (303),रडौता (303),Sulah(Sub-District) / Kangra(District) / Himachal Pradesh(State),00493900,011616,N,,,,
3179,9587,Rasan (392),रसां (392),Dharmsala(Sub-District) / Kangra(District) / Himachal Pradesh(State),00292700,009587,N,,,,
3180,9617,Raseshar (515),रसेहड  (515),Dharmsala(Sub-District) / Kangra(District) / Himachal Pradesh(State),00295700,009617,N,,,,
3181,9770,Rasuh (801),रसूह (801),Kangra(Sub-District) / Kangra(District) / Himachal Pradesh(State),00310600,009770,N,,,,
3182,10421,Rasuhi (653),रसूई (653),Dehra Gopipur(Sub-District) / Kangra(District) / Himachal Pradesh(State),00374500,010421,N,,,,
3183,11803,Rathan (693),रठाँ (693),Panchrukhi(Sub-District) / Kangra(District) / Himachal Pradesh(State),00512600,011803,N,,,,
3184,10528,Ratial (415),रतयाल (415),Jawalamukhi(Sub-District) / Kangra(District) / Himachal Pradesh(State),00381300,010528,N,,,,
3185,8886,Ratriar (160),रत्याड (160),Rey(Sub-District) / Kangra(District) / Himachal Pradesh(State),00221400,008886,N,,,,
3186,10049,Ratyar (831),रत्याड़ (831),Baroh(Sub-District) / Kangra(District) / Himachal Pradesh(State),00337300,010049,N,,,,
3187,8679,Raund (139),रुन्ड (139),Sadwan(Sub-District) / Kangra(District) / Himachal Pradesh(State),00200700,008679,N,,,,
3188,9829,Raunkhar (536),रौंखर (536),Nagrota Bagwan(Sub-District) / Kangra(District) / Himachal Pradesh(State),00304400,009829,N,,,,
3189,8553,Raur (340),रोड़ (340),Raja Ka Talab(Sub-District) / Kangra(District) / Himachal Pradesh(State),00188100,008553,N,,,,
3190,10205,Raur (455),रौड़ (455),Haripur(Sub-District) / Kangra(District) / Himachal Pradesh(State),00352900,010205,N,,,,
3191,9484,Rawa (27),रावा (27),Dareeni(Sub-District) / Kangra(District) / Himachal Pradesh(State),00282400,009484,N,,,,
3192,11534,Ree (36),री (36),Chachian(Sub-District) / Kangra(District) / Himachal Pradesh(State),00485700,011534,N,,,,
3193,8595,Reena (179),रिन्ना (179),Nurpur(Sub-District) / Kangra(District) / Himachal Pradesh(State),00192300,008595,N,,,,
3194,8544,Rehan Khas (339),रैहन खास (339),Raja Ka Talab(Sub-District) / Kangra(District) / Himachal Pradesh(State),00187200,008544,N,,,,
3195,10043,Rehar (781),रेहड़ (781),Baroh(Sub-District) / Kangra(District) / Himachal Pradesh(State),00336700,010043,N,,,,
3196,9407,Rehlu Khas (52),रिहलू खास  (52),Shahpur(Sub-District) / Kangra(District) / Himachal Pradesh(State),00273400,009407,N,,,,
3197,8867,Re Khas (166),रे खास (166),Rey(Sub-District) / Kangra(District) / Himachal Pradesh(State),00219500,008867,N,,,,
3198,11975,Repehar (978),रुपेहड़ (978),Chadiyar(Sub-District) / Kangra(District) / Himachal Pradesh(State),00529800,011975,N,,,,
3199,10608,Reri (7),रिड़ी (7),Jaswan(Sub-District) / Kangra(District) / Himachal Pradesh(State),00393200,010608,N,,,,
3200,10725,Reserve Ban Sadwan (196),रिर्जव बन स़दुआं (196),Pragpur(Sub-District) / Kangra(District) / Himachal Pradesh(State),00404900,010725,N,,,,
3201,9018,Reserve Ban Sambliyan (232),रिजर्व वन साम्बलियां (232),Fatehpur(Sub-District) / Kangra(District) / Himachal Pradesh(State),00234500,009018,N,,,,
3202,10591,Reserve Jangal Amb (675),रिजर्व जंगल अम्ब (675),Jawalamukhi(Sub-District) / Kangra(District) / Himachal Pradesh(State),00388100,010591,N,,,,
3203,9103,Reserve Jangal Anuhi (269),रिज़र्व  जगल अनूही (269),Kotla(Sub-District) / Kangra(District) / Himachal Pradesh(State),00243000,009103,N,,,,
3204,9254,Reserve Jangal Balah (217),रिज़र्व  जगल  ब्लाह (217),Kotla(Sub-District) / Kangra(District) / Himachal Pradesh(State),00258100,009254,N,,,,
3205,9191,Reserve Jangal Baldoa (479),रिजर्व जंगल वलदोआ (479),Nagrota Surian(Sub-District) / Kangra(District) / Himachal Pradesh(State),00251800,009191,N,,,,
3206,10266,Reserve Jangal Balyana (183),रिर्जव जंगल ब़लयाणा (183),Pragpur(Sub-District) / Kangra(District) / Himachal Pradesh(State),00359000,010266,N,,,,
3207,8582,Reserve Jangal Bassa Hadialan (156),रिजर्व जंगल बासा हडयाला (156),Nurpur(Sub-District) / Kangra(District) / Himachal Pradesh(State),00191000,008582,N,,,,
3208,9097,Reserve Jangal Batuhi (132),रि0 जं0 बटूही (132),Jawali(Sub-District) / Kangra(District) / Himachal Pradesh(State),00242400,009097,N,,,,
3209,10220,Reserve Jangal Bhalwal Nichla (101),रिजर्व जंगल भलवाल निचला (101),Dadasiba(Sub-District) / Kangra(District) / Himachal Pradesh(State),00354400,010220,N,,,,
3210,9093,Reserve Jangal Bhelera (116),रि0 जं0 भलेरा (116),Jawali(Sub-District) / Kangra(District) / Himachal Pradesh(State),00242000,009093,N,,,,
3211,8597,Reserve Jangal Bindraban (168),रिजर्व जंगल बिन्द्राबन ( 168),Nurpur(Sub-District) / Kangra(District) / Himachal Pradesh(State),00192500,008597,N,,,,
3212,10221,Reserve Jangal Chanour-I (95),रिजर्व जंगल चनौर-प् (95),Dadasiba(Sub-District) / Kangra(District) / Himachal Pradesh(State),00354500,010221,N,,,,
3213,10223,Reserve Jangal Chanour-II (93),रिजर्व जंगल चनौर-प्प् (93),Dadasiba(Sub-District) / Kangra(District) / Himachal Pradesh(State),00354700,010223,N,,,,
3214,10219,Reserve Jangal Chaplah (98),रिजर्व जंगल चपलाह (98),Dadasiba(Sub-District) / Kangra(District) / Himachal Pradesh(State),00354300,010219,N,,,,
3215,8687,Reserve Jangal Damtal (3),रिजर्व जंगल डमटाल (3),Indora(Sub-District) / Kangra(District) / Himachal Pradesh(State),00201500,008687,N,,,,
3216,10271,Reserve Jangal Dangra (181),रिर्जव जंगल डांगड़ा (181),Pragpur(Sub-District) / Kangra(District) / Himachal Pradesh(State),00359500,010271,N,,,,
3217,10679,Reserve Jangal Dodra (90),रिजर्व जंगल दोदरा (90),Dadasiba(Sub-District) / Kangra(District) / Himachal Pradesh(State),00400300,010679,N,,,,
3218,9228,Reserve Jangal Dolwa (253),रिज़र्व  जंगल डोलवा (253),Kotla(Sub-District) / Kangra(District) / Himachal Pradesh(State),00255500,009228,N,,,,
3219,10593,Reserve Jangal Drang (673),रिजर्व जंगल द्रंग (673),Jawalamukhi(Sub-District) / Kangra(District) / Himachal Pradesh(State),00388300,010593,N,,,,
3220,10574,Reserve Jangal Gagduhi (797),रिजर्व जंगल गगड़ूही (797),Bharoli(Sub-District) / Kangra(District) / Himachal Pradesh(State),00386400,010574,N,eSignGOFile662648_18_02_2025_16_14_38.pdf,,,
3221,10861,Reserve Jangal Gandwar (685),रिजर्व जंगल गंधवाड़ (685),Lagru(Sub-District) / Kangra(District) / Himachal Pradesh(State),00418500,010861,N,,,,
3222,8997,Reserve Jangal Junat (194),रिजर्व जंगल जुनाट (194),Fatehpur(Sub-District) / Kangra(District) / Himachal Pradesh(State),00232500,008997,N,,,,
3223,10819,Reserve Jangal Kalapani (631),रिजर्व जंगल कालापानी (631),Lagru(Sub-District) / Kangra(District) / Himachal Pradesh(State),00414300,010819,N,,,,
3224,9206,Reserve Jangal Kaldoon (266),रिज़र्व जंगल  कालदू (266),Kotla(Sub-District) / Kangra(District) / Himachal Pradesh(State),00253300,009206,N,,,,
3225,10599,Reserve Jangal Kalidhar (670),रिजर्व जंगल कालीधार बौहण (670),Jawalamukhi(Sub-District) / Kangra(District) / Himachal Pradesh(State),00389100,010599,N,,,,
3226,10950,Reserve Jangal Khalag (743),रिजर्व जंगल खालग (743),Lagru(Sub-District) / Kangra(District) / Himachal Pradesh(State),00427400,010950,N,,,,
3227,10583,Reserve Jangal Kohala (682),रिजर्व जंगल कोहाला (682),Jawalamukhi(Sub-District) / Kangra(District) / Himachal Pradesh(State),00387300,010583,N,,,,
3228,10179,Reserve Jangal Masroor Jaini II (517),रिज़र्व जंगल मसरूर जैणी-II (517),Haripur(Sub-District) / Kangra(District) / Himachal Pradesh(State),00350300,010179,N,,,,
3229,9056,Reserve Jangal Mastgarh (120),रि0 जं0 मस्तगढ (120),Jawali(Sub-District) / Kangra(District) / Himachal Pradesh(State),00238300,009056,N,,,,
3230,10589,Reserve Jangal Pakloh (678),रिजर्व जंगल फकलोह (678),Jawalamukhi(Sub-District) / Kangra(District) / Himachal Pradesh(State),00387900,010589,N,,,,
3231,10462,Reserve Jangal Simbal Khola (630),रिजर्व जंगल सिम्बल खोला (630),Jawalamukhi(Sub-District) / Kangra(District) / Himachal Pradesh(State),00392000,010462,N,,,,
3232,8448,Reserve Jangal Slakhar (410),रजव जगल सलाखड (410),Gangath(Sub-District) / Kangra(District) / Himachal Pradesh(State),00177600,008448,N,,,,
3233,9249,Reserve Jangal Soldha (225),उर्फ़ विशनपुरा (225),Kotla(Sub-District) / Kangra(District) / Himachal Pradesh(State),00257600,009249,N,,,,
3234,9059,Reserve Jangal Sowarka (118),रि0 जं0 सोवारका (118),Jawali(Sub-District) / Kangra(District) / Himachal Pradesh(State),00238600,009059,N,,,,
3235,10436,Reserve Jangal Thakri (642),रिजर्व जंगल ठाकरी (642),Jawalamukhi(Sub-District) / Kangra(District) / Himachal Pradesh(State),00389300,010436,N,,,,
3236,10680,Reserve Jangal Tiamal-I (92),रिजर्व जंगल त्यामल-प् (92),Dadasiba(Sub-District) / Kangra(District) / Himachal Pradesh(State),00400400,010680,N,,,,
3237,10681,Reserve Jangal Tiamal-II (93),रिजर्व जंगल त्यामल-प्प् (93),Dadasiba(Sub-District) / Kangra(District) / Himachal Pradesh(State),00400500,010681,N,,,,
3238,10168,Reserve Jungal Ban Khamahan (501),रिज़र्व जंगल वन खमाहण (501),Haripur(Sub-District) / Kangra(District) / Himachal Pradesh(State),00349200,010168,N,,,,
3239,10170,Reserve Jungal Masrur Joni- I (504),रिज़र्व जंगल मसरूर जौणी-I (504),Haripur(Sub-District) / Kangra(District) / Himachal Pradesh(State),00349400,010170,N,,,,
3240,10802,Reserve Jungle Aloh-I (272),रिजर्व जंगल अलोह-I (272),Rakkar(Sub-District) / Kangra(District) / Himachal Pradesh(State),00412600,010802,N,,,,
3241,10803,Reserve Jungle Aloh-II (273),रिजर्व जंगल अलोह-II (273),Rakkar(Sub-District) / Kangra(District) / Himachal Pradesh(State),00412700,010803,N,,,,
3242,10308,Reserve Jungle Bantilli (574),रिजर्व जंगल वन टिल्ली (574),Haripur(Sub-District) / Kangra(District) / Himachal Pradesh(State),00363200,010308,N,,,,
3243,10757,Reserve Jungle Bharanta (258),रिजर्व जंगल भ्रान्ता (258),Rakkar(Sub-District) / Kangra(District) / Himachal Pradesh(State),00408100,010757,N,,,,
3244,10765,Reserve Jungle Chaplah (255),रिजर्व जंगल चपलाह (255),Rakkar(Sub-District) / Kangra(District) / Himachal Pradesh(State),00408900,010765,N,,,,
3245,10183,Reserve Jungle Dhangar I (498),रिज़र्व जंगल धंगड - I (498),Haripur(Sub-District) / Kangra(District) / Himachal Pradesh(State),00350700,010183,N,,,,
3246,10185,Reserve Jungle Dhangar II (495),रिज़र्व जंगल धंगड - II (495),Haripur(Sub-District) / Kangra(District) / Himachal Pradesh(State),00350900,010185,N,,,,
3247,10338,Reserve Jungle Dhar Panyali (554),रिजर्व जंगल धार पन्याली (554),Haripur(Sub-District) / Kangra(District) / Himachal Pradesh(State),00366200,010338,N,,,,
3248,10901,Reserve Jungle Dhater (882),रिजर्व जंगल धतेड़ (882),Majheen(Sub-District) / Kangra(District) / Himachal Pradesh(State),00422500,010901,N,,,,
3249,10860,Reserve Jungle Drang (689),रिजर्व जंगल द्रंग (689),Khundian(Sub-District) / Kangra(District) / Himachal Pradesh(State),00418400,010860,N,,,,
3250,10877,Reserve Jungle Ghator (872),रिजर्व जंगल घटौड़ (872),Majheen(Sub-District) / Kangra(District) / Himachal Pradesh(State),00420100,010877,N,,,,
3251,10788,Reserve Jungle Jaduhi (302),रिजर्व जंगल जडूही (302),Rakkar(Sub-District) / Kangra(District) / Himachal Pradesh(State),00411200,010788,N,,,,
3252,10949,Reserve Jungle Jamuli (745),रिजर्व जंगल जमूली (745),Khundian(Sub-District) / Kangra(District) / Himachal Pradesh(State),00427300,010949,N,,,,
3253,10733,Reserve Jungle Kaloha (195),रिजर्व जंगल कलोहा (195),Rakkar(Sub-District) / Kangra(District) / Himachal Pradesh(State),00405700,010733,N,,,,
3254,10752,Reserve Jungle Kharoti (236),रिजर्व जंगल खरोटी (236),Rakkar(Sub-District) / Kangra(District) / Himachal Pradesh(State),00407600,010752,N,,,,
3255,10763,Reserve Jungle Kukahar (256),रिजर्व जंगल कुकाहर (256),Rakkar(Sub-District) / Kangra(District) / Himachal Pradesh(State),00408700,010763,N,,,,
3256,8617,Reserve Jungle Mah Dhar (281),रिजर्व जंगल मेहधार (281),Nurpur(Sub-District) / Kangra(District) / Himachal Pradesh(State),00194500,008617,N,,,,
3257,10919,Reserve Jungle Nahli (843),रिजर्व जंगल नाहली (843),Khundian(Sub-District) / Kangra(District) / Himachal Pradesh(State),00424300,010919,N,,,,
3258,10736,Reserve Jungle Rakkar (240),रिजर्व जंगल रक्कड़ (240),Rakkar(Sub-District) / Kangra(District) / Himachal Pradesh(State),00406000,010736,N,,,,
3259,10780,Reserve Jungle Saleti (268),रिजर्व जंगल सलेटी (268),Rakkar(Sub-District) / Kangra(District) / Himachal Pradesh(State),00410400,010780,N,,,,
3260,10914,Reserve Jungle Saniyali (865),रिजर्व जंगल सन्याली (865),Majheen(Sub-District) / Kangra(District) / Himachal Pradesh(State),00423800,010914,N,,,,
3261,10874,Reserve Jungle Tihri (865),रिजर्व जंगल टिहरी (795),Majheen(Sub-District) / Kangra(District) / Himachal Pradesh(State),00419800,010874,N,,,,
3262,10403,Rf Chhamb (611),रिजर्व जगंल छाम्ब (611),Dehra Gopipur(Sub-District) / Kangra(District) / Himachal Pradesh(State),00372700,010403,N,,,,
3263,10379,Rf Mehar Ban (598),रिजर्व जंगल मेहरवान (598),Dehra Gopipur(Sub-District) / Kangra(District) / Himachal Pradesh(State),00370300,010379,N,,,,
3264,10738,Riana Palatiyan (203),रियाणा प़लाटियां (203),Pragpur(Sub-District) / Kangra(District) / Himachal Pradesh(State),00406200,010738,N,,,,
3265,9754,Rihala (209),रिहाला (209),Kangra(Sub-District) / Kangra(District) / Himachal Pradesh(State),00309000,009754,N,,,,
3266,9794,Rihalkar (572),रिहालकड (572),Kangra(Sub-District) / Kangra(District) / Himachal Pradesh(State),00313000,009794,N,,,,
3267,9714,Rihalpura (448),रिहालपुरा (448),Kangra(Sub-District) / Kangra(District) / Himachal Pradesh(State),00305000,009714,N,,,,
3268,10125,Rihara (904),रिहाड़ा (904),Baroh(Sub-District) / Kangra(District) / Himachal Pradesh(State),00344900,010125,N,,,,
3269,10957,Rihri (732),रिहड़ी (732),Lagru(Sub-District) / Kangra(District) / Himachal Pradesh(State),00428100,010957,N,,,,
3270,9823,Rin (489),रिन (489),Nagrota Bagwan(Sub-District) / Kangra(District) / Himachal Pradesh(State),00303800,009823,N,,,,
3271,8930,Ring (46),रीहंग (46),Fatehpur(Sub-District) / Kangra(District) / Himachal Pradesh(State),00225800,008930,N,,,,
3272,11308,Rirkal (494),रिडकल(494),Alampur(Sub-District) / Kangra(District) / Himachal Pradesh(State),00463100,011308,N,,,,
3273,9331,Rirkmar (10),रिड़कमार (10),Dareeni(Sub-District) / Kangra(District) / Himachal Pradesh(State),00265800,009331,N,,,,
3274,8366,Rit Jhikli (21),रिट झिकली (21),Nurpur(Sub-District) / Kangra(District) / Himachal Pradesh(State),00169400,008366,N,,,,
3275,11286,Ritt (568),रिट (568),Jaisinghpur(Sub-District) / Kangra(District) / Himachal Pradesh(State),00460900,011286,N,,,,
3276,8365,Rit Upperli (22),रिट उपरली (22),Nurpur(Sub-District) / Kangra(District) / Himachal Pradesh(State),00169300,008365,N,,,,
3277,10393,Riwari (588),रिवाड़ी (588),Dehra Gopipur(Sub-District) / Kangra(District) / Himachal Pradesh(State),00371700,010393,N,,,,
3278,8855,Riyali (144),रियाली (144),Rey(Sub-District) / Kangra(District) / Himachal Pradesh(State),00218300,008855,N,,,,
3279,10382,Riyalkar (602),रियालकड़ (602),Dehra Gopipur(Sub-District) / Kangra(District) / Himachal Pradesh(State),00370600,010382,N,,,,
3280,10668,Roanak (80),रौणक (80),Dadasiba(Sub-District) / Kangra(District) / Himachal Pradesh(State),00399200,010668,N,,,,
3281,9932,Rod (526),रौड (526),Nagrota Bagwan(Sub-District) / Kangra(District) / Himachal Pradesh(State),00325600,009932,N,,,,
3282,11698,Roda (528),रौडा (528),Bhawarna(Sub-District) / Kangra(District) / Himachal Pradesh(State),00502100,011698,N,,,,
3283,11581,Rodi (205),रोड़ी (205),Palampur(Sub-District) / Kangra(District) / Himachal Pradesh(State),00490400,011581,N,,,,
3284,10943,Rohal (748),रोहल (748),Khundian(Sub-District) / Kangra(District) / Himachal Pradesh(State),00426700,010943,N,,,,
3285,8477,Ronah (394),रूनाह (394),Gangath(Sub-District) / Kangra(District) / Himachal Pradesh(State),00180500,008477,N,,,,
3286,11802,Ropa (694),रोपा (694),Panchrukhi(Sub-District) / Kangra(District) / Himachal Pradesh(State),00512500,011802,N,,,,
3287,10927,Ropa (815),रोपा (815),Khundian(Sub-District) / Kangra(District) / Himachal Pradesh(State),00425100,010927,N,,,,
3288,10089,Ropa (865),रोपा (865),Baroh(Sub-District) / Kangra(District) / Himachal Pradesh(State),00341300,010089,N,,,,
3289,11443,Ropa (952),रोपा (952),Jaisinghpur(Sub-District) / Kangra(District) / Himachal Pradesh(State),00476600,011443,N,,,,
3290,11400,Ropri (594),रोपडी (594),Jaisinghpur(Sub-District) / Kangra(District) / Himachal Pradesh(State),00472300,011400,N,,,,
3291,11385,Ropri (610),रोपडी कटोचां (610),Jaisinghpur(Sub-District) / Kangra(District) / Himachal Pradesh(State),00470800,011385,N,,,,
3292,12121,Ropru (1065),रोपड़ू (1065),Multhan(Sub-District) / Kangra(District) / Himachal Pradesh(State),00544400,012121,N,,,,
3293,8470,Ror (308),रोड (308),Nurpur(Sub-District) / Kangra(District) / Himachal Pradesh(State),00179800,008470,N,,,,
3294,11701,Rouhan (529),रौंह (529),Bhawarna(Sub-District) / Kangra(District) / Himachal Pradesh(State),00502400,011701,N,,,,
3295,10513,Rowa (367),रोआ (367),Jawalamukhi(Sub-District) / Kangra(District) / Himachal Pradesh(State),00379800,010513,N,,,,
3296,8763,Rudwal (111),रुडवाल (111),Indora(Sub-District) / Kangra(District) / Himachal Pradesh(State),00209200,008763,N,,,,
3297,9807,Ruhalkar (557),रूहालकड (557),Kangra(Sub-District) / Kangra(District) / Himachal Pradesh(State),00314300,009807,N,,,,
3298,10477,Ruhara (404),रोहाड़ा (404),Jawalamukhi(Sub-District) / Kangra(District) / Himachal Pradesh(State),00376200,010477,N,,,,
3299,9509,Ruhru (346),रूहडू (346),Dharmsala(Sub-District) / Kangra(District) / Himachal Pradesh(State),00284800,009509,N,,,,
3300,9322,Rulhed (18),रुलेहड़ (18),Dareeni(Sub-District) / Kangra(District) / Himachal Pradesh(State),00264900,009322,N,,,,
3301,12101,Rulling (1047),रूलिंग (1047),Multhan(Sub-District) / Kangra(District) / Himachal Pradesh(State),00542400,012101,N,,,,
3302,9297,Rumbal (188),रुम्बल  (188),Harchakian(Sub-District) / Kangra(District) / Himachal Pradesh(State),00262400,009297,N,,,,
3303,11643,Rumehr (278),रूमेहड (278),Bhawarna(Sub-District) / Kangra(District) / Himachal Pradesh(State),00496600,011643,N,,,,
3304,11191,Rumehr (317),रुमेहड़ (317),Dhira(Sub-District) / Kangra(District) / Himachal Pradesh(State),00451400,011191,N,,,,
3305,8471,Rupana Lahar (307),रुपाना लाहड (307),Nurpur(Sub-District) / Kangra(District) / Himachal Pradesh(State),00179900,008471,N,,,,
3306,8848,Ruri (136),रुड़ी (136),Rey(Sub-District) / Kangra(District) / Himachal Pradesh(State),00217600,008848,N,,,,
3307,9919,Sadarpur (544),सदरपुर (544),Nagrota Bagwan(Sub-District) / Kangra(District) / Himachal Pradesh(State),00324300,009919,N,,,,
3308,11331,Sadda (444),सददा (444),Alampur(Sub-District) / Kangra(District) / Himachal Pradesh(State),00465400,011331,N,,,,
3309,9392,Saddun (119),सद्दू (119),Shahpur(Sub-District) / Kangra(District) / Himachal Pradesh(State),00271900,009392,N,,,,
3310,10724,Sadwan (202),सदवाँ (202),Pragpur(Sub-District) / Kangra(District) / Himachal Pradesh(State),00404800,010724,N,,,,
3311,8295,Sadwan Khas (106),सदवां खास (106),Sadwan(Sub-District) / Kangra(District) / Himachal Pradesh(State),00162300,008295,N,,,,
3312,10141,Saghoon (894),सघूं (894),Baroh(Sub-District) / Kangra(District) / Himachal Pradesh(State),00346500,010141,N,,,,
3313,8328,Saglot (76),संगलोट (76),Nurpur(Sub-District) / Kangra(District) / Himachal Pradesh(State),00165600,008328,N,,,,
3314,11931,Sagoor Khas (778),सगूर खास (778),Baijnath(Sub-District) / Kangra(District) / Himachal Pradesh(State),00525400,011931,N,,,,
3315,8605,Sahni (172),साहणी (172),Nurpur(Sub-District) / Kangra(District) / Himachal Pradesh(State),00193300,008605,N,,,,
3316,8568,Sahor (316),सहोर (316),Raja Ka Talab(Sub-District) / Kangra(District) / Himachal Pradesh(State),00189600,008568,N,,,,
3317,8394,Sahora Jattan (457),सौहड़ा (457),Gangath(Sub-District) / Kangra(District) / Himachal Pradesh(State),00172200,008394,N,,,,
3318,11091,Sahotryan Da Lahar (427),सहोत्रयाँ दा लाहड (427),Thural(Sub-District) / Kangra(District) / Himachal Pradesh(State),00441400,011091,N,,,,
3319,8427,Sahrda (467),साहरड़ा (467),Gangath(Sub-District) / Kangra(District) / Himachal Pradesh(State),00175500,008427,N,,,,
3320,9140,Sahura (14),सहौड़ा (14),Jawali(Sub-District) / Kangra(District) / Himachal Pradesh(State),00246700,009140,N,,,,
3321,10812,Sai (281),साई (281),Rakkar(Sub-District) / Kangra(District) / Himachal Pradesh(State),00413600,010812,N,,,,
3322,11679,Sai (360),साई (360),Bhawarna(Sub-District) / Kangra(District) / Himachal Pradesh(State),00500200,011679,N,,,,
3323,11346,Sai (471),साई (471),Alampur(Sub-District) / Kangra(District) / Himachal Pradesh(State),00466900,011346,N,,,,
3324,11376,Sai (597),साई (597),Jaisinghpur(Sub-District) / Kangra(District) / Himachal Pradesh(State),00469900,011376,N,,,,
3325,11077,Sai Da Lahar (406),साई दा लाहड (406),Thural(Sub-District) / Kangra(District) / Himachal Pradesh(State),00440000,011077,N,,,,
3326,11115,Saidoon (463),सेदूँ (463),Thural(Sub-District) / Kangra(District) / Himachal Pradesh(State),00443800,011115,N,,,,
3327,9489,Sail (41),सेल (41),Dharmsala(Sub-District) / Kangra(District) / Himachal Pradesh(State),00282900,009489,N,,,,
3328,8541,Sakoh (333),सकोह (333),Raja Ka Talab(Sub-District) / Kangra(District) / Himachal Pradesh(State),00186900,008541,N,,,,
3329,11354,Sakoh (480),सकोह (480),Alampur(Sub-District) / Kangra(District) / Himachal Pradesh(State),00467700,011354,N,,,,
3330,9637,Sakoli (510),सकोली (510),Dharmsala(Sub-District) / Kangra(District) / Himachal Pradesh(State),00297700,009637,N,,,,
3331,9418,Sakou (68),सकोउ (68),Shahpur(Sub-District) / Kangra(District) / Himachal Pradesh(State),00274500,009418,N,,,,
3332,10021,Sakreh (741),सकरैह (741),Baroh(Sub-District) / Kangra(District) / Himachal Pradesh(State),00334500,010021,N,,,,
3333,9984,Sakrehr (640),सकरेहड (640),Nagrota Bagwan(Sub-District) / Kangra(District) / Himachal Pradesh(State),00330800,009984,N,,,,
3334,8543,Sakri (354),सकरी (354),Raja Ka Talab(Sub-District) / Kangra(District) / Himachal Pradesh(State),00187100,008543,N,,,,
3335,10177,Sakri (510),सकरी (510),Haripur(Sub-District) / Kangra(District) / Himachal Pradesh(State),00350100,010177,N,,,,
3336,10434,Sakrialu (665),सकड़यालू (665),Jawalamukhi(Sub-District) / Kangra(District) / Himachal Pradesh(State),00388700,010434,N,,,,
3337,12026,Sakrikhas (892),सकड़ीखास (892),Baijnath(Sub-District) / Kangra(District) / Himachal Pradesh(State),00534900,012026,N,,,,
3338,9630,Salag (503),सालग (503),Dharmsala(Sub-District) / Kangra(District) / Himachal Pradesh(State),00297000,009630,N,,,,
3339,10090,Salah (859),सलाह (859),Baroh(Sub-District) / Kangra(District) / Himachal Pradesh(State),00341400,010090,N,,,,
3340,11067,Salan (386),सालन (386),Thural(Sub-District) / Kangra(District) / Himachal Pradesh(State),00439000,011067,N,,,,
3341,11587,Salan (98),सालन (98),Sulah(Sub-District) / Kangra(District) / Himachal Pradesh(State),00491000,011587,N,,,,
3342,10706,Salangari (167),सलांगड़ी (167),Pragpur(Sub-District) / Kangra(District) / Himachal Pradesh(State),00403000,010706,N,,,,
3343,11738,Salari (663),सलडी (663),Bhawarna(Sub-District) / Kangra(District) / Himachal Pradesh(State),00506100,011738,N,,,,
3344,11080,Salehar (413),सलेहड (413),Thural(Sub-District) / Kangra(District) / Himachal Pradesh(State),00440300,011080,N,,,,
3345,10069,Salehar (846),सलेहड़ (846),Baroh(Sub-District) / Kangra(District) / Himachal Pradesh(State),00339300,010069,N,,,,
3346,10486,Salehr (388),सलेहड़ (388),Jawalamukhi(Sub-District) / Kangra(District) / Himachal Pradesh(State),00377100,010486,N,,,,
3347,10465,Salehr (622),सलेहड़ (622),Jawalamukhi(Sub-District) / Kangra(District) / Himachal Pradesh(State),00392300,010465,N,,,,
3348,11970,Salehra (984),सलेहरा (984),Chadiyar(Sub-District) / Kangra(District) / Himachal Pradesh(State),00529300,011970,N,,,,
3349,10535,Saletar (373),सलेतर (373),Jawalamukhi(Sub-District) / Kangra(District) / Himachal Pradesh(State),00382500,010535,N,,,,
3350,10779,Saleti (267),सलेटी (267),Rakkar(Sub-District) / Kangra(District) / Himachal Pradesh(State),00410300,010779,N,,,,
3351,11099,Salghuni (430),सलघूणी (430),Thural(Sub-District) / Kangra(District) / Himachal Pradesh(State),00442200,011099,N,,,,
3352,8751,Salhana (102),सलाहन (102),Gangath(Sub-District) / Kangra(District) / Himachal Pradesh(State),00208000,008751,N,,,,
3353,11819,Saliana (240),सल्याणा (240),Panchrukhi(Sub-District) / Kangra(District) / Himachal Pradesh(State),00514200,011819,N,,,,
3354,10848,Salihar (638),सलिहार (638),Lagru(Sub-District) / Kangra(District) / Himachal Pradesh(State),00417200,010848,N,,,,
3355,8658,Salkoh (184),सल्कोह (184),Nurpur(Sub-District) / Kangra(District) / Himachal Pradesh(State),00198600,008658,N,,,,
3356,9337,Salli (21),सल्ली (21),Dareeni(Sub-District) / Kangra(District) / Himachal Pradesh(State),00266400,009337,N,,,,
3357,10517,Saloa (368),सलोआ (368),Jawalamukhi(Sub-District) / Kangra(District) / Himachal Pradesh(State),00380200,010517,N,,,,
3358,10133,Saloa (891),सलोआ (891),Baroh(Sub-District) / Kangra(District) / Himachal Pradesh(State),00345700,010133,N,,,,
3359,11591,Saloh (202),सलोह (202),Sulah(Sub-District) / Kangra(District) / Himachal Pradesh(State),00491400,011591,N,,,,
3360,9729,Salol Khas (239),सलोल खास (239),Kangra(Sub-District) / Kangra(District) / Himachal Pradesh(State),00306500,009729,N,,,,
3361,10795,Saluhi (289),सलूही (289),Rakkar(Sub-District) / Kangra(District) / Himachal Pradesh(State),00411900,010795,N,,,,
3362,9382,Salwana (141),सलवाना (141),Shahpur(Sub-District) / Kangra(District) / Himachal Pradesh(State),00270900,009382,N,,,,
3363,10655,Salyah (61),सल्याह (61),Dadasiba(Sub-District) / Kangra(District) / Himachal Pradesh(State),00397900,010655,N,,,,
3364,8396,Samal (450),समाल (450),Indora(Sub-District) / Kangra(District) / Himachal Pradesh(State),00172400,008396,N,,,,
3365,11134,Saman (511),समन (511),Thural(Sub-District) / Kangra(District) / Himachal Pradesh(State),00445700,011134,N,,,,
3366,11665,Samana (291),समाना (291),Bhawarna(Sub-District) / Kangra(District) / Himachal Pradesh(State),00498800,011665,N,,,,
3367,11704,Samba (532),साम्बा (532),Bhawarna(Sub-District) / Kangra(District) / Himachal Pradesh(State),00502700,011704,N,,,,
3368,10287,Samdol (165),समडोल (165),Dehra Gopipur(Sub-District) / Kangra(District) / Himachal Pradesh(State),00361100,010287,N,,,,
3369,11028,Samehal (845),समैहल (845),Khundian(Sub-District) / Kangra(District) / Himachal Pradesh(State),00435200,011028,N,,,,
3370,9812,Samela (551),समेला (551),Kangra(Sub-District) / Kangra(District) / Himachal Pradesh(State),00314800,009812,N,,,,
3371,10348,Sameli (560),समेली (560),Haripur(Sub-District) / Kangra(District) / Himachal Pradesh(State),00367200,010348,N,,,,
3372,9727,Samirpur (262),समीरपुर (262),Kangra(Sub-District) / Kangra(District) / Himachal Pradesh(State),00306300,009727,N,,,,
3373,9999,Samiyara (731),समयाड़ा (731),Baroh(Sub-District) / Kangra(District) / Himachal Pradesh(State),00332300,009999,N,,,,
3374,10130,Samiyara (897),समयाड़ा (897),Baroh(Sub-District) / Kangra(District) / Himachal Pradesh(State),00345400,010130,N,,,,
3375,9152,Samkaher (4),समकेहड़ (4),Jawali(Sub-District) / Kangra(District) / Himachal Pradesh(State),00247900,009152,N,,,,
3376,8995,Samkar (198),समकड़ (198),Fatehpur(Sub-District) / Kangra(District) / Himachal Pradesh(State),00232300,008995,N,,,,
3377,9136,Samlana (16),समलाना (16),Jawali(Sub-District) / Kangra(District) / Himachal Pradesh(State),00246300,009136,N,,,,
3378,11771,Samlehr (718),समलेड (718),Panchrukhi(Sub-District) / Kangra(District) / Himachal Pradesh(State),00509400,011771,N,,,,
3379,11641,Samlena (285),समलैना (285),Bhawarna(Sub-District) / Kangra(District) / Himachal Pradesh(State),00496400,011641,N,,,,
3380,9309,Samleta (200),समलेटा (200),Harchakian(Sub-District) / Kangra(District) / Himachal Pradesh(State),00263600,009309,N,,,,
3381,11981,Samleter (969),समलेतर (969),Chadiyar(Sub-District) / Kangra(District) / Himachal Pradesh(State),00530400,011981,N,,,,
3382,8808,Samlet Khas (9),समलेट खास (9),Fatehpur(Sub-District) / Kangra(District) / Himachal Pradesh(State),00213600,008808,N,,,,
3383,9865,Samloti (691),समलोटी (691),Nagrota Bagwan(Sub-District) / Kangra(District) / Himachal Pradesh(State),00318900,009865,N,,,,
3384,8642,Samman (205),सम्मां (205),Nurpur(Sub-District) / Kangra(District) / Himachal Pradesh(State),00197000,008642,N,,,,
3385,10242,Samnoli (133),समनोली (133),Pragpur(Sub-District) / Kangra(District) / Himachal Pradesh(State),00356600,010242,N,eSignGOFile662648_18_02_2025_16_12_39.pdf,,,
3386,8706,Samoon (8),समून (8),Indora(Sub-District) / Kangra(District) / Himachal Pradesh(State),00203400,008706,N,,,,
3387,11805,Samrial (690),समरियाल (690),Panchrukhi(Sub-District) / Kangra(District) / Himachal Pradesh(State),00512800,011805,N,,,,
3388,11797,Samrial (703),समरियाल (703),Panchrukhi(Sub-District) / Kangra(District) / Himachal Pradesh(State),00512000,011797,N,,,,
3389,8294,Samula (97),समूला (97),Sadwan(Sub-District) / Kangra(District) / Himachal Pradesh(State),00162200,008294,N,,,,
3390,11585,Samula Khas (60),शमूला  (60),Sulah(Sub-District) / Kangra(District) / Himachal Pradesh(State),00490800,011585,N,,,,
3391,12061,Samyala (1038),समयाला (1038),Baijnath(Sub-District) / Kangra(District) / Himachal Pradesh(State),00538400,012061,N,,,,
3392,10003,Sanani (585),सननी (585),Baroh(Sub-District) / Kangra(District) / Himachal Pradesh(State),00332700,010003,N,,,,
3393,9665,Sanaur (321),सनौर (321),Kangra(Sub-District) / Kangra(District) / Himachal Pradesh(State),00298900,009665,N,,,,
3394,9661,Sanaurlahd (234),सनौरलाहड (234),Kangra(Sub-District) / Kangra(District) / Himachal Pradesh(State),00298500,009661,N,,,,
3395,10630,Sanda (41),सान्डा (41),Jaswan(Sub-District) / Kangra(District) / Himachal Pradesh(State),00395400,010630,N,,,,
3396,11403,Sandora (592),संदरोआ (592),Jaisinghpur(Sub-District) / Kangra(District) / Himachal Pradesh(State),00472600,011403,N,,,,
3397,9164,Sanehr (63),सुनेहड़ (63),Jawali(Sub-District) / Kangra(District) / Himachal Pradesh(State),00249100,009164,N,,,,
3398,8323,Sanera (73),सनेरा (73),Nurpur(Sub-District) / Kangra(District) / Himachal Pradesh(State),00165100,008323,N,,,,
3399,11430,Sanghol (941),संघोल (941),Jaisinghpur(Sub-District) / Kangra(District) / Himachal Pradesh(State),00475300,011430,N,,,,
3400,10974,Sanghyar (724),संघयाड़ (724),Khundian(Sub-District) / Kangra(District) / Himachal Pradesh(State),00429800,010974,N,,,,
3401,12113,Sangrehar (1052),संगरेहड़ (1052),Multhan(Sub-District) / Kangra(District) / Himachal Pradesh(State),00543600,012113,N,,,,
3402,8657,Sangrehla (193),संगरेहला (193),Nurpur(Sub-District) / Kangra(District) / Himachal Pradesh(State),00198500,008657,N,,,,
3403,8291,Sanhalu (99),सनहालू (99),Sadwan(Sub-District) / Kangra(District) / Himachal Pradesh(State),00161900,008291,N,,,,
3404,11136,Sanhoon (518),सन्हूँ (518),Thural(Sub-District) / Kangra(District) / Himachal Pradesh(State),00445900,011136,N,,,,
3405,8745,Sanihal (95),सनियाल (95),Indora(Sub-District) / Kangra(District) / Himachal Pradesh(State),00207400,008745,N,,,,
3406,8608,Sanjor (290),सन्झूर (290),Nurpur(Sub-District) / Kangra(District) / Himachal Pradesh(State),00193600,008608,N,,,,
3407,8774,Sanjwan (74),संजवा (74),Indora(Sub-District) / Kangra(District) / Himachal Pradesh(State),00210300,008774,N,,,,
3408,8284,Sanoh (126),सनोह (126),Sadwan(Sub-District) / Kangra(District) / Himachal Pradesh(State),00161200,008284,N,,,,
3409,8503,Sanohu (377),सनूंह (377),Raja Ka Talab(Sub-District) / Kangra(District) / Himachal Pradesh(State),00183100,008503,N,,,,
3410,8953,Sanorth (59),सनौरथ (59),Fatehpur(Sub-District) / Kangra(District) / Himachal Pradesh(State),00228100,008953,N,,,,
3411,10425,Sanot (430),सनोट (430),Dehra Gopipur(Sub-District) / Kangra(District) / Himachal Pradesh(State),00374900,010425,N,,,,
3412,8722,Sanour (37),सनौर (37),Indora(Sub-District) / Kangra(District) / Himachal Pradesh(State),00205100,008722,N,,,,
3413,12070,Sansal (862),संसाल (862),Baijnath(Sub-District) / Kangra(District) / Himachal Pradesh(State),00539300,012070,N,,,,
3414,10609,Sansarpur (1),संसारपुर (1),Jaswan(Sub-District) / Kangra(District) / Himachal Pradesh(State),00393300,010609,N,,,,
3415,9734,Santh (247),सत्थ (247),Kangra(Sub-District) / Kangra(District) / Himachal Pradesh(State),00307000,009734,N,,,,
3416,11632,Santher (272),सन्थेहड (272),Sulah(Sub-District) / Kangra(District) / Himachal Pradesh(State),00495500,011632,N,,,,
3417,8956,Santwa (76),साँटवाँ (76),Fatehpur(Sub-District) / Kangra(District) / Himachal Pradesh(State),00228400,008956,N,,,,
3418,11224,Sanwar (330),सनवाड़ (330),Dhira(Sub-District) / Kangra(District) / Himachal Pradesh(State),00454700,011224,N,,,,
3419,11036,Saoli (894),सौली (894),Majheen(Sub-District) / Kangra(District) / Himachal Pradesh(State),00436000,011036,N,,,,
3420,11266,Sapehar (642),सपेहड (642),Jaisinghpur(Sub-District) / Kangra(District) / Himachal Pradesh(State),00458900,011266,N,,,,
3421,11859,Saperu (807),स्पैडू (807),Palampur(Sub-District) / Kangra(District) / Himachal Pradesh(State),00518200,011859,N,,,,
3422,10126,Sapiyara (902),सपियाड़ा (902),Baroh(Sub-District) / Kangra(District) / Himachal Pradesh(State),00345000,010126,N,,,,
3423,12098,Sapota (1044),सपौता (1044),Multhan(Sub-District) / Kangra(District) / Himachal Pradesh(State),00542100,012098,N,,,,
3424,8878,Sapriyal (179),सपडयाल (179),Rey(Sub-District) / Kangra(District) / Himachal Pradesh(State),00220600,008878,N,,,,
3425,8643,Saprola (191),सपडोला (191),Nurpur(Sub-District) / Kangra(District) / Himachal Pradesh(State),00197100,008643,N,,,,
3426,10323,Sapru (449),सपडू (449),Haripur(Sub-District) / Kangra(District) / Himachal Pradesh(State),00364700,010323,N,,,,
3427,10181,Sapru (489),सपडू (489),Haripur(Sub-District) / Kangra(District) / Himachal Pradesh(State),00350500,010181,N,,,,
3428,11065,Sapruhal (523),सपडुहल (523),Bhawarna(Sub-District) / Kangra(District) / Himachal Pradesh(State),00438800,011065,N,,,,
3429,9237,Sar (235),सर (235),Kotla(Sub-District) / Kangra(District) / Himachal Pradesh(State),00256400,009237,N,,,,
3430,10893,Sarabnati (805),सर्वनाटी (805),Majheen(Sub-District) / Kangra(District) / Himachal Pradesh(State),00421700,010893,N,,,,
3431,10759,Sarad Bami Awal (243),सरड बम्मी अव्वल (243),Rakkar(Sub-District) / Kangra(District) / Himachal Pradesh(State),00408300,010759,N,,,,
3432,10760,Sarad Bami Doam (244),सरड बम्मी दोम (244),Rakkar(Sub-District) / Kangra(District) / Himachal Pradesh(State),00408400,010760,N,,,,
3433,10777,Saraddai (249),सरड दाई (249),Rakkar(Sub-District) / Kangra(District) / Himachal Pradesh(State),00410100,010777,N,,,,
3434,10775,Sarad Dogri (247),सरड डोगरी (247),Rakkar(Sub-District) / Kangra(District) / Himachal Pradesh(State),00409900,010775,N,,,,
3435,10774,Sarad Lohari Nichli (250),सरड लोहारी निचली (250),Rakkar(Sub-District) / Kangra(District) / Himachal Pradesh(State),00409800,010774,N,,,,
3436,10776,Sarad Lohari Uparli (248),सरड लोहारी उपरली (248),Rakkar(Sub-District) / Kangra(District) / Himachal Pradesh(State),00410000,010776,N,,,,
3437,10762,Sarad Makhani (246),सरड मखणी (246),Rakkar(Sub-District) / Kangra(District) / Himachal Pradesh(State),00408600,010762,N,,,,
3438,10761,Sarad Mangli (245),सरड मांगली (245),Rakkar(Sub-District) / Kangra(District) / Himachal Pradesh(State),00408500,010761,N,,,,
3439,12085,Sarajra (852),सराजड़ा (852),Baijnath(Sub-District) / Kangra(District) / Himachal Pradesh(State),00540800,012085,N,,,,
3440,11814,Saralu (254),सरालू (254),Palampur(Sub-District) / Kangra(District) / Himachal Pradesh(State),00513700,011814,N,,,,
3441,10958,Sararkar (734),सरारकड़ (734),Lagru(Sub-District) / Kangra(District) / Himachal Pradesh(State),00428200,010958,N,,,,
3442,8762,Sardiyal (113),सरडियाल (113),Indora(Sub-District) / Kangra(District) / Himachal Pradesh(State),00209100,008762,N,,,,
3443,9274,Sardwal (167),सरदवाल  (167),Harchakian(Sub-District) / Kangra(District) / Himachal Pradesh(State),00260100,009274,N,,,,
3444,8970,Sarela (85),सरेला (85),Fatehpur(Sub-District) / Kangra(District) / Himachal Pradesh(State),00229800,008970,N,,,,
3445,11514,Sarerkadi (78),सरेरकड़ी (78),Palampur(Sub-District) / Kangra(District) / Himachal Pradesh(State),00483700,011514,N,,,,
3446,9216,Sarhandi (256),सरहण्डी (256),Kotla(Sub-District) / Kangra(District) / Himachal Pradesh(State),00254300,009216,N,,,,
3447,9124,Sarhohla (48),सरोहला (48),Jawali(Sub-District) / Kangra(District) / Himachal Pradesh(State),00245100,009124,N,,,,
3448,11442,Sari (937),सरी (937),Jaisinghpur(Sub-District) / Kangra(District) / Himachal Pradesh(State),00476500,011442,N,,,,
3449,9987,Sarialkar (636),सरयालकड (636),Nagrota Bagwan(Sub-District) / Kangra(District) / Himachal Pradesh(State),00331100,009987,N,,,,
3450,8845,Sar Kulala (134),सर कुलाला (134),Rey(Sub-District) / Kangra(District) / Himachal Pradesh(State),00217300,008845,N,,,,
3451,12109,Sarla (1050),सरला (1050),Multhan(Sub-District) / Kangra(District) / Himachal Pradesh(State),00543200,012109,N,,,,
3452,12111,Sarman (1060),सरमाण (1060),Multhan(Sub-District) / Kangra(District) / Himachal Pradesh(State),00543400,012111,N,,,,
3453,8964,Saroli (84),सरोली (84),Fatehpur(Sub-District) / Kangra(District) / Himachal Pradesh(State),00229200,008964,N,,,,
3454,10124,Saroohat Bhuhala (907),सरुहट बूहला (907),Baroh(Sub-District) / Kangra(District) / Himachal Pradesh(State),00344800,010124,N,,,,
3455,10122,Saroohat Uprala (906),सरुहट उपरला (906),Baroh(Sub-District) / Kangra(District) / Himachal Pradesh(State),00344600,010122,N,,,,
3456,12117,Sarota (1057),शड़ौता (1057),Multhan(Sub-District) / Kangra(District) / Himachal Pradesh(State),00544000,012117,N,,,,
3457,10009,Sarotri Khas (758),सरोत्री खास (758),Baroh(Sub-District) / Kangra(District) / Himachal Pradesh(State),00333300,010009,N,,,,
3458,11874,Sarsawa (792),सरसावा (792),Palampur(Sub-District) / Kangra(District) / Himachal Pradesh(State),00519700,011874,N,,,,
3459,9797,Sart (224),सरट (224),Kangra(Sub-District) / Kangra(District) / Himachal Pradesh(State),00313300,009797,N,,,,
3460,10890,Saruhi (887),सड़ूही (887),Majheen(Sub-District) / Kangra(District) / Himachal Pradesh(State),00421400,010890,N,,,,
3461,11097,Saryara (429),सरयारा (429),Thural(Sub-District) / Kangra(District) / Himachal Pradesh(State),00442000,011097,N,,,,
3462,10502,Sasan (307),सासन (307),Bharoli(Sub-District) / Kangra(District) / Himachal Pradesh(State),00378700,010502,N,eSignGOFile131557_11_06_2024_16_52_36.pdf,,,
3463,10481,Sasan (392),सासन (392),Jawalamukhi(Sub-District) / Kangra(District) / Himachal Pradesh(State),00376600,010481,N,,,,
3464,9040,Sath (238),सथ (238),Fatehpur(Sub-District) / Kangra(District) / Himachal Pradesh(State),00236700,009040,N,,,,
3465,9031,Sathana Khas (229),स्थाना खास (229),Fatehpur(Sub-District) / Kangra(District) / Himachal Pradesh(State),00235800,009031,N,,,,
3466,9049,Satheen (127),सठीन (127),Kotla(Sub-District) / Kangra(District) / Himachal Pradesh(State),00237600,009049,N,,,,
3467,8529,Sathera (365),स्थेरा (365),Raja Ka Talab(Sub-District) / Kangra(District) / Himachal Pradesh(State),00185700,008529,N,,,,
3468,8630,Satiara (276),सत्यारा (276),Nurpur(Sub-District) / Kangra(District) / Himachal Pradesh(State),00195800,008630,N,,,,
3469,8400,Sauhara (462),सौहड़ा (462),Gangath(Sub-District) / Kangra(District) / Himachal Pradesh(State),00172800,008400,N,,,,
3470,8741,Sauhra (98),सौहड़ा (98),Gangath(Sub-District) / Kangra(District) / Himachal Pradesh(State),00207000,008741,N,,,,
3471,10296,Saunt (174),सौन्त (174),Dehra Gopipur(Sub-District) / Kangra(District) / Himachal Pradesh(State),00362000,010296,N,,,,
3472,10826,Saur Kalan (713),सौड़कलां (713),Lagru(Sub-District) / Kangra(District) / Himachal Pradesh(State),00415000,010826,N,,,,
3473,10825,Saur Khurd (712),सौड़खुर्द (712),Lagru(Sub-District) / Kangra(District) / Himachal Pradesh(State),00414900,010825,N,,,,
3474,10362,Seer Brahmna (552),सीर व्रहमणा (552),Haripur(Sub-District) / Kangra(District) / Himachal Pradesh(State),00368600,010362,N,,,,
3475,10346,Seer Loharan (563),सीर लोहारा (563),Haripur(Sub-District) / Kangra(District) / Himachal Pradesh(State),00367000,010346,N,,,,
3476,12073,Sehal (868),सेहल (868),Baijnath(Sub-District) / Kangra(District) / Himachal Pradesh(State),00539600,012073,N,,,,
3477,10726,Sehri (199),सेहरी (199),Pragpur(Sub-District) / Kangra(District) / Himachal Pradesh(State),00405000,010726,N,,,,
3478,8691,Sehtar (12),सेहतर (12),Indora(Sub-District) / Kangra(District) / Himachal Pradesh(State),00201900,008691,N,,,,
3479,9362,Sehwan Khas (90),सिहुआँ खास (90),Shahpur(Sub-District) / Kangra(District) / Himachal Pradesh(State),00268900,009362,N,,,,
3480,8494,Selahan (382),सलाहन (382),Gangath(Sub-District) / Kangra(District) / Himachal Pradesh(State),00182200,008494,N,,,,
3481,8499,Senhka (390),सनेहका (390),Gangath(Sub-District) / Kangra(District) / Himachal Pradesh(State),00182700,008499,N,,,,
3482,9487,Ser (35),सेर (35),Dharmsala(Sub-District) / Kangra(District) / Himachal Pradesh(State),00282700,009487,N,,,,
3483,11085,Seras (416),सेरस (416),Thural(Sub-District) / Kangra(District) / Himachal Pradesh(State),00440800,011085,N,,,,
3484,8872,Ser Bhadliana(182),सेर वढ़ालियां (182),Rey(Sub-District) / Kangra(District) / Himachal Pradesh(State),00220000,008872,N,,,,
3485,8866,Ser Kandi (164),सेरकण्डी (164),Rey(Sub-District) / Kangra(District) / Himachal Pradesh(State),00219400,008866,N,,,,
3486,11512,Sethunala (73),सेठू नाला (73),Palampur(Sub-District) / Kangra(District) / Himachal Pradesh(State),00483500,011512,N,,,,
3487,10658,Seul (51),सियूल (51),Dadasiba(Sub-District) / Kangra(District) / Himachal Pradesh(State),00398200,010658,N,,,,
3488,9697,Sevkara (440),सेवकरा (440),Kangra(Sub-District) / Kangra(District) / Himachal Pradesh(State),00302100,009697,N,,,,
3489,12089,Shahnal Dhar (1082),शाहनालधार (1082),Multhan(Sub-District) / Kangra(District) / Himachal Pradesh(State),00541200,012089,N,,,,
3490,9402,Shahpur (82),शाहपुर  (82),Shahpur(Sub-District) / Kangra(District) / Himachal Pradesh(State),00272900,009402,N,,,,
3491,11856,Shamlat Deh (811),शामलात देह (811),Palampur(Sub-District) / Kangra(District) / Himachal Pradesh(State),00517900,011856,N,,,,
3492,11862,Shamlat Deh (812),शामलात देह (812),Palampur(Sub-District) / Kangra(District) / Himachal Pradesh(State),00518500,011862,N,,,,
3493,11885,Shamlat Deh (848),शामलात देह (848),Baijnath(Sub-District) / Kangra(District) / Himachal Pradesh(State),00520800,011885,N,,,,
3494,10217,Shamnagar (102),शामनगर (102),Dadasiba(Sub-District) / Kangra(District) / Himachal Pradesh(State),00354100,010217,N,,,,
3495,9643,Shamnagar (364/2),शामनगर(364/2),Dharmsala(Sub-District) / Kangra(District) / Himachal Pradesh(State),40203000,009643,N,,,,
3496,11304,Shantal (515),शान्तल(515),Alampur(Sub-District) / Kangra(District) / Himachal Pradesh(State),00462700,011304,N,,,,
3497,10798,Shantla (285),शान्तला (285),Rakkar(Sub-District) / Kangra(District) / Himachal Pradesh(State),00412200,010798,N,,,,
3498,10450,Shantla (645),शान्तला (645),Jawalamukhi(Sub-District) / Kangra(District) / Himachal Pradesh(State),00390800,010450,N,,,,
3499,9571,Sheehla (400),शील्ला (400),Dharmsala(Sub-District) / Kangra(District) / Himachal Pradesh(State),00291100,009571,N,,,,
3500,8696,Shekhpur (26),शेखपुर (26),Indora(Sub-District) / Kangra(District) / Himachal Pradesh(State),00202400,008696,N,,,,
3501,9929,Shera (535),शेरा (535),Nagrota Bagwan(Sub-District) / Kangra(District) / Himachal Pradesh(State),00325300,009929,N,,,,
3502,10419,Shivnath (651),शिवनाथ (651),Dehra Gopipur(Sub-District) / Kangra(District) / Himachal Pradesh(State),00374300,010419,N,,,,
3503,11010,Shivpur (829),शिवपुर (829),Khundian(Sub-District) / Kangra(District) / Himachal Pradesh(State),00433400,011010,N,,,,
3504,10243,Shivpuri (132),शिवपुरी (132),Pragpur(Sub-District) / Kangra(District) / Himachal Pradesh(State),00356700,010243,N,eSignGOFile662648_18_02_2025_16_12_39.pdf,,,
3505,10900,Sialkar (884),सियालकड़ (884),Majheen(Sub-District) / Kangra(District) / Himachal Pradesh(State),00422400,010900,N,,,,
3506,9586,Sidhbari (391),सिद्दवाडी (391),Dharmsala(Sub-District) / Kangra(District) / Himachal Pradesh(State),00292600,009586,N,,,,
3507,10800,Sidh Punani (269),सिद्ध पुननी (269),Rakkar(Sub-District) / Kangra(District) / Himachal Pradesh(State),00412400,010800,N,,,,
3508,9576,Sidhpur (382),सिद्पुर (382),Dharmsala(Sub-District) / Kangra(District) / Himachal Pradesh(State),00291600,009576,N,,,,
3509,10875,Sidhpur (798),सिद्धपुर (798),Majheen(Sub-District) / Kangra(District) / Himachal Pradesh(State),00419900,010875,N,,,,
3510,9087,Sidhpur Ghar (36),सिद्धपुरघाड़ (36),Jawali(Sub-District) / Kangra(District) / Himachal Pradesh(State),00241400,009087,N,,,,
3511,11570,Sidhpur Sarkari (95),सिद्धपुर सरकारी (95),Palampur(Sub-District) / Kangra(District) / Himachal Pradesh(State),00489300,011570,N,,,,
3512,8982,Sihal Jhikli (109),सिहाल झिकली (109),Fatehpur(Sub-District) / Kangra(District) / Himachal Pradesh(State),00231000,008982,N,,,,
3513,8981,Sihal Uparli (108),सिहाल उपरली (108),Fatehpur(Sub-District) / Kangra(District) / Himachal Pradesh(State),00230900,008981,N,,,,
3514,9287,Sihog (180),सिहोग (180),Harchakian(Sub-District) / Kangra(District) / Himachal Pradesh(State),00261400,009287,N,,,,
3515,11627,Sihol (297),सिहोल  (297),Sulah(Sub-District) / Kangra(District) / Himachal Pradesh(State),00495000,011627,N,,,,
3516,9015,Siholi (236),सिहोली (236),Fatehpur(Sub-District) / Kangra(District) / Himachal Pradesh(State),00234300,009015,N,,,,
3517,10522,Sihor Pai (412),सिहोरपाईं (412),Jawalamukhi(Sub-District) / Kangra(District) / Himachal Pradesh(State),00380700,010522,N,,,,
3518,10809,Sihoti (278),सियोटी (278),Rakkar(Sub-District) / Kangra(District) / Himachal Pradesh(State),00413300,010809,N,,,,
3519,10937,Sihoti (778),सियोहटी (778),Khundian(Sub-District) / Kangra(District) / Himachal Pradesh(State),00426100,010937,N,,,,
3520,10410,Sihoti Khurd (609),सियोटी खुर्द (609),Dehra Gopipur(Sub-District) / Kangra(District) / Himachal Pradesh(State),00373400,010410,N,,,,
3521,11621,Sihotu Buhla (312),सिहोटू वूहला (312),Sulah(Sub-District) / Kangra(District) / Himachal Pradesh(State),00494400,011621,N,,,,
3522,11620,Sihotu Uparla (313),सिहोटू उपरला (313),Sulah(Sub-District) / Kangra(District) / Himachal Pradesh(State),00494300,011620,N,,,,
3523,10311,Sihra (440),सीहडा (440),Haripur(Sub-District) / Kangra(District) / Himachal Pradesh(State),00363500,010311,N,,,,
3524,9934,Sihund (525),सिहूंड (525),Nagrota Bagwan(Sub-District) / Kangra(District) / Himachal Pradesh(State),00325800,009934,N,,,,
3525,9224,Sihuni (239),सिहुनी (239),Kotla(Sub-District) / Kangra(District) / Himachal Pradesh(State),00255100,009224,N,,,,
3526,10564,Silh (322),सिल्ह (322),Bharoli(Sub-District) / Kangra(District) / Himachal Pradesh(State),00385400,010564,N,eSignGOFile131557_11_06_2024_16_55_43.pdf,,,
3527,10942,Silh (781),सिल्ह (781),Khundian(Sub-District) / Kangra(District) / Himachal Pradesh(State),00426600,010942,N,,,,
3528,11959,Simbal (990),सिम्वल (990),Chadiyar(Sub-District) / Kangra(District) / Himachal Pradesh(State),00528200,011959,N,,,,
3529,9280,Simbal Balla (172),सिम्ब्ल्वल्ला  (172),Harchakian(Sub-District) / Kangra(District) / Himachal Pradesh(State),00260700,009280,N,,,,
3530,9710,Simbal Khola (461),सिम्बल खोला (461),Kangra(Sub-District) / Kangra(District) / Himachal Pradesh(State),00304600,009710,N,,,,
3531,11759,Simbal Khola (709),सिम्वल खोला (709),Panchrukhi(Sub-District) / Kangra(District) / Himachal Pradesh(State),00508200,011759,N,,,,
3532,11160,Simbal Lahr (122),सिम्बल लाहड़ (122),Dhira(Sub-District) / Kangra(District) / Himachal Pradesh(State),00448300,011160,N,,,,
3533,9878,Simbal Lahr (762),सिम्बल लाहड (762),Nagrota Bagwan(Sub-District) / Kangra(District) / Himachal Pradesh(State),00320200,009878,N,,,,
3534,11210,Simbal Pat (135),सिम्बल पट (135),Dhira(Sub-District) / Kangra(District) / Himachal Pradesh(State),00453300,011210,N,,,,
3535,8299,Simbli (108),सिम्बली (108),Sadwan(Sub-District) / Kangra(District) / Himachal Pradesh(State),00162700,008299,N,,,,
3536,8843,Sinhala (128),सिन्हाला (128),Rey(Sub-District) / Kangra(District) / Himachal Pradesh(State),00217100,008843,N,,,,
3537,10423,Siota (656),सियोता (656),Dehra Gopipur(Sub-District) / Kangra(District) / Himachal Pradesh(State),00374700,010423,N,,,,
3538,10070,Sipanpat (843),सिपनपट (843),Baroh(Sub-District) / Kangra(District) / Himachal Pradesh(State),00339400,010070,N,,,,
3539,8688,Sirat (4),सिरत (4),Indora(Sub-District) / Kangra(District) / Himachal Pradesh(State),00201600,008688,N,,,,
3540,9379,Sirmani (109),सिरमणी (109),Shahpur(Sub-District) / Kangra(District) / Himachal Pradesh(State),00270600,009379,N,,,,
3541,9750,Sirmani (226),सिरमणी (226),Kangra(Sub-District) / Kangra(District) / Himachal Pradesh(State),00308600,009750,N,,,,
3542,9120,Sirmani (53),सिरमणी (53),Jawali(Sub-District) / Kangra(District) / Himachal Pradesh(State),00244700,009120,N,,,,
3543,9227,Sirmani Khas (247),सिरमणि खास (247),Kotla(Sub-District) / Kangra(District) / Himachal Pradesh(State),00255400,009227,N,,,,
3544,12038,Sitala Devi (874),शीतला (874),Baijnath(Sub-District) / Kangra(District) / Himachal Pradesh(State),00536100,012038,N,,,,
3545,11301,Siyara (576),सियारा (576),Jaisinghpur(Sub-District) / Kangra(District) / Himachal Pradesh(State),00462400,011301,N,,,,
3546,8505,Snoon (383),सनू (383),Gangath(Sub-District) / Kangra(District) / Himachal Pradesh(State),00183300,008505,N,,,,
3547,8267,Sogat (121),सोगट (121),Sadwan(Sub-District) / Kangra(District) / Himachal Pradesh(State),00159500,008267,N,,,,
3548,11691,Soharan (364),सोहरन (364),Bhawarna(Sub-District) / Kangra(District) / Himachal Pradesh(State),00501400,011691,N,,,,
3549,10749,Sohari (232),सोहारी (232),Rakkar(Sub-District) / Kangra(District) / Himachal Pradesh(State),00407300,010749,N,,,,
3550,9683,Sohaura (418),सौहडा (418),Kangra(Sub-District) / Kangra(District) / Himachal Pradesh(State),00300700,009683,N,,,,
3551,10098,Sohran (817),सोहरन (817),Baroh(Sub-District) / Kangra(District) / Himachal Pradesh(State),00342200,010098,N,,,,
3552,9582,Sokani Da Kot (377),सोकनी दा कोट (377),Dharmsala(Sub-District) / Kangra(District) / Himachal Pradesh(State),00292200,009582,N,,,,
3553,12084,Sokhru (840),सोखड़ू (840),Baijnath(Sub-District) / Kangra(District) / Himachal Pradesh(State),00540700,012084,N,,,,
3554,9245,Soldha (223),सोल्धा (223),Kotla(Sub-District) / Kangra(District) / Himachal Pradesh(State),00257200,009245,N,,,,
3555,11372,Sole Banehar (585),सोल वनेहड (585),Jaisinghpur(Sub-District) / Kangra(District) / Himachal Pradesh(State),00469500,011372,N,,,,
3556,11867,Soranu (801),सोरणू (801),Palampur(Sub-District) / Kangra(District) / Himachal Pradesh(State),00519000,011867,N,,,,
3557,11783,Soura (739),सोरा (739),Panchrukhi(Sub-District) / Kangra(District) / Himachal Pradesh(State),00510600,011783,N,,,,
3558,9058,Sowarka (117),सोवारका (117),Jawali(Sub-District) / Kangra(District) / Himachal Pradesh(State),00238500,009058,N,,,,
3559,9188,Spail (483),स्पेल (483),Nagrota Surian(Sub-District) / Kangra(District) / Himachal Pradesh(State),00251500,009188,N,,,,
3560,10727,Sri Nagar (182),श्रीनगर (182),Pragpur(Sub-District) / Kangra(District) / Himachal Pradesh(State),00405100,010727,N,,,,
3561,11269,Suan (648),सुआं (648),Jaisinghpur(Sub-District) / Kangra(District) / Himachal Pradesh(State),00459200,011269,N,,,,
3562,11207,Suar (147),सुआड़ (147),Dhira(Sub-District) / Kangra(District) / Himachal Pradesh(State),00453000,011207,N,,,,
3563,10682,Subhashpur (97),सुभाषपुर (97),Dadasiba(Sub-District) / Kangra(District) / Himachal Pradesh(State),00400600,010682,N,,,,
3564,9507,Sudehd Khas (344),सुधेहड खास (344),Dharmsala(Sub-District) / Kangra(District) / Himachal Pradesh(State),00284600,009507,N,,,,
3565,10997,Suderlahar (766),सूदरलाहड़ (766),Khundian(Sub-District) / Kangra(District) / Himachal Pradesh(State),00432100,010997,N,,,,
3566,8472,Sudrahr (306),सुदराहड (306),Nurpur(Sub-District) / Kangra(District) / Himachal Pradesh(State),00180000,008472,N,,,,
3567,9084,Sudran (30),सुदरां (30),Jawali(Sub-District) / Kangra(District) / Himachal Pradesh(State),00241100,009084,N,,,,
3568,8674,Sudyal (142),सुडयाल (142),Sadwan(Sub-District) / Kangra(District) / Himachal Pradesh(State),00200200,008674,N,,,,
3569,8358,Sugar Nala (28),D.P.F सुगड नाला (28),Nurpur(Sub-District) / Kangra(District) / Himachal Pradesh(State),00168600,008358,N,,,,
3570,9083,Sughal (29),सुघाल (29),Jawali(Sub-District) / Kangra(District) / Himachal Pradesh(State),00241000,009083,N,,,,
3571,11843,Sughar (86),सुघर (86),Palampur(Sub-District) / Kangra(District) / Himachal Pradesh(State),00516600,011843,N,,,,
3572,8433,Sugh Puchhan (424),सुंग पंच्चा (424),Gangath(Sub-District) / Kangra(District) / Himachal Pradesh(State),00176100,008433,N,,,,
3573,11707,Sughre Da Behru (538),सुघडे दा बेहडू (538),Bhawarna(Sub-District) / Kangra(District) / Himachal Pradesh(State),00503000,011707,N,,,,
3574,8432,Sughtar Khan (425),सुंग तरखाना (425),Gangath(Sub-District) / Kangra(District) / Himachal Pradesh(State),00176000,008432,N,,,,
3575,10705,Suhan (220),सूहं (220),Pragpur(Sub-District) / Kangra(District) / Himachal Pradesh(State),00402900,010705,N,,,,
3576,11899,Suhru-2 (830),सुहड़ू-II (830),Baijnath(Sub-District) / Kangra(District) / Himachal Pradesh(State),00522200,011899,N,,,,
3577,11904,Suhru-I (818),सुहड़ू-I (818),Baijnath(Sub-District) / Kangra(District) / Himachal Pradesh(State),00522700,011904,N,,,,
3578,12053,Suja (1030),सूजा (1030),Baijnath(Sub-District) / Kangra(District) / Himachal Pradesh(State),00537600,012053,N,,,,
3579,8536,Sujal (326),सुजल (326),Raja Ka Talab(Sub-District) / Kangra(District) / Himachal Pradesh(State),00186400,008536,N,,,,
3580,8633,Sujanta (216),सुजन्ता (216),Nurpur(Sub-District) / Kangra(District) / Himachal Pradesh(State),00196100,008633,N,,,,
3581,9775,Sukabag (806),सुकाबाग (806),Kangra(Sub-District) / Kangra(District) / Himachal Pradesh(State),00311100,009775,N,,,,
3582,10261,Sukahr (138),सुकाहर (138),Pragpur(Sub-District) / Kangra(District) / Himachal Pradesh(State),00358500,010261,N,eSignGOFile662648_18_02_2025_16_12_39.pdf,,,
3583,12027,Sukaran (891),सुकारन (891),Baijnath(Sub-District) / Kangra(District) / Himachal Pradesh(State),00535000,012027,N,,,,
3584,9570,Sukar Khas (399),सुकड़ खास (399),Dharmsala(Sub-District) / Kangra(District) / Himachal Pradesh(State),00291000,009570,N,,,,
3585,11510,Sukedi (72),सुकैडी (72),Chachian(Sub-District) / Kangra(District) / Himachal Pradesh(State),00483300,011510,N,,,,
3586,10270,Sukehr (185),सुकेहड़ (185),Pragpur(Sub-District) / Kangra(District) / Himachal Pradesh(State),00359400,010270,N,,,,
3587,8495,Sukhar Bharana (381),सुखार भराणा (381),Gangath(Sub-District) / Kangra(District) / Himachal Pradesh(State),00182300,008495,N,,,,
3588,8504,Sukhar Chudrian (380),सुखार चौधरीया (380),Gangath(Sub-District) / Kangra(District) / Himachal Pradesh(State),00183200,008504,N,,,,
3589,10598,Suknal (669),सुकनाल (669),Jawalamukhi(Sub-District) / Kangra(District) / Himachal Pradesh(State),00389000,010598,N,,,,
3590,9179,Suknara (472),सुकनाडा (472),Nagrota Surian(Sub-District) / Kangra(District) / Himachal Pradesh(State),00250600,009179,N,,,,
3591,8927,Sukral (42),सुकराल (42),Fatehpur(Sub-District) / Kangra(District) / Himachal Pradesh(State),00225500,008927,N,,,,
3592,10708,Sukrala (222),सकराला (222),Pragpur(Sub-District) / Kangra(District) / Himachal Pradesh(State),00403200,010708,N,,,,
3593,11595,Sulah Kaswa (187),सुलह कस्वा  (187),Sulah(Sub-District) / Kangra(District) / Himachal Pradesh(State),00491800,011595,N,,,,
3594,8306,Suliali (92),सुल्याली (92),Sadwan(Sub-District) / Kangra(District) / Himachal Pradesh(State),00163400,008306,N,,,,
3595,10559,Sundhangal (316),सुधन्गल (316),Bharoli(Sub-District) / Kangra(District) / Himachal Pradesh(State),00384900,010559,N,eSignGOFile131557_11_06_2024_16_54_26.pdf,,,
3596,9720,Sunehar Ghurkari (453),सुनेहड घुरकडी (453),Kangra(Sub-District) / Kangra(District) / Himachal Pradesh(State),00305600,009720,N,,,,
3597,9706,Sunehar Kohala (468),सुनेहड कोहाला (468),Kangra(Sub-District) / Kangra(District) / Himachal Pradesh(State),00303000,009706,N,,,,
3598,9917,Sunehr (589),सुनेहड (589),Nagrota Bagwan(Sub-District) / Kangra(District) / Himachal Pradesh(State),00324100,009917,N,,,,
3599,10646,Suneht (46),सुनहेत (46),Jaswan(Sub-District) / Kangra(District) / Himachal Pradesh(State),00397000,010646,N,,,,
3600,8941,Sunet (69),सुनेट खास (69),Fatehpur(Sub-District) / Kangra(District) / Himachal Pradesh(State),00226900,008941,N,,,,
3601,11878,Sungal (795),सुँगल (795),Palampur(Sub-District) / Kangra(District) / Himachal Pradesh(State),00520100,011878,N,,,,
3602,8827,Sunhara (124),सुनहारा (124),Fatehpur(Sub-District) / Kangra(District) / Himachal Pradesh(State),00215500,008827,N,,,,
3603,10547,Sunhetar (340),सन्हेतर (340),Bharoli(Sub-District) / Kangra(District) / Himachal Pradesh(State),00383700,010547,N,eSignGOFile131557_11_06_2024_16_52_36.pdf,,,
3604,10018,Sunhi(750),सुन्ही (750),Baroh(Sub-District) / Kangra(District) / Himachal Pradesh(State),00334200,010018,N,eSignGOFile662648_19_02_2025_14_26_14.pdf,,,
3605,12041,Sunpur (1024),सुनपुर (1024),Baijnath(Sub-District) / Kangra(District) / Himachal Pradesh(State),00536400,012041,N,,,,
3606,11240,Sunpur (320),सुनपुर (320),Dhira(Sub-District) / Kangra(District) / Himachal Pradesh(State),00456300,011240,N,,,,
3607,9320,Supera (2),सुपैड़ा (2),Dareeni(Sub-District) / Kangra(District) / Himachal Pradesh(State),00264700,009320,N,,,,
3608,11850,Surad (222),सुरड़ (222),Palampur(Sub-District) / Kangra(District) / Himachal Pradesh(State),00517300,011850,N,,,,
3609,10253,Surajpur (149),सूरजपुर (149),Dehra Gopipur(Sub-District) / Kangra(District) / Himachal Pradesh(State),00357700,010253,N,,,,
3610,8693,Surajpur Jhikla (14),सुरजपुर झिकला (14),Indora(Sub-District) / Kangra(District) / Himachal Pradesh(State),00202100,008693,N,,,,
3611,8692,Surajpur Upprla (13),सुरजपुर उपरला (13),Indora(Sub-District) / Kangra(District) / Himachal Pradesh(State),00202000,008692,N,,,,
3612,9649,Suralkar (268),सुरालकड (268),Kangra(Sub-District) / Kangra(District) / Himachal Pradesh(State),00280300,009649,N,,,,
3613,10855,Surani (691),सुरानी (691),Khundian(Sub-District) / Kangra(District) / Himachal Pradesh(State),00417900,010855,N,,,,
3614,10061,Surani (795),सुरानी (795),Baroh(Sub-District) / Kangra(District) / Himachal Pradesh(State),00338500,010061,N,,,,
3615,11242,Suri (346),सूरी (346),Dhira(Sub-District) / Kangra(District) / Himachal Pradesh(State),00456500,011242,N,,,,
3616,10751,Suti (235),सूती (235),Rakkar(Sub-District) / Kangra(District) / Himachal Pradesh(State),00407500,010751,N,,,,
3617,11634,Sutrehr (274),सुतरेहड (274),Bhawarna(Sub-District) / Kangra(District) / Himachal Pradesh(State),00495700,011634,N,,,,
3618,9953,Sutrehr (603),सुतरेहड (603),Nagrota Bagwan(Sub-District) / Kangra(District) / Himachal Pradesh(State),00327700,009953,N,,,,
3619,9524,Swala (326),सवाला (326),Dharmsala(Sub-District) / Kangra(District) / Himachal Pradesh(State),00286300,009524,N,,,,
3620,10673,Swana Nichala (85),स्वाणा निचला (109),Jaswan(Sub-District) / Kangra(District) / Himachal Pradesh(State),00399700,010673,N,,,,
3621,10670,Swana Uparala (82),स्वाणा उपरला (109),Jaswan(Sub-District) / Kangra(District) / Himachal Pradesh(State),00399400,010670,N,,,,
3622,10690,Swanta (68),स्वानता (68),Dadasiba(Sub-District) / Kangra(District) / Himachal Pradesh(State),00401400,010690,N,,,,
3623,10103,Swar (815),स्वाड़ (815),Baroh(Sub-District) / Kangra(District) / Himachal Pradesh(State),00342700,010103,N,,,,
3624,939747,Swarag Ashram(153-2),उप महाल स्वर्ग आश्रम (153/2),Nurpur(Sub-District) / Kangra(District) / Himachal Pradesh(State),,000000,N,,,,
3625,12125,Swar Khas (1061),स्वाड़ खास (1061),Multhan(Sub-District) / Kangra(District) / Himachal Pradesh(State),00544800,012125,N,,,,
3626,10293,Swaru (155),स्वारु (155),Dehra Gopipur(Sub-District) / Kangra(District) / Himachal Pradesh(State),00361700,010293,N,,,,
3627,9344,Tahal (46),तहल (46),Dareeni(Sub-District) / Kangra(District) / Himachal Pradesh(State),00267100,009344,N,,,,
3628,9696,Tahalpura (439),ताहलपुरा (439),Kangra(Sub-District) / Kangra(District) / Himachal Pradesh(State),00302000,009696,N,,,,
3629,8454,Tahara (417),टाहडा (417),Gangath(Sub-District) / Kangra(District) / Himachal Pradesh(State),00178200,008454,N,,,,
3630,9544,Tahu (367),टहू (367),Dharmsala(Sub-District) / Kangra(District) / Himachal Pradesh(State),00288400,009544,N,,,,
3631,11987,Tain (958),तैण (958),Chadiyar(Sub-District) / Kangra(District) / Himachal Pradesh(State),00531000,011987,N,,,,
3632,8388,Tajwan (447),तांजवां (447),Indora(Sub-District) / Kangra(District) / Himachal Pradesh(State),00171600,008388,N,,,,
3633,9234,Takhniar (236),तखन्याड (236),Kotla(Sub-District) / Kangra(District) / Himachal Pradesh(State),00256100,009234,N,,,,
3634,8966,Takoli Ghirthan (78),टकोली घिरथां (78),Fatehpur(Sub-District) / Kangra(District) / Himachal Pradesh(State),00229400,008966,N,,,,
3635,8962,Takoli Sakriyalan (79),टकोली सकरियालां (79),Fatehpur(Sub-District) / Kangra(District) / Himachal Pradesh(State),00229000,008962,N,,,,
3636,8920,Takwal (65),टकवाल (65),Fatehpur(Sub-District) / Kangra(District) / Himachal Pradesh(State),00224800,008920,N,,,,
3637,10033,Talai (772),तलाई (772),Baroh(Sub-District) / Kangra(District) / Himachal Pradesh(State),00335700,010033,N,,,,
3638,8576,Talarah (297),तलाड़ा (297),Raja Ka Talab(Sub-District) / Kangra(District) / Himachal Pradesh(State),00190400,008576,N,,,,
3639,8280,Taleh (119),तलेह (119),Sadwan(Sub-District) / Kangra(District) / Himachal Pradesh(State),00160800,008280,N,,,,
3640,10818,Tali (634),तली (634),Lagru(Sub-District) / Kangra(District) / Himachal Pradesh(State),00414200,010818,N,,,,
3641,9213,Talial (258),तल्याल (258),Kotla(Sub-District) / Kangra(District) / Himachal Pradesh(State),00254000,009213,N,,,,
3642,9114,Talian (58),तालियां (58),Jawali(Sub-District) / Kangra(District) / Himachal Pradesh(State),00244100,009114,N,,,,
3643,11683,Talinu (373),तलीणू (373),Bhawarna(Sub-District) / Kangra(District) / Himachal Pradesh(State),00500600,011683,N,,,,
3644,9758,Talla (225),टल्ला (225),Kangra(Sub-District) / Kangra(District) / Himachal Pradesh(State),00309400,009758,N,,,,
3645,11370,Talwar (578),तलवाड (578),Jaisinghpur(Sub-District) / Kangra(District) / Himachal Pradesh(State),00469300,011370,N,,,,
3646,11492,Tambar (10),टम्बर (10),Chachian(Sub-District) / Kangra(District) / Himachal Pradesh(State),00481500,011492,N,,,,
3647,9988,Tambar (638),टंबर (638),Nagrota Bagwan(Sub-District) / Kangra(District) / Himachal Pradesh(State),00331200,009988,N,,,,
3648,9938,Tambar Har (632),टम्बरहार (632),Nagrota Bagwan(Sub-District) / Kangra(District) / Himachal Pradesh(State),00326200,009938,N,,,,
3649,11101,Tamber (433),टम्वर (433),Thural(Sub-District) / Kangra(District) / Himachal Pradesh(State),00442400,011101,N,,,,
3650,11458,Tamber Nagar (908),टम्वर नगर (908),Jaisinghpur(Sub-District) / Kangra(District) / Himachal Pradesh(State),00478100,011458,N,,,,
3651,11265,Tambru (645),टम्वरू (645),Jaisinghpur(Sub-District) / Kangra(District) / Himachal Pradesh(State),00458800,011265,N,,,,
3652,11467,Tambru (901),टम्वरू (901),Jaisinghpur(Sub-District) / Kangra(District) / Himachal Pradesh(State),00479000,011467,N,,,,
3653,11221,Tamloh Khas (408),तमलोह खास (408),Dhira(Sub-District) / Kangra(District) / Himachal Pradesh(State),00454400,011221,N,,,,
3654,8786,Tamota (50),तमौता (50),Thakurdwara(Sub-District) / Kangra(District) / Himachal Pradesh(State),00211500,008786,N,,,,
3655,11559,Tanda (106),टांडा (106),Sulah(Sub-District) / Kangra(District) / Himachal Pradesh(State),00488200,011559,N,,,,
3656,11583,Tanda (261),टाण्डा (261),Palampur(Sub-District) / Kangra(District) / Himachal Pradesh(State),00490600,011583,N,,,,
3657,8721,Tanda (44),टाण्डा (44),Indora(Sub-District) / Kangra(District) / Himachal Pradesh(State),00204900,008721,N,,,,
3658,11548,Tanda (50),टांडा (50),Sulah(Sub-District) / Kangra(District) / Himachal Pradesh(State),00487100,011548,N,,,,
3659,9908,Tanda (650),टाण्डा (650),Nagrota Bagwan(Sub-District) / Kangra(District) / Himachal Pradesh(State),00323200,009908,N,,,,
3660,11816,Tanda Holta (252),टाण्डा होल्टा (252),Palampur(Sub-District) / Kangra(District) / Himachal Pradesh(State),00513900,011816,N,,,,
3661,9718,Tanda Kacchiari (456),टाण्डा कच्छयारी (456),Kangra(Sub-District) / Kangra(District) / Himachal Pradesh(State),00305400,009718,N,,,,
3662,9713,Tanda Kholi (457),टाण्डा खोली  (457),Kangra(Sub-District) / Kangra(District) / Himachal Pradesh(State),00304900,009713,N,,,,
3663,11815,Tanda Parla (257),टाण्डा पारला (257),Palampur(Sub-District) / Kangra(District) / Himachal Pradesh(State),00513800,011815,N,,,,
3664,11427,Tander (942),टण्डर (942),Jaisinghpur(Sub-District) / Kangra(District) / Himachal Pradesh(State),00475000,011427,N,,,,
3665,8903,Tandyana (190),टडंयाना (190),Fatehpur(Sub-District) / Kangra(District) / Himachal Pradesh(State),00223100,008903,N,,,,
3666,11228,Tang (334),टंग (334),Dhira(Sub-District) / Kangra(District) / Himachal Pradesh(State),00455100,011228,N,,,,
3667,9622,Tang (508),टग (508),Dharmsala(Sub-District) / Kangra(District) / Himachal Pradesh(State),00296200,009622,N,,,,
3668,9618,Tangroti Khas (521),तगरोटी खास (521),Dharmsala(Sub-District) / Kangra(District) / Himachal Pradesh(State),00295800,009618,N,,,,
3669,8591,Tannan (166),टानण (166),Nurpur(Sub-District) / Kangra(District) / Himachal Pradesh(State),00191900,008591,N,,,,
3670,8429,Tapa (473),टप्पा (473),Gangath(Sub-District) / Kangra(District) / Himachal Pradesh(State),00175700,008429,N,,,,
3671,11146,Tapehr (113),टपेहड़ (113),Dhira(Sub-District) / Kangra(District) / Himachal Pradesh(State),00446900,011146,N,,,,
3672,10935,Tapnala (825),तपनाला (825),Khundian(Sub-District) / Kangra(District) / Himachal Pradesh(State),00425900,010935,N,,,,
3673,11747,Tappa (711),तप्पा (711),Bhawarna(Sub-District) / Kangra(District) / Himachal Pradesh(State),00507000,011747,N,,,,
3674,9793,Taqipur (571),तकीपुर (571),Kangra(Sub-District) / Kangra(District) / Himachal Pradesh(State),00312900,009793,N,,,,
3675,11656,Tara (680),तडा (680),Bhawarna(Sub-District) / Kangra(District) / Himachal Pradesh(State),00497900,011656,N,,,,
3676,8417,Tarah Chamaran (437),तडयाह चमारा (437),Gangath(Sub-District) / Kangra(District) / Himachal Pradesh(State),00174500,008417,N,,,,
3677,8422,Tarah Hadlian (434),तड़याह हडलिया (434),Gangath(Sub-District) / Kangra(District) / Himachal Pradesh(State),00175000,008422,N,,,,
3678,8416,Tarah Sughalan (435),तडयाह सुघाला (435),Gangath(Sub-District) / Kangra(District) / Himachal Pradesh(State),00174400,008416,N,,,,
3679,12081,Taras (837),तरस (837),Baijnath(Sub-District) / Kangra(District) / Himachal Pradesh(State),00540400,012081,N,,,,
3680,11912,Tarehal (758),तरेहल (758),Baijnath(Sub-District) / Kangra(District) / Himachal Pradesh(State),00523500,011912,N,,,,
3681,11291,Tarehla (569),तरेहला (569),Jaisinghpur(Sub-District) / Kangra(District) / Himachal Pradesh(State),00461400,011291,N,,,,
3682,9568,Taremlu (405),त्रैमलू(405),Dharmsala(Sub-District) / Kangra(District) / Himachal Pradesh(State),00290800,009568,N,,,,
3683,8457,Tareta (37),तरेटा (37),Nurpur(Sub-District) / Kangra(District) / Himachal Pradesh(State),00178500,008457,N,,,,
3684,8444,Tarhar (409),तरयाड (409),Gangath(Sub-District) / Kangra(District) / Himachal Pradesh(State),00177200,008444,N,,,,
3685,9974,Tarihara (621),त्रिहाड़ा (621),Nagrota Bagwan(Sub-District) / Kangra(District) / Himachal Pradesh(State),00329800,009974,N,,,,
3686,9951,Tarind (592),त्रिण्ड (592),Nagrota Bagwan(Sub-District) / Kangra(District) / Himachal Pradesh(State),00327500,009951,N,,,,
3687,9660,Tarkhankad (232),तरखानकड (232),Kangra(Sub-District) / Kangra(District) / Himachal Pradesh(State),00298400,009660,N,,,,
3688,9798,Tarkhankar (556),तरखानकड (556),Kangra(Sub-District) / Kangra(District) / Himachal Pradesh(State),00313400,009798,N,,,,
3689,9850,Tarkhan Kar (670),तरखानकड (670),Nagrota Bagwan(Sub-District) / Kangra(District) / Himachal Pradesh(State),00317400,009850,N,,,,
3690,10022,Tarkhankar (742),तरखानकड़ (742),Baroh(Sub-District) / Kangra(District) / Himachal Pradesh(State),00334600,010022,N,,,,
3691,8838,Taroli (139),तड़ोली (139),Rey(Sub-District) / Kangra(District) / Himachal Pradesh(State),00216600,008838,N,,,,
3692,9817,Tarsuh (548),तरसूह (548),Kangra(Sub-District) / Kangra(District) / Himachal Pradesh(State),00315300,009817,N,,,,
3693,8558,Tartialan (352),तरटियालां (352),Raja Ka Talab(Sub-District) / Kangra(District) / Himachal Pradesh(State),00188600,008558,N,,,,
3694,10891,Taryamlu (874),तरयामलू (874),Majheen(Sub-District) / Kangra(District) / Himachal Pradesh(State),00421500,010891,N,,,,
3695,11756,Tataihal (706),टटैहल (706),Panchrukhi(Sub-District) / Kangra(District) / Himachal Pradesh(State),00507900,011756,N,,,,
3696,8626,Tatal (206),टटल (206),Nurpur(Sub-District) / Kangra(District) / Himachal Pradesh(State),00195400,008626,N,,,,
3697,8863,Tatbali (152),टटवाली (152),Rey(Sub-District) / Kangra(District) / Himachal Pradesh(State),00219100,008863,N,,,,
3698,11271,Tatrora (651),टटरोडा (651),Jaisinghpur(Sub-District) / Kangra(District) / Himachal Pradesh(State),00459400,011271,N,,,,
3699,9381,Tatwani (143),ततवानी (143),Shahpur(Sub-District) / Kangra(District) / Himachal Pradesh(State),00270800,009381,N,,,,
3700,10493,Tauru (306),टौरू (306),Bharoli(Sub-District) / Kangra(District) / Himachal Pradesh(State),00377800,010493,N,eSignGOFile131557_10_06_2024_16_15_55.pdf,,,
3701,10152,Telkar (879),तेलकड़ (879),Baroh(Sub-District) / Kangra(District) / Himachal Pradesh(State),00347600,010152,N,,,,
3702,12122,Termehar (1063),तरमेहर (1063),Multhan(Sub-District) / Kangra(District) / Himachal Pradesh(State),00544500,012122,N,,,,
3703,8528,Thakar Dwara (364),ठाकऱद्धारा (364),Raja Ka Talab(Sub-District) / Kangra(District) / Himachal Pradesh(State),00185600,008528,N,,,,
3704,10440,Thakur Doara (427),ठाकुरद्वारा (427),Dehra Gopipur(Sub-District) / Kangra(District) / Himachal Pradesh(State),00389800,010440,N,,,,
3705,10457,Thakur Doara (617),ठाकुरद्वारा (617),Dehra Gopipur(Sub-District) / Kangra(District) / Himachal Pradesh(State),00391500,010457,N,,,,
3706,11794,Thakurduwara (702),ठाकुरद्वारा (702),Panchrukhi(Sub-District) / Kangra(District) / Himachal Pradesh(State),00511700,011794,N,,,,
3707,9755,Thakurdwara (207),चकवन सदुआं (210),Kangra(Sub-District) / Kangra(District) / Himachal Pradesh(State),00309100,009755,N,,,,
3708,8797,Thakur Dwara (60),ठाकुरद्धारा (60),Thakurdwara(Sub-District) / Kangra(District) / Himachal Pradesh(State),00212600,008797,N,,,,
3709,10856,Thalakan (690),थलाकन (690),Khundian(Sub-District) / Kangra(District) / Himachal Pradesh(State),00418000,010856,N,,,,
3710,11516,Thala Parla (75),थला पारला (75),Palampur(Sub-District) / Kangra(District) / Himachal Pradesh(State),00483900,011516,N,,,,
3711,8813,Thalara (13),थुलाड़ा (13),Rey(Sub-District) / Kangra(District) / Himachal Pradesh(State),00214100,008813,N,,,,
3712,11176,Thalehr (166),थलेहड़ (166),Dhira(Sub-District) / Kangra(District) / Himachal Pradesh(State),00449900,011176,N,,,,
3713,11232,Thalial Buhli (327),थलयाल बूहली (327),Dhira(Sub-District) / Kangra(District) / Himachal Pradesh(State),00455500,011232,N,,,,
3714,11233,Thalial Uparli (326),थलयाल उपरली (326),Dhira(Sub-District) / Kangra(District) / Himachal Pradesh(State),00455600,011233,N,,,,
3715,10203,Thalla (458),थला (458),Haripur(Sub-District) / Kangra(District) / Himachal Pradesh(State),00352700,010203,N,,,,
3716,11517,Thalla Auorla (76),थला ओरला (76),Palampur(Sub-District) / Kangra(District) / Himachal Pradesh(State),00484000,011517,N,,,,
3717,9594,Thamba (482),थंबा (482),Dharmsala(Sub-District) / Kangra(District) / Himachal Pradesh(State),00293400,009594,N,,,,
3718,10176,Thamba (506),ठम्बा (506),Haripur(Sub-District) / Kangra(District) / Himachal Pradesh(State),00350000,010176,N,,,,
3719,9417,Thamba (67),ठम्वा (67),Shahpur(Sub-District) / Kangra(District) / Himachal Pradesh(State),00274400,009417,N,,,,
3720,9859,Thamba (694),ठम्वा (694),Nagrota Bagwan(Sub-District) / Kangra(District) / Himachal Pradesh(State),00318300,009859,N,,,,
3721,10155,Thamba (768),ठम्बा (768),Baroh(Sub-District) / Kangra(District) / Himachal Pradesh(State),00347900,010155,N,,,,
3722,10936,Thamba (826),ठम्बा (826),Khundian(Sub-District) / Kangra(District) / Himachal Pradesh(State),00426000,010936,N,,,,
3723,11594,Thamba-I (199),ठम्वा -I (199),Sulah(Sub-District) / Kangra(District) / Himachal Pradesh(State),00491700,011594,N,,,,
3724,11593,Thamba-II (200),ठम्वा -II (200),Sulah(Sub-District) / Kangra(District) / Himachal Pradesh(State),00491600,011593,N,,,,
3725,12091,Thamsar Dhar (1080),थमसरधार (1080),Multhan(Sub-District) / Kangra(District) / Himachal Pradesh(State),00541400,012091,N,,,,
3726,10140,Than (890),ठां (890),Baroh(Sub-District) / Kangra(District) / Himachal Pradesh(State),00346400,010140,N,,,,
3727,8285,Thana (125),ठाणा (125),Sadwan(Sub-District) / Kangra(District) / Himachal Pradesh(State),00161300,008285,N,,,,
3728,9265,Thana (157),ठाना  (157),Harchakian(Sub-District) / Kangra(District) / Himachal Pradesh(State),00259200,009265,N,,,,
3729,8462,Thana (45),ठाणा (45),Nurpur(Sub-District) / Kangra(District) / Himachal Pradesh(State),00179000,008462,N,,,,
3730,11123,Thana (507),ठाणा (507),Thural(Sub-District) / Kangra(District) / Himachal Pradesh(State),00444600,011123,N,,,,
3731,10467,Thana (628),ठाणा (628),Jawalamukhi(Sub-District) / Kangra(District) / Himachal Pradesh(State),00392500,010467,N,,,,
3732,10044,Thana (785),थाना (785),Baroh(Sub-District) / Kangra(District) / Himachal Pradesh(State),00336800,010044,N,,,,
3733,10051,Thana Lahar (834),थाना लाहड़ (834),Baroh(Sub-District) / Kangra(District) / Himachal Pradesh(State),00337500,010051,N,,,,
3734,11755,Thandoh (705),ठण्डोह (705),Panchrukhi(Sub-District) / Kangra(District) / Himachal Pradesh(State),00507800,011755,N,,,,
3735,11743,Thandol (669),ठन्डोल (669),Bhawarna(Sub-District) / Kangra(District) / Himachal Pradesh(State),00506600,011743,N,,,,
3736,12129,Thangahar (1087),ठणगाहर (1087),Multhan(Sub-District) / Kangra(District) / Himachal Pradesh(State),00545200,012129,N,,,,
3737,9158,Thangar (22),ठँगर (22),Jawali(Sub-District) / Kangra(District) / Himachal Pradesh(State),00248500,009158,N,,,,
3738,10082,Thankehar (822),ठनकेहड़ (822),Baroh(Sub-District) / Kangra(District) / Himachal Pradesh(State),00340600,010082,N,,,,
3739,11425,Thanpal (927),थनपाल (927),Jaisinghpur(Sub-District) / Kangra(District) / Himachal Pradesh(State),00474800,011425,N,,,,
3740,9921,Thanpuri (542),ठानपुरी (542),Nagrota Bagwan(Sub-District) / Kangra(District) / Himachal Pradesh(State),00324500,009921,N,,,,
3741,8380,Thapkaur (2),थपकौर (2),Gangath(Sub-District) / Kangra(District) / Himachal Pradesh(State),00170800,008380,N,,,,
3742,10794,Thappal (292),थप्पल (292),Rakkar(Sub-District) / Kangra(District) / Himachal Pradesh(State),00411800,010794,N,,,,
3743,9166,Thappal (64),थपल (64),Jawali(Sub-District) / Kangra(District) / Himachal Pradesh(State),00249300,009166,N,,,,
3744,12040,Thara (1022),ठारा (1022),Baijnath(Sub-District) / Kangra(District) / Himachal Pradesh(State),00536300,012040,N,,,,
3745,9456,Thara (292),थड़ा (292),Shahpur(Sub-District) / Kangra(District) / Himachal Pradesh(State),00278300,009456,N,,,,
3746,10925,Thara (819),थड़ा (819),Khundian(Sub-District) / Kangra(District) / Himachal Pradesh(State),00424900,010925,N,,,,
3747,11194,Tharkehr (318),ठरकेहड़ (318),Dhira(Sub-District) / Kangra(District) / Himachal Pradesh(State),00451700,011194,N,,,,
3748,9446,Tharot (61),थरोट (61),Shahpur(Sub-District) / Kangra(District) / Himachal Pradesh(State),00277300,009446,N,,,,
3749,9221,Tharu (242),ठारु (242),Kotla(Sub-District) / Kangra(District) / Himachal Pradesh(State),00254800,009221,N,,,,
3750,9952,Tharu (595),ठारू (595),Nagrota Bagwan(Sub-District) / Kangra(District) / Himachal Pradesh(State),00327600,009952,N,,,,
3751,9412,Tharu (64),ठारू (64),Shahpur(Sub-District) / Kangra(District) / Himachal Pradesh(State),00273900,009412,N,,,,
3752,8781,That (63),थात (63),Thakurdwara(Sub-District) / Kangra(District) / Himachal Pradesh(State),00211000,008781,N,,,,
3753,10094,Thathal (820),ठठल (820),Baroh(Sub-District) / Kangra(District) / Himachal Pradesh(State),00341800,010094,N,,,,
3754,10113,Thathal (866),ठठल (866),Baroh(Sub-District) / Kangra(District) / Himachal Pradesh(State),00343700,010113,N,,,,
3755,10336,Thathar (528),ठठर (528),Haripur(Sub-District) / Kangra(District) / Himachal Pradesh(State),00366000,010336,N,,,,
3756,12065,Thathbal Thathi (858),थथवालथाथी (858),Baijnath(Sub-District) / Kangra(District) / Himachal Pradesh(State),00538800,012065,N,,,,
3757,8501,Thather (378),ठठर (378),Raja Ka Talab(Sub-District) / Kangra(District) / Himachal Pradesh(State),00182900,008501,N,,,,
3758,10414,Thathlehar (584),ठठलेहड़ (584),Dehra Gopipur(Sub-District) / Kangra(District) / Himachal Pradesh(State),00373800,010414,N,,,,
3759,8408,Thatholi (456),ठठोली (456),Gangath(Sub-District) / Kangra(District) / Himachal Pradesh(State),00173600,008408,N,,,,
3760,10964,Thati (729),थाती (729),Khundian(Sub-District) / Kangra(District) / Himachal Pradesh(State),00428800,010964,N,,,,
3761,9547,Thatri (370),थातरी (370),Dharmsala(Sub-District) / Kangra(District) / Himachal Pradesh(State),00288700,009547,N,,,,
3762,9577,Thear (375),ठेहड (375),Dharmsala(Sub-District) / Kangra(District) / Himachal Pradesh(State),00291700,009577,N,,,,
3763,9044,Thehar (125),ठेहड (125),Kotla(Sub-District) / Kangra(District) / Himachal Pradesh(State),00237100,009044,N,,,,
3764,11979,Thehar Buhli (979),ठेहड़ वुहली (979),Chadiyar(Sub-District) / Kangra(District) / Himachal Pradesh(State),00530200,011979,N,,,,
3765,11980,Thehar Uperli (980),ठेहड़ उपरली (980),Chadiyar(Sub-District) / Kangra(District) / Himachal Pradesh(State),00530300,011980,N,,,,
3766,9272,Thehr (164),ठेहड  (164),Harchakian(Sub-District) / Kangra(District) / Himachal Pradesh(State),00259900,009272,N,,,,
3767,10550,Thehra (354),ठेहड़ा (354),Bharoli(Sub-District) / Kangra(District) / Himachal Pradesh(State),00384000,010550,N,eSignGOFile131557_11_06_2024_16_54_26.pdf,,,
3768,10373,Thehra (566),ठेहडा (566),Haripur(Sub-District) / Kangra(District) / Himachal Pradesh(State),00369700,010373,N,,,,
3769,10045,Thehru (786),ठेहडू (786),Baroh(Sub-District) / Kangra(District) / Himachal Pradesh(State),00336900,010045,N,,,,
3770,8269,Ther (128),ठेहड़ (128),Sadwan(Sub-District) / Kangra(District) / Himachal Pradesh(State),00159700,008269,N,,,,
3771,8935,Ther (61),ठेहड़ (61),Fatehpur(Sub-District) / Kangra(District) / Himachal Pradesh(State),00226300,008935,N,,,,
3772,8329,Ther (82),ठेहड (82),Nurpur(Sub-District) / Kangra(District) / Himachal Pradesh(State),00165700,008329,N,,,,
3773,11558,Thera (105),ठेहड़ा (105),Sulah(Sub-District) / Kangra(District) / Himachal Pradesh(State),00488100,011558,N,,,,
3774,8301,Ther Khas (110),ठेहड़ खास (110),Sadwan(Sub-District) / Kangra(District) / Himachal Pradesh(State),00162900,008301,N,,,,
3775,8990,Ther Khas (112),ठेहड़ खास (112),Fatehpur(Sub-District) / Kangra(District) / Himachal Pradesh(State),00231800,008990,N,,,,
3776,9095,Theru (115),ठेहड़ू (115),Jawali(Sub-District) / Kangra(District) / Himachal Pradesh(State),00242200,009095,N,,,,
3777,11397,Theru Buhla (619),ठेहडू बुहला (619),Jaisinghpur(Sub-District) / Kangra(District) / Himachal Pradesh(State),00472000,011397,N,,,,
3778,11395,Theru Uparla (620),ठेहडू उपरला (620),Jaisinghpur(Sub-District) / Kangra(District) / Himachal Pradesh(State),00471800,011395,N,,,,
3779,10965,Thill (716),थिल (716),Khundian(Sub-District) / Kangra(District) / Himachal Pradesh(State),00428900,010965,N,,,,
3780,11163,Thirak (125),ठिरक (125),Dhira(Sub-District) / Kangra(District) / Himachal Pradesh(State),00448600,011163,N,,,,
3781,9436,Thirdi (133),ठिरड़ी (133),Shahpur(Sub-District) / Kangra(District) / Himachal Pradesh(State),00276300,009436,N,,,,
3782,8338,Thora Khas (51),ठोहड़ा (51),Nurpur(Sub-District) / Kangra(District) / Himachal Pradesh(State),00166600,008338,N,,,,
3783,10232,Thor Nichli (120),ठोर निचली (120),Dehra Gopipur(Sub-District) / Kangra(District) / Himachal Pradesh(State),00355600,010232,N,,,,
3784,10231,Thor Uparli (124),ठोर उपरली (124),Dehra Gopipur(Sub-District) / Kangra(District) / Himachal Pradesh(State),00355500,010231,N,,,,
3785,11120,Thural Khas (504),थूरल खास (504),Thural(Sub-District) / Kangra(District) / Himachal Pradesh(State),00444300,011120,N,,,,
3786,10676,Tiamal (91),त्यामल (91),Dadasiba(Sub-District) / Kangra(District) / Himachal Pradesh(State),00400000,010676,N,,,,
3787,9666,Tiara Dughiari (269),तियारा ढुगियारी (269),Kangra(Sub-District) / Kangra(District) / Himachal Pradesh(State),00299000,009666,N,,,,
3788,9668,Tiara Khas(266),त्यारा खास (266),Kangra(Sub-District) / Kangra(District) / Himachal Pradesh(State),00299200,009668,N,eSignGOFile662648_19_02_2025_14_47_40.pdf,,,
3789,8717,Tibbi (42),टिब्बी (42),Indora(Sub-District) / Kangra(District) / Himachal Pradesh(State),00204500,008717,N,,,,
3790,11322,Tihna Jhametar (459),टीहना झमैतर (459),Alampur(Sub-District) / Kangra(District) / Himachal Pradesh(State),00464500,011322,N,,,,
3791,10865,Tihri (790),टीहरी (790),Khundian(Sub-District) / Kangra(District) / Himachal Pradesh(State),00418900,010865,N,,,,
3792,11033,Tihri (861),टीहरी (861),Majheen(Sub-District) / Kangra(District) / Himachal Pradesh(State),00435700,011033,N,,,,
3793,8656,Tika Nagrota (195),टीका नगरोटा (195),Nurpur(Sub-District) / Kangra(District) / Himachal Pradesh(State),00198400,008656,N,,,,
3794,10782,Tikkar (298),टिक्कर (298),Rakkar(Sub-District) / Kangra(District) / Himachal Pradesh(State),00410600,010782,N,,,,
3795,8572,Tikkar (301),टिक्कर (301),Nurpur(Sub-District) / Kangra(District) / Himachal Pradesh(State),00190000,008572,N,,,,
3796,8514,Tikkar (361),टिक्कर (361),Raja Ka Talab(Sub-District) / Kangra(District) / Himachal Pradesh(State),00184200,008514,N,,,,
3797,10828,Tikkar (737),टिक्कर (737),Lagru(Sub-District) / Kangra(District) / Himachal Pradesh(State),00415200,010828,N,,,,
3798,11005,Tikkar Jhikla (834),टिक्कर झिकला (834),Khundian(Sub-District) / Kangra(District) / Himachal Pradesh(State),00432900,011005,N,,,,
3799,11321,Tikkar Jihan (492),टिक्कर जीहण (492),Alampur(Sub-District) / Kangra(District) / Himachal Pradesh(State),00464400,011321,N,,,,
3800,11003,Tikkar Uprla (832),टिक्कर उपरला (832),Khundian(Sub-District) / Kangra(District) / Himachal Pradesh(State),00432700,011003,N,,,,
3801,9132,Tikkeri (39),टिक्करी (39),Jawali(Sub-District) / Kangra(District) / Himachal Pradesh(State),00245900,009132,N,,,,
3802,11760,Tikker Khas (710),टिक्कर खास (710),Panchrukhi(Sub-District) / Kangra(District) / Himachal Pradesh(State),00508300,011760,N,,,,
3803,9623,Tikkri (507),टिकरी (507),Dharmsala(Sub-District) / Kangra(District) / Himachal Pradesh(State),00296300,009623,N,,,,
3804,11125,Tikkri (508),टिक्करी (508),Thural(Sub-District) / Kangra(District) / Himachal Pradesh(State),00444800,011125,N,,,,
3805,11927,Tikkri (771),टिकरी (771),Baijnath(Sub-District) / Kangra(District) / Himachal Pradesh(State),00525000,011927,N,,,,
3806,11412,Tikkri (918),टिकरी (918),Jaisinghpur(Sub-District) / Kangra(District) / Himachal Pradesh(State),00473500,011412,N,,,,
3807,10007,Tikri (736),टिकरी (736),Baroh(Sub-District) / Kangra(District) / Himachal Pradesh(State),00333100,010007,N,,,,
3808,11364,Tikri Ghamarrnun (590),टिकरी घुमारनू (590),Jaisinghpur(Sub-District) / Kangra(District) / Himachal Pradesh(State),00468700,011364,N,,,,
3809,11429,Tikru (940),टिकरू (940),Jaisinghpur(Sub-District) / Kangra(District) / Himachal Pradesh(State),00475200,011429,N,,,,
3810,10748,Tila Nahar Bhadar (233),टिल्ला नाहरु भादर (233),Rakkar(Sub-District) / Kangra(District) / Himachal Pradesh(State),00407200,010748,N,,,,
3811,10186,Tilla (518),टिल्ला (518),Haripur(Sub-District) / Kangra(District) / Himachal Pradesh(State),00351000,010186,N,,,,
3812,9998,Tilla Dabba (732),टिल्ला डब्बा (732),Baroh(Sub-District) / Kangra(District) / Himachal Pradesh(State),00332200,009998,N,,,,
3813,10364,Tillu (597),टिल्लू (597),Haripur(Sub-District) / Kangra(District) / Himachal Pradesh(State),00368800,010364,N,,,,
3814,9240,Tiloknath (232),तिलोकनाथ (232),Kotla(Sub-District) / Kangra(District) / Himachal Pradesh(State),00256700,009240,N,,,,
3815,8792,Tiora (53),त्योड़ा (53),Thakurdwara(Sub-District) / Kangra(District) / Himachal Pradesh(State),00212100,008792,N,,,,
3816,10858,Tip Buhla (788),टिप बूहला (788),Khundian(Sub-District) / Kangra(District) / Himachal Pradesh(State),00418200,010858,N,,,,
3817,10675,Tippri (87),टिपरी (87),Dadasiba(Sub-District) / Kangra(District) / Himachal Pradesh(State),00399900,010675,N,,,,
3818,8376,Tipri (13),टिपरी(13),Gangath(Sub-District) / Kangra(District) / Himachal Pradesh(State),00170400,008376,N,,,,
3819,9909,Tipri (652),टिपरी (652),Nagrota Bagwan(Sub-District) / Kangra(District) / Himachal Pradesh(State),00323300,009909,N,,,,
3820,11042,Tipri (904),टिपरी (904),Majheen(Sub-District) / Kangra(District) / Himachal Pradesh(State),00436600,011042,N,,,,
3821,10857,Tip Uprla (787),टिप उपरला (787),Khundian(Sub-District) / Kangra(District) / Himachal Pradesh(State),00418100,010857,N,,,,
3822,8816,Toharar (21),तुहारड (21),Rey(Sub-District) / Kangra(District) / Himachal Pradesh(State),00214400,008816,N,,,,
3823,8694,Toki (18),तोकी (18),Indora(Sub-District) / Kangra(District) / Himachal Pradesh(State),00202200,008694,N,,,,
3824,11706,Tori Da Behru (535),टोरी दा बेहडू (535),Bhawarna(Sub-District) / Kangra(District) / Himachal Pradesh(State),00502900,011706,N,,,,
3825,10986,Touru (774),टौरु (774),Khundian(Sub-District) / Kangra(District) / Himachal Pradesh(State),00431000,010986,N,,,,
3826,10135,Touru (887),टौरु (887),Baroh(Sub-District) / Kangra(District) / Himachal Pradesh(State),00345900,010135,N,,,,
3827,10076,Traimlu (839),त्रैमलू (839),Baroh(Sub-District) / Kangra(District) / Himachal Pradesh(State),00340000,010076,N,,,,
3828,9725,Trayangu(257),तरयांगु (257),Kangra(Sub-District) / Kangra(District) / Himachal Pradesh(State),00306100,009725,N,eSignGOFile662648_19_02_2025_14_48_28.pdf,,,
3829,11436,Trefad (932),तरैफड (932),Jaisinghpur(Sub-District) / Kangra(District) / Himachal Pradesh(State),00475900,011436,N,,,,
3830,9644,Tremla (281),त्रेमला (281),Kangra(Sub-District) / Kangra(District) / Himachal Pradesh(State),00279700,009644,N,,,,
3831,10329,Tripal Khas (527),त्रिपल खास (527),Haripur(Sub-District) / Kangra(District) / Himachal Pradesh(State),00365300,010329,N,,,,
3832,10982,Tuli (757),तुली (757),Khundian(Sub-District) / Kangra(District) / Himachal Pradesh(State),00430600,010982,N,,,,
3833,8821,Tund (17),टूण्ड (17),Rey(Sub-District) / Kangra(District) / Himachal Pradesh(State),00214900,008821,N,,,,
3834,8468,Tund (303),टून्ड (303),Nurpur(Sub-District) / Kangra(District) / Himachal Pradesh(State),00179600,008468,N,,,,
3835,9414,Tundu (65),टुण्डू  (65),Shahpur(Sub-District) / Kangra(District) / Himachal Pradesh(State),00274100,009414,N,,,,
3836,8486,Tung Barisar (404),तुग वडीसर (404),Gangath(Sub-District) / Kangra(District) / Himachal Pradesh(State),00181400,008486,N,,,,
3837,8351,Tunun (57),टूनणु (57),Nurpur(Sub-District) / Kangra(District) / Himachal Pradesh(State),00167900,008351,N,,,,
3838,8385,Tuta Tala (9),टूटा तला (9),Gangath(Sub-District) / Kangra(District) / Himachal Pradesh(State),00171300,008385,N,,,,
3839,8911,Tutwan (110),टुटवां (110),Fatehpur(Sub-District) / Kangra(District) / Himachal Pradesh(State),00223900,008911,N,,,,
3840,10534,Uchhahr (377),उछाड़ (377),Jawalamukhi(Sub-District) / Kangra(District) / Himachal Pradesh(State),00382400,010534,N,,,,
3841,8892,Udana (158),उडाना (158),Rey(Sub-District) / Kangra(District) / Himachal Pradesh(State),00222000,008892,N,,,,
3842,10694,Ugrahala Nichla (65),उग्राहला निचला (65),Dadasiba(Sub-District) / Kangra(District) / Himachal Pradesh(State),00401800,010694,N,,,,
3843,10692,Ugrahala Upperla (66),उगा्रहला उपरला (66),Dadasiba(Sub-District) / Kangra(District) / Himachal Pradesh(State),00401600,010692,N,,,,
3844,10662,Ujhe (49),उझे (49),Jaswan(Sub-District) / Kangra(District) / Himachal Pradesh(State),00398600,010662,N,,,,
3845,11021,Uklehar (850),उकलैहड़ (850),Khundian(Sub-District) / Kangra(District) / Himachal Pradesh(State),00434500,011021,N,,,,
3846,12116,Uldhar (1058),उहलधार (1058),Multhan(Sub-District) / Kangra(District) / Himachal Pradesh(State),00543900,012116,N,,,,
3847,8788,Ulehrian (52),उलैहड़ियाँ (52),Thakurdwara(Sub-District) / Kangra(District) / Himachal Pradesh(State),00211700,008788,N,,,,
3848,10446,Umar (641),उम्मर (641),Jawalamukhi(Sub-District) / Kangra(District) / Himachal Pradesh(State),00390400,010446,N,,,,
3849,11391,Umbar (632),उमर (632),Jaisinghpur(Sub-District) / Kangra(District) / Himachal Pradesh(State),00471400,011391,N,,,,
3850,11930,Umrali (774),उमराली (774),Baijnath(Sub-District) / Kangra(District) / Himachal Pradesh(State),00525300,011930,N,,,,
3851,11103,Umri (434),उमरी (434),Thural(Sub-District) / Kangra(District) / Himachal Pradesh(State),00442600,011103,N,,,,
3852,11312,Umri (489),उमरी (489),Alampur(Sub-District) / Kangra(District) / Himachal Pradesh(State),00463500,011312,N,,,,
3853,9411,Uni (58),उणी (56),Shahpur(Sub-District) / Kangra(District) / Himachal Pradesh(State),00273800,009411,N,,,,
3854,9466,Upahu (295),उपाहू (295),Shahpur(Sub-District) / Kangra(District) / Himachal Pradesh(State),00279300,009466,N,,,,
3855,9574,Upahu (388),ऊपाहू (388),Dharmsala(Sub-District) / Kangra(District) / Himachal Pradesh(State),00291400,009574,N,,,,
3856,9387,Uparla Baranj (113),उपरला वड़न्ज (113),Shahpur(Sub-District) / Kangra(District) / Himachal Pradesh(State),00271400,009387,N,,,,
3857,9361,Uparla Bhaniar (89),उपरला भन्यार (89),Shahpur(Sub-District) / Kangra(District) / Himachal Pradesh(State),00268800,009361,N,,,,
3858,9288,Uparla Diber (181),उपरला डिबर (181),Harchakian(Sub-District) / Kangra(District) / Himachal Pradesh(State),00261500,009288,N,,,,
3859,9396,Uparla Dohb (118),उपरला ड़ोहव (118),Shahpur(Sub-District) / Kangra(District) / Himachal Pradesh(State),00272300,009396,N,,,,
3860,9308,Uparla Lanj (199),उपरला लंज  (199),Harchakian(Sub-District) / Kangra(District) / Himachal Pradesh(State),00263500,009308,N,,,,
3861,11205,Uparla Nauana (149),उपरला नौआ (149),Dhira(Sub-District) / Kangra(District) / Himachal Pradesh(State),00452800,011205,N,,,,
3862,9980,Uparli Ambari (618),उपरली अम्बाडी (618),Nagrota Bagwan(Sub-District) / Kangra(District) / Himachal Pradesh(State),00330400,009980,N,,,,
3863,9543,Uparli Barol (366),उपरली वडोल(366),Dharmsala(Sub-District) / Kangra(District) / Himachal Pradesh(State),00288300,009543,N,,,,
3864,10770,Uparli Bharoli (263),उपरली भरोली (263),Rakkar(Sub-District) / Kangra(District) / Himachal Pradesh(State),00409400,010770,N,,,,
3865,9550,Uparli Dar (374),उपरली दाड (374),Dharmsala(Sub-District) / Kangra(District) / Himachal Pradesh(State),00289000,009550,N,,,,
3866,9443,Uperla Dhanotu (303),उपरला धनोटू (303),Shahpur(Sub-District) / Kangra(District) / Himachal Pradesh(State),00277000,009443,N,,,,
3867,9385,Uperla Sidhpur (112),उपरला सिध्दपुर (112),Shahpur(Sub-District) / Kangra(District) / Himachal Pradesh(State),00271200,009385,N,,,,
3868,9572,Uperla Sukar (395),उपरला सुकड़ (395),Dharmsala(Sub-District) / Kangra(District) / Himachal Pradesh(State),00291200,009572,N,,,,
3869,9451,Uperli Ansuhi (307),उपरली अनसूई (307),Shahpur(Sub-District) / Kangra(District) / Himachal Pradesh(State),00277800,009451,N,,,,
3870,9562,Uperli Bhadwal (425),उपरली भडवाल (425),Dharmsala(Sub-District) / Kangra(District) / Himachal Pradesh(State),00290200,009562,N,,,,
3871,939756,Up Mahal Bhawan(444/2),उप महाल भवन (444/2),Kangra(Sub-District) / Kangra(District) / Himachal Pradesh(State),,000000,N,eSignGOFile662648_19_02_2025_14_36_26.pdf,,,
3872,939757,Up Mahal Dak Bangla(444/3),उप महाल डाक वंगला (444/3),Kangra(Sub-District) / Kangra(District) / Himachal Pradesh(State),,000000,N,eSignGOFile662648_19_02_2025_14_40_15.pdf,,,
3873,939758,Up Mahal Gupat Ganga(444/6),उप महाल गुप्त गंगा (444/6),Kangra(Sub-District) / Kangra(District) / Himachal Pradesh(State),,000000,N,eSignGOFile662648_19_02_2025_14_41_47.pdf,,,
3874,9017,Up Mahal Lalabana (242),उप महाल ललवाणा (242),Fatehpur(Sub-District) / Kangra(District) / Himachal Pradesh(State),00234400,009017,N,,,,
3875,939759,Up Mahal Misson(444/5),उप महाल मिशन (444/5),Kangra(Sub-District) / Kangra(District) / Himachal Pradesh(State),,000000,N,eSignGOFile662648_19_02_2025_14_46_24.pdf,,,
3876,939755,Up Mahal Tehsil Chowk(444/1),उप महाल तहसील चौक (444/1),Kangra(Sub-District) / Kangra(District) / Himachal Pradesh(State),,000000,N,eSignGOFile662648_19_02_2025_14_47_00.pdf,,,
3877,939772,Up Mohal Bani (494/3),उप महाल वणी (494/3),Dharmsala(Sub-District) / Kangra(District) / Himachal Pradesh(State),,000000,N,,,,
3878,9627,Up Mohal Chatehar (494/1),उप महाल चटेहड (494/1),Dharmsala(Sub-District) / Kangra(District) / Himachal Pradesh(State),00296700,009627,N,,,,
3879,939774,Up Mohal Dharmkot( 363/2),उप महाल धर्मकोट(363/2),Dharmsala(Sub-District) / Kangra(District) / Himachal Pradesh(State),,000000,N,,,,
3880,939775,Up Mohal Lehsar (494/2),उप महाल लेहसर (494/2),Dharmsala(Sub-District) / Kangra(District) / Himachal Pradesh(State),,000000,N,,,,
3881,939773,Up Mohal Meclodganj (363/4),उप महाल मकलोडगज (363/4),Dharmsala(Sub-District) / Kangra(District) / Himachal Pradesh(State),,000000,N,,,,
3882,9619,Upmohal Tangroti ( 494/7),उपमहाल तगरोटी (494/7),Dharmsala(Sub-District) / Kangra(District) / Himachal Pradesh(State),00295900,009619,N,,,,
3883,939776,Up Mohal Yol Khas (494/4),उप महाल योल खास (494/4),Dharmsala(Sub-District) / Kangra(District) / Himachal Pradesh(State),,000000,N,,,,
3884,8726,Upparli Band (78),उपरली वण्ड (78),Indora(Sub-District) / Kangra(District) / Himachal Pradesh(State),00205500,008726,N,,,,
3885,11373,Upper Lambagaon (586),अप्पर लम्वागांव (586),Jaisinghpur(Sub-District) / Kangra(District) / Himachal Pradesh(State),00469600,011373,N,,,,
3886,9517,Upperla Odar (329),उपरला ओडर (329),Dharmsala(Sub-District) / Kangra(District) / Himachal Pradesh(State),00285600,009517,N,,,,
3887,9260,Upperli Thehr (152),उपरली ठेहड  (152),Harchakian(Sub-District) / Kangra(District) / Himachal Pradesh(State),00258700,009260,N,,,,
3888,10024,Uprair (743),उप्रैड़ (743),Baroh(Sub-District) / Kangra(District) / Himachal Pradesh(State),00334800,010024,N,,,,
3889,9707,Uprehr (469),उपरेहड (469),Kangra(Sub-District) / Kangra(District) / Himachal Pradesh(State),00303100,009707,N,,,,
3890,9936,Uprehr (517),उप्रैड (517),Nagrota Bagwan(Sub-District) / Kangra(District) / Himachal Pradesh(State),00326000,009936,N,,,,
3891,9931,Uprehr (527),उप्रैड (527),Nagrota Bagwan(Sub-District) / Kangra(District) / Himachal Pradesh(State),00325500,009931,N,,,,
3892,9539,Upreid (359),उप्रैड (359),Dharmsala(Sub-District) / Kangra(District) / Himachal Pradesh(State),00287800,009539,N,,,,
3893,9659,Uprela Chatreta (231),उपरला चतरेटा (231),Kangra(Sub-District) / Kangra(District) / Himachal Pradesh(State),00298300,009659,N,,,,
3894,8324,Uprer (75),उपरीहड (75),Nurpur(Sub-District) / Kangra(District) / Himachal Pradesh(State),00165200,008324,N,,,,
3895,10295,Uprla Badhun (162),उपरला भडूं (162),Dehra Gopipur(Sub-District) / Kangra(District) / Himachal Pradesh(State),00361900,010295,N,,,,
3896,8506,Ustehar (371),उस्तेहड़ (371),Raja Ka Talab(Sub-District) / Kangra(District) / Himachal Pradesh(State),00183400,008506,N,,,,
3897,12044,Ustehar (875),उस्तेहड़ (875),Baijnath(Sub-District) / Kangra(District) / Himachal Pradesh(State),00536700,012044,N,,,,
3898,11829,Ustehard (247),उस्तेहड़ (247),Palampur(Sub-District) / Kangra(District) / Himachal Pradesh(State),00515200,011829,N,,,,
3899,9862,Ustehr (688),उस्तेहड (688),Nagrota Bagwan(Sub-District) / Kangra(District) / Himachal Pradesh(State),00318600,009862,N,,,,
3900,9616,Uthra Gran (516),उथ्रडा ग्रा (516),Dharmsala(Sub-District) / Kangra(District) / Himachal Pradesh(State),00295600,009616,N,,,,
3901,8849,Utiahra (140),उत्याड़ा (140),Rey(Sub-District) / Kangra(District) / Himachal Pradesh(State),00217700,008849,N,,,,
3902,9025,Utkarian (231),उटकारियां (231),Fatehpur(Sub-District) / Kangra(District) / Himachal Pradesh(State),00235200,009025,N,,,,
3903,11642,Utrehr (279),उतरेहड (279),Bhawarna(Sub-District) / Kangra(District) / Himachal Pradesh(State),00496500,011642,N,,,,
3904,11420,Uttrapur (917),उतरापुर (917),Jaisinghpur(Sub-District) / Kangra(District) / Himachal Pradesh(State),00474300,011420,N,,,,
3905,8925,Varun Gandeeri (41),वरुण गन्डीरी (41),Rey(Sub-District) / Kangra(District) / Himachal Pradesh(State),00225300,008925,N,,,,
3906,10702,Vayola (219),व्योला (219),Pragpur(Sub-District) / Kangra(District) / Himachal Pradesh(State),00402600,010702,N,,,,
3907,11519,Vohal (81),वोहल (81),Palampur(Sub-District) / Kangra(District) / Himachal Pradesh(State),00484200,011519,N,,,,
3908,9430,Yol (135),योल (135),Shahpur(Sub-District) / Kangra(District) / Himachal Pradesh(State),00275700,009430,N,,,,
