S No,Village LGD Code,Village Name (In English),Village Name (In Local language),Hierarchy,Census 2001 Code,Census2011 Code,Pesa Status,View Government Order,View Details,View History,View Map
1,13333,Aall (229),आल (229),Makridi(Sub-District) / Mandi(District) / Himachal Pradesh(State),00650100,013333,N,,,,
2,14478,Aaran (615),आरन (615),Mandi(Sub-District) / Mandi(District) / Himachal Pradesh(State),00764600,014478,N,,,,
3,13645,Aarli Paryal (57),आरली परयाल (57),Dharmpur(Sub-District) / Mandi(District) / Himachal Pradesh(State),00681300,013645,N,,,,
4,15511,Agalicharand (238),अगलीचढांद (238),Chachyot(Sub-District) / Mandi(District) / Himachal Pradesh(State),00867900,015511,N,,,,
5,16095,Agla Chera (306),अगला चैरा (306),Karsog(Sub-District) / Mandi(District) / Himachal Pradesh(State),00926300,016095,N,,,,
6,14297,Ahan (243),आहण (243),Dehar(Sub-District) / Mandi(District) / Himachal Pradesh(State),00746500,014297,N,,,,
7,13254,Ahju (10),ऐहजू (10),Jogindarnagar(Sub-District) / Mandi(District) / Himachal Pradesh(State),00642200,013254,N,,,,
8,13263,Ahru (48),आहडू (48),Jogindarnagar(Sub-District) / Mandi(District) / Himachal Pradesh(State),00643100,013263,N,,,,
9,13751,Alag (8),अलग (8),Kotli(Sub-District) / Mandi(District) / Himachal Pradesh(State),00691900,013751,N,,,,
10,13058,Alang (478,आंलग (478),Padhar(Sub-District) / Mandi(District) / Himachal Pradesh(State),00622600,013058,N,,,,
11,14642,Alathu (112),अलाथू (112),Mandi(Sub-District) / Mandi(District) / Himachal Pradesh(State),00781000,014642,N,,,,
12,13386,Algabari (278),अलगाबाड़ी (278),Jogindarnagar(Sub-District) / Mandi(District) / Himachal Pradesh(State),00655400,013386,N,,,,
13,13216,Algan (512),अलगन (512),Katoula(Sub-District) / Mandi(District) / Himachal Pradesh(State),00638400,013216,N,,,,
14,13280,Almra (317),अलमरा (317),Jogindarnagar(Sub-District) / Mandi(District) / Himachal Pradesh(State),00644800,013280,N,,,,
15,15996,Alsindi (142),अलसिण्डी (142),Bagshad(Sub-District) / Mandi(District) / Himachal Pradesh(State),00916400,015996,N,,,,
16,14207,Alsogi (568),अल्सोगी (568),Baldwara(Sub-District) / Mandi(District) / Himachal Pradesh(State),00737500,014207,N,,,,
17,14285,Alsu (76),अलसू (76),Dehar(Sub-District) / Mandi(District) / Himachal Pradesh(State),00745300,014285,N,,,,
18,13891,Alyana (222),अल्याणा (222),Sarkaghat(Sub-District) / Mandi(District) / Himachal Pradesh(State),00705900,013891,N,,,,
19,13477,Amaher (106),अमेहड़ (106),Lad Bharol(Sub-District) / Mandi(District) / Himachal Pradesh(State),00664500,013477,N,,,,
20,13335,Amba Ra Gahra (239),आम्बा रा गहरा (239),Makridi(Sub-District) / Mandi(District) / Himachal Pradesh(State),00650300,013335,N,,,,
21,14009,Ambi (320),आम्बी  (320),Bhadrota(Sub-District) / Mandi(District) / Himachal Pradesh(State),00713500,014009,N,,,,
22,15323,Anaah (12),अनाह (12),Chachyot(Sub-District) / Mandi(District) / Himachal Pradesh(State),00849100,015323,N,,,,
23,14135,Andharara (523),अन्धराड़ा (523),Baldwara(Sub-District) / Mandi(District) / Himachal Pradesh(State),00730300,014135,N,,,,
24,13367,Andrahlu Nichla (292),अन्द्राहलू निचला (292),Jogindarnagar(Sub-District) / Mandi(District) / Himachal Pradesh(State),00653500,013367,N,,,,
25,13369,Andrahlu Uparla (291),अन्द्राहलू उपरला (291),Jogindarnagar(Sub-District) / Mandi(District) / Himachal Pradesh(State),00653700,013369,N,,,,
26,16214,Anog (513),अनोग (513),Karsog(Sub-District) / Mandi(District) / Himachal Pradesh(State),00938200,016214,N,,,,
27,14822,Ansar (503),अनसर (503),Aut(Sub-District) / Mandi(District) / Himachal Pradesh(State),00799000,014822,N,,,,
28,13694,Answai (167),अनस्वाई (167),Tihra(Sub-District) / Mandi(District) / Himachal Pradesh(State),00686200,013694,N,,,,
29,13294,Antola (190),अन्तोला (190),Makridi(Sub-District) / Mandi(District) / Himachal Pradesh(State),00646200,013294,N,,,,
30,14707,Anu (248),अणु (248),Balh(Sub-District) / Mandi(District) / Himachal Pradesh(State),00787500,014707,N,,,,
31,15610,Anu (289),अणु (289),Nihri(Sub-District) / Mandi(District) / Himachal Pradesh(State),00877800,015610,N,,,,
32,15568,Anushi (225),अनुशी (225),Nihri(Sub-District) / Mandi(District) / Himachal Pradesh(State),00873600,015568,N,,,,
33,14503,Ardha(372),अरढा (372),Mandi(Sub-District) / Mandi(District) / Himachal Pradesh(State),00767100,014503,N,eSignGOFile662648_19_02_2025_17_22_46.pdf,,,
34,13449,Arla (33),अरला (33),Lad Bharol(Sub-District) / Mandi(District) / Himachal Pradesh(State),00661700,013449,N,,,,
35,14426,Arnehar (399),अरनेहड़ (399),Katoula(Sub-District) / Mandi(District) / Himachal Pradesh(State),00759400,014426,N,,,,
36,13770,Arnodi (26),अरनोडी (26),Kotli(Sub-District) / Mandi(District) / Himachal Pradesh(State),00693800,013770,N,,,,
37,13760,Arthi (14),अरठी (14),Kotli(Sub-District) / Mandi(District) / Himachal Pradesh(State),00692800,013760,N,,,,
38,14656,Arthi (220),अरठी (220),Balh(Sub-District) / Mandi(District) / Himachal Pradesh(State),00782400,014656,N,,,,
39,14234,Arthi (33),अरठी (33),Sundarnagar(Sub-District) / Mandi(District) / Himachal Pradesh(State),00740200,014234,N,,,,
40,13410,Arthi (395),आरठी (395),Jogindarnagar(Sub-District) / Mandi(District) / Himachal Pradesh(State),00657800,013410,N,,,,
41,14506,Arthi (47),अरठी (47),Mandi(Sub-District) / Mandi(District) / Himachal Pradesh(State),00767400,014506,N,,,,
42,13377,Athrah (285),अथराह (285),Jogindarnagar(Sub-District) / Mandi(District) / Himachal Pradesh(State),00654500,013377,N,,,,
43,15082,Auhan (94),औहण (94),Thunag(Sub-District) / Mandi(District) / Himachal Pradesh(State),00825000,015082,N,,,,
44,14852,Aut (527),औट (527),Aut(Sub-District) / Mandi(District) / Himachal Pradesh(State),00802000,014852,N,,,,
45,13420,Awair (392),अवायर (392),Jogindarnagar(Sub-District) / Mandi(District) / Himachal Pradesh(State),00658800,013420,N,,,,
46,14907,Awarli Kareri (556),अवारली करेरी (556),Bali Chowki(Sub-District) / Mandi(District) / Himachal Pradesh(State),00807500,014907,N,,,,
47,14781,Ayala (331),अयाला (331),Mandi(Sub-District) / Mandi(District) / Himachal Pradesh(State),00794900,014781,N,,,,
48,15596,Baadhu (262),बाढू (262),Nihri(Sub-District) / Mandi(District) / Himachal Pradesh(State),00876400,015596,N,,,,
49,15684,Baadhu (35),बाढू (35),Nihri(Sub-District) / Mandi(District) / Himachal Pradesh(State),00885200,015684,N,,,,
50,15463,Baag (186),बाग (186),Chachyot(Sub-District) / Mandi(District) / Himachal Pradesh(State),00863100,015463,N,,,,
51,15608,Baali Batadi (287),बाली बटाड़ी (287),Nihri(Sub-District) / Mandi(District) / Himachal Pradesh(State),00877600,015608,N,,,,
52,15685,Baari (34),बाड़ी (34),Nihri(Sub-District) / Mandi(District) / Himachal Pradesh(State),00885300,015685,N,,,,
53,13143,Babli (580),बाबली (580),Padhar(Sub-District) / Mandi(District) / Himachal Pradesh(State),00631100,013143,N,,,,
54,14208,Bachhwan (545),बच्छवाण (523),Baldwara(Sub-District) / Mandi(District) / Himachal Pradesh(State),00737600,014208,N,,,,
55,16280,Badahar (560),बडाहर (560),Karsog(Sub-District) / Mandi(District) / Himachal Pradesh(State),00944800,016280,N,,,,
56,14187,Badahin (499),बडाहीं (499),Baldwara(Sub-District) / Mandi(District) / Himachal Pradesh(State),00735500,014187,N,,,,
57,13963,Badal (373),बडाल (373),Sarkaghat(Sub-District) / Mandi(District) / Himachal Pradesh(State),00717100,013963,N,,,,
58,15228,Bada Liyur (423),बडालियूर (423),Chhatri(Sub-District) / Mandi(District) / Himachal Pradesh(State),00839600,015228,N,,,,
59,13422,Badan (385),बदन (385),Jogindarnagar(Sub-District) / Mandi(District) / Himachal Pradesh(State),00659000,013422,N,,,,
60,15850,Badar (213),बडार (213),Pangna(Sub-District) / Mandi(District) / Himachal Pradesh(State),00901800,015850,N,,,,
61,13917,Badari (269),बदारी (269),Sarkaghat(Sub-District) / Mandi(District) / Himachal Pradesh(State),00708500,013917,N,,,,
62,14068,Bada Samahal (442),वडा समाहल  (442),Bhadrota(Sub-District) / Mandi(District) / Himachal Pradesh(State),00721900,014068,N,,,,
63,13305,Baddi Makreri (233),बडी मकरीड़ी (233),Makridi(Sub-District) / Mandi(District) / Himachal Pradesh(State),00647300,013305,N,,,,
64,13251,Badehar (15),बदेहड़ (15),Jogindarnagar(Sub-District) / Mandi(District) / Himachal Pradesh(State),00641900,013251,N,,,,
65,13360,Badehar (298),बदेहड़ (298),Jogindarnagar(Sub-District) / Mandi(District) / Himachal Pradesh(State),00652800,013360,N,,,,
66,14355,Badehter (135),बडैतर (135),Sundarnagar(Sub-District) / Mandi(District) / Himachal Pradesh(State),00752300,014355,N,,,,
67,13798,Badgaon (51),बड़गांव (51),Kotli(Sub-District) / Mandi(District) / Himachal Pradesh(State),00696600,013798,N,,,,
68,15437,Badhu (168),बाढू (168),Chachyot(Sub-District) / Mandi(District) / Himachal Pradesh(State),00860500,015437,N,,,,
69,13342,Badhu (255),बढू (255),Makridi(Sub-District) / Mandi(District) / Himachal Pradesh(State),00651000,013342,N,,,,
70,15406,Badhu (59),बाढू (59),Chachyot(Sub-District) / Mandi(District) / Himachal Pradesh(State),00857400,015406,N,,,,
71,13149,Badi (534),बाडी (534),Padhar(Sub-District) / Mandi(District) / Himachal Pradesh(State),00631700,013149,N,,,,
72,13023,Badi Bajgan (429),बडी बजगण (429),Tikken(Sub-District) / Mandi(District) / Himachal Pradesh(State),00619100,013023,N,,,,
73,13131,Badidhar (567,बडीधार (567),Padhar(Sub-District) / Mandi(District) / Himachal Pradesh(State),00629900,013131,N,,,,
74,14472,Badi Dhar (610),बड़ी धार (610),Mandi(Sub-District) / Mandi(District) / Himachal Pradesh(State),00764000,014472,N,,,,
75,15092,Badin (127),बडीन (127),Thunag(Sub-District) / Mandi(District) / Himachal Pradesh(State),00826000,015092,N,,,,
76,13609,Badohal (63),बदोहल (63),Sandhol(Sub-District) / Mandi(District) / Himachal Pradesh(State),00677700,013609,N,,,,
77,13984,Badoi (452),बड़ोई (452),Sarkaghat(Sub-District) / Mandi(District) / Himachal Pradesh(State),00723700,013984,N,,,,
78,14216,Badon (576),बड़ौन (576),Baldwara(Sub-District) / Mandi(District) / Himachal Pradesh(State),00738400,014216,N,,,,
79,14401,Badoun (509),बडौण (509),Katoula(Sub-District) / Mandi(District) / Himachal Pradesh(State),00756900,014401,N,,,,
80,13997,Badresa (310),बडरेसा (310),Mandap(Sub-District) / Mandi(District) / Himachal Pradesh(State),00712300,013997,N,,,,
81,14744,Badsu (205),बडसू (205),Balh(Sub-District) / Mandi(District) / Himachal Pradesh(State),00791200,014744,N,,,,
82,13089,Badwahan (366),बड़वाहण (366),Padhar(Sub-District) / Mandi(District) / Himachal Pradesh(State),00625700,013089,N,,,,
83,13767,Badyar (30),बड़यार (30),Kotli(Sub-District) / Mandi(District) / Himachal Pradesh(State),00693500,013767,N,,,,
84,15998,Badyog (134),बडयोग (134),Bagshad(Sub-District) / Mandi(District) / Himachal Pradesh(State),00916600,015998,N,,,,
85,16004,Bag (135),बाग (135),Bagshad(Sub-District) / Mandi(District) / Himachal Pradesh(State),00917200,016004,N,,,,
86,13811,Bag (175),बाग़ (175),Tihra(Sub-District) / Mandi(District) / Himachal Pradesh(State),00697900,013811,N,,,,
87,14625,Bag (181),बाग (181),Balh(Sub-District) / Mandi(District) / Himachal Pradesh(State),00779300,014625,N,,,,
88,13438,Bag (28),बाग (28),Lad Bharol(Sub-District) / Mandi(District) / Himachal Pradesh(State),00660600,013438,N,,,,
89,13936,Bag (288),बाग (288),Sarkaghat(Sub-District) / Mandi(District) / Himachal Pradesh(State),00710400,013936,N,,,,
90,16299,Bag (587),बाग  (587),Karsog(Sub-District) / Mandi(District) / Himachal Pradesh(State),00946700,016299,N,,,,
91,13224,Bag (60),बाग (60),Jogindarnagar(Sub-District) / Mandi(District) / Himachal Pradesh(State),00639200,013224,N,,,,
92,15974,Bag (70),बाग (70),Bagshad(Sub-District) / Mandi(District) / Himachal Pradesh(State),00914200,015974,N,,,,
93,15353,Baga (32),बागा (32),Chachyot(Sub-District) / Mandi(District) / Himachal Pradesh(State),00852100,015353,N,,,,
94,15067,Baga (521),बागा (521),Bagachnogi(Sub-District) / Mandi(District) / Himachal Pradesh(State),00823500,015067,N,,,,
95,16170,Bagail (324),बगैल (324),Karsog(Sub-District) / Mandi(District) / Himachal Pradesh(State),00933800,016170,N,,,,
96,16160,Bagaila (354),बगैला (354),Karsog(Sub-District) / Mandi(District) / Himachal Pradesh(State),00932800,016160,N,,,,
97,14317,Bagain (103),बगैण (103),Sundarnagar(Sub-District) / Mandi(District) / Himachal Pradesh(State),00748500,014317,N,,,,
98,16241,Bagain (500),बगैण (500),Karsog(Sub-District) / Mandi(District) / Himachal Pradesh(State),00940900,016241,N,,,,
99,14715,Baggi (281),बग्गी (281),Balh(Sub-District) / Mandi(District) / Himachal Pradesh(State),00788300,014715,N,,,,
100,14042,Baggi (342),वग्गी  (342),Bhadrota(Sub-District) / Mandi(District) / Himachal Pradesh(State),00719300,014042,N,,,,
101,14920,Baggi (545),बागी (545),Bali Chowki(Sub-District) / Mandi(District) / Himachal Pradesh(State),00808800,014920,N,,,,
102,13978,Baggi (559),बग्गी (559),Sarkaghat(Sub-District) / Mandi(District) / Himachal Pradesh(State),00723100,013978,N,,,,
103,13788,Baggi (83),बग्गी (83),Kotli(Sub-District) / Mandi(District) / Himachal Pradesh(State),00695600,013788,N,,,,
104,14410,Bagi (423),बागी (423),Katoula(Sub-District) / Mandi(District) / Himachal Pradesh(State),00757800,014410,N,,,,
105,14954,Bagi (636),बागी (636),Thachi(Sub-District) / Mandi(District) / Himachal Pradesh(State),00812200,014954,N,,,,
106,13497,Bagla (132),बगला (132),Lad Bharol(Sub-District) / Mandi(District) / Himachal Pradesh(State),00666500,013497,N,,,,
107,14745,Bagla (206),बगला (206),Balh(Sub-District) / Mandi(District) / Himachal Pradesh(State),00791300,014745,N,,,,
108,13496,Bagora (117),बगौडा (117),Lad Bharol(Sub-District) / Mandi(District) / Himachal Pradesh(State),00666400,013496,N,,,,
109,15914,Bagra (175),बागडा (175),Bagshad(Sub-District) / Mandi(District) / Himachal Pradesh(State),00908200,015914,N,,,,
110,13414,Bagra (63),बगडा (63),Jogindarnagar(Sub-District) / Mandi(District) / Himachal Pradesh(State),00658200,013414,N,,,,
111,15636,Bagri (23),बागड़ी (23),Nihri(Sub-District) / Mandi(District) / Himachal Pradesh(State),00880400,015636,N,,,,
112,13323,Bagriana (215),बगड़याना (215),Makridi(Sub-District) / Mandi(District) / Himachal Pradesh(State),00649100,013323,N,,,,
113,13383,Bagru (314),बागडू (314),Jogindarnagar(Sub-District) / Mandi(District) / Himachal Pradesh(State),00655100,013383,N,,,,
114,16250,Bag Salana (420),बाग शलाणा (420),Karsog(Sub-District) / Mandi(District) / Himachal Pradesh(State),00941800,016250,N,,,,
115,16032,Bagshar (154),बगशाड (154),Bagshad(Sub-District) / Mandi(District) / Himachal Pradesh(State),00920000,016032,N,,,,
116,15089,Bagsiad (97),बगस्याड (97),Thunag(Sub-District) / Mandi(District) / Himachal Pradesh(State),00825700,015089,N,,,,
117,16293,Bagund (583),बगून्द (583),Karsog(Sub-District) / Mandi(District) / Himachal Pradesh(State),00946100,016293,N,,,,
118,14801,Bagyodh (322),बग्योध (322),Mandi(Sub-District) / Mandi(District) / Himachal Pradesh(State),00796900,014801,N,,,,
119,14054,Bah (391),वाह (391),Bhadrota(Sub-District) / Mandi(District) / Himachal Pradesh(State),00720500,014054,N,,,,
120,13125,Bah (560),बह (560),Padhar(Sub-District) / Mandi(District) / Himachal Pradesh(State),00629300,013125,N,,,,
121,14274,Bah (85),बह (85),Dehar(Sub-District) / Mandi(District) / Himachal Pradesh(State),00744200,014274,N,,,,
122,15364,Bah (98),बह (98),Chachyot(Sub-District) / Mandi(District) / Himachal Pradesh(State),00853200,015364,N,,,,
123,15767,Bahal (319),बहल (319),Pangna(Sub-District) / Mandi(District) / Himachal Pradesh(State),00893500,015767,N,,,,
124,15140,Bahal (485),बहल (485),Thunag(Sub-District) / Mandi(District) / Himachal Pradesh(State),00830800,015140,N,,,,
125,15282,Bahal (699),बहल (699),Chhatri(Sub-District) / Mandi(District) / Himachal Pradesh(State),00845000,015282,N,,,,
126,13596,Bahan (34),बांह (34),Sandhol(Sub-District) / Mandi(District) / Himachal Pradesh(State),00676400,013596,N,,,,
127,14872,Bahandi (472),बाहन्दी (472),Aut(Sub-District) / Mandi(District) / Himachal Pradesh(State),00804000,014872,N,,,,
128,15822,Bahan Gadhiman (481),बाहण गधीमण (481),Karsog(Sub-District) / Mandi(District) / Himachal Pradesh(State),00899000,015822,N,,,,
129,16163,Bahanu (350),बाहणू (350),Karsog(Sub-District) / Mandi(District) / Himachal Pradesh(State),00933100,016163,N,,,,
130,13665,Bahari (108),बहरी (108),Dharmpur(Sub-District) / Mandi(District) / Himachal Pradesh(State),00683300,013665,N,,,,
131,939609,Bahaut (25),बाहोट (25),Sundarnagar(Sub-District) / Mandi(District) / Himachal Pradesh(State),,000000,N,,,,
132,13303,Bahi (197),बही (197),Makridi(Sub-District) / Mandi(District) / Himachal Pradesh(State),00647100,013303,N,,,,
133,15640,Bahi (22),बही (22),Nihri(Sub-District) / Mandi(District) / Himachal Pradesh(State),00880800,015640,N,,,,
134,14081,Bahi (461),वही (461),Baldwara(Sub-District) / Mandi(District) / Himachal Pradesh(State),00724900,014081,N,,,,
135,13098,Bahi (538),बही (538),Padhar(Sub-District) / Mandi(District) / Himachal Pradesh(State),00626600,013098,N,,,,
136,15936,Bahi (90),बही (90),Pangna(Sub-District) / Mandi(District) / Himachal Pradesh(State),00910400,015936,N,,,,
137,16284,Bahl (557),बहल (557),Karsog(Sub-District) / Mandi(District) / Himachal Pradesh(State),00945200,016284,N,,,,
138,14250,Bahlag (92),बहलग (92),Sundarnagar(Sub-District) / Mandi(District) / Himachal Pradesh(State),00741800,014250,N,,,,
139,13504,Bahl -I (128),वल्ह-I (128),Lad Bharol(Sub-District) / Mandi(District) / Himachal Pradesh(State),00667200,013504,N,,,,
140,15567,Bahli (216),बहली (216),Nihri(Sub-District) / Mandi(District) / Himachal Pradesh(State),00873500,015567,N,,,,
141,16120,Bahli (336),बहली (336),Bagshad(Sub-District) / Mandi(District) / Himachal Pradesh(State),00928800,016120,N,,,,
142,14251,Bahli (90),बाहली (90),Sundarnagar(Sub-District) / Mandi(District) / Himachal Pradesh(State),00741900,014251,N,,,,
143,13555,Bahl-Ii (175),वल्ह-II (175),Lad Bharol(Sub-District) / Mandi(District) / Himachal Pradesh(State),00672300,013555,N,,,,
144,14137,Bahnoo (513),बाहणू (513),Baldwara(Sub-District) / Mandi(District) / Himachal Pradesh(State),00730500,014137,N,,,,
145,13485,Bahru (103),बाहडू (103),Lad Bharol(Sub-District) / Mandi(District) / Himachal Pradesh(State),00665300,013485,N,,,,
146,13864,Bahru (239),बाहरू (239),Sarkaghat(Sub-District) / Mandi(District) / Himachal Pradesh(State),00703200,013864,N,,,,
147,15375,Bahwa (118),बाहवा (118),Chachyot(Sub-District) / Mandi(District) / Himachal Pradesh(State),00854300,015375,N,,,,
148,16139,Baigain (362),बगैण (362),Karsog(Sub-District) / Mandi(District) / Himachal Pradesh(State),00930700,016139,N,,,,
149,15414,Baihari (57),बैहरी (57),Chachyot(Sub-District) / Mandi(District) / Himachal Pradesh(State),00858200,015414,N,,,,
150,15329,Baila (25),बैला (25),Chachyot(Sub-District) / Mandi(District) / Himachal Pradesh(State),00849700,015329,N,,,,
151,14249,Baila (91),बायला (91),Sundarnagar(Sub-District) / Mandi(District) / Himachal Pradesh(State),00741700,014249,N,,,,
152,14020,Baira (347),बैरा  (347),Bhadrota(Sub-District) / Mandi(District) / Himachal Pradesh(State),00714600,014020,N,,,,
153,14614,Bairi (178),वैरी (178),Rewalsar(Sub-District) / Mandi(District) / Himachal Pradesh(State),00778200,014614,N,,,,
154,14595,Bair Kot (167),बैरकोट (167),Rewalsar(Sub-District) / Mandi(District) / Himachal Pradesh(State),00776300,014595,N,,,,
155,15060,Bajaihal (517),बजैहल (517),Bagachnogi(Sub-District) / Mandi(District) / Himachal Pradesh(State),00822800,015060,N,,,,
156,15104,Bajaran (139),बजरण (139),Thunag(Sub-District) / Mandi(District) / Himachal Pradesh(State),00827200,015104,N,,,,
157,15639,Bajaran (27),बजारन (27),Nihri(Sub-District) / Mandi(District) / Himachal Pradesh(State),00880700,015639,N,,,,
158,15842,Bajhu (394),बाझू (394),Karsog(Sub-District) / Mandi(District) / Himachal Pradesh(State),00901000,015842,N,,,,
159,15662,Bajihan (29),बजीहण (29),Nihri(Sub-District) / Mandi(District) / Himachal Pradesh(State),00883000,015662,N,,,,
160,13026,Bajot (428),बजौट (428),Tikken(Sub-District) / Mandi(District) / Himachal Pradesh(State),00619400,013026,N,,,,
161,13459,Bajraur (39),बजरोड (39),Lad Bharol(Sub-District) / Mandi(District) / Himachal Pradesh(State),00662700,013459,N,,,,
162,15204,Bakaran (356),बकारन (356),Thunag(Sub-District) / Mandi(District) / Himachal Pradesh(State),00837200,015204,N,,,,
163,15849,Bakaran (404),बकारन (404),Pangna(Sub-District) / Mandi(District) / Himachal Pradesh(State),00901700,015849,N,,,,
164,13913,Bakarta (278),बकारटा (278),Sarkaghat(Sub-District) / Mandi(District) / Himachal Pradesh(State),00708100,013913,N,,,,
165,15172,Bakhalwar (456),बखलवार (456),Thunag(Sub-District) / Mandi(District) / Himachal Pradesh(State),00834000,015172,N,,,,
166,15116,Bakhalwar (480),बखलवार (480),Thunag(Sub-District) / Mandi(District) / Himachal Pradesh(State),00828400,015116,N,,,,
167,15753,Bakhari (273),बखारी (273),Pangna(Sub-District) / Mandi(District) / Himachal Pradesh(State),00892100,015753,N,,,,
168,16298,Bakhaun (589),बखौहण (589),Karsog(Sub-District) / Mandi(District) / Himachal Pradesh(State),00946600,016298,N,,,,
169,15447,Bakhdog (172),वगडोग (172),Chachyot(Sub-District) / Mandi(District) / Himachal Pradesh(State),00861500,015447,N,,,,
170,15306,Bakhli (4),बाखली (4),Chachyot(Sub-District) / Mandi(District) / Himachal Pradesh(State),00847400,015306,N,,,,
171,15935,Bakhohal (200),बखोहल (200),Pangna(Sub-District) / Mandi(District) / Himachal Pradesh(State),00910300,015935,N,,,,
172,16143,Bakhraut (396),बखरौट (396),Karsog(Sub-District) / Mandi(District) / Himachal Pradesh(State),00931100,016143,N,,,,
173,15805,Bakhrunda (495),बखरूण्डा (495),Karsog(Sub-District) / Mandi(District) / Himachal Pradesh(State),00897300,015805,N,,,,
174,13277,Baksera (322),बकसैड़ा (322),Jogindarnagar(Sub-District) / Mandi(District) / Himachal Pradesh(State),00644500,013277,N,,,,
175,15588,Balag (248),बलग (248),Nihri(Sub-District) / Mandi(District) / Himachal Pradesh(State),00875600,015588,N,,,,
176,13778,Balahar (76),बलाहर (76),Kotli(Sub-District) / Mandi(District) / Himachal Pradesh(State),00694600,013778,N,,,,
177,14384,Balash (169),वलास (169),Sundarnagar(Sub-District) / Mandi(District) / Himachal Pradesh(State),00755200,014384,N,,,,
178,16115,Balaso (335),बलासो (335),Bagshad(Sub-District) / Mandi(District) / Himachal Pradesh(State),00928300,016115,N,,,,
179,13836,Baldwara (160),बलद्वाड़ा (160),Tihra(Sub-District) / Mandi(District) / Himachal Pradesh(State),00700400,013836,N,,,,
180,14155,Baldwara (478),बलद्वाड़ा (478),Baldwara(Sub-District) / Mandi(District) / Himachal Pradesh(State),00732300,014155,N,,,,
181,13967,Baldwara Matehari (371),बलद्वाड़ा मतेहड़ी (371),Sarkaghat(Sub-District) / Mandi(District) / Himachal Pradesh(State),00717500,013967,N,,,,
182,14146,Balehra (531),बाल्हड़ा (531),Baldwara(Sub-District) / Mandi(District) / Himachal Pradesh(State),00731400,014146,N,,,,
183,14700,Baleran (249),बलेरन (249),Balh(Sub-District) / Mandi(District) / Himachal Pradesh(State),00786800,014700,N,,,,
184,13355,Balh (249),बल्ह (249),Makridi(Sub-District) / Mandi(District) / Himachal Pradesh(State),00652300,013355,N,,,,
185,13606,Balh (32),बल्ह (32),Sandhol(Sub-District) / Mandi(District) / Himachal Pradesh(State),00677400,013606,N,,,,
186,13275,Balh (327),बल्ह (327),Jogindarnagar(Sub-District) / Mandi(District) / Himachal Pradesh(State),00644300,013275,N,,,,
187,13187,Balh (525),बल्ह (525),Padhar(Sub-District) / Mandi(District) / Himachal Pradesh(State),00635500,013187,N,,,,
188,13663,Balhara (101),बाल्हडा (101),Dharmpur(Sub-District) / Mandi(District) / Himachal Pradesh(State),00683100,013663,N,,,,
189,13558,Balhara (162),बल्हड़ा (162),Lad Bharol(Sub-District) / Mandi(District) / Himachal Pradesh(State),00672600,013558,N,,,,
190,15379,Balhari (42),बाल्हडी (42),Chachyot(Sub-District) / Mandi(District) / Himachal Pradesh(State),00854700,015379,N,,,,
191,13182,Balh Dhar (518),बल्हधार (518),Katoula(Sub-District) / Mandi(District) / Himachal Pradesh(State),00635000,013182,N,,,,
192,14029,Balh Lalihan (360),बल्ह ललीहण  (360),Bhadrota(Sub-District) / Mandi(District) / Himachal Pradesh(State),00718000,014029,N,,,,
193,13534,Balhra (140),वल्हड़ा (140),Lad Bharol(Sub-District) / Mandi(District) / Himachal Pradesh(State),00670200,013534,N,,,,
194,13969,Balhra Chhek (362),बाल्हड़ा छेक (362),Sarkaghat(Sub-District) / Mandi(District) / Himachal Pradesh(State),00717800,013969,N,,,,
195,14991,Bali Chowki (611),बाली चौकी (611),Bali Chowki(Sub-District) / Mandi(District) / Himachal Pradesh(State),00815900,014991,N,,,,
196,16208,Bali Dhar (447),बालीधार (447),Karsog(Sub-District) / Mandi(District) / Himachal Pradesh(State),00937600,016208,N,,,,
197,15118,Balidhar (500),बलीधार (500),Bagachnogi(Sub-District) / Mandi(District) / Himachal Pradesh(State),00828600,015118,N,,,,
198,16043,Balindi (144),बलिण्डी (144),Bagshad(Sub-District) / Mandi(District) / Himachal Pradesh(State),00921100,016043,N,,,,
199,14531,Baloh (62),बलोह (62),Mandi(Sub-District) / Mandi(District) / Himachal Pradesh(State),00769900,014531,N,,,,
200,16315,Balout Sarandi (571),बलौट सराण्डी (571),Karsog(Sub-District) / Mandi(District) / Himachal Pradesh(State),00948300,016315,N,,,,
201,14621,Balt (182),बाल्ट (182),Balh(Sub-District) / Mandi(District) / Himachal Pradesh(State),00778900,014621,N,,,,
202,13590,Balyali (37),बलयाली (37),Sandhol(Sub-District) / Mandi(District) / Himachal Pradesh(State),00675800,013590,N,,,,
203,15139,Balyandha (488),बल्यांढा (488),Thunag(Sub-District) / Mandi(District) / Himachal Pradesh(State),00830700,015139,N,,,,
204,14412,Bambola (414),बम्बोला (414),Katoula(Sub-District) / Mandi(District) / Himachal Pradesh(State),00758000,014412,N,,,,
205,13370,Banah (288),बनाह (288),Jogindarnagar(Sub-District) / Mandi(District) / Himachal Pradesh(State),00653800,013370,N,,,,
206,13706,Banal (131),बनाल (131),Dharmpur(Sub-District) / Mandi(District) / Himachal Pradesh(State),00687400,013706,N,,,,
207,13898,Banali (255),बनाली (255),Sarkaghat(Sub-District) / Mandi(District) / Himachal Pradesh(State),00706600,013898,N,,,,
208,15482,Banalijaan (213),बनालीजान (213),Chachyot(Sub-District) / Mandi(District) / Himachal Pradesh(State),00865000,015482,N,,,,
209,13490,Banandar (102),बनांदर (102),Lad Bharol(Sub-District) / Mandi(District) / Himachal Pradesh(State),00665800,013490,N,,,,
210,13358,Banaru Abbal (296),बनारु अब्बल (296),Jogindarnagar(Sub-District) / Mandi(District) / Himachal Pradesh(State),00652600,013358,N,,,,
211,13359,Banaru Dom (295),बनारु दोम (295),Jogindarnagar(Sub-District) / Mandi(District) / Himachal Pradesh(State),00652700,013359,N,,,,
212,14466,Banaul (435),बनौल (435),Mandi(Sub-District) / Mandi(District) / Himachal Pradesh(State),00763400,014466,N,,,,
213,14578,Banaun (143),बनौण (143),Rewalsar(Sub-District) / Mandi(District) / Himachal Pradesh(State),00774600,014578,N,,,,
214,13348,Banaun (238),बनौण (238),Makridi(Sub-District) / Mandi(District) / Himachal Pradesh(State),00651600,013348,N,,,,
215,14599,Banaun Kothi (171),बनौण कोठी (171),Rewalsar(Sub-District) / Mandi(District) / Himachal Pradesh(State),00776700,014599,N,,,,
216,13827,Bandal (190),बांदल (190),Tihra(Sub-District) / Mandi(District) / Himachal Pradesh(State),00699500,013827,N,,,,
217,14875,Bandal (445),बान्दल(445),Aut(Sub-District) / Mandi(District) / Himachal Pradesh(State),00804300,014875,N,,,,
218,13829,Bandal Brahman (191),बांदल ब्राह्मण (191),Tihra(Sub-District) / Mandi(District) / Himachal Pradesh(State),00699700,013829,N,,,,
219,15696,Bandla (290),बन्दला (290),Nihri(Sub-District) / Mandi(District) / Himachal Pradesh(State),00886400,015696,N,,,,
220,15625,Bandli (269),बन्दली (269),Nihri(Sub-District) / Mandi(District) / Himachal Pradesh(State),00879300,015625,N,,,,
221,14000,Bandropa (326),बन्दरोपा (326),Bhadrota(Sub-District) / Mandi(District) / Himachal Pradesh(State),00712600,014000,N,,,,
222,13719,Banerdi (121),बनेरडी (121),Mandap(Sub-District) / Mandi(District) / Himachal Pradesh(State),00688700,013719,N,,,,
223,15091,Banesh (126),बनैश (126),Thunag(Sub-District) / Mandi(District) / Himachal Pradesh(State),00825900,015091,N,,,,
224,13743,Banog (1),वनोग (1),Kotli(Sub-District) / Mandi(District) / Himachal Pradesh(State),00691100,013743,N,,,,
225,13653,Banog (49),वनोग (49),Dharmpur(Sub-District) / Mandi(District) / Himachal Pradesh(State),00682100,013653,N,,,,
226,13361,Banogi (294),बनोगी (294),Jogindarnagar(Sub-District) / Mandi(District) / Himachal Pradesh(State),00652900,013361,N,,,,
227,13170,Banogi (597),बनोगी  (597),Padhar(Sub-District) / Mandi(District) / Himachal Pradesh(State),00633800,013170,N,,,,
228,13549,Banoh (165),बनोह (165),Lad Bharol(Sub-District) / Mandi(District) / Himachal Pradesh(State),00671700,013549,N,,,,
229,13272,Banon (326),बनौण (326),Jogindarnagar(Sub-District) / Mandi(District) / Himachal Pradesh(State),00644000,013272,N,,,,
230,15531,Banoun (161),बनौण (161),Nihri(Sub-District) / Mandi(District) / Himachal Pradesh(State),00869900,015531,N,,,,
231,15688,Banthal (38),बन्थल (38),Nihri(Sub-District) / Mandi(District) / Himachal Pradesh(State),00885600,015688,N,,,,
232,15520,Banwali (191),बनवाली (191),Nihri(Sub-District) / Mandi(District) / Himachal Pradesh(State),00868800,015520,N,,,,
233,13351,Banwar (250),बनवार (250),Makridi(Sub-District) / Mandi(District) / Himachal Pradesh(State),00651900,013351,N,,,,
234,13672,Banwar Kalan (96),बनवार कलां  (96),Dharmpur(Sub-District) / Mandi(District) / Himachal Pradesh(State),00684000,013672,N,,,,
235,15147,Banyad (487),बन्याड (487),Thunag(Sub-District) / Mandi(District) / Himachal Pradesh(State),00831500,015147,N,,,,
236,13878,Banyorka (209),बन्योरका (209),Sarkaghat(Sub-District) / Mandi(District) / Himachal Pradesh(State),00704600,013878,N,,,,
237,15339,Bara (14),बाडा (14),Chachyot(Sub-District) / Mandi(District) / Himachal Pradesh(State),00850700,015339,N,,,,
238,15656,Bara (18),बाड़ा (18),Nihri(Sub-District) / Mandi(District) / Himachal Pradesh(State),00882400,015656,N,,,,
239,14416,Bara (422),बाड़ा (422),Katoula(Sub-District) / Mandi(District) / Himachal Pradesh(State),00758400,014416,N,,,,
240,15271,Bara (425),बाड़ा (425),Chhatri(Sub-District) / Mandi(District) / Himachal Pradesh(State),00843900,015271,N,,,,
241,13169,Baragaon (598),बडागांव (598),Padhar(Sub-District) / Mandi(District) / Himachal Pradesh(State),00633700,013169,N,,,,
242,16003,Baraikar (132),बरैकड (132),Bagshad(Sub-District) / Mandi(District) / Himachal Pradesh(State),00917100,016003,N,,,,
243,15144,Barakwali (484),बरकवाली (484),Thunag(Sub-District) / Mandi(District) / Himachal Pradesh(State),00831200,015144,N,,,,
244,13726,Baral (134),बारल  (134),Mandap(Sub-District) / Mandi(District) / Himachal Pradesh(State),00689400,013726,N,,,,
245,16149,Baral (418),बरल (418),Karsog(Sub-District) / Mandi(District) / Himachal Pradesh(State),00931700,016149,N,,,,
246,14266,Baral (55),बारल (55),Dehar(Sub-District) / Mandi(District) / Himachal Pradesh(State),00743400,014266,N,,,,
247,13481,Barali (111),बराली (111),Lad Bharol(Sub-District) / Mandi(District) / Himachal Pradesh(State),00664900,013481,N,,,,
248,13553,Bara Thana (173),बड़ा ठाणा (173),Lad Bharol(Sub-District) / Mandi(District) / Himachal Pradesh(State),00672100,013553,N,,,,
249,13932,Barchhwar (284),बरच्छवाड़ (284),Sarkaghat(Sub-District) / Mandi(District) / Himachal Pradesh(State),00710000,013932,N,,,,
250,13674,Bardana (94),बरडाणा (94),Dharmpur(Sub-District) / Mandi(District) / Himachal Pradesh(State),00684200,013674,N,,,,
251,13031,Bardhan (422),बरधाण (422),Tikken(Sub-District) / Mandi(District) / Himachal Pradesh(State),00619900,013031,N,,,,
252,939607,Bari (26-9),बाड़ी(26/9),Sundarnagar(Sub-District) / Mandi(District) / Himachal Pradesh(State),,000000,N,,,,
253,14505,Bari (48),बाड़ी (48),Mandi(Sub-District) / Mandi(District) / Himachal Pradesh(State),00767300,014505,N,,,,
254,14196,Bari (561),बाड़ी (561),Baldwara(Sub-District) / Mandi(District) / Himachal Pradesh(State),00736400,014196,N,,,,
255,15508,Baricharand (236),बडीचढांद (236),Chachyot(Sub-District) / Mandi(District) / Himachal Pradesh(State),00867600,015508,N,,,,
256,942822,Barikhmani,बृखमणी (273),Balh(Sub-District) / Mandi(District) / Himachal Pradesh(State),,000000,N,,,,
257,14179,Barin (491),बारीं (491),Baldwara(Sub-District) / Mandi(District) / Himachal Pradesh(State),00734700,014179,N,,,,
258,15427,Barjoharu (153),बरजोहडू (153),Chachyot(Sub-District) / Mandi(District) / Himachal Pradesh(State),00859500,015427,N,,,,
259,14440,Barnala (607),बरनाला (607),Mandi(Sub-District) / Mandi(District) / Himachal Pradesh(State),00760800,014440,N,,,,
260,14376,Barnog (145),बरनोग(145),Sundarnagar(Sub-District) / Mandi(District) / Himachal Pradesh(State),00754400,014376,N,,,,
261,14687,Barnog (255),बरनोग (255),Balh(Sub-District) / Mandi(District) / Himachal Pradesh(State),00785500,014687,N,,,,
262,15735,Barnog (305),बरनोग (305),Nihri(Sub-District) / Mandi(District) / Himachal Pradesh(State),00890300,015735,N,,,,
263,15785,Barnog (324),बरनोग (324),Pangna(Sub-District) / Mandi(District) / Himachal Pradesh(State),00895300,015785,N,,,,
264,13759,Barnota (15),बरनोटा (15),Kotli(Sub-District) / Mandi(District) / Himachal Pradesh(State),00692700,013759,N,,,,
265,13841,Barnota Abbal (206),बरनोटा अबल (206),Sarkaghat(Sub-District) / Mandi(District) / Himachal Pradesh(State),00700900,013841,N,,,,
266,13842,Barnota Dom (205),बरनोटा दोम (205),Sarkaghat(Sub-District) / Mandi(District) / Himachal Pradesh(State),00701000,013842,N,,,,
267,16009,Barod (130),बरोड (130),Bagshad(Sub-District) / Mandi(District) / Himachal Pradesh(State),00917700,016009,N,,,,
268,14477,Barogla(616),बरोगला (616),Mandi(Sub-District) / Mandi(District) / Himachal Pradesh(State),00764500,014477,N,eSignGOFile662648_19_02_2025_17_29_30.pdf,,,
269,13747,Baroha (6),बड़ोहा (6),Kotli(Sub-District) / Mandi(District) / Himachal Pradesh(State),00691500,013747,N,,,,
270,13205,Barohi (527),बरोही (527),Padhar(Sub-District) / Mandi(District) / Himachal Pradesh(State),00637300,013205,N,,,,
271,12992,Barot (410),बरोट (410),Tikken(Sub-District) / Mandi(District) / Himachal Pradesh(State),00616000,012992,N,,,,
272,14111,Barot (482),बरोट (482),Baldwara(Sub-District) / Mandi(District) / Himachal Pradesh(State),00727900,014111,N,,,,
273,14281,Baroti (70),बडोटी (70),Dehar(Sub-District) / Mandi(District) / Himachal Pradesh(State),00744900,014281,N,,,,
274,15201,Barsoa (346),बरसोआ (346),Thunag(Sub-District) / Mandi(District) / Himachal Pradesh(State),00836900,015201,N,,,,
275,14584,Barswan (147),बरस्वाण (147),Rewalsar(Sub-District) / Mandi(District) / Himachal Pradesh(State),00775200,014584,N,,,,
276,14252,Barto (89),बरतो (89),Sundarnagar(Sub-District) / Mandi(District) / Himachal Pradesh(State),00742000,014252,N,,,,
277,16087,Baru Kufri (313),बाड़ू कुफरी (313),Karsog(Sub-District) / Mandi(District) / Himachal Pradesh(State),00925500,016087,N,,,,
278,15242,Baryogi (413),ब्रयोगी (413),Chhatri(Sub-District) / Mandi(District) / Himachal Pradesh(State),00841000,015242,N,,,,
279,14900,Basahan (594),बसान (594),Bali Chowki(Sub-District) / Mandi(District) / Himachal Pradesh(State),00806800,014900,N,,,,
280,13319,Basahi (234),बसाही (234),Makridi(Sub-District) / Mandi(District) / Himachal Pradesh(State),00648700,013319,N,,,,
281,15570,Basahu (229),बसाहू (229),Dehar(Sub-District) / Mandi(District) / Himachal Pradesh(State),00873800,015570,N,,,,
282,13464,Basalan (97),बसालन (97),Lad Bharol(Sub-District) / Mandi(District) / Himachal Pradesh(State),00663200,013464,N,,,,
283,13905,Basantpur (261),बसन्तपुर (261),Sarkaghat(Sub-District) / Mandi(District) / Himachal Pradesh(State),00707300,013905,N,,,,
284,13366,Basehar (293),बसेहड़ (293),Jogindarnagar(Sub-District) / Mandi(District) / Himachal Pradesh(State),00653400,013366,N,,,,
285,13148,Basehar (535),बसेहड़ (535),Padhar(Sub-District) / Mandi(District) / Himachal Pradesh(State),00631600,013148,N,,,,
286,15834,Bashlandi (401),बशलाण्डी (401),Karsog(Sub-District) / Mandi(District) / Himachal Pradesh(State),00900200,015834,N,,,,
287,15405,Bassa (60),बासा (60),Chachyot(Sub-District) / Mandi(District) / Himachal Pradesh(State),00857300,015405,N,,,,
288,14481,Bassa(617),बासा (617),Mandi(Sub-District) / Mandi(District) / Himachal Pradesh(State),00764900,014481,N,eSignGOFile662648_19_02_2025_17_28_49.pdf,,,
289,13950,Bastla Ghayana (370),बस्तला घ्याणा (370),Sarkaghat(Sub-District) / Mandi(District) / Himachal Pradesh(State),00715800,013950,N,,,,
290,14996,Basunghi (613),वशुन्घी (613),Bali Chowki(Sub-District) / Mandi(District) / Himachal Pradesh(State),00816400,014996,N,,,,
291,14967,Basut (579),बसूट (579),Thachi(Sub-District) / Mandi(District) / Himachal Pradesh(State),00813500,014967,N,,,,
292,14110,Baswatar (481),वस्वातर (481),Baldwara(Sub-District) / Mandi(District) / Himachal Pradesh(State),00727800,014110,N,,,,
293,14883,Bata (457),बाता (457),Aut(Sub-District) / Mandi(District) / Himachal Pradesh(State),00805100,014883,N,,,,
294,16111,Batahali (346),बताहली (346),Bagshad(Sub-District) / Mandi(District) / Himachal Pradesh(State),00927900,016111,N,,,,
295,14554,Batahan (92),बटाहण (92),Rewalsar(Sub-District) / Mandi(District) / Himachal Pradesh(State),00772200,014554,N,,,,
296,15646,Batahar (7),बटहड़ (7),Nihri(Sub-District) / Mandi(District) / Himachal Pradesh(State),00881400,015646,N,,,,
297,13784,Batahar (84),बटाहर (84),Kotli(Sub-District) / Mandi(District) / Himachal Pradesh(State),00695200,013784,N,,,,
298,15484,Batahdhar (212),बटाह धार (212),Chachyot(Sub-District) / Mandi(District) / Himachal Pradesh(State),00865200,015484,N,,,,
299,14119,Batahi (414),बताही (414),Dhalwan(Sub-District) / Mandi(District) / Himachal Pradesh(State),00728700,014119,N,,,,
300,14092,Batail (469),बतैल (469),Baldwara(Sub-District) / Mandi(District) / Himachal Pradesh(State),00726000,014092,N,,,,
301,15810,Batala Bahal (472),बताला बहल (472),Karsog(Sub-District) / Mandi(District) / Himachal Pradesh(State),00897800,015810,N,,,,
302,15363,Batand (84),बटान्द (84),Chachyot(Sub-District) / Mandi(District) / Himachal Pradesh(State),00853100,015363,N,,,,
303,13371,Bata Ri Bihun (289),बाता री बिहूं (289),Jogindarnagar(Sub-District) / Mandi(District) / Himachal Pradesh(State),00653900,013371,N,,,,
304,15356,Bataser (111),बातासेर (111),Chachyot(Sub-District) / Mandi(District) / Himachal Pradesh(State),00852400,015356,N,,,,
305,13793,Bataur (70),बतौर (70),Kotli(Sub-District) / Mandi(District) / Himachal Pradesh(State),00696100,013793,N,,,,
306,13357,Batdhar (297),बटधार (297),Jogindarnagar(Sub-District) / Mandi(District) / Himachal Pradesh(State),00652500,013357,N,,,,
307,13790,Batehar (69),बटेहड़ (69),Kotli(Sub-District) / Mandi(District) / Himachal Pradesh(State),00695800,013790,N,,,,
308,15852,Bathar (215),बथार (215),Pangna(Sub-District) / Mandi(District) / Himachal Pradesh(State),00902000,015852,N,,,,
309,15823,Bathar (480,बथार (480),Karsog(Sub-District) / Mandi(District) / Himachal Pradesh(State),00899100,015823,N,,,,
310,13178,Batheri (514),बथेरी (514),Katoula(Sub-District) / Mandi(District) / Himachal Pradesh(State),00634600,013178,N,,,,
311,13362,Batnahar (299),बतनाहर (299),Jogindarnagar(Sub-District) / Mandi(District) / Himachal Pradesh(State),00653000,013362,N,,,,
312,16234,Batohan (508),बटौहण (508),Karsog(Sub-District) / Mandi(District) / Himachal Pradesh(State),00940200,016234,N,,,,
313,15612,Batol (284),बतोल (284),Nihri(Sub-District) / Mandi(District) / Himachal Pradesh(State),00878000,015612,N,,,,
314,15325,Batoli (18),बटोली (18),Chachyot(Sub-District) / Mandi(District) / Himachal Pradesh(State),00849300,015325,N,,,,
315,14300,Batwara (245),बटवाडा (245),Dehar(Sub-District) / Mandi(District) / Himachal Pradesh(State),00746800,014300,N,,,,
316,16112,Bauh (331),बोह (331),Karsog(Sub-District) / Mandi(District) / Himachal Pradesh(State),00928000,016112,N,,,,
317,15342,Baundhari (78),बौन्धरी (78),Chachyot(Sub-District) / Mandi(District) / Himachal Pradesh(State),00851000,015342,N,,,,
318,13126,Bebla (561),बेवला (561),Padhar(Sub-District) / Mandi(District) / Himachal Pradesh(State),00629400,013126,N,,,,
319,15761,Begli Dhar (329),बेगलीधार (329),Pangna(Sub-District) / Mandi(District) / Himachal Pradesh(State),00892900,015761,N,,,,
320,16271,Bego (537),बेगो (537),Karsog(Sub-District) / Mandi(District) / Himachal Pradesh(State),00943900,016271,N,,,,
321,16039,Behal (160),बहल (160,Bagshad(Sub-District) / Mandi(District) / Himachal Pradesh(State),00920700,016039,N,,,,
322,13906,Behal (262),बैहल (262),Sarkaghat(Sub-District) / Mandi(District) / Himachal Pradesh(State),00707400,013906,N,,,,
323,14218,Behal (573),बैहल (573),Baldwara(Sub-District) / Mandi(District) / Himachal Pradesh(State),00738600,014218,N,,,,
324,13965,Behanji (384),बैहन्जी (384),Sarkaghat(Sub-District) / Mandi(District) / Himachal Pradesh(State),00717300,013965,N,,,,
325,939621,Behar (281),बैहड़ (281),Sarkaghat(Sub-District) / Mandi(District) / Himachal Pradesh(State),,000000,N,,,,
326,14641,Behl (118),बैहल (118),Balh(Sub-District) / Mandi(District) / Himachal Pradesh(State),00780900,014641,N,,,,
327,14750,Behna (210),बैहना (210),Balh(Sub-District) / Mandi(District) / Himachal Pradesh(State),00791800,014750,N,,,,
328,13960,Behna (380),बैहना (380),Sarkaghat(Sub-District) / Mandi(District) / Himachal Pradesh(State),00716800,013960,N,,,,
329,14268,Behna (57),बैहना (57),Dehar(Sub-District) / Mandi(District) / Himachal Pradesh(State),00743600,014268,N,,,,
330,15057,Bekar (527),बेकर (527),Bagachnogi(Sub-District) / Mandi(District) / Himachal Pradesh(State),00822500,015057,N,,,,
331,15964,Belar (79),बेलर (79),Bagshad(Sub-District) / Mandi(District) / Himachal Pradesh(State),00913200,015964,N,,,,
332,13289,Bella (275),बैला (275),Makridi(Sub-District) / Mandi(District) / Himachal Pradesh(State),00645700,013289,N,,,,
333,16176,Belu Dhank (317),बेलू ढांक (317),Karsog(Sub-District) / Mandi(District) / Himachal Pradesh(State),00934400,016176,N,,,,
334,16174,Belu Dhar (318),बेलूधार (318),Karsog(Sub-District) / Mandi(District) / Himachal Pradesh(State),00934200,016174,N,,,,
335,13994,Beri (150),बैरी (150),Mandap(Sub-District) / Mandi(District) / Himachal Pradesh(State),00712000,013994,N,,,,
336,13571,Beru (199),वैरु (199),Lad Bharol(Sub-District) / Mandi(District) / Himachal Pradesh(State),00673900,013571,N,,,,
337,14001,Beru (327),बैरु (327),Bhadrota(Sub-District) / Mandi(District) / Himachal Pradesh(State),00712700,014001,N,,,,
338,15782,Beshani Jaan (339),बेसनीजान (339),Pangna(Sub-District) / Mandi(District) / Himachal Pradesh(State),00895000,015782,N,,,,
339,16021,Besta (265),बैस्टा (265),Bagshad(Sub-District) / Mandi(District) / Himachal Pradesh(State),00918900,016021,N,,,,
340,15305,Bethawan (722),बेठवां (722),Chhatri(Sub-District) / Mandi(District) / Himachal Pradesh(State),00847300,015305,N,,,,
341,14703,Bhadahan (266),भढाहण (266),Balh(Sub-District) / Mandi(District) / Himachal Pradesh(State),00787100,014703,N,,,,
342,14167,Bhadarwani (536),भदरोल (536),Baldwara(Sub-District) / Mandi(District) / Himachal Pradesh(State),00733500,014167,N,,,,
343,13627,Bhadehr (19),भदेहड़ (19),Sandhol(Sub-District) / Mandi(District) / Himachal Pradesh(State),00679500,013627,N,,,,
344,13808,Bhader (179),भदेरह (179),Tihra(Sub-District) / Mandi(District) / Himachal Pradesh(State),00697600,013808,N,,,,
345,14025,Bhaderwar (351),भद्रवाड (351),Bhadrota(Sub-District) / Mandi(District) / Himachal Pradesh(State),00715100,014025,N,,,,
346,13641,Bhadrana (61),भदराणा (61),Sandhol(Sub-District) / Mandi(District) / Himachal Pradesh(State),00680900,013641,N,,,,
347,13608,Bhadranoo (31),भदराणू (31),Sandhol(Sub-District) / Mandi(District) / Himachal Pradesh(State),00677600,013608,N,,,,
348,14357,Bhadrohlu (133),भदरोलू (133),Sundarnagar(Sub-District) / Mandi(District) / Himachal Pradesh(State),00752500,014357,N,,,,
349,14059,Bhadroi (401),भदरोई (401),Bhadrota(Sub-District) / Mandi(District) / Himachal Pradesh(State),00721000,014059,N,,,,
350,14105,Bhadrol (485),भदरवाणी (485),Baldwara(Sub-District) / Mandi(District) / Himachal Pradesh(State),00727300,014105,N,,,,
351,13695,Bhadu (165),भडडू (165),Tihra(Sub-District) / Mandi(District) / Himachal Pradesh(State),00686300,013695,N,,,,
352,13109,Bhadwahan (544),भडवाहण (544),Padhar(Sub-District) / Mandi(District) / Himachal Pradesh(State),00627700,013109,N,,,,
353,14752,Bhadyal (211),भड़याल (211),Balh(Sub-District) / Mandi(District) / Himachal Pradesh(State),00792000,014752,N,,,,
354,13727,Bhadyar (146),भडयार (146),Mandap(Sub-District) / Mandi(District) / Himachal Pradesh(State),00689500,013727,N,,,,
355,13507,Bhagair (126),भगेहड़ (126),Lad Bharol(Sub-District) / Mandi(District) / Himachal Pradesh(State),00667500,013507,N,,,,
356,13573,Bhagair (212),वघैर (212),Lad Bharol(Sub-District) / Mandi(District) / Himachal Pradesh(State),00674100,013573,N,,,,
357,13225,Bhagehar (69),भगेहड़ (69),Jogindarnagar(Sub-District) / Mandi(District) / Himachal Pradesh(State),00639300,013225,N,,,,
358,14372,Bhagiyar (141),भगयार (141),Sundarnagar(Sub-District) / Mandi(District) / Himachal Pradesh(State),00754000,014372,N,,,,
359,939601,Bhagwahan (366/4),भगवाहण (366/4),Mandi(Sub-District) / Mandi(District) / Himachal Pradesh(State),,000000,N,,,,
360,14181,Bhagwahan (554),भगवाण (554),Baldwara(Sub-District) / Mandi(District) / Himachal Pradesh(State),00734900,014181,N,,,,
361,13451,Bhaila (36),भैला (36),Lad Bharol(Sub-District) / Mandi(District) / Himachal Pradesh(State),00661900,013451,N,,,,
362,13964,Bhairoh (385),भैरो (385),Sarkaghat(Sub-District) / Mandi(District) / Himachal Pradesh(State),00717200,013964,N,,,,
363,15260,Bhajaihani (387),भजैहणी (387),Chhatri(Sub-District) / Mandi(District) / Himachal Pradesh(State),00842800,015260,N,,,,
364,13356,Bhajera (247),भजेरा (247),Makridi(Sub-District) / Mandi(District) / Himachal Pradesh(State),00652400,013356,N,,,,
365,13248,Bhajrala (2),भजराला (2),Jogindarnagar(Sub-District) / Mandi(District) / Himachal Pradesh(State),00641600,013248,N,,,,
366,15651,Bhakha (13),भाखा (13),Nihri(Sub-District) / Mandi(District) / Himachal Pradesh(State),00881900,015651,N,,,,
367,15609,Bhalaan (290),भलाण (290),Nihri(Sub-District) / Mandi(District) / Himachal Pradesh(State),00877700,015609,N,,,,
368,14370,Bhalana (124),भलाणा (124),Sundarnagar(Sub-District) / Mandi(District) / Himachal Pradesh(State),00753800,014370,N,,,,
369,14495,Bhalana (379),भलाणा (379),Mandi(Sub-District) / Mandi(District) / Himachal Pradesh(State),00766300,014495,N,,,,
370,13478,Bhalara (109),भलारा (109),Lad Bharol(Sub-District) / Mandi(District) / Himachal Pradesh(State),00664600,013478,N,,,,
371,14509,Bhaled (44),भलेड (44),Mandi(Sub-District) / Mandi(District) / Himachal Pradesh(State),00767700,014509,N,,,,
372,13391,Bhalendra (345),भलैन्दरा (345),Jogindarnagar(Sub-District) / Mandi(District) / Himachal Pradesh(State),00655900,013391,N,,,,
373,13909,Bhalwan (258),भलवाण (258),Sarkaghat(Sub-District) / Mandi(District) / Himachal Pradesh(State),00707700,013909,N,,,,
374,14630,Bhalwani (195),भलवाणी (195),Balh(Sub-District) / Mandi(District) / Himachal Pradesh(State),00779800,014630,N,,,,
375,15179,Bhalwar (446),भलवाड (446),Thunag(Sub-District) / Mandi(District) / Himachal Pradesh(State),00834700,015179,N,,,,
376,13943,Bhalyana (295),भल्याणा (295),Sarkaghat(Sub-District) / Mandi(District) / Himachal Pradesh(State),00711100,013943,N,,,,
377,15843,Bhalyar (386),भल्यार (386),Karsog(Sub-District) / Mandi(District) / Himachal Pradesh(State),00901100,015843,N,,,,
378,14055,Bhalyara (403),भल्यारा (403),Bhadrota(Sub-District) / Mandi(District) / Himachal Pradesh(State),00720600,014055,N,,,,
379,16189,Bhamala (521),भमाला (521),Karsog(Sub-District) / Mandi(District) / Himachal Pradesh(State),00935700,016189,N,,,,
380,15246,Bhamar (398),भमार (398),Chhatri(Sub-District) / Mandi(District) / Himachal Pradesh(State),00841400,015246,N,,,,
381,13029,Bhamchwan (431),भमच्याण (431),Tikken(Sub-District) / Mandi(District) / Himachal Pradesh(State),00619700,013029,N,,,,
382,14083,Bhamla (463),भाम्बला (463),Baldwara(Sub-District) / Mandi(District) / Himachal Pradesh(State),00725100,014083,N,,,,
383,16113,Bhamrara (293),भमराड़ा (293),Karsog(Sub-District) / Mandi(District) / Himachal Pradesh(State),00928100,016113,N,,,,
384,15855,Bhanach (217),भनाच (217),Pangna(Sub-District) / Mandi(District) / Himachal Pradesh(State),00902300,015855,N,,,,
385,16147,Bhandarnu (473),भण्डारणू (473),Karsog(Sub-District) / Mandi(District) / Himachal Pradesh(State),00931500,016147,N,,,,
386,16240,Bhanera (462),भनेरा (462),Karsog(Sub-District) / Mandi(District) / Himachal Pradesh(State),00940800,016240,N,,,,
387,14237,Bhanglehra (36),भंगलेहड़ा(36),Sundarnagar(Sub-District) / Mandi(District) / Himachal Pradesh(State),00740500,014237,N,,,,
388,14659,Bhangrotu (221),भंगरोटू (121),Balh(Sub-District) / Mandi(District) / Himachal Pradesh(State),00782700,014659,N,,,,
389,13252,Bhankher (13),भन्खेहड़ (13),Jogindarnagar(Sub-District) / Mandi(District) / Himachal Pradesh(State),00642000,013252,N,,,,
390,16089,Bhanog (285),भनोग (285),Karsog(Sub-District) / Mandi(District) / Himachal Pradesh(State),00925700,016089,N,,,,
391,15890,Bhanol (225),भनोल (225),Bagshad(Sub-District) / Mandi(District) / Himachal Pradesh(State),00905800,015890,N,,,,
392,15971,Bhanol (72),भनोल (72),Bagshad(Sub-District) / Mandi(District) / Himachal Pradesh(State),00913900,015971,N,,,,
393,15967,Bhanoti (74),बनोटी (74),Bagshad(Sub-District) / Mandi(District) / Himachal Pradesh(State),00913500,015967,N,,,,
394,15820,Bhanthal (479),भन्थल (479),Karsog(Sub-District) / Mandi(District) / Himachal Pradesh(State),00898800,015820,N,,,,
395,14282,Bhantrehar (74),भन्तरेहड (74),Dehar(Sub-District) / Mandi(District) / Himachal Pradesh(State),00745000,014282,N,,,,
396,14845,Bhanuthi (482),भनूठी (482),Aut(Sub-District) / Mandi(District) / Himachal Pradesh(State),00801300,014845,N,,,,
397,14479,Bhanwad(622),भनवाड़ (622),Mandi(Sub-District) / Mandi(District) / Himachal Pradesh(State),00764700,014479,N,eSignGOFile662648_19_02_2025_17_28_19.pdf,,,
398,14050,Bhanwar (392),भनवाड (392),Bhadrota(Sub-District) / Mandi(District) / Himachal Pradesh(State),00720100,014050,N,,,,
399,14313,Bhanwar (99),भनवाड़ (99),Sundarnagar(Sub-District) / Mandi(District) / Himachal Pradesh(State),00748100,014313,N,,,,
400,14953,Bhanwas (637),भनवाश (637),Thachi(Sub-District) / Mandi(District) / Himachal Pradesh(State),00812100,014953,N,,,,
401,15901,Bhanyas (105),भन्यास (105),Bagshad(Sub-District) / Mandi(District) / Himachal Pradesh(State),00906900,015901,N,,,,
402,15154,Bharad (464),भ्राड़ (464),Thunag(Sub-District) / Mandi(District) / Himachal Pradesh(State),00832200,015154,N,,,,
403,13541,Bharan (150),भ्रां (150),Lad Bharol(Sub-District) / Mandi(District) / Himachal Pradesh(State),00670900,013541,N,,,,
404,15506,Bharandhi (232),भ्रांडी (232),Chachyot(Sub-District) / Mandi(District) / Himachal Pradesh(State),00867400,015506,N,,,,
405,14323,Bharari (15),भराड़ी (15),Sundarnagar(Sub-District) / Mandi(District) / Himachal Pradesh(State),00749100,014323,N,,,,
406,13387,Bhararu (279),भराडू (279),Jogindarnagar(Sub-District) / Mandi(District) / Himachal Pradesh(State),00655500,013387,N,,,,
407,13292,Bharayara Uparla (267),भडयाड़ा उपरला (267),Makridi(Sub-District) / Mandi(District) / Himachal Pradesh(State),00646000,013292,N,,,,
408,13486,Bhardaon (112),भरडौण (112),Lad Bharol(Sub-District) / Mandi(District) / Himachal Pradesh(State),00665400,013486,N,,,,
409,13766,Bhargaon (29),भरगांव (29),Kotli(Sub-District) / Mandi(District) / Himachal Pradesh(State),00693400,013766,N,,,,
410,16105,Bhargelu (301),भरगैलू (301),Karsog(Sub-District) / Mandi(District) / Himachal Pradesh(State),00927300,016105,N,,,,
411,14327,Bharjwanu (9),भरज्वाणू (9),Sundarnagar(Sub-District) / Mandi(District) / Himachal Pradesh(State),00749500,014327,N,,,,
412,13344,Bharmera (251),भरमेरा (251),Makridi(Sub-District) / Mandi(District) / Himachal Pradesh(State),00651200,013344,N,,,,
413,14099,Bharnal (429),भरनाल (429),Dhalwan(Sub-District) / Mandi(District) / Himachal Pradesh(State),00726700,014099,N,,,,
414,13491,Bharol (113),भड़ोल (114),Lad Bharol(Sub-District) / Mandi(District) / Himachal Pradesh(State),00665900,013491,N,,,,
415,13499,Bharon (80),भरौण (80),Lad Bharol(Sub-District) / Mandi(District) / Himachal Pradesh(State),00666700,013499,N,,,,
416,14762,Bharoun (337),भरौण (337),Mandi(Sub-District) / Mandi(District) / Himachal Pradesh(State),00793000,014762,N,,,,
417,13668,Bharouri (110),भरौरी (110),Dharmpur(Sub-District) / Mandi(District) / Himachal Pradesh(State),00683600,013668,N,,,,
418,15940,Bharthunna (95),भरठूना (95),Pangna(Sub-District) / Mandi(District) / Himachal Pradesh(State),00910800,015940,N,,,,
419,13075,Bharthwan (372),भरठवाण (372),Padhar(Sub-District) / Mandi(District) / Himachal Pradesh(State),00624300,013075,N,,,,
420,14044,Bharyana (357),भरयाना (357),Bhadrota(Sub-District) / Mandi(District) / Himachal Pradesh(State),00719500,014044,N,,,,
421,13227,Bharyara (67),भड़वाड़ा (67),Jogindarnagar(Sub-District) / Mandi(District) / Himachal Pradesh(State),00639500,013227,N,,,,
422,13309,Bharyara Buhla (226),भड़याड़ा बुहला (226),Makridi(Sub-District) / Mandi(District) / Himachal Pradesh(State),00647700,013309,N,,,,
423,13721,Bhataur(119),भतौर (119),Mandap(Sub-District) / Mandi(District) / Himachal Pradesh(State),00688900,013721,N,,,,
424,13237,Bhatehar (52),भटेहड (52),Jogindarnagar(Sub-District) / Mandi(District) / Himachal Pradesh(State),00640500,013237,N,,,,
425,13524,Bhatehr (131),भटेहड़ (131),Lad Bharol(Sub-District) / Mandi(District) / Himachal Pradesh(State),00669200,013524,N,,,,
426,14219,Bhatehra (574),भटेहड़ा (574),Baldwara(Sub-District) / Mandi(District) / Himachal Pradesh(State),00738700,014219,N,,,,
427,13191,Bhaterh (490),भटेहड (490),Padhar(Sub-District) / Mandi(District) / Himachal Pradesh(State),00635900,013191,N,,,,
428,14483,Bhatog (603),भटोग (603),Mandi(Sub-District) / Mandi(District) / Himachal Pradesh(State),00765100,014483,N,,,,
429,13947,Bhatoh Phakrehr (363),भटोह फकरेहड़ (363),Sarkaghat(Sub-District) / Mandi(District) / Himachal Pradesh(State),00715500,013947,N,,,,
430,13897,Bhatwan (256),भटवाण (256),Sarkaghat(Sub-District) / Mandi(District) / Himachal Pradesh(State),00706500,013897,N,,,,
431,13426,Bhatwar (347),भटवाड़ (347),Jogindarnagar(Sub-District) / Mandi(District) / Himachal Pradesh(State),00659400,013426,N,,,,
432,14521,Bhatwar (58),भटवाड़ (58),Mandi(Sub-District) / Mandi(District) / Himachal Pradesh(State),00768900,014521,N,,,,
433,13249,Bhatwara (16),भटवाड़ा (16),Jogindarnagar(Sub-District) / Mandi(District) / Himachal Pradesh(State),00641700,013249,N,,,,
434,14866,Bhatwari (461),भटवाड़ी (461),Aut(Sub-District) / Mandi(District) / Himachal Pradesh(State),00803400,014866,N,,,,
435,13123,Bhatwari (559),भटवाडी (559),Padhar(Sub-District) / Mandi(District) / Himachal Pradesh(State),00629100,013123,N,,,,
436,14220,Bhaur (4),भौर (4),Sundarnagar(Sub-District) / Mandi(District) / Himachal Pradesh(State),00738800,014220,N,,,,
437,15494,Bhaura (218),भौरा (218),Chachyot(Sub-District) / Mandi(District) / Himachal Pradesh(State),00866200,015494,N,,,,
438,13388,Bhaura (280),भौरा (280),Jogindarnagar(Sub-District) / Mandi(District) / Himachal Pradesh(State),00655600,013388,N,,,,
439,16096,Bhawa (311),भवा (311),Karsog(Sub-District) / Mandi(District) / Himachal Pradesh(State),00926400,016096,N,,,,
440,13922,Bhawani (273),भवाणी (273),Sarkaghat(Sub-District) / Mandi(District) / Himachal Pradesh(State),00709000,013922,N,,,,
441,14456,Bhawash (441),भावश (441),Mandi(Sub-District) / Mandi(District) / Himachal Pradesh(State),00762400,014456,N,,,,
442,15714,Bhayal Doghri (279),भयाल दोघरी (279),Nihri(Sub-District) / Mandi(District) / Himachal Pradesh(State),00888200,015714,N,,,,
443,14449,Bhei (427),भेई (427),Mandi(Sub-District) / Mandi(District) / Himachal Pradesh(State),00761700,014449,N,,,,
444,15170,Bhekhali (448),भेखली (448),Thunag(Sub-District) / Mandi(District) / Himachal Pradesh(State),00833800,015170,N,,,,
445,15045,Bhekhli (666),वशुन्घी (666),Bali Chowki(Sub-District) / Mandi(District) / Himachal Pradesh(State),00821300,015045,N,,,,
446,13844,Bheri (162),भेड़ी (162),Tihra(Sub-District) / Mandi(District) / Himachal Pradesh(State),00701200,013844,N,,,,
447,15727,Bhiana (314),भयाणा (314),Pangna(Sub-District) / Mandi(District) / Himachal Pradesh(State),00889500,015727,N,,,,
448,15932,Bhiana (87),भयाणा (87),Pangna(Sub-District) / Mandi(District) / Himachal Pradesh(State),00910000,015932,N,,,,
449,14677,Bhiarta (239),भयारटा (239),Balh(Sub-District) / Mandi(District) / Himachal Pradesh(State),00784500,014677,N,,,,
450,14504,Bhiuli (371),भियुली (371),Mandi(Sub-District) / Mandi(District) / Himachal Pradesh(State),00767200,014504,N,,,,
451,14728,Bhiura (284),भियूरा (284),Balh(Sub-District) / Mandi(District) / Himachal Pradesh(State),00789600,014728,N,,,,
452,15108,Bhiyand (470),भीयान्द (470),Thunag(Sub-District) / Mandi(District) / Himachal Pradesh(State),00827600,015108,N,,,,
453,939608,Bhojpur (26-6),भोजपूर (26/6),Sundarnagar(Sub-District) / Mandi(District) / Himachal Pradesh(State),,000000,N,,,,
454,13610,Bhoor (64),भूर (64),Sandhol(Sub-District) / Mandi(District) / Himachal Pradesh(State),00677800,013610,N,,,,
455,16015,Bhoura (269),भौरा (269),Bagshad(Sub-District) / Mandi(District) / Himachal Pradesh(State),00918300,016015,N,,,,
456,15773,Bhundal (322),भुण्डल (322),Pangna(Sub-District) / Mandi(District) / Himachal Pradesh(State),00894100,015773,N,,,,
457,14978,Bhurah (605),भुराह (605),Bali Chowki(Sub-District) / Mandi(District) / Himachal Pradesh(State),00814600,014978,N,,,,
458,16262,Bhurat (503),भूरठ (503),Karsog(Sub-District) / Mandi(District) / Himachal Pradesh(State),00943000,016262,N,,,,
459,15461,Bhurla (187),भूरला (187),Chachyot(Sub-District) / Mandi(District) / Himachal Pradesh(State),00862900,015461,N,,,,
460,14052,Bid (390),बीड (390),Bhadrota(Sub-District) / Mandi(District) / Himachal Pradesh(State),00720300,014052,N,,,,
461,13849,Biddi (196),बिड्डी (196),Tihra(Sub-District) / Mandi(District) / Himachal Pradesh(State),00701700,013849,N,,,,
462,16013,Bidla (267),बिन्दला (267),Bagshad(Sub-District) / Mandi(District) / Himachal Pradesh(State),00918100,016013,N,,,,
463,14448,Bihan Dhar (429),बीहणधार (429),Mandi(Sub-District) / Mandi(District) / Himachal Pradesh(State),00761600,014448,N,,,,
464,14965,Bijar (580),बिझर (580),Thachi(Sub-District) / Mandi(District) / Himachal Pradesh(State),00813300,014965,N,,,,
465,14494,Bijjan (368),बिजण (368),Mandi(Sub-District) / Mandi(District) / Himachal Pradesh(State),00766200,014494,N,,,,
466,15902,Bin (176),बीण (176),Bagshad(Sub-District) / Mandi(District) / Himachal Pradesh(State),00907000,015902,N,,,,
467,14229,Bina (29),बिणा (29),Sundarnagar(Sub-District) / Mandi(District) / Himachal Pradesh(State),00739700,014229,N,,,,
468,13617,Bindh (9),बिन्ध (9),Sandhol(Sub-District) / Mandi(District) / Himachal Pradesh(State),00678500,013617,N,,,,
469,15222,Bindudhar (376),विन्दूधार (376),Chhatri(Sub-District) / Mandi(District) / Himachal Pradesh(State),00839000,015222,N,,,,
470,13684,Binga (86),विंगा (86),Dharmpur(Sub-District) / Mandi(District) / Himachal Pradesh(State),00685200,013684,N,,,,
471,14511,Bir (50),बीर (50),Mandi(Sub-District) / Mandi(District) / Himachal Pradesh(State),00767900,014511,N,,,,
472,13528,Biru (144),बीरू (144),Lad Bharol(Sub-District) / Mandi(District) / Himachal Pradesh(State),00669600,013528,N,,,,
473,15760,Bithri (328),बिठरी (328),Pangna(Sub-District) / Mandi(District) / Himachal Pradesh(State),00892800,015760,N,,,,
474,14150,Biyuh Mantola (511),बिंहू मनोटला (511),Baldwara(Sub-District) / Mandi(District) / Himachal Pradesh(State),00731800,014150,N,,,,
475,16218,Blahani (533),बलाहणी (533),Karsog(Sub-District) / Mandi(District) / Himachal Pradesh(State),00938600,016218,N,,,,
476,16066,Bloug (270),बलौग (270),Bagshad(Sub-District) / Mandi(District) / Himachal Pradesh(State),00923400,016066,N,,,,
477,14306,Bobar (96),बोबर (96),Dehar(Sub-District) / Mandi(District) / Himachal Pradesh(State),00747400,014306,N,,,,
478,13010,Boching (416),बोचिंग (416),Tikken(Sub-District) / Mandi(District) / Himachal Pradesh(State),00617800,013010,N,,,,
479,14400,Bodan Dhar (508),बोडनधार (508),Katoula(Sub-District) / Mandi(District) / Himachal Pradesh(State),00756800,014400,N,,,,
480,14338,Bodhal (111),बौढल (111),Sundarnagar(Sub-District) / Mandi(District) / Himachal Pradesh(State),00750600,014338,N,,,,
481,13442,Bohal (20),बोहल (20),Lad Bharol(Sub-District) / Mandi(District) / Himachal Pradesh(State),00661000,013442,N,,,,
482,16050,Bohanda (164),बोहन्दा (164),Bagshad(Sub-District) / Mandi(District) / Himachal Pradesh(State),00921800,016050,N,,,,
483,14520,Bohin (61),बौहीं (61),Mandi(Sub-District) / Mandi(District) / Himachal Pradesh(State),00768800,014520,N,,,,
484,15604,Boi (285),बोई (285),Nihri(Sub-District) / Mandi(District) / Himachal Pradesh(State),00877200,015604,N,,,,
485,14878,Bonse (447),बौंस (447),Aut(Sub-District) / Mandi(District) / Himachal Pradesh(State),00804600,014878,N,,,,
486,15002,Bounchari (626),बोंछडी (626),Bali Chowki(Sub-District) / Mandi(District) / Himachal Pradesh(State),00817000,015002,N,,,,
487,15605,Bragta (286),बरागता (286),Nihri(Sub-District) / Mandi(District) / Himachal Pradesh(State),00877300,015605,N,,,,
488,14743,Brahal (203),ब्रहल (203),Balh(Sub-District) / Mandi(District) / Himachal Pradesh(State),00791100,014743,N,,,,
489,15637,Brahata (25),ब्राहटा (25),Nihri(Sub-District) / Mandi(District) / Himachal Pradesh(State),00880500,015637,N,,,,
490,13733,Brahma Falad (144),ब्रह्म्फाल्ड (144),Mandap(Sub-District) / Mandi(District) / Himachal Pradesh(State),00690100,013733,N,,,,
491,13630,Braihal (70),ब्रैहल (70),Dharmpur(Sub-District) / Mandi(District) / Himachal Pradesh(State),00679800,013630,N,,,,
492,15209,Brain (364),ब्रेन (364),Thunag(Sub-District) / Mandi(District) / Himachal Pradesh(State),00837700,015209,N,,,,
493,13728,Brang (153),ब्रांग (153),Mandap(Sub-District) / Mandi(District) / Himachal Pradesh(State),00689600,013728,N,,,,
494,13941,Brarta (298),ब्राड़ता (298),Sarkaghat(Sub-District) / Mandi(District) / Himachal Pradesh(State),00710900,013941,N,,,,
495,13304,Brehli (268),ब्रैहली (268),Makridi(Sub-District) / Mandi(District) / Himachal Pradesh(State),00647200,013304,N,,,,
496,13067,Buhlang (469),बुहलंग (469),Tikken(Sub-District) / Mandi(District) / Himachal Pradesh(State),00623500,013067,N,,,,
497,15491,Bukhraas (205),बुखरास (205),Chachyot(Sub-District) / Mandi(District) / Himachal Pradesh(State),00865900,015491,N,,,,
498,15183,Bung (433),बूंग (433),Thunag(Sub-District) / Mandi(District) / Himachal Pradesh(State),00835100,015183,N,,,,
499,14952,Bung (639),बुंग (639),Thachi(Sub-District) / Mandi(District) / Himachal Pradesh(State),00812000,014952,N,,,,
500,15021,Bung (670),बुंग (670),Bali Chowki(Sub-District) / Mandi(District) / Himachal Pradesh(State),00818900,015021,N,,,,
501,14429,Bunga (387),बुंगा (387),Katoula(Sub-District) / Mandi(District) / Himachal Pradesh(State),00759700,014429,N,,,,
502,13219,Bunla Marhola (56),बुनला मरहोला (56),Jogindarnagar(Sub-District) / Mandi(District) / Himachal Pradesh(State),00638700,013219,N,,,,
503,14597,Burahali (168),बुराहली (168),Rewalsar(Sub-District) / Mandi(District) / Himachal Pradesh(State),00776500,014597,N,,,,
504,15350,Burahta (37),बुराहटा (37),Chachyot(Sub-District) / Mandi(District) / Himachal Pradesh(State),00851800,015350,N,,,,
505,14631,Bushaihr (194),बुशैहर (194),Balh(Sub-District) / Mandi(District) / Himachal Pradesh(State),00779900,014631,N,,,,
506,13854,Chabehar (244),छबेहड़ (244),Tihra(Sub-District) / Mandi(District) / Himachal Pradesh(State),00702200,013854,N,,,,
507,15429,Chachyot (54),चच्योट (54),Chachyot(Sub-District) / Mandi(District) / Himachal Pradesh(State),00859700,015429,N,,,,
508,14760,Chadyana (343),चडयाणा (343),Mandi(Sub-District) / Mandi(District) / Himachal Pradesh(State),00792800,014760,N,,,,
509,14749,Chadyara (346),चडयारा (346),Mandi(Sub-District) / Mandi(District) / Himachal Pradesh(State),00791700,014749,N,,,,
510,13731,Chah (145),चह (145),Mandap(Sub-District) / Mandi(District) / Himachal Pradesh(State),00689900,013731,N,,,,
511,14787,Chahabda (311),चहाबड़ा (311),Mandi(Sub-District) / Mandi(District) / Himachal Pradesh(State),00795500,014787,N,,,,
512,14566,Chahri (132),चहडी (132),Rewalsar(Sub-District) / Mandi(District) / Himachal Pradesh(State),00773400,014566,N,,,,
513,14273,Chahri (87),चहडी (87),Dehar(Sub-District) / Mandi(District) / Himachal Pradesh(State),00744100,014273,N,,,,
514,13616,Chail (26),चेल (26),Sandhol(Sub-District) / Mandi(District) / Himachal Pradesh(State),00678400,013616,N,,,,
515,15411,Chail (51),चैल (51),Chachyot(Sub-District) / Mandi(District) / Himachal Pradesh(State),00857900,015411,N,,,,
516,13637,Chakdoh (73),चकडोह (73),Sandhol(Sub-District) / Mandi(District) / Himachal Pradesh(State),00680500,013637,N,,,,
517,13579,Chakrahan (159),चकराहण (159),Lad Bharol(Sub-District) / Mandi(District) / Himachal Pradesh(State),00674700,013579,N,,,,
518,13561,Chakror (158),चकरोड (158),Lad Bharol(Sub-District) / Mandi(District) / Himachal Pradesh(State),00672900,013561,N,,,,
519,15909,Chakru (238),चाकरू (238),Bagshad(Sub-District) / Mandi(District) / Himachal Pradesh(State),00907700,015909,N,,,,
520,13666,Chakyana (112),चकयाणा (112),Dharmpur(Sub-District) / Mandi(District) / Himachal Pradesh(State),00683400,013666,N,,,,
521,14746,Chalah (207),चलाह (207),Balh(Sub-District) / Mandi(District) / Himachal Pradesh(State),00791400,014746,N,,,,
522,13648,Chalaila (51),चलैला (51),Dharmpur(Sub-District) / Mandi(District) / Himachal Pradesh(State),00681600,013648,N,,,,
523,16239,Chalaog(499),चलौग(499),Karsog(Sub-District) / Mandi(District) / Himachal Pradesh(State),00940700,016239,N,eSignGOFile662648_19_02_2025_16_21_07.pdf,,,
524,16251,Chalaru (421),चलारू (421),Karsog(Sub-District) / Mandi(District) / Himachal Pradesh(State),00941900,016251,N,,,,
525,13279,Chalharg (98),चलहारग (98),Jogindarnagar(Sub-District) / Mandi(District) / Himachal Pradesh(State),00644700,013279,N,,,,
526,14031,Chalhog (354),चल्होग (354),Bhadrota(Sub-District) / Mandi(District) / Himachal Pradesh(State),00718200,014031,N,,,,
527,15603,Chalog (275),चलौग (275),Nihri(Sub-District) / Mandi(District) / Himachal Pradesh(State),00877100,015603,N,,,,
528,16092,Chalog (309),चलोग (309),Karsog(Sub-District) / Mandi(District) / Himachal Pradesh(State),00926000,016092,N,,,,
529,13792,Chaloh (68),चलोह (68),Kotli(Sub-District) / Mandi(District) / Himachal Pradesh(State),00696000,013792,N,,,,
530,16102,Chalohani (304),चलौहणी (304),Karsog(Sub-District) / Mandi(District) / Himachal Pradesh(State),00927000,016102,N,,,,
531,14962,Chalot (633),चलौट (633),Thachi(Sub-District) / Mandi(District) / Himachal Pradesh(State),00813000,014962,N,,,,
532,15851,Chaluni (211),चलूणी (211),Pangna(Sub-District) / Mandi(District) / Himachal Pradesh(State),00901900,015851,N,,,,
533,14322,Chambi (20),चाम्बी (20),Sundarnagar(Sub-District) / Mandi(District) / Himachal Pradesh(State),00749000,014322,N,,,,
534,14644,Chambi (352),चाम्बी (352),Mandi(Sub-District) / Mandi(District) / Himachal Pradesh(State),00781200,014644,N,,,,
535,13685,Chambi (87),चाम्बी (87),Dharmpur(Sub-District) / Mandi(District) / Himachal Pradesh(State),00685300,013685,N,,,,
536,15702,Chamdar (283),चमडार (283),Nihri(Sub-District) / Mandi(District) / Himachal Pradesh(State),00887000,015702,N,,,,
537,13603,Chamehad (43),चमेहड (43),Dharmpur(Sub-District) / Mandi(District) / Himachal Pradesh(State),00677100,013603,N,,,,
538,14131,Chamhrani (521),चमराणी (521),Dhalwan(Sub-District) / Mandi(District) / Himachal Pradesh(State),00729900,014131,N,,,,
539,16245,Chamog (458),चमोग (458),Karsog(Sub-District) / Mandi(District) / Himachal Pradesh(State),00941300,016245,N,,,,
540,16063,Chamoli (291),चमोली (291),Bagshad(Sub-District) / Mandi(District) / Himachal Pradesh(State),00923100,016063,N,,,,
541,15807,Chamraog (494),चमराओग (494),Karsog(Sub-District) / Mandi(District) / Himachal Pradesh(State),00897500,015807,N,,,,
542,14311,Chamukha (41),चमुखा (41),Sundarnagar(Sub-District) / Mandi(District) / Himachal Pradesh(State),00747900,014311,N,,,,
543,13928,Chamyanu (365),चम्याणू (365),Sarkaghat(Sub-District) / Mandi(District) / Himachal Pradesh(State),00709600,013928,N,,,,
544,13819,Chamyar (171),चम्यार (171),Tihra(Sub-District) / Mandi(District) / Himachal Pradesh(State),00698700,013819,N,,,,
545,14047,Chamyola (397),चमयोला (397),Bhadrota(Sub-District) / Mandi(District) / Himachal Pradesh(State),00719800,014047,N,,,,
546,15691,Chanad (296),चनाड (296),Nihri(Sub-District) / Mandi(District) / Himachal Pradesh(State),00885900,015691,N,,,,
547,15245,Chanag (396),चनाग (396),Chhatri(Sub-District) / Mandi(District) / Himachal Pradesh(State),00841300,015245,N,,,,
548,13730,Chanauta (147),चनौता (147),Mandap(Sub-District) / Mandi(District) / Himachal Pradesh(State),00689800,013730,N,,,,
549,15533,Chandakufer (209),चन्दाकूफर (209),Nihri(Sub-District) / Mandi(District) / Himachal Pradesh(State),00870100,015533,N,,,,
550,14795,Chandeh (318),चन्डेह (318),Mandi(Sub-District) / Mandi(District) / Himachal Pradesh(State),00796300,014795,N,,,,
551,14070,Chandesh (443),चन्दैश  (443),Bhadrota(Sub-District) / Mandi(District) / Himachal Pradesh(State),00722100,014070,N,,,,
552,13611,Chandgala (65),चन्दगला (65),Dharmpur(Sub-District) / Mandi(District) / Himachal Pradesh(State),00677900,013611,N,,,,
553,14739,Chandial (213),चण्डयाल (213),Balh(Sub-District) / Mandi(District) / Himachal Pradesh(State),00790700,014739,N,,,,
554,13267,Chandni (76),चाॅंदनी (76),Jogindarnagar(Sub-District) / Mandi(District) / Himachal Pradesh(State),00643500,013267,N,,,,
555,13853,Chandpur (243),चन्दपुर (243),Tihra(Sub-District) / Mandi(District) / Himachal Pradesh(State),00702100,013853,N,,,,
556,14335,Chandru (109),चान्दडू (109),Sundarnagar(Sub-District) / Mandi(District) / Himachal Pradesh(State),00750300,014335,N,,,,
557,15464,Chandyas (169),चन्दयास (169),Chachyot(Sub-District) / Mandi(District) / Himachal Pradesh(State),00863200,015464,N,,,,
558,13995,Chanehar (149),चनेहड़ (149),Mandap(Sub-District) / Mandi(District) / Himachal Pradesh(State),00712100,013995,N,,,,
559,13376,Chanehar (286),चनेहड़ (286),Jogindarnagar(Sub-District) / Mandi(District) / Himachal Pradesh(State),00654400,013376,N,,,,
560,13575,Changehr Bangota (203),चगेहड़ बनगोटा (203),Lad Bharol(Sub-District) / Mandi(District) / Himachal Pradesh(State),00674300,013575,N,,,,
561,13285,Changrehr (272),चन्ग्रेहड़ (272),Makridi(Sub-District) / Mandi(District) / Himachal Pradesh(State),00645300,013285,N,,,,
562,14160,Chanjyani (479),चंन्जयाणी (479),Baldwara(Sub-District) / Mandi(District) / Himachal Pradesh(State),00732800,014160,N,,,,
563,14265,Chanol (56),चनोल (56),Dehar(Sub-District) / Mandi(District) / Himachal Pradesh(State),00743300,014265,N,,,,
564,14046,Chanouli (339),चनौहली  (339),Bhadrota(Sub-District) / Mandi(District) / Himachal Pradesh(State),00719700,014046,N,,,,
565,15775,Chanwara (246),चनवाड़ा (246),Pangna(Sub-District) / Mandi(District) / Himachal Pradesh(State),00894300,015775,N,,,,
566,15988,Chanyana (119),चन्याणा (119),Bagshad(Sub-District) / Mandi(District) / Himachal Pradesh(State),00915600,015988,N,,,,
567,16268,Chaori Dhar (507),चैरीधार (507),Karsog(Sub-District) / Mandi(District) / Himachal Pradesh(State),00943600,016268,N,,,,
568,15754,Charandi (268),चरान्दी (268),Pangna(Sub-District) / Mandi(District) / Himachal Pradesh(State),00892200,015754,N,,,,
569,15689,Charkadi (39),चरकड़ी (39),Nihri(Sub-District) / Mandi(District) / Himachal Pradesh(State),00885700,015689,N,,,,
570,15872,Char Kufri (373),चारकुफरी (373),Bagshad(Sub-District) / Mandi(District) / Himachal Pradesh(State),00904000,015872,N,,,,
571,13352,Charonjh (246),चड़ौंझ (246),Makridi(Sub-District) / Mandi(District) / Himachal Pradesh(State),00652000,013352,N,,,,
572,15226,Charti (402),चरठी (402),Chhatri(Sub-District) / Mandi(District) / Himachal Pradesh(State),00839400,015226,N,,,,
573,13693,Chaswal (166),चसवाल (166),Tihra(Sub-District) / Mandi(District) / Himachal Pradesh(State),00686100,013693,N,,,,
574,15274,Chathinal (694),चाठीनाल (694),Chhatri(Sub-District) / Mandi(District) / Himachal Pradesh(State),00844200,015274,N,,,,
575,13594,Chatraun (28),चतरौण (28),Sandhol(Sub-District) / Mandi(District) / Himachal Pradesh(State),00676200,013594,N,,,,
576,14778,Chatrot (340),चतरोट (340),Mandi(Sub-District) / Mandi(District) / Himachal Pradesh(State),00794600,014778,N,,,,
577,14736,Chatrour (293),चतरौर (293),Balh(Sub-District) / Mandi(District) / Himachal Pradesh(State),00790400,014736,N,,,,
578,15456,Chatruhan (143),चतरूहन (143),Chachyot(Sub-District) / Mandi(District) / Himachal Pradesh(State),00862400,015456,N,,,,
579,13832,Chatryana (164),छत्रयाणा (164),Tihra(Sub-District) / Mandi(District) / Himachal Pradesh(State),00700000,013832,N,,,,
580,13297,Chauk (192),चैक (192),Makridi(Sub-District) / Mandi(District) / Himachal Pradesh(State),00646500,013297,N,,,,
581,13888,Chauk (224),चौक/224,Sarkaghat(Sub-District) / Mandi(District) / Himachal Pradesh(State),00705600,013888,N,,,,
582,14134,Chauk (522),चैक (522),Baldwara(Sub-District) / Mandi(District) / Himachal Pradesh(State),00730200,014134,N,,,,
583,942921,Chaukhari,चौखड़ी (270),Balh(Sub-District) / Mandi(District) / Himachal Pradesh(State),,000000,N,,,,
584,13735,Chauki (140),चौकी (140),Mandap(Sub-District) / Mandi(District) / Himachal Pradesh(State),00690300,013735,N,,,,
585,15538,Chauki (193),चौकी (193),Nihri(Sub-District) / Mandi(District) / Himachal Pradesh(State),00870600,015538,N,,,,
586,14213,Chauki (572),चैकी (572),Baldwara(Sub-District) / Mandi(District) / Himachal Pradesh(State),00738100,014213,N,,,,
587,14550,Chauki Chandrahan (98),चैकी चन्द्राहण (98),Rewalsar(Sub-District) / Mandi(District) / Himachal Pradesh(State),00771800,014550,N,,,,
588,15470,Chaundoghra (219),चौणदोघरा  (219),Chachyot(Sub-District) / Mandi(District) / Himachal Pradesh(State),00863800,015470,N,,,,
589,13238,Chauntra (53),चौंतड़ा (53),Jogindarnagar(Sub-District) / Mandi(District) / Himachal Pradesh(State),00640600,013238,N,,,,
590,15590,Chauri (264),चौरी (264),Nihri(Sub-District) / Mandi(District) / Himachal Pradesh(State),00875800,015590,N,,,,
591,14245,Chawadi (52),चवाडी (52),Dehar(Sub-District) / Mandi(District) / Himachal Pradesh(State),00741300,014245,N,,,,
592,15261,Chawag (386),चावग (386),Chhatri(Sub-District) / Mandi(District) / Himachal Pradesh(State),00842900,015261,N,,,,
593,15501,Chawali (243),चवाली (243),Chachyot(Sub-District) / Mandi(District) / Himachal Pradesh(State),00866900,015501,N,,,,
594,14724,Chawari (288),चवाड़ी (288),Balh(Sub-District) / Mandi(District) / Himachal Pradesh(State),00789200,014724,N,,,,
595,16275,Chebar (565),चेबड़ (565),Karsog(Sub-District) / Mandi(District) / Himachal Pradesh(State),00944300,016275,N,,,,
596,13166,Chehar (594),चैहड (594),Padhar(Sub-District) / Mandi(District) / Himachal Pradesh(State),00633400,013166,N,,,,
597,13165,Chela (595),चेला (595),Padhar(Sub-District) / Mandi(District) / Himachal Pradesh(State),00633300,013165,N,,,,
598,14522,Chela (60),चेला (60),Mandi(Sub-District) / Mandi(District) / Himachal Pradesh(State),00769000,014522,N,,,,
599,13276,Chelang (323),चेलंग (323),Jogindarnagar(Sub-District) / Mandi(District) / Himachal Pradesh(State),00644400,013276,N,,,,
600,13843,Cheli (204),चेली (204),Sarkaghat(Sub-District) / Mandi(District) / Himachal Pradesh(State),00701100,013843,N,,,,
601,13147,Cheli (578),चेली (578),Padhar(Sub-District) / Mandi(District) / Himachal Pradesh(State),00631500,013147,N,,,,
602,13036,Chelling (425),चेलिंग (425),Tikken(Sub-District) / Mandi(District) / Himachal Pradesh(State),00620400,013036,N,,,,
603,15123,Chet (511),चेत (511),Thunag(Sub-District) / Mandi(District) / Himachal Pradesh(State),00829100,015123,N,,,,
604,14950,Chet (647),छेती (647),Thachi(Sub-District) / Mandi(District) / Himachal Pradesh(State),00811800,014950,N,,,,
605,13129,Chhahri (565),छाहड़ी (565),Padhar(Sub-District) / Mandi(District) / Himachal Pradesh(State),00629700,013129,N,,,,
606,15472,Chhainmegal (202),छैण मैगल (202),Chachyot(Sub-District) / Mandi(District) / Himachal Pradesh(State),00864000,015472,N,,,,
607,14591,Chhajwali (160),छजवाली (107),Rewalsar(Sub-District) / Mandi(District) / Himachal Pradesh(State),00775900,014591,N,,,,
608,14558,Chhajwana - Ra -Khabu (96),छजवाणरा खाबू (96),Rewalsar(Sub-District) / Mandi(District) / Himachal Pradesh(State),00772600,014558,N,,,,
609,14314,Chhajwar (100),छज्जवार (100),Sundarnagar(Sub-District) / Mandi(District) / Himachal Pradesh(State),00748200,014314,N,,,,
610,15644,Chhamanda (3),छमाण्डा (3),Nihri(Sub-District) / Mandi(District) / Himachal Pradesh(State),00881200,015644,N,,,,
611,13322,Chhamb (217),छाम्ब (217),Makridi(Sub-District) / Mandi(District) / Himachal Pradesh(State),00649000,013322,N,,,,
612,13372,Chhamb (287),छाम्व (287),Jogindarnagar(Sub-District) / Mandi(District) / Himachal Pradesh(State),00654000,013372,N,,,,
613,14698,Chhamiar (257),छमयार (257),Balh(Sub-District) / Mandi(District) / Himachal Pradesh(State),00786600,014698,N,,,,
614,15065,Chhanar (503),छनाड़ (503),Bagachnogi(Sub-District) / Mandi(District) / Himachal Pradesh(State),00823300,015065,N,,,,
615,13502,Chhanchhehr (120),छन्छेहड़ (120),Lad Bharol(Sub-District) / Mandi(District) / Himachal Pradesh(State),00667000,013502,N,,,,
616,15945,Chhandyara (97),छण्डयारा (97),Pangna(Sub-District) / Mandi(District) / Himachal Pradesh(State),00911300,015945,N,,,,
617,14650,Chhanwari (347),छनवाड़ी (347),Mandi(Sub-District) / Mandi(District) / Himachal Pradesh(State),00781800,014650,N,,,,
618,13669,Chhapanu (98),छपाणू (98),Dharmpur(Sub-District) / Mandi(District) / Himachal Pradesh(State),00683700,013669,N,,,,
619,15316,Chhaprahan (21),छपराहण (21),Chachyot(Sub-District) / Mandi(District) / Himachal Pradesh(State),00848400,015316,N,,,,
620,13395,Chhaprot (342),छपरोट (342),Jogindarnagar(Sub-District) / Mandi(District) / Himachal Pradesh(State),00656300,013395,N,,,,
621,13424,Chharang (384),छांणग (384),Jogindarnagar(Sub-District) / Mandi(District) / Himachal Pradesh(State),00659200,013424,N,,,,
622,14223,Chhatar (2),छातर (2),Sundarnagar(Sub-District) / Mandi(District) / Himachal Pradesh(State),00739100,014223,N,,,,
623,13734,Chhatar (309),छात्र (309),Mandap(Sub-District) / Mandi(District) / Himachal Pradesh(State),00690200,013734,N,,,,
624,13987,Chhatar (317),छात्र (317),Bhadrota(Sub-District) / Mandi(District) / Himachal Pradesh(State),00711300,013987,N,,,,
625,14183,Chhatar (551),छातर (551),Baldwara(Sub-District) / Mandi(District) / Himachal Pradesh(State),00735100,014183,N,,,,
626,13308,Chhatri (262),छातरी (262),Makridi(Sub-District) / Mandi(District) / Himachal Pradesh(State),00647600,013308,N,,,,
627,15265,Chhatri (414),छत्तरी (414),Chhatri(Sub-District) / Mandi(District) / Himachal Pradesh(State),00843300,015265,N,,,,
628,14734,Chhatru (218),छातडू (218),Balh(Sub-District) / Mandi(District) / Himachal Pradesh(State),00790200,014734,N,,,,
629,13402,Chhattar (332),छत्तर (332),Jogindarnagar(Sub-District) / Mandi(District) / Himachal Pradesh(State),00657000,013402,N,,,,
630,15769,Chhawachh (265),छवाछ (265),Pangna(Sub-District) / Mandi(District) / Himachal Pradesh(State),00893700,015769,N,,,,
631,14043,Chhehr (356),चैहड (356),Bhadrota(Sub-District) / Mandi(District) / Himachal Pradesh(State),00719400,014043,N,,,,
632,13619,Chhej (10),छेज (10),Sandhol(Sub-District) / Mandi(District) / Himachal Pradesh(State),00678700,013619,N,,,,
633,14895,Chhet (591),छेत (591),Bali Chowki(Sub-District) / Mandi(District) / Himachal Pradesh(State),00806300,014895,N,,,,
634,15542,Chhichhar (157),छिछड़ (157),Nihri(Sub-District) / Mandi(District) / Himachal Pradesh(State),00871000,015542,N,,,,
635,14010,Chhimbe Ra Balh (315),छिम्बे रा बल्ह  (315),Bhadrota(Sub-District) / Mandi(District) / Himachal Pradesh(State),00713600,014010,N,,,,
636,14493,Chhipanu (367),छिपनू (367),Mandi(Sub-District) / Mandi(District) / Himachal Pradesh(State),00766100,014493,N,,,,
637,13515,Chhir (177),छिड (177),Lad Bharol(Sub-District) / Mandi(District) / Himachal Pradesh(State),00668300,013515,N,,,,
638,13992,Chhir (308),छिड (308),Bhadrota(Sub-District) / Mandi(District) / Himachal Pradesh(State),00711800,013992,N,,,,
639,13282,Chho (320),छौ (320),Jogindarnagar(Sub-District) / Mandi(District) / Himachal Pradesh(State),00645000,013282,N,,,,
640,15059,Chhoadhar (518),छोआधार (518),Bagachnogi(Sub-District) / Mandi(District) / Himachal Pradesh(State),00822700,015059,N,,,,
641,15312,Chhol (22),छोल (22),Chachyot(Sub-District) / Mandi(District) / Himachal Pradesh(State),00848000,015312,N,,,,
642,15755,Chhol (267),छोल (267),Pangna(Sub-District) / Mandi(District) / Himachal Pradesh(State),00892300,015755,N,,,,
643,15234,Chhota Liyur (422),छोटालियूर (422),Chhatri(Sub-District) / Mandi(District) / Himachal Pradesh(State),00840200,015234,N,,,,
644,15730,Chhoti Khanyari (312),छोटी खन्यारी (312),Nihri(Sub-District) / Mandi(District) / Himachal Pradesh(State),00889800,015730,N,,,,
645,13473,Chhuar Khurd (86),छुहाड़ खुर्द (86),Lad Bharol(Sub-District) / Mandi(District) / Himachal Pradesh(State),00664100,013473,N,,,,
646,13202,Chhuchhal (500),छुछल (500),Padhar(Sub-District) / Mandi(District) / Himachal Pradesh(State),00637000,013202,N,,,,
647,13828,Chhuhra (192),छुहड़ा (192),Tihra(Sub-District) / Mandi(District) / Himachal Pradesh(State),00699600,013828,N,,,,
648,15223,Chichwach (399),छवाच (399),Chhatri(Sub-District) / Mandi(District) / Himachal Pradesh(State),00839100,015223,N,,,,
649,13484,Chid (94),चिढ (94),Lad Bharol(Sub-District) / Mandi(District) / Himachal Pradesh(State),00665200,013484,N,,,,
650,13332,Chimhnu (225),चिम्ह्णु (225),Makridi(Sub-District) / Mandi(District) / Himachal Pradesh(State),00650000,013332,N,,,,
651,16134,Chindi (378),चिण्डी (378),Karsog(Sub-District) / Mandi(District) / Himachal Pradesh(State),00930200,016134,N,,,,
652,15652,Chiral (15),चिरल (15),Nihri(Sub-District) / Mandi(District) / Himachal Pradesh(State),00882000,015652,N,,,,
653,15582,Chiral (218),चिरल (218),Nihri(Sub-District) / Mandi(District) / Himachal Pradesh(State),00875000,015582,N,,,,
654,13318,Chir Chakka (230),चीर चक्का (230),Makridi(Sub-District) / Mandi(District) / Himachal Pradesh(State),00648600,013318,N,,,,
655,14344,Chirdi (115),चिरड़ी (115),Sundarnagar(Sub-District) / Mandi(District) / Himachal Pradesh(State),00751200,014344,N,,,,
656,15891,Chitha Dharthu (241),चिटा धारठू (241),Bagshad(Sub-District) / Mandi(District) / Himachal Pradesh(State),00905900,015891,N,,,,
657,15124,Chiuni (509),चियूणी (509),Thunag(Sub-District) / Mandi(District) / Himachal Pradesh(State),00829200,015124,N,,,,
658,16181,Choa (517),चोआ (517),Karsog(Sub-District) / Mandi(District) / Himachal Pradesh(State),00934900,016181,N,,,,
659,16024,Chogra (256),चोगडा (256),Bagshad(Sub-District) / Mandi(District) / Himachal Pradesh(State),00919200,016024,N,,,,
660,14930,Chohari Batwara (562),चोहडी बटवाडा (562),Thachi(Sub-District) / Mandi(District) / Himachal Pradesh(State),00809800,014930,N,,,,
661,15068,Chohat (522),चोहट (522),Bagachnogi(Sub-District) / Mandi(District) / Himachal Pradesh(State),00823600,015068,N,,,,
662,14140,Chohin (529),चैंही  (529),Baldwara(Sub-District) / Mandi(District) / Himachal Pradesh(State),00730800,014140,N,,,,
663,14067,Chota Samahal (440),छोटा समाहल  (440),Bhadrota(Sub-District) / Mandi(District) / Himachal Pradesh(State),00721800,014067,N,,,,
664,14005,Chouri (312),चौरी  (412),Bhadrota(Sub-District) / Mandi(District) / Himachal Pradesh(State),00713100,014005,N,,,,
665,14225,Chowk (7),चौक (7),Sundarnagar(Sub-District) / Mandi(District) / Himachal Pradesh(State),00739300,014225,N,,,,
666,14496,Chowki Bhaled (378),चौकी भलेड (378),Mandi(Sub-District) / Mandi(District) / Himachal Pradesh(State),00766400,014496,N,,,,
667,13977,Chuhku (457),चुहकू (457),Sarkaghat(Sub-District) / Mandi(District) / Himachal Pradesh(State),00723000,013977,N,,,,
668,14381,Chuhni (149),चुहणी (149),Sundarnagar(Sub-District) / Mandi(District) / Himachal Pradesh(State),00754900,014381,N,,,,
669,13106,Chukku (303),चुक्कू (303),Padhar(Sub-District) / Mandi(District) / Himachal Pradesh(State),00627400,013106,N,,,,
670,13568,Chula (209),चूला (209),Lad Bharol(Sub-District) / Mandi(District) / Himachal Pradesh(State),00673600,013568,N,,,,
671,14239,Churadh (39),चुरढ (39),Sundarnagar(Sub-District) / Mandi(District) / Himachal Pradesh(State),00740700,014239,N,,,,
672,15892,Churag (242),चुराग (242),Bagshad(Sub-District) / Mandi(District) / Himachal Pradesh(State),00906000,015892,N,,,,
673,13698,Churu Ra Balh (83),चुहडु रा बल्ह (83),Dharmpur(Sub-District) / Mandi(District) / Himachal Pradesh(State),00686600,013698,N,,,,
674,13911,Dabrog (280),डबरोग (280),Sarkaghat(Sub-District) / Mandi(District) / Himachal Pradesh(State),00707900,013911,N,,,,
675,14078,Dabrog (407),डवरोग (407),Bhadrota(Sub-District) / Mandi(District) / Himachal Pradesh(State),00724600,014078,N,,,,
676,16231,Dabrot (457),डबरोट (457),Karsog(Sub-District) / Mandi(District) / Himachal Pradesh(State),00939900,016231,N,,,,
677,13681,Dabrot (88),दबरोट (88),Dharmpur(Sub-District) / Mandi(District) / Himachal Pradesh(State),00684900,013681,N,,,,
678,15835,Dachhen (380),दच्छैण (380),Karsog(Sub-District) / Mandi(District) / Himachal Pradesh(State),00900300,015835,N,,,,
679,14667,Dadaur (225),डडौर (225),Balh(Sub-District) / Mandi(District) / Himachal Pradesh(State),00783500,014667,N,,,,
680,15256,Dadhaun (394),दधौन (394),Chhatri(Sub-District) / Mandi(District) / Himachal Pradesh(State),00842400,015256,N,,,,
681,13492,Dadhon (116),दधौण (116),Lad Bharol(Sub-District) / Mandi(District) / Himachal Pradesh(State),00666000,013492,N,,,,
682,15390,Dadoh (115),डडोह (115),Chachyot(Sub-District) / Mandi(District) / Himachal Pradesh(State),00855800,015390,N,,,,
683,14676,Dadoh (238),डडोह (238),Balh(Sub-District) / Mandi(District) / Himachal Pradesh(State),00784400,014676,N,,,,
684,15126,Dadoun (508),डडौन (508),Thunag(Sub-District) / Mandi(District) / Himachal Pradesh(State),00829400,015126,N,,,,
685,14973,Dadwari (598),डडवाडी (598),Bali Chowki(Sub-District) / Mandi(District) / Himachal Pradesh(State),00814100,014973,N,,,,
686,14931,Dadwas (576),ददवास (576),Thachi(Sub-District) / Mandi(District) / Himachal Pradesh(State),00809900,014931,N,,,,
687,15052,Dagail (533),डगैल (533),Bagachnogi(Sub-District) / Mandi(District) / Himachal Pradesh(State),00822000,015052,N,,,,
688,14169,Dagraun (538),दगड़ौन (538),Baldwara(Sub-District) / Mandi(District) / Himachal Pradesh(State),00733700,014169,N,,,,
689,13293,Dagu (186),डगू (186),Makridi(Sub-District) / Mandi(District) / Himachal Pradesh(State),00646100,013293,N,,,,
690,13048,Dagwan (467),दगवान (467),Padhar(Sub-District) / Mandi(District) / Himachal Pradesh(State),00621600,013048,N,,,,
691,16136,Dahed (365),दहड़ (365),Karsog(Sub-District) / Mandi(District) / Himachal Pradesh(State),00930400,016136,N,,,,
692,15861,Dahi (204),डही (204),Pangna(Sub-District) / Mandi(District) / Himachal Pradesh(State),00902900,015861,N,,,,
693,14575,Dahnun (141),डहणू/141,Rewalsar(Sub-District) / Mandi(District) / Himachal Pradesh(State),00774300,014575,N,,,,
694,13099,Dalah (537),डलाह (537),Padhar(Sub-District) / Mandi(District) / Himachal Pradesh(State),00626700,013099,N,,,,
695,13899,Dalaut (254),दलौट (254),Sarkaghat(Sub-District) / Mandi(District) / Himachal Pradesh(State),00706700,013899,N,,,,
696,13525,Daled (134),दलेड (134),Lad Bharol(Sub-District) / Mandi(District) / Himachal Pradesh(State),00669300,013525,N,,,,
697,13465,Dalehar (89),दलेहड़ (89),Lad Bharol(Sub-District) / Mandi(District) / Himachal Pradesh(State),00663300,013465,N,,,,
698,13925,Dali (275),डली (275),Sarkaghat(Sub-District) / Mandi(District) / Himachal Pradesh(State),00709300,013925,N,,,,
699,15330,Dalikar (26),दलीकर (26),Chachyot(Sub-District) / Mandi(District) / Himachal Pradesh(State),00849800,015330,N,,,,
700,13070,Dalosa (380),दलौसा (380),Padhar(Sub-District) / Mandi(District) / Himachal Pradesh(State),00623800,013070,N,,,,
701,16026,Damog (259),डमोग (259),Bagshad(Sub-District) / Mandi(District) / Himachal Pradesh(State),00919400,016026,N,,,,
702,15388,Dan (120),दाण (120),Chachyot(Sub-District) / Mandi(District) / Himachal Pradesh(State),00855600,015388,N,,,,
703,14712,Dan (276),दाण (276),Balh(Sub-District) / Mandi(District) / Himachal Pradesh(State),00788000,014712,N,,,,
704,14437,Dangahar (395),डंगाहर (395),Katoula(Sub-District) / Mandi(District) / Himachal Pradesh(State),00760500,014437,N,,,,
705,14024,Dangar (352),ढंगोर (352),Bhadrota(Sub-District) / Mandi(District) / Himachal Pradesh(State),00715000,014024,N,,,,
706,14065,Dangor (404),ढंगोर (404),Bhadrota(Sub-District) / Mandi(District) / Himachal Pradesh(State),00721600,014065,N,,,,
707,16100,Daral (303),दरल (303),Karsog(Sub-District) / Mandi(District) / Himachal Pradesh(State),00926800,016100,N,,,,
708,15319,Daran (16),दारन (16),Chachyot(Sub-District) / Mandi(District) / Himachal Pradesh(State),00848700,015319,N,,,,
709,14673,Darbathu (235),दरबाथू (235),Balh(Sub-District) / Mandi(District) / Himachal Pradesh(State),00784100,014673,N,,,,
710,14034,Darbhyani (344),दरभ्यानी (344),Bhadrota(Sub-District) / Mandi(District) / Himachal Pradesh(State),00718500,014034,N,,,,
711,14557,Darbias (95),द्रब्यास/95,Rewalsar(Sub-District) / Mandi(District) / Himachal Pradesh(State),00772500,014557,N,,,,
712,15449,Dari (175),दाडी (175),Chachyot(Sub-District) / Mandi(District) / Himachal Pradesh(State),00861700,015449,N,,,,
713,15407,Dari (47),दाडी (47),Chachyot(Sub-District) / Mandi(District) / Himachal Pradesh(State),00857500,015407,N,,,,
714,14177,Darkahaul (500),द्रकोहल (500),Baldwara(Sub-District) / Mandi(District) / Himachal Pradesh(State),00734500,014177,N,,,,
715,13982,Darkaholi (455),दरकोहली (455),Sarkaghat(Sub-District) / Mandi(District) / Himachal Pradesh(State),00723500,013982,N,,,,
716,13938,Darkalag (289),दरकालग (289),Sarkaghat(Sub-District) / Mandi(District) / Himachal Pradesh(State),00710600,013938,N,,,,
717,13286,Darkoti (270),द्रकोटी (270),Makridi(Sub-District) / Mandi(District) / Himachal Pradesh(State),00645400,013286,N,,,,
718,14407,Darlog (402),दरलोग (402),Katoula(Sub-District) / Mandi(District) / Himachal Pradesh(State),00757500,014407,N,,,,
719,16047,Darno (156),दरनो (156),Bagshad(Sub-District) / Mandi(District) / Himachal Pradesh(State),00921500,016047,N,,,,
720,13952,Daroli (375),दड़ोली (375),Sarkaghat(Sub-District) / Mandi(District) / Himachal Pradesh(State),00716000,013952,N,,,,
721,13923,Darpa (274),दारपा (274),Sarkaghat(Sub-District) / Mandi(District) / Himachal Pradesh(State),00709100,013923,N,,,,
722,13400,Dart Bagla (328),दारट बगला (328),Jogindarnagar(Sub-District) / Mandi(District) / Himachal Pradesh(State),00656800,013400,N,,,,
723,13753,Darubal (11),द्रुबल (11),Kotli(Sub-District) / Mandi(District) / Himachal Pradesh(State),00692100,013753,N,,,,
724,13346,Darubbal (244),द्रुब्बल (244),Makridi(Sub-District) / Mandi(District) / Himachal Pradesh(State),00651400,013346,N,,,,
725,13831,Darwar (194),डरवाड़ (194),Tihra(Sub-District) / Mandi(District) / Himachal Pradesh(State),00699900,013831,N,,,,
726,14593,Dasehra (162),दसेहडा/162,Rewalsar(Sub-District) / Mandi(District) / Himachal Pradesh(State),00776100,014593,N,,,,
727,16182,Dateha (519),डटेहा (519),Karsog(Sub-District) / Mandi(District) / Himachal Pradesh(State),00935000,016182,N,,,,
728,13585,Datwar (5),दतवाड़ (5),Sandhol(Sub-District) / Mandi(District) / Himachal Pradesh(State),00675300,013585,N,,,,
729,13750,Dawahan (33),डवाहण (33),Kotli(Sub-District) / Mandi(District) / Himachal Pradesh(State),00691800,013750,N,,,,
730,13880,Dawardu (208),दवारडू (208),Sarkaghat(Sub-District) / Mandi(District) / Himachal Pradesh(State),00704800,013880,N,,,,
731,14971,Dayandi (584),दयान्दी (584),Bali Chowki(Sub-District) / Mandi(District) / Himachal Pradesh(State),00813900,014971,N,,,,
732,14681,Dayargi (245),दयारगी (245),Balh(Sub-District) / Mandi(District) / Himachal Pradesh(State),00784900,014681,N,,,,
733,15442,Dayola (165),दयोला (165),Chachyot(Sub-District) / Mandi(District) / Himachal Pradesh(State),00861000,015442,N,,,,
734,14286,Dehar (75),डैहर (75),Dehar(Sub-District) / Mandi(District) / Himachal Pradesh(State),00745400,014286,N,,,,
735,14277,Dehvi (84),दयोही (84),Dehar(Sub-District) / Mandi(District) / Himachal Pradesh(State),00744500,014277,N,,,,
736,15797,Delag (552),देलग (552),Karsog(Sub-District) / Mandi(District) / Himachal Pradesh(State),00896500,015797,N,,,,
737,15385,Delag-Tikari (62),देलग टिकरी (62),Chachyot(Sub-District) / Mandi(District) / Himachal Pradesh(State),00855300,015385,N,,,,
738,16008,Deol (131),देयोल (131),Bagshad(Sub-District) / Mandi(District) / Himachal Pradesh(State),00917600,016008,N,,,,
739,15069,Deol (520),दयोल (520),Bagachnogi(Sub-District) / Mandi(District) / Himachal Pradesh(State),00823700,015069,N,,,,
740,15970,Deral (73),देरल (73),Bagshad(Sub-District) / Mandi(District) / Himachal Pradesh(State),00913800,015970,N,,,,
741,14233,Derdu (34),देरडू (34),Sundarnagar(Sub-District) / Mandi(District) / Himachal Pradesh(State),00740100,014233,N,,,,
742,14979,Dev Dhar (606),देवधार (606),Bali Chowki(Sub-District) / Mandi(District) / Himachal Pradesh(State),00814700,014979,N,,,,
743,13626,Devgarh (18),देवगढ़ (18),Sandhol(Sub-District) / Mandi(District) / Himachal Pradesh(State),00679400,013626,N,,,,
744,14876,Dewari (450),देवरी (450),Aut(Sub-District) / Mandi(District) / Himachal Pradesh(State),00804400,014876,N,,,,
745,14675,Dhaban (237),ढावन (237),Balh(Sub-District) / Mandi(District) / Himachal Pradesh(State),00784300,014675,N,,,,
746,14151,Dhaboi (509),धबोई (509),Baldwara(Sub-District) / Mandi(District) / Himachal Pradesh(State),00731900,014151,N,,,,
747,13462,Dhagog (99),धागोग (99),Lad Bharol(Sub-District) / Mandi(District) / Himachal Pradesh(State),00663000,013462,N,,,,
748,15962,Dhagoh (82),धगोह (82),Bagshad(Sub-District) / Mandi(District) / Himachal Pradesh(State),00913000,015962,N,,,,
749,15431,Dhagwahan (53),ढगवाहण (53),Chachyot(Sub-District) / Mandi(District) / Himachal Pradesh(State),00859900,015431,N,,,,
750,13855,Dhagwani (245),ढगवानी (245),Tihra(Sub-District) / Mandi(District) / Himachal Pradesh(State),00702300,013855,N,,,,
751,14488,Dhakalwahan (620),धकलवाहन (620),Mandi(Sub-District) / Mandi(District) / Himachal Pradesh(State),00765600,014488,N,,,,
752,13607,Dhalara (30),धलारा (30),Sandhol(Sub-District) / Mandi(District) / Himachal Pradesh(State),00677500,013607,N,,,,
753,15819,Dhalog (464),धलोग (464),Karsog(Sub-District) / Mandi(District) / Himachal Pradesh(State),00898700,015819,N,,,,
754,13812,Dhaloun (174),घलौण (174),Tihra(Sub-District) / Mandi(District) / Himachal Pradesh(State),00698000,013812,N,,,,
755,15017,Dhalut (662),धलूट (662),Thachi(Sub-District) / Mandi(District) / Himachal Pradesh(State),00818500,015017,N,,,,
756,14101,Dhalwan (423),ढलवाण (423),Dhalwan(Sub-District) / Mandi(District) / Himachal Pradesh(State),00726900,014101,N,,,,
757,13742,Dhalwani (2),ढलवाणी (2),Kotli(Sub-District) / Mandi(District) / Himachal Pradesh(State),00691000,013742,N,,,,
758,15160,Dhalyar (436),ढलयार (436),Thunag(Sub-District) / Mandi(District) / Himachal Pradesh(State),00832800,015160,N,,,,
759,14014,Dhalyat (330),धलयात  (330),Bhadrota(Sub-District) / Mandi(District) / Himachal Pradesh(State),00714000,014014,N,,,,
760,15266,Dhamag (415),धमाग (415),Chhatri(Sub-District) / Mandi(District) / Himachal Pradesh(State),00843400,015266,N,,,,
761,15706,Dhamasan (293),धमासन (293),Nihri(Sub-District) / Mandi(District) / Himachal Pradesh(State),00887400,015706,N,,,,
762,13025,Dhamchian (426),धमच्याण (426),Tikken(Sub-District) / Mandi(District) / Himachal Pradesh(State),00619300,013025,N,,,,
763,15615,Dhamkaun (279),धमकौण (279),Nihri(Sub-District) / Mandi(District) / Himachal Pradesh(State),00878300,015615,N,,,,
764,13068,Dhamrehr (468),धमरेहड (468),Tikken(Sub-District) / Mandi(District) / Himachal Pradesh(State),00623600,013068,N,,,,
765,13869,Dhamsera (215),दमसेहड़ा (215),Sarkaghat(Sub-District) / Mandi(District) / Himachal Pradesh(State),00703700,013869,N,,,,
766,14765,Dhamyana (336),ढमयाणा (336),Mandi(Sub-District) / Mandi(District) / Himachal Pradesh(State),00793300,014765,N,,,,
767,13133,Dhanahan (569),धनाहण (569),Padhar(Sub-District) / Mandi(District) / Himachal Pradesh(State),00630100,013133,N,,,,
768,14142,Dhanalag (528),धनालग (528),Baldwara(Sub-District) / Mandi(District) / Himachal Pradesh(State),00731000,014142,N,,,,
769,13780,Dhandal (78),ढण्डाल (78),Kotli(Sub-District) / Mandi(District) / Himachal Pradesh(State),00694800,013780,N,,,,
770,14122,Dhaner (416),धनेड़ (416),Dhalwan(Sub-District) / Mandi(District) / Himachal Pradesh(State),00729000,014122,N,,,,
771,14665,Dhangoo (223),ढांगू (223),Balh(Sub-District) / Mandi(District) / Himachal Pradesh(State),00783300,014665,N,,,,
772,14861,Dhangsi (463),ढांगसी (463),Aut(Sub-District) / Mandi(District) / Himachal Pradesh(State),00802900,014861,N,,,,
773,14871,Dhangwach (473),ढंगवाच (473),Aut(Sub-District) / Mandi(District) / Himachal Pradesh(State),00803900,014871,N,,,,
774,13061,Dhangyan (474),धनगयाण (474),Padhar(Sub-District) / Mandi(District) / Himachal Pradesh(State),00622900,013061,N,,,,
775,13774,Dhaniara (75),धनियारा (75),Kotli(Sub-District) / Mandi(District) / Himachal Pradesh(State),00694200,013774,N,,,,
776,14508,Dhaniari (45),धन्यारी (45),Mandi(Sub-District) / Mandi(District) / Himachal Pradesh(State),00767600,014508,N,,,,
777,15221,Dhanisher (375),धनीशर (375),Chhatri(Sub-District) / Mandi(District) / Himachal Pradesh(State),00838900,015221,N,,,,
778,15434,Dhaniyut (160),धनियूत (160),Chachyot(Sub-District) / Mandi(District) / Himachal Pradesh(State),00860200,015434,N,,,,
779,14497,Dhanog (376),धनोग (376),Mandi(Sub-District) / Mandi(District) / Himachal Pradesh(State),00766500,014497,N,,,,
780,13866,Dhanrashi (238),धनराशि (238),Sarkaghat(Sub-District) / Mandi(District) / Himachal Pradesh(State),00703400,013866,N,,,,
781,15101,Dhanshal (141),धनशाल (141),Thunag(Sub-District) / Mandi(District) / Himachal Pradesh(State),00826900,015101,N,,,,
782,13062,Dhanwan (473),धनवाण (473),Padhar(Sub-District) / Mandi(District) / Himachal Pradesh(State),00623000,013062,N,,,,
783,15600,Dhanyara (273),धन्यारा (273),Nihri(Sub-District) / Mandi(District) / Himachal Pradesh(State),00876800,015600,N,,,,
784,16229,Dhanyara (427),धन्यारा (427),Karsog(Sub-District) / Mandi(District) / Himachal Pradesh(State),00939700,016229,N,,,,
785,13234,Dhanyatar (70),धनयातर (70),Jogindarnagar(Sub-District) / Mandi(District) / Himachal Pradesh(State),00640200,013234,N,,,,
786,14341,Dhar (113),धार (113),Sundarnagar(Sub-District) / Mandi(District) / Himachal Pradesh(State),00750900,014341,N,,,,
787,14568,Dhar (130),धार (130),Rewalsar(Sub-District) / Mandi(District) / Himachal Pradesh(State),00773600,014568,N,,,,
788,14601,Dhar (163),धार (163),Rewalsar(Sub-District) / Mandi(District) / Himachal Pradesh(State),00776900,014601,N,,,,
789,13921,Dhar (270),धाड़ (270),Sarkaghat(Sub-District) / Mandi(District) / Himachal Pradesh(State),00708900,013921,N,,,,
790,14774,Dhar (306),धार (306),Mandi(Sub-District) / Mandi(District) / Himachal Pradesh(State),00794200,014774,N,,,,
791,15258,Dhar (391),धार (391),Chhatri(Sub-District) / Mandi(District) / Himachal Pradesh(State),00842600,015258,N,,,,
792,14241,Dhar (40),धार (40),Sundarnagar(Sub-District) / Mandi(District) / Himachal Pradesh(State),00740900,014241,N,,,,
793,14447,Dhar (428),धार (428),Mandi(Sub-District) / Mandi(District) / Himachal Pradesh(State),00761500,014447,N,,,,
794,15150,Dhar (458),धार (458),Thunag(Sub-District) / Mandi(District) / Himachal Pradesh(State),00831800,015150,N,,,,
795,13038,Dhar (459),धार (459),Tikken(Sub-District) / Mandi(District) / Himachal Pradesh(State),00620600,013038,N,,,,
796,14261,Dhar (59),धार (59),Dehar(Sub-District) / Mandi(District) / Himachal Pradesh(State),00742900,014261,N,,,,
797,15965,Dhar (80),धार (80),Bagshad(Sub-District) / Mandi(District) / Himachal Pradesh(State),00913300,015965,N,,,,
798,13679,Dhar (89),धार (89),Dharmpur(Sub-District) / Mandi(District) / Himachal Pradesh(State),00684700,013679,N,,,,
799,13673,Dharampur (97),धर्मपुर (97),Dharmpur(Sub-District) / Mandi(District) / Himachal Pradesh(State),00684100,013673,N,,,,
800,13000,Dharangan (412),ढरांगण (412),Tikken(Sub-District) / Mandi(District) / Himachal Pradesh(State),00616800,013000,N,,,,
801,16135,Dharbhaog (368),धरभाउग (368),Karsog(Sub-District) / Mandi(District) / Himachal Pradesh(State),00930300,016135,N,,,,
802,15524,Dhar-I (162),धार-1 (162),Nihri(Sub-District) / Mandi(District) / Himachal Pradesh(State),00869200,015524,N,,,,
803,15544,Dhar-II (199),धार-2 (199),Nihri(Sub-District) / Mandi(District) / Himachal Pradesh(State),00871200,015544,N,,,,
804,13886,Dharjol (299),धारजोल (299),Sarkaghat(Sub-District) / Mandi(District) / Himachal Pradesh(State),00705400,013886,N,,,,
805,15709,Dharkajihra (224),धारकजिहड़ा (224),Nihri(Sub-District) / Mandi(District) / Himachal Pradesh(State),00887700,015709,N,,,,
806,16117,Dharkandhlu (332),धारकाण्डलू (332),Bagshad(Sub-District) / Mandi(District) / Himachal Pradesh(State),00928500,016117,N,,,,
807,13030,Dhar Katyan (433),धार कटयाण (433),Tikken(Sub-District) / Mandi(District) / Himachal Pradesh(State),00619800,013030,N,,,,
808,15575,Dharli (230),धारली (230),Dehar(Sub-District) / Mandi(District) / Himachal Pradesh(State),00874300,015575,N,,,,
809,16040,Dharmandal (152),धरमण्डल (152),Bagshad(Sub-District) / Mandi(District) / Himachal Pradesh(State),00920800,016040,N,,,,
810,14227,Dharnda (1),धारंडा (1),Sundarnagar(Sub-District) / Mandi(District) / Himachal Pradesh(State),00739500,014227,N,,,,
811,13924,Dharoh (276),धरोह (276),Sarkaghat(Sub-District) / Mandi(District) / Himachal Pradesh(State),00709200,013924,N,,,,
812,14640,Dharwahan (116),धड़वाहण (116),Balh(Sub-District) / Mandi(District) / Himachal Pradesh(State),00780800,014640,N,,,,
813,14661,Dharwahan (200),धड़वाहण (200),Balh(Sub-District) / Mandi(District) / Himachal Pradesh(State),00782900,014661,N,,,,
814,15096,Dharwar (136),धरवार (136),Thunag(Sub-District) / Mandi(District) / Himachal Pradesh(State),00826400,015096,N,,,,
815,15748,Dharwar (263),धरवार (263),Pangna(Sub-District) / Mandi(District) / Himachal Pradesh(State),00891600,015748,N,,,,
816,15192,Dharwar (352),धरवार (352),Thunag(Sub-District) / Mandi(District) / Himachal Pradesh(State),00836000,015192,N,,,,
817,14006,Dharyala (313),धरयाला (313),Bhadrota(Sub-District) / Mandi(District) / Himachal Pradesh(State),00713200,014006,N,,,,
818,14514,Dharyana (55),धड़याणा (55),Mandi(Sub-District) / Mandi(District) / Himachal Pradesh(State),00768200,014514,N,,,,
819,14109,Dhatoli (489),धतोली (489),Baldwara(Sub-District) / Mandi(District) / Himachal Pradesh(State),00727700,014109,N,,,,
820,15977,Dhaun (67),धौन (67),Bagshad(Sub-District) / Mandi(District) / Himachal Pradesh(State),00914500,015977,N,,,,
821,13757,Dhawali Badehar (19),ध्वाली बदेहड़ (19),Kotli(Sub-District) / Mandi(District) / Himachal Pradesh(State),00692500,013757,N,,,,
822,13749,Dhawansari (9),ध्वानसरी (9),Kotli(Sub-District) / Mandi(District) / Himachal Pradesh(State),00691700,013749,N,,,,
823,16048,Dhawas (163),धवास (163),Bagshad(Sub-District) / Mandi(District) / Himachal Pradesh(State),00921600,016048,N,,,,
824,16126,Dhawas (371),धवास (371),Bagshad(Sub-District) / Mandi(District) / Himachal Pradesh(State),00929400,016126,N,,,,
825,15066,Dhawas (519),ध्वास (519),Bagachnogi(Sub-District) / Mandi(District) / Himachal Pradesh(State),00823400,015066,N,,,,
826,15162,Dheem (439),ढीम (439),Thunag(Sub-District) / Mandi(District) / Himachal Pradesh(State),00833000,015162,N,,,,
827,13229,Dhelu (65),ढेलू (65),Jogindarnagar(Sub-District) / Mandi(District) / Himachal Pradesh(State),00639700,013229,N,,,,
828,13230,Dheluhar (73),ढेलूहार (73),Jogindarnagar(Sub-District) / Mandi(District) / Himachal Pradesh(State),00639800,013230,N,,,,
829,14572,Dheun (135),धींयू (135),Rewalsar(Sub-District) / Mandi(District) / Himachal Pradesh(State),00774000,014572,N,,,,
830,15884,Dhinglu (219),ढिंगलू (219),Pangna(Sub-District) / Mandi(District) / Himachal Pradesh(State),00905200,015884,N,,,,
831,15462,Dhisti (191),धिश्ती (191),Chachyot(Sub-District) / Mandi(District) / Himachal Pradesh(State),00863000,015462,N,,,,
832,14515,Dhiun (49),धियूं (49),Mandi(Sub-District) / Mandi(District) / Himachal Pradesh(State),00768300,014515,N,,,,
833,14186,Dhurkhri (498),धुरखड़ी (498),Baldwara(Sub-District) / Mandi(District) / Himachal Pradesh(State),00735400,014186,N,,,,
834,15800,Dhurmugad (541),धुर्मूगाड़़ (541),Karsog(Sub-District) / Mandi(District) / Himachal Pradesh(State),00896800,015800,N,,,,
835,13676,Dhwali (93),ध्वाली (93),Dharmpur(Sub-District) / Mandi(District) / Himachal Pradesh(State),00684400,013676,N,,,,
836,13529,Dibdyaun (146),डिवडियाऊँ (146),Lad Bharol(Sub-District) / Mandi(District) / Himachal Pradesh(State),00669700,013529,N,,,,
837,13704,Didanu (133),डीडणू (133),Dharmpur(Sub-District) / Mandi(District) / Himachal Pradesh(State),00687200,013704,N,,,,
838,15015,Dider (654),डीडर (654),Thachi(Sub-District) / Mandi(District) / Himachal Pradesh(State),00818300,015015,N,,,,
839,13421,Digli (386),डिगली (386),Jogindarnagar(Sub-District) / Mandi(District) / Himachal Pradesh(State),00658900,013421,N,,,,
840,15378,Diyoli (36),दियोली (36),Chachyot(Sub-District) / Mandi(District) / Himachal Pradesh(State),00854600,015378,N,,,,
841,14896,Dobha (587),डोभा (587),Bali Chowki(Sub-District) / Mandi(District) / Himachal Pradesh(State),00806400,014896,N,,,,
842,13916,Dodar (267),डोडर (267),Sarkaghat(Sub-District) / Mandi(District) / Himachal Pradesh(State),00708400,013916,N,,,,
843,14235,Dodar (32),डोडर (32),Sundarnagar(Sub-District) / Mandi(District) / Himachal Pradesh(State),00740300,014235,N,,,,
844,15602,Doghari (274),दोघरी (274),Nihri(Sub-District) / Mandi(District) / Himachal Pradesh(State),00877000,015602,N,,,,
845,14380,Doghri (167),दोघरी (167),Sundarnagar(Sub-District) / Mandi(District) / Himachal Pradesh(State),00754800,014380,N,,,,
846,14129,Doh (519),डोह (519),Dhalwan(Sub-District) / Mandi(District) / Himachal Pradesh(State),00729700,014129,N,,,,
847,13228,Dohag (66),डोहग (66),Jogindarnagar(Sub-District) / Mandi(District) / Himachal Pradesh(State),00639600,013228,N,,,,
848,14741,Dohandi (217),दौहन्दी (217),Balh(Sub-District) / Mandi(District) / Himachal Pradesh(State),00790900,014741,N,,,,
849,14232,Dohdu (30),डोहडू (30),Sundarnagar(Sub-District) / Mandi(District) / Himachal Pradesh(State),00740000,014232,N,,,,
850,14354,Dol (132),डोल (132),Sundarnagar(Sub-District) / Mandi(District) / Himachal Pradesh(State),00752200,014354,N,,,,
851,13326,Dol (219),डोल (219),Makridi(Sub-District) / Mandi(District) / Himachal Pradesh(State),00649400,013326,N,,,,
852,13972,Dol (445),डोल (445),Sarkaghat(Sub-District) / Mandi(District) / Himachal Pradesh(State),00722500,013972,N,,,,
853,13996,Dolan (308),डोलन (309),Mandap(Sub-District) / Mandi(District) / Himachal Pradesh(State),00712200,013996,N,,,,
854,14622,Dolgi (186),डोलगी (186),Balh(Sub-District) / Mandi(District) / Himachal Pradesh(State),00779000,014622,N,,,,
855,13341,Donthal (256),दौन्थल (256),Makridi(Sub-District) / Mandi(District) / Himachal Pradesh(State),00650900,013341,N,,,,
856,14445,Doohaki (384),डूहकी (384),Katoula(Sub-District) / Mandi(District) / Himachal Pradesh(State),00761300,014445,N,,,,
857,13945,Doon (291),डून (291),Sarkaghat(Sub-District) / Mandi(District) / Himachal Pradesh(State),00715300,013945,N,,,,
858,16165,Dounhal (349),दौहल (349),Karsog(Sub-District) / Mandi(District) / Himachal Pradesh(State),00933300,016165,N,,,,
859,14294,Dpf Ahan Sunwali Shisham (238),डी.पी.एफ.आहण सुनाली शीशम (238),Dehar(Sub-District) / Mandi(District) / Himachal Pradesh(State),00746200,014294,N,,,,
860,14298,D.P.F.Ahen Sunali (242),डी.पी.एफ.आहण सुनाली (242),Dehar(Sub-District) / Mandi(District) / Himachal Pradesh(State),00746600,014298,N,,,,
861,13255,D.P.F. Ahju (11),डी. पी. एफ. ऐहजू  (11),Jogindarnagar(Sub-District) / Mandi(District) / Himachal Pradesh(State),00642300,013255,N,,,,
862,15997,D.P.F.Alyas (141),डी.पी.एफ. अलयास (141),Bagshad(Sub-District) / Mandi(District) / Himachal Pradesh(State),00916500,015997,N,,,,
863,15081,D.P.F. Auhan (93),डी.पी.एफ.औहण (93),Thunag(Sub-District) / Mandi(District) / Himachal Pradesh(State),00824900,015081,N,,,,
864,15345,D.P.F.Babag (31),डी0पी0एफ0 बवग (31),Chachyot(Sub-District) / Mandi(District) / Himachal Pradesh(State),00851300,015345,N,,,,
865,15713,D.P.F. Badagadoun (275),डी.पी.ऐफ.बड़ागडौण (275),Nihri(Sub-District) / Mandi(District) / Himachal Pradesh(State),00888100,015713,N,,,,
866,13141,D.P.F. Badi Shingar (577),डी0पी0एफ0 बडी शिंगार (577),Padhar(Sub-District) / Mandi(District) / Himachal Pradesh(State),00630900,013141,N,,,,
867,13435,D.P.F. Badli (353),डी. पी. एफ. वडली (353),Jogindarnagar(Sub-District) / Mandi(District) / Himachal Pradesh(State),00660300,013435,N,,,,
868,14944,D.P.F. Badori (642),डी0पी0एफ0 बडोरी (642),Thachi(Sub-District) / Mandi(District) / Himachal Pradesh(State),00811200,014944,N,,,,
869,14940,D.P.F. Badyad (570),डी0पी0एफ0 बडयाड (570),Thachi(Sub-District) / Mandi(District) / Himachal Pradesh(State),00810800,014940,N,,,,
870,15585,D.P.F.Bag (255),डी.पी.ऐफ.बाग (255),Nihri(Sub-District) / Mandi(District) / Himachal Pradesh(State),00875300,015585,N,,,,
871,16106,D.P.F. Bag Bhakhari (298),डी.पी.एफ. बाग बखारी (298),Karsog(Sub-District) / Mandi(District) / Himachal Pradesh(State),00927400,016106,N,,,,
872,14403,D.P.F. Bagi (406),डी0पी0एफ0 बागी (406),Katoula(Sub-District) / Mandi(District) / Himachal Pradesh(State),00757100,014403,N,,,,
873,14921,D.P.F. Bagi Banwar (544),डी.पी.ऎफ.बागी बनवाड़ (544),Bali Chowki(Sub-District) / Mandi(District) / Himachal Pradesh(State),00808900,014921,N,,,,
874,14404,D.P.F. Bagi Bayodi (405),डी0पी0एफ0 बागी ब्योड़ी (405),Katoula(Sub-District) / Mandi(District) / Himachal Pradesh(State),00757200,014404,N,,,,
875,14555,D.P.F. Baglu (93),डी.पी.एफ. बागलू (93),Rewalsar(Sub-District) / Mandi(District) / Himachal Pradesh(State),00772300,014555,N,,,,
876,14827,D.P.F. Bagodh (513),डी.पी.एफ. बगोध (513),Aut(Sub-District) / Mandi(District) / Himachal Pradesh(State),00799500,014827,N,,,,
877,15031,D.P.F. Bagra (692),डी.पी.ऎफ.बगड़ा (692),Bali Chowki(Sub-District) / Mandi(District) / Himachal Pradesh(State),00819900,015031,N,,,,
878,16031,D.P.F. Bagshar (253),डी.पी.एफ. बगशाड (253),Bagshad(Sub-District) / Mandi(District) / Himachal Pradesh(State),00919900,016031,N,,,,
879,16294,D.P.F.Bagund (582),डी.पी.एफ. बगून्द (582),Karsog(Sub-District) / Mandi(District) / Himachal Pradesh(State),00946200,016294,N,,,,
880,14800,D.P.F. Bagyodh (317),डी.पी.एफ. बग्योध (317),Mandi(Sub-District) / Mandi(District) / Himachal Pradesh(State),00796800,014800,N,,,,
881,16283,D.P.F.Bahl (558),डी.पी.एफ. बहल (558),Karsog(Sub-District) / Mandi(District) / Himachal Pradesh(State),00945100,016283,N,,,,
882,14784,D.P.F.Bahli Dhar (310),डी.पी.एफ. बहली धार (310),Mandi(Sub-District) / Mandi(District) / Himachal Pradesh(State),00795200,014784,N,,,,
883,14388,D.P.F. Bajahad (170),डी.पी.एफ. बजाहड़ (170),Sundarnagar(Sub-District) / Mandi(District) / Himachal Pradesh(State),00755600,014388,N,,,,
884,15136,D.P.F.Bajaun (492),डी.पी.एफ.बजौं (492),Thunag(Sub-District) / Mandi(District) / Himachal Pradesh(State),00830400,015136,N,,,,
885,16232,D.P.F.Bajhu (456),डी.पी.एफ. बाझ (456),Karsog(Sub-District) / Mandi(District) / Himachal Pradesh(State),00940000,016232,N,,,,
886,15845,D.P.F. Bajhu Jhungi (395),डी.पी.एफ. बाझु झुंगी (395),Karsog(Sub-District) / Mandi(District) / Himachal Pradesh(State),00901300,015845,N,,,,
887,15840,D.P.F. Bajhu Karsog (400),डी.पी.एफ. बाझु करसोग (400),Karsog(Sub-District) / Mandi(District) / Himachal Pradesh(State),00900800,015840,N,,,,
888,15561,D.P.F. Bakalag (227),डी.पी.ऐफ.बकालग (227),Nihri(Sub-District) / Mandi(District) / Himachal Pradesh(State),00872900,015561,N,,,,
889,15848,D.P.F. Bakaran (403),डी0पी0एफ0 बकारन (403),Pangna(Sub-District) / Mandi(District) / Himachal Pradesh(State),00901600,015848,N,,,,
890,15457,D.P.F.Bakharyar (189),डी0पी0एफ0बखरयार (189),Chachyot(Sub-District) / Mandi(District) / Himachal Pradesh(State),00862500,015457,N,,,,
891,15307,D.P.F.Bakhli (3),डी.पी.एफ.बाखली (3),Chachyot(Sub-District) / Mandi(District) / Himachal Pradesh(State),00847500,015307,N,,,,
892,15115,D.P.F. Bakhlwar (479),डी.पी.एफ.बखलवार (479),Thunag(Sub-District) / Mandi(District) / Himachal Pradesh(State),00828300,015115,N,,,,
893,15866,D.P.F. Bakhras (385),डी.पी.एफ. बखरास (385),Karsog(Sub-District) / Mandi(District) / Himachal Pradesh(State),00903400,015866,N,,,,
894,15362,D.P.F.Bakora (81),डी0पी0एफ0बकोरा (81),Chachyot(Sub-District) / Mandi(District) / Himachal Pradesh(State),00853000,015362,N,,,,
895,16062,D.P.F.Balaso (337),डी.पी.एफ. बलासो (337),Bagshad(Sub-District) / Mandi(District) / Himachal Pradesh(State),00923000,016062,N,,,,
896,15249,D.P.F.Baloo Thach (381),डी.पी.ऎफ.बालू थाच (381),Chhatri(Sub-District) / Mandi(District) / Himachal Pradesh(State),00841700,015249,N,,,,
897,15138,D.P.F.Balyandha (489),डी.पी.एफ.बल्यांढा (489),Thunag(Sub-District) / Mandi(District) / Himachal Pradesh(State),00830600,015138,N,,,,
898,14413,D.P.F. Bambola (413),डी0पी0एफ0 बम्बोला (413),Katoula(Sub-District) / Mandi(District) / Himachal Pradesh(State),00758100,014413,N,,,,
899,15255,D.P.F.Banali Dhar (395),डी.पी.ऎफ.बनाली धार (395),Chhatri(Sub-District) / Mandi(District) / Himachal Pradesh(State),00842300,015255,N,,,,
900,13270,D.P.F. Banaun (78),डी. पी. एफ. बनौण (78),Jogindarnagar(Sub-District) / Mandi(District) / Himachal Pradesh(State),00643800,013270,N,,,,
901,15572,Dpf Bandlidhar (235),डी.पी.एफ. बन्दलीधार (235),Dehar(Sub-District) / Mandi(District) / Himachal Pradesh(State),00874000,015572,N,,,,
902,15710,D.P.F. Banesti (227),डी0पी0एफ0 बनेस्टी (227),Pangna(Sub-District) / Mandi(District) / Himachal Pradesh(State),00887800,015710,N,,,,
903,15333,D.P.F. Baniyur (29),डी0पी0एफ0 बनीयूर (29),Chachyot(Sub-District) / Mandi(District) / Himachal Pradesh(State),00850100,015333,N,,,,
904,14343,D.P.F.Banon (120),डी.पी.एफ. वनौण (120),Sundarnagar(Sub-District) / Mandi(District) / Himachal Pradesh(State),00751100,014343,N,,,,
905,15519,D.P.F.Banwali (190),डी.पी.ऐफ.बनवाली (190),Nihri(Sub-District) / Mandi(District) / Himachal Pradesh(State),00868700,015519,N,,,,
906,15340,D.P.F.Bara (13),डी0पी0एफ0 बाडा (13),Chachyot(Sub-District) / Mandi(District) / Himachal Pradesh(State),00850800,015340,N,,,,
907,15143,D.P.F.Bara (483),डी.पी.एफ.बाडा (483),Thunag(Sub-District) / Mandi(District) / Himachal Pradesh(State),00831100,015143,N,,,,
908,15784,D.P.F. Barnog (323),डी0पी0एफ0 बरनोग (323),Pangna(Sub-District) / Mandi(District) / Himachal Pradesh(State),00895200,015784,N,,,,
909,12991,D.P.F. Barot (409),डी0पी0एफ बरोट (409),Tikken(Sub-District) / Mandi(District) / Himachal Pradesh(State),00615900,012991,N,,,,
910,15571,D.P.F.Barpat (233),डी.पी.एफ. बरपट (233),Dehar(Sub-District) / Mandi(District) / Himachal Pradesh(State),00873900,015571,N,,,,
911,15765,D.P.F. Barsunda (326),डी0पी0एफ0 बरसूंडा (326),Pangna(Sub-District) / Mandi(District) / Himachal Pradesh(State),00893300,015765,N,,,,
912,14870,Dpf Bashouhat (475),डी.पी.एफ बशौहट (475),Aut(Sub-District) / Mandi(District) / Himachal Pradesh(State),00803800,014870,N,,,,
913,15645,D.P.F. Batahar (8),डी.पी.ऐफ.बटहड़ (8),Nihri(Sub-District) / Mandi(District) / Himachal Pradesh(State),00881300,015645,N,,,,
914,14877,D.P.F. Batahar Dhar (449),डी.पी.एफ बटाहरधार (449),Aut(Sub-District) / Mandi(District) / Himachal Pradesh(State),00804500,014877,N,,,,
915,13179,D.P.F. Batheri (515),डी0पी० एफ0 बथेरी (515),Katoula(Sub-District) / Mandi(District) / Himachal Pradesh(State),00634700,013179,N,,,,
916,15169,D.P.F. Bayla (444),डी.पी.एफ.बायला (444),Thunag(Sub-District) / Mandi(District) / Himachal Pradesh(State),00833700,015169,N,,,,
917,15858,D.P.F. Begli (212),डी0पी0एफ0 बेगली (212),Pangna(Sub-District) / Mandi(District) / Himachal Pradesh(State),00902600,015858,N,,,,
918,15762,D.P.F. Beglidhar (330),डी0पी0एफ0 बेगलीधार (330),Pangna(Sub-District) / Mandi(District) / Himachal Pradesh(State),00893000,015762,N,,,,
919,15193,D.P.F.Bhagdyar (341),डी.पी.एफ.भगडयार (341),Thunag(Sub-District) / Mandi(District) / Himachal Pradesh(State),00836100,015193,N,,,,
920,15516,D.P.F. Bhairumara (186),डी.पी.ऐफ.भैरूमारा (186),Nihri(Sub-District) / Mandi(District) / Himachal Pradesh(State),00868400,015516,N,,,,
921,13247,D.P.F. Bhajrala (1),डी. पी. एफ. भजराला (1),Jogindarnagar(Sub-District) / Mandi(District) / Himachal Pradesh(State),00641500,013247,N,,,,
922,15198,D.P.F.Bhalaon (345),डी.पी.एफ.भलौण (345),Thunag(Sub-District) / Mandi(District) / Himachal Pradesh(State),00836600,015198,N,,,,
923,15358,D.P.F.Bhalot (110),डी0पी0एफ0भलोट (110),Chachyot(Sub-District) / Mandi(District) / Himachal Pradesh(State),00852600,015358,N,,,,
924,13028,D.P.F. Bhamchwan (437),डी.पी.एफ. भमच्याण (432),Tikken(Sub-District) / Mandi(District) / Himachal Pradesh(State),00619600,013028,N,,,,
925,15853,D.P.F. Bhanach (214),डी0पी0एफ0 भनाच (214),Pangna(Sub-District) / Mandi(District) / Himachal Pradesh(State),00902100,015853,N,,,,
926,15079,D.P.F.Bharari (91),डी.पी.एफ.भराडी (91),Thunag(Sub-District) / Mandi(District) / Himachal Pradesh(State),00824700,015079,N,,,,
927,15180,D.P.F. Bharmax (445),डी.पी.एफ.भरमक्ष (445),Thunag(Sub-District) / Mandi(District) / Himachal Pradesh(State),00834800,015180,N,,,,
928,15188,D.P.F. Bharmehdi (358),डी.पी.एफ.भरमेहडी (358),Thunag(Sub-District) / Mandi(District) / Himachal Pradesh(State),00835600,015188,N,,,,
929,15041,D.P.F. Bhat Kutla (681),डी.पी.ऎफ.भाट कुटला (681),Bali Chowki(Sub-District) / Mandi(District) / Himachal Pradesh(State),00820900,015041,N,,,,
930,14843,D.P.F. Bhatmar (523),डी.पी.एफ. भाटमार (523),Aut(Sub-District) / Mandi(District) / Himachal Pradesh(State),00801100,014843,N,,,,
931,14865,D.P.F. Bhatwari (462),डी.पी.एफ. भटवाडी (462),Aut(Sub-District) / Mandi(District) / Himachal Pradesh(State),00803300,014865,N,,,,
932,15708,D.P.F. Bhayankar (282),डी.पी.ऐफ.भयंकर (282),Nihri(Sub-District) / Mandi(District) / Himachal Pradesh(State),00887600,015708,N,,,,
933,14924,D.P.F.Bheklidhar (539),डी.पी.ऎफ.भेखलीधार (539),Bali Chowki(Sub-District) / Mandi(District) / Himachal Pradesh(State),00809200,014924,N,,,,
934,15525,D.P.F. Bheval-A (164),डी.पी.ऐफ.भेवल-अ (164),Nihri(Sub-District) / Mandi(District) / Himachal Pradesh(State),00869300,015525,N,,,,
935,15530,D.P.F. Bheval-B (160),डी.पी.ऐफ.भेवल-ब (160),Nihri(Sub-District) / Mandi(District) / Himachal Pradesh(State),00869800,015530,N,,,,
936,15157,D.P.F.Bhiyand (468),डी.पी.एफ.भीयान्द (468),Thunag(Sub-District) / Mandi(District) / Himachal Pradesh(State),00832500,015157,N,,,,
937,13052,D.P.F. Bhubu (484),डी0पी0एफ0 भूभू (484),Padhar(Sub-District) / Mandi(District) / Himachal Pradesh(State),00622000,013052,N,,,,
938,15577,D.P.F.Bhun (217),डी.पी.ऐफ.भूण (217),Nihri(Sub-District) / Mandi(District) / Himachal Pradesh(State),00874500,015577,N,,,,
939,16272,D.P.F. Bhundashil (532),डी.पी.एफ. भुण्डाशिल्ह (532),Karsog(Sub-District) / Mandi(District) / Himachal Pradesh(State),00944000,016272,N,,,,
940,14868,Dpf Bhuthi (469),डी.पी.एफ भूठी (469),Aut(Sub-District) / Mandi(District) / Himachal Pradesh(State),00803600,014868,N,,,,
941,14951,D.P.F.Binglao (638),डी0 पी0 एफ0 बिगलाओ (638),Thachi(Sub-District) / Mandi(District) / Himachal Pradesh(State),00811900,014951,N,,,,
942,15367,D.P.F.Biradhar (108),डी0पी0एफ0 वीराधार (108),Chachyot(Sub-District) / Mandi(District) / Himachal Pradesh(State),00853500,015367,N,,,,
943,14933,D.P.F. Birni Samlohi (590),डी.पी.ऎफ.बिरनी समलोही (590),Bali Chowki(Sub-District) / Mandi(District) / Himachal Pradesh(State),00810100,014933,N,,,,
944,15099,D.P.F. Bneshidhar (142),डी.पी.एफ.बनैशीधार (142),Thunag(Sub-District) / Mandi(District) / Himachal Pradesh(State),00826700,015099,N,,,,
945,13009,D.P.F. Boching (415),डी0पी0एफ बोचिंग (415),Tikken(Sub-District) / Mandi(District) / Himachal Pradesh(State),00617700,013009,N,,,,
946,14463,D.P.F. Brhal (436),डी.पी.एफ. ब्राहल (436),Mandi(Sub-District) / Mandi(District) / Himachal Pradesh(State),00763100,014463,N,,,,
947,15159,D.P.F. Budhakedar (437),डी.पी.एफ.बूढाकेदार (437),Thunag(Sub-District) / Mandi(District) / Himachal Pradesh(State),00832700,015159,N,,,,
948,15587,D.P.F.Bunga (257),डी.पी.ऐफ.बुंगा (257),Nihri(Sub-District) / Mandi(District) / Himachal Pradesh(State),00875500,015587,N,,,,
949,15129,D.P.F.Bunga (505),डी.पी.एफ.बुगां (505),Bagachnogi(Sub-District) / Mandi(District) / Himachal Pradesh(State),00829700,015129,N,,,,
950,15254,D.P.F.Bunga Dhar (380),डी.पी.ऎफ.बुन्गाधार (380),Chhatri(Sub-District) / Mandi(District) / Himachal Pradesh(State),00842200,015254,N,,,,
951,15156,D.P.F.Bungatu (467),डी.पी.एफ.बूंगटू (467),Thunag(Sub-District) / Mandi(District) / Himachal Pradesh(State),00832400,015156,N,,,,
952,16266,D.P.F.Chabher (538),डी.पी.एफ. चाभर (538),Karsog(Sub-District) / Mandi(District) / Himachal Pradesh(State),00943400,016266,N,,,,
953,14769,Dpf Chabhua (303),डी.पी.एफ. चभूआं (303),Mandi(Sub-District) / Mandi(District) / Himachal Pradesh(State),00793700,014769,N,,,,
954,15614,D.P.F. Chadog (277),डी.पी.ऐफ.चड़ोग (277),Nihri(Sub-District) / Mandi(District) / Himachal Pradesh(State),00878200,015614,N,,,,
955,15394,D.P.F.Chaili (99),डी0पी0एफ0चैली (99),Chachyot(Sub-District) / Mandi(District) / Himachal Pradesh(State),00856200,015394,N,,,,
956,15396,D.P.F. Chakaryala (102),डी0पी0एफ0 चकडयाला (102),Chachyot(Sub-District) / Mandi(District) / Himachal Pradesh(State),00856400,015396,N,,,,
957,15869,D.P.F. Chakranth (381),डी.पी.एफ. चकरण्ठ (381),Karsog(Sub-District) / Mandi(District) / Himachal Pradesh(State),00903700,015869,N,,,,
958,15165,D.P.F.Chakruhan (441),डी.पी.एफ.चकरूहण (441),Thunag(Sub-District) / Mandi(District) / Himachal Pradesh(State),00833300,015165,N,,,,
959,14356,D.P.F. Chalaila (136),डी.पी.एफ.चलैला (136),Sundarnagar(Sub-District) / Mandi(District) / Himachal Pradesh(State),00752400,014356,N,,,,
960,16155,D.P.F.Chalaoni (357),डी.पी.एफ. चलौहणी (357),Karsog(Sub-District) / Mandi(District) / Himachal Pradesh(State),00932300,016155,N,,,,
961,13211,D.P.F. Chalaudhar (505),डी0पी0एफ0चलाउधार(505),Katoula(Sub-District) / Mandi(District) / Himachal Pradesh(State),00637900,013211,N,,,,
962,15589,D.P.F. Chalaun (263),डी.पी.ऐफ.चलौण (263),Nihri(Sub-District) / Mandi(District) / Himachal Pradesh(State),00875700,015589,N,,,,
963,14399,D.P.F. Chambu Shil (173),डी.पी.एफ.चाम्बू शिल्ह (173),Sundarnagar(Sub-District) / Mandi(District) / Himachal Pradesh(State),00756700,014399,N,,,,
964,14999,D.P.F. Chamdhiyar (614),डी.पी.ऎफ.चमढयार (614),Bali Chowki(Sub-District) / Mandi(District) / Himachal Pradesh(State),00816700,014999,N,,,,
965,15419,D.P.F.Chamyani (145),डी0पी0एफ0 चमयाणी (145),Chachyot(Sub-District) / Mandi(District) / Himachal Pradesh(State),00858700,015419,N,,,,
966,15247,D.P.F.Chanag Shilh (397),डी.पी.ऎफ.चनाग शिल्ह (397),Chhatri(Sub-District) / Mandi(District) / Himachal Pradesh(State),00841500,015247,N,,,,
967,15535,D.P.F. Chandakufer (207),डी.पी.ऐफ.चन्दाकूफर (207),Nihri(Sub-District) / Mandi(District) / Himachal Pradesh(State),00870300,015535,N,,,,
968,16129,D.P.F.Chando (341),डी.पी.एफ. चाँदो (341),Bagshad(Sub-District) / Mandi(District) / Himachal Pradesh(State),00929700,016129,N,,,,
969,13910,Dpf Chandrakari (231),डी. पी. एफ. चन्द्राकड़ी (231),Sarkaghat(Sub-District) / Mandi(District) / Himachal Pradesh(State),00707800,013910,N,,,,
970,939610,D.P.F. Changer A (26/2),डी.पी.एफ. चांगर ऐ (26/2),Sundarnagar(Sub-District) / Mandi(District) / Himachal Pradesh(State),,000000,N,,,,
971,939611,D.P.F.Changer B (26/3),डी.पी.एफ.चांगर बी. (26/3),Sundarnagar(Sub-District) / Mandi(District) / Himachal Pradesh(State),,000000,N,,,,
972,15301,D.P.F.Chapland (717),डी.पी.ऎफ.चपलान्द (717),Chhatri(Sub-District) / Mandi(District) / Himachal Pradesh(State),00846900,015301,N,,,,
973,16237,D.P.F.Charog (509),डी.पी.एफ. चरोग (509),Karsog(Sub-District) / Mandi(District) / Himachal Pradesh(State),00940500,016237,N,,,,
974,15225,D.P.F.Charti (401),डी.पी.ऎफ.चरठी (401),Chhatri(Sub-District) / Mandi(District) / Himachal Pradesh(State),00839300,015225,N,,,,
975,14943,D.P.F. Chasnas (569),डी0पी0एफ0 चसनस (569),Thachi(Sub-District) / Mandi(District) / Himachal Pradesh(State),00811100,014943,N,,,,
976,15592,D.P.F.Chauri (258),डी.पी.ऐफ.चौरी (258),Nihri(Sub-District) / Mandi(District) / Himachal Pradesh(State),00876000,015592,N,,,,
977,13493,D.P.F.Chelchatra (115),डी0 पी0 एफ0 चैलचतरा (115),Lad Bharol(Sub-District) / Mandi(District) / Himachal Pradesh(State),00666100,013493,N,,,,
978,15747,D.P.F. Chhadeni Daint (252),डी0पी0एफ0 छड़ैणी दैंत (252),Pangna(Sub-District) / Mandi(District) / Himachal Pradesh(State),00891500,015747,N,,,,
979,15929,D.P.F. Chhaj (191),डी0पी0एफ0 छज (191),Pangna(Sub-District) / Mandi(District) / Himachal Pradesh(State),00909700,015929,N,,,,
980,15006,D.P.F. Chhanjhanu (627),डी.पी.ऎफ. छांजनू (627),Bali Chowki(Sub-District) / Mandi(District) / Himachal Pradesh(State),00817400,015006,N,,,,
981,15267,D.P.F.Chhatri (416),डी.पी.ऎफ.छत्तरी (416),Chhatri(Sub-District) / Mandi(District) / Himachal Pradesh(State),00843500,015267,N,,,,
982,14334,D.P.F.Chhatteru (18),डी.पी.एफ. छातड़ू (18),Sundarnagar(Sub-District) / Mandi(District) / Himachal Pradesh(State),00750200,014334,N,,,,
983,15529,D.P.F. Chhichhad (158),डी.पी.ऐफ.छिछड़ (158),Nihri(Sub-District) / Mandi(District) / Himachal Pradesh(State),00869700,015529,N,,,,
984,15295,D.P.F.Chhonal (714),डी.पी.ऎफ.छोनाल (714),Chhatri(Sub-District) / Mandi(District) / Himachal Pradesh(State),00846300,015295,N,,,,
985,15734,D.P.F. Chhota Gadaun (274),डी0पी0एफ0 छोटा गड़ौण (274),Pangna(Sub-District) / Mandi(District) / Himachal Pradesh(State),00890200,015734,N,,,,
986,14887,D.P.F. Chhuri Bain (464),डी.पी.एफ. छुरीबाईं (464),Aut(Sub-District) / Mandi(District) / Himachal Pradesh(State),00805500,014887,N,,,,
987,15153,D.P.F.Chilamgad (463),डी.पी.एफ.चिलमगाड (463),Thunag(Sub-District) / Mandi(District) / Himachal Pradesh(State),00832100,015153,N,,,,
988,14126,D.P.F. Chil Chugan (421),डी.पी.एफ. चील चौगान (421),Dhalwan(Sub-District) / Mandi(District) / Himachal Pradesh(State),00729400,014126,N,,,,
989,15938,D.P.F. Chil Sarahi (91),डी0पी0एफ0 चील सरही (91),Pangna(Sub-District) / Mandi(District) / Himachal Pradesh(State),00910600,015938,N,,,,
990,16142,D.P.F.Chindi (382),डी.पी.एफ. चिण्डी (382),Karsog(Sub-District) / Mandi(District) / Himachal Pradesh(State),00931000,016142,N,,,,
991,15653,D.P.F. Chiral (14),डी.पी.ऐफ.चिरल (14),Nihri(Sub-District) / Mandi(District) / Himachal Pradesh(State),00882100,015653,N,,,,
992,14935,D.P.F. Choohari Kalyala (572),डी0पी0 एफ0 चोहडी कल्याला (572),Thachi(Sub-District) / Mandi(District) / Himachal Pradesh(State),00810300,014935,N,,,,
993,15146,D.P.F. Chopru (486),डी.पी.एफ.चोपडू (468),Thunag(Sub-District) / Mandi(District) / Himachal Pradesh(State),00831400,015146,N,,,,
994,13144,D.P.F. Chotti Shingar (579),डी0पी0एफ0 छोटी शिंगार (579),Padhar(Sub-District) / Mandi(District) / Himachal Pradesh(State),00631200,013144,N,,,,
995,14838,D.P.F. Chubhlu (517),डी.पी.एफ. चुभलू (517),Aut(Sub-District) / Mandi(District) / Himachal Pradesh(State),00800600,014838,N,,,,
996,15743,D.P.F. Chuhar (249),डी0पी0एफ0 चुहार (249),Pangna(Sub-District) / Mandi(District) / Himachal Pradesh(State),00891100,015743,N,,,,
997,14846,D.P.F. Chuli Nal (483),डी.पी.एफ. चुलीनाल (483),Aut(Sub-District) / Mandi(District) / Himachal Pradesh(State),00801400,014846,N,,,,
998,15497,D.P.F. Chuninaal (215),डी0पी0एफ0 चुनीनाल (215),Chachyot(Sub-District) / Mandi(District) / Himachal Pradesh(State),00866500,015497,N,,,,
999,14981,D.P.F. Chunji Chalahar (607),डी.पी.ऎफ.चुन्जी चलहार (607),Bali Chowki(Sub-District) / Mandi(District) / Himachal Pradesh(State),00814900,014981,N,,,,
1000,15483,D.P.F.Churagati (211),डी0पी0एफ0 चुरागटी (211),Chachyot(Sub-District) / Mandi(District) / Himachal Pradesh(State),00865100,015483,N,,,,
1001,15776,D.P.F. Churasani (247),डी0पी0एफ0 चुरासनी (247),Pangna(Sub-District) / Mandi(District) / Himachal Pradesh(State),00894400,015776,N,,,,
1002,15558,D.P.F. Chyohada (222),डी.पी.ऐफ.च्योहड़ा (222),Nihri(Sub-District) / Mandi(District) / Himachal Pradesh(State),00872600,015558,N,,,,
1003,15208,D.P.F.Dadhwar (362),डी.पी.एफ.डढवार (362),Thunag(Sub-District) / Mandi(District) / Himachal Pradesh(State),00837600,015208,N,,,,
1004,15141,D.P.F. Dadidhar (481),डी.पी.एफ.दाडीधार (481),Thunag(Sub-District) / Mandi(District) / Himachal Pradesh(State),00830900,015141,N,,,,
1005,15860,D.P.F. Dahi (205),डी0पी0एफ0 डही (205),Pangna(Sub-District) / Mandi(District) / Himachal Pradesh(State),00902800,015860,N,,,,
1006,15718,D.P.F. Daint (302),डी.पी.ऐफ.दैन्त (302),Nihri(Sub-District) / Mandi(District) / Himachal Pradesh(State),00888600,015718,N,,,,
1007,13046,D.P.F. Daint Nala (464),डी.पी.एफ. दैन्तनाला (464),Tikken(Sub-District) / Mandi(District) / Himachal Pradesh(State),00621400,013046,N,,,,
1008,14816,D.P.F.Dakshati (488),डी.पी.एफ. दकष्टी (488),Aut(Sub-District) / Mandi(District) / Himachal Pradesh(State),00798400,014816,N,,,,
1009,14797,Dpf Dalikar (319),डी.पी.एफ. दलीकर (319),Mandi(Sub-District) / Mandi(District) / Himachal Pradesh(State),00796500,014797,N,,,,
1010,15389,D.P.F. Dalog (119),डी0पी0एफ0डलोग (119),Chachyot(Sub-District) / Mandi(District) / Himachal Pradesh(State),00855700,015389,N,,,,
1011,15205,D.P.F.Damedhi (359),डी.पी.एफ.डमेढी (359),Thunag(Sub-District) / Mandi(District) / Himachal Pradesh(State),00837300,015205,N,,,,
1012,15870,D.P.F. Damehal (369),डी.पी.एफ. डमेहल (369),Karsog(Sub-District) / Mandi(District) / Himachal Pradesh(State),00903800,015870,N,,,,
1013,15318,D.P.F.Daran (17),डी0पी0एफ0दारन (17),Chachyot(Sub-District) / Mandi(District) / Himachal Pradesh(State),00848600,015318,N,,,,
1014,15007,D.P.F. Daran Gahar (631),डी.पी.ऎफ.दारन गहर (631),Bali Chowki(Sub-District) / Mandi(District) / Himachal Pradesh(State),00817500,015007,N,,,,
1015,15085,D.P.F.Daroun (132),डी.पी.एफ.द्रोण (132),Thunag(Sub-District) / Mandi(District) / Himachal Pradesh(State),00825300,015085,N,,,,
1016,15451,D.P.F. Darudev (173),डी0पी0एफ दाडूदेव (173),Chachyot(Sub-District) / Mandi(District) / Himachal Pradesh(State),00861900,015451,N,,,,
1017,15648,D.P.F. Dawarlu (10),डी.पी.ऐफ.दवारलू (10),Nihri(Sub-District) / Mandi(District) / Himachal Pradesh(State),00881600,015648,N,,,,
1018,15477,D.P.F. Dayot (192),डी0पी0एफ0 दयोट (192),Chachyot(Sub-District) / Mandi(District) / Himachal Pradesh(State),00864500,015477,N,,,,
1019,15481,D.P.F.Dent (193),डी0पी0एफ0 दैन्त (193),Chachyot(Sub-District) / Mandi(District) / Himachal Pradesh(State),00864900,015481,N,,,,
1020,13088,D.P.F. Deodhar (361),डी0पी0एफ0 देवधार (361),Padhar(Sub-District) / Mandi(District) / Himachal Pradesh(State),00625600,013088,N,,,,
1021,13005,D.P.F. Deodhar (442),डी0पी0एफ देवधार (442),Tikken(Sub-District) / Mandi(District) / Himachal Pradesh(State),00617300,013005,N,,,,
1022,15105,D.P.F.Deolnal (469),डी.पी.एफ. देयोलनाल (469),Thunag(Sub-District) / Mandi(District) / Himachal Pradesh(State),00827300,015105,N,,,,
1023,14984,D.P.F. Deothach (632),डी0 पी0 एफ0 देवथाच (632),Thachi(Sub-District) / Mandi(District) / Himachal Pradesh(State),00815200,014984,N,,,,
1024,15513,D.P.F.Devi Darh (241),डी0पी0एफ0 देवीदड (241),Chachyot(Sub-District) / Mandi(District) / Himachal Pradesh(State),00868100,015513,N,,,,
1025,16042,D.P.F. Devi Kot (146),डी.पी.एफ.देवीकोट (146),Bagshad(Sub-District) / Mandi(District) / Himachal Pradesh(State),00921000,016042,N,,,,
1026,15215,D.P.F.Devki Dhar (368),डी.पी.एफ.देवकीधार (368),Thunag(Sub-District) / Mandi(District) / Himachal Pradesh(State),00838300,015215,N,,,,
1027,15597,D.P.F. Devli (266),डी.पी.ऐफ.देवली (266),Nihri(Sub-District) / Mandi(District) / Himachal Pradesh(State),00876500,015597,N,,,,
1028,15195,D.P.F.Devprala (343),डी.पी.एफ.देवप्राला (343),Thunag(Sub-District) / Mandi(District) / Himachal Pradesh(State),00836300,015195,N,,,,
1029,15176,D.P.F.Dhaingad (452),डी.पी.एफ.धांईगाड (452),Thunag(Sub-District) / Mandi(District) / Himachal Pradesh(State),00834400,015176,N,,,,
1030,13035,D.P.F. Dhamchian (427),डी.पी.एफ.धमच्याण (427),Tikken(Sub-District) / Mandi(District) / Himachal Pradesh(State),00620300,013035,N,,,,
1031,15438,D.P.F.Dhamech (163),डी0पी0एफ0 ढमेच (163),Chachyot(Sub-District) / Mandi(District) / Himachal Pradesh(State),00860600,015438,N,,,,
1032,15618,D.P.F. Dhamkaun (281),डी.पी.ऐफ.धमकौण (281),Nihri(Sub-District) / Mandi(District) / Himachal Pradesh(State),00878600,015618,N,,,,
1033,16207,D.P.F. Dhamun (451),डी.पी.एफ. धमून  (451),Karsog(Sub-District) / Mandi(District) / Himachal Pradesh(State),00937500,016207,N,,,,
1034,13233,D.P.F. Dhanyatar (71),डी. पी. एफ. धनयातर (71),Jogindarnagar(Sub-District) / Mandi(District) / Himachal Pradesh(State),00640100,013233,N,,,,
1035,15455,D.P.F.Dhar (182),डी0पी0एफ0धार (182),Chachyot(Sub-District) / Mandi(District) / Himachal Pradesh(State),00862300,015455,N,,,,
1036,16114,D.P.F.Dharanda (334),डी.पी.एफ. धारण्डा (334),Bagshad(Sub-District) / Mandi(District) / Himachal Pradesh(State),00928200,016114,N,,,,
1037,15468,D.P.F.Dhar Kanjihra (223),डी0पी0एफ0 धार कंजीहडा (223),Chachyot(Sub-District) / Mandi(District) / Himachal Pradesh(State),00863600,015468,N,,,,
1038,15703,D.P.F. Dharli (287),डी.पी.ऐफ.धारली (287),Nihri(Sub-District) / Mandi(District) / Himachal Pradesh(State),00887100,015703,N,,,,
1039,16051,D.P.F.Dharmor (159),डी.पी.एफ. धरमौड (159),Bagshad(Sub-District) / Mandi(District) / Himachal Pradesh(State),00921900,016051,N,,,,
1040,16057,D.P.F.Dharmor (165),डी.पी.एफ. धरमौड (165),Bagshad(Sub-District) / Mandi(District) / Himachal Pradesh(State),00922500,016057,N,,,,
1041,15898,D.P.F. Dharmor (171),डी.पी.एफ. धरमौड (171),Bagshad(Sub-District) / Mandi(District) / Himachal Pradesh(State),00906600,015898,N,,,,
1042,15392,D.P.F.Dharot (105),डी0पी0एफ0 धरोट (105),Chachyot(Sub-District) / Mandi(District) / Himachal Pradesh(State),00856000,015392,N,,,,
1043,15107,D.P.F.Dharotha (472),डी.पी.एफ.धरोठा (472),Thunag(Sub-District) / Mandi(District) / Himachal Pradesh(State),00827500,015107,N,,,,
1044,15097,D.P.F.Dharwar (135),डी.पी.एफ.धरवार (135),Thunag(Sub-District) / Mandi(District) / Himachal Pradesh(State),00826500,015097,N,,,,
1045,15191,D.P.F.Dharwar Shilh (353),डी.पी.एफ.धरवार शिल्ह (353),Thunag(Sub-District) / Mandi(District) / Himachal Pradesh(State),00835900,015191,N,,,,
1046,14291,D.P.F. Dhawal (236),डी.पी.एफ. धवाल (236),Dehar(Sub-District) / Mandi(District) / Himachal Pradesh(State),00745900,014291,N,,,,
1047,15211,D.P.F.Dhawara (365),डी.पी.एफ.धवारा (365),Thunag(Sub-District) / Mandi(District) / Himachal Pradesh(State),00837900,015211,N,,,,
1048,14114,D.P.F. Dholkhan (473),डी.पी.एफ. धौलखान (473),Dhalwan(Sub-District) / Mandi(District) / Himachal Pradesh(State),00728200,014114,N,,,,
1049,14794,Dpf Dhuan Devi(316),धुंवा देवी (316),Mandi(Sub-District) / Mandi(District) / Himachal Pradesh(State),00796200,014794,N,eSignGOFile662648_19_02_2025_17_27_23.pdf,,,
1050,14985,D.P.F. Dhunj Gahar (630),डी.पी.ऎफ.ढून्जगहर (630),Bali Chowki(Sub-District) / Mandi(District) / Himachal Pradesh(State),00815300,014985,N,,,,
1051,14969,D.P.F. Dhunju Shegla (577),डी0 पी0 एफ0 धुन्जू शेगला (577),Thachi(Sub-District) / Mandi(District) / Himachal Pradesh(State),00813700,014969,N,,,,
1052,15799,D.P.F. Dhurmu (542),डी.पी.एफ. धुर्मू (542),Karsog(Sub-District) / Mandi(District) / Himachal Pradesh(State),00896700,015799,N,,,,
1053,13091,D.P.F. Dibkan (364),डी0पी0एफ0 डिबकन (364),Padhar(Sub-District) / Mandi(District) / Himachal Pradesh(State),00625900,013091,N,,,,
1054,14854,D.P.F.Diun Dhar (466),डी.पी.एफ. दियूणधार (466),Aut(Sub-District) / Mandi(District) / Himachal Pradesh(State),00802200,014854,N,,,,
1055,15789,D .P.F. Dofa (484),डी.पी.एफ. दोफा (484),Karsog(Sub-District) / Mandi(District) / Himachal Pradesh(State),00895700,015789,N,,,,
1056,14386,D.P.F.Dogheri (168),डी.पी.एफ.दोघरी (168),Sundarnagar(Sub-District) / Mandi(District) / Himachal Pradesh(State),00755400,014386,N,,,,
1057,14937,D.P.F. Doripather (567),डी0पी0एफ0 डोरी पत्थर (567),Thachi(Sub-District) / Mandi(District) / Himachal Pradesh(State),00810500,014937,N,,,,
1058,15217,D.P.F.Drahal (372),डी.पी.एफ.द्रहल (372),Thunag(Sub-District) / Mandi(District) / Himachal Pradesh(State),00838500,015217,N,,,,
1059,16302,D.P.F.Drahal (577),डी.पी.एफ. द्रहल (577),Karsog(Sub-District) / Mandi(District) / Himachal Pradesh(State),00947000,016302,N,,,,
1060,14936,D.P.F. Dudhagi (584),डी0 पी0 एफ0 दुधागी (584),Thachi(Sub-District) / Mandi(District) / Himachal Pradesh(State),00810400,014936,N,,,,
1061,15025,D.P.F.Dugha Kalieun (676),डी.पी.ऎफ.डुघा कलीउण (676),Bali Chowki(Sub-District) / Mandi(District) / Himachal Pradesh(State),00819300,015025,N,,,,
1062,13045,D.P.F.Duman (454),डी.पी.एफ. डुमाण (454),Tikken(Sub-District) / Mandi(District) / Himachal Pradesh(State),00621300,013045,N,,,,
1063,14733,D.P.F. Dyoda (228),डी.पी.ऎफ.डयोड़ा (228),Balh(Sub-District) / Mandi(District) / Himachal Pradesh(State),00790100,014733,N,,,,
1064,15287,D.P.F.Faidhar (705),डी.पी.ऎफ.फईधार (705),Chhatri(Sub-District) / Mandi(District) / Himachal Pradesh(State),00845500,015287,N,,,,
1065,14821,D.P.F. Falatnal (501),डी.पी.एफ.फलटनाल (501),Aut(Sub-District) / Mandi(District) / Himachal Pradesh(State),00798900,014821,N,,,,
1066,14917,D.P.F. Fhanjar (549),डी.पी.ऎफ.फन्जार (549),Bali Chowki(Sub-District) / Mandi(District) / Himachal Pradesh(State),00808500,014917,N,,,,
1067,15926,D.P.F. Fras (193),डी0पी0एफ0 फरास (193),Pangna(Sub-District) / Mandi(District) / Himachal Pradesh(State),00909400,015926,N,,,,
1068,15370,D.P.F.Fungwar (112),डी0पी0एफ0 बस्सी फंगवार (112),Chachyot(Sub-District) / Mandi(District) / Himachal Pradesh(State),00853800,015370,N,,,,
1069,13077,D.P.F. Futakhal (370),डी0पी0एफ0 फुटाखल (370),Padhar(Sub-District) / Mandi(District) / Himachal Pradesh(State),00624500,013077,N,,,,
1070,15163,D.P.F.Gadagalu (440),डी.पी.एफ.गाडागलू (440),Thunag(Sub-District) / Mandi(District) / Himachal Pradesh(State),00833100,015163,N,,,,
1071,15626,D.P.F. Gadahach (268),डी.पी.ऐफ.गड़ाहच (268),Nihri(Sub-District) / Mandi(District) / Himachal Pradesh(State),00879400,015626,N,,,,
1072,16303,D.P.F.Gadaran (555),डी.पी.एफ. गडारन (555),Karsog(Sub-District) / Mandi(District) / Himachal Pradesh(State),00947100,016303,N,,,,
1073,14391,D.P.F.Gadehal (179),डी.पी.एफ. गड़ैहल (179),Sundarnagar(Sub-District) / Mandi(District) / Himachal Pradesh(State),00755900,014391,N,,,,
1074,15397,D.P.F.Gadhiman (101),डी0पी0एफ0 गधीमण (101),Chachyot(Sub-District) / Mandi(District) / Himachal Pradesh(State),00856500,015397,N,,,,
1075,15471,D.P.F. Gadonnaal (228),डी0पी0एफ0 गडौणनाल (228),Chachyot(Sub-District) / Mandi(District) / Himachal Pradesh(State),00863900,015471,N,,,,
1076,15574,D.P.F.Gaiharu (231),डी.पी.एफ. गैहरू (231),Dehar(Sub-District) / Mandi(District) / Himachal Pradesh(State),00874200,015574,N,,,,
1077,15694,D.P.F. Galukhar (300),डी.पी.ऐफ.गलूखर (300),Nihri(Sub-District) / Mandi(District) / Himachal Pradesh(State),00886200,015694,N,,,,
1078,14523,Dpf Gandharv (359),डी.पी.एफ गन्धर्व (359),Mandi(Sub-District) / Mandi(District) / Himachal Pradesh(State),00769100,014523,N,,,,
1079,14513,Dpf Gandhiru (53),डी.पी.एफ गन्धीरू (53),Mandi(Sub-District) / Mandi(District) / Himachal Pradesh(State),00768100,014513,N,,,,
1080,15459,D.P.F.Gani (188),डी0पी0एफ0गणी (188),Chachyot(Sub-District) / Mandi(District) / Himachal Pradesh(State),00862700,015459,N,,,,
1081,13044,D.P.F. Garaman (453),डी.पी.एफ. ग्रामण (453),Tikken(Sub-District) / Mandi(District) / Himachal Pradesh(State),00621200,013044,N,,,,
1082,15756,D.P.F. Garh Ka Chhol (269),डी0पी0एफ0 गढ़ का छोल (269),Pangna(Sub-District) / Mandi(District) / Himachal Pradesh(State),00892400,015756,N,,,,
1083,15181,D.P.F. Garijhanu (431),डी.पी.एफ. गरीझणु  (431),Thunag(Sub-District) / Mandi(District) / Himachal Pradesh(State),00834900,015181,N,,,,
1084,16288,D.P.F.Garjoob (548),डी.पी.एफ. गरजूब (548),Karsog(Sub-District) / Mandi(District) / Himachal Pradesh(State),00945600,016288,N,,,,
1085,15338,D.P.F.Gawar (76),डी0पी0एफ0 गवाड (76),Chachyot(Sub-District) / Mandi(District) / Himachal Pradesh(State),00850600,015338,N,,,,
1086,14927,D.P.F.Ghachigad (565),डी0पी0एफ0 गाचीगाड़ (565),Thachi(Sub-District) / Mandi(District) / Himachal Pradesh(State),00809500,014927,N,,,,
1087,15811,D.P.F. Ghalech (487),डी.पी.एफ. घलैच (487),Karsog(Sub-District) / Mandi(District) / Himachal Pradesh(State),00897900,015811,N,,,,
1088,16006,D.P.F.Ghangar (127),डी.पी.एफ. घाँघर (127),Bagshad(Sub-District) / Mandi(District) / Himachal Pradesh(State),00917400,016006,N,,,,
1089,14905,D.P.F. Ghanisar (557),डी.पी.ऎफ.घनीसर (557),Bali Chowki(Sub-District) / Mandi(District) / Himachal Pradesh(State),00807300,014905,N,,,,
1090,15177,D.P.F.Gharaligad (450),डी.पी.एफ.घरालीगाड (450),Thunag(Sub-District) / Mandi(District) / Himachal Pradesh(State),00834500,015177,N,,,,
1091,15968,D.P.F. Gharlol (63),डी.पी.एफ.घरलोल (63),Bagshad(Sub-District) / Mandi(District) / Himachal Pradesh(State),00913600,015968,N,,,,
1092,14814,D.P.F. Gharyana Dhar (486),डी.पी.एफ.घरयाणाधार (486),Aut(Sub-District) / Mandi(District) / Himachal Pradesh(State),00798200,014814,N,,,,
1093,14799,D.P.F. Ghatlu (321),डी.पी.एफ. घाटलू (321),Mandi(Sub-District) / Mandi(District) / Himachal Pradesh(State),00796700,014799,N,,,,
1094,13250,D.P.F. Ghatta (17),डी. पी. एफ. घटटा (17),Jogindarnagar(Sub-District) / Mandi(District) / Himachal Pradesh(State),00641800,013250,N,,,,
1095,15744,D.P.F. Ghawata (257),डी0पी0एफ0 घवाटा (257),Pangna(Sub-District) / Mandi(District) / Himachal Pradesh(State),00891200,015744,N,,,,
1096,16069,D.P.F. Ghawla (260),डी.पी.एफ. घावला (260),Bagshad(Sub-District) / Mandi(District) / Himachal Pradesh(State),00923700,016069,N,,,,
1097,15030,D.P.F. Ghughu Gahar (689),डी.पी.ऎफ.घुघू गहर (689),Bali Chowki(Sub-District) / Mandi(District) / Himachal Pradesh(State),00819800,015030,N,,,,
1098,14815,D.P.F.Ghurat (487),डी.पी.एफ. घुडात (487),Aut(Sub-District) / Mandi(District) / Himachal Pradesh(State),00798300,014815,N,,,,
1099,14117,D.P.F. Gobharta (412),डी.पी.एफ. गोभड़ता (412),Dhalwan(Sub-District) / Mandi(District) / Himachal Pradesh(State),00728500,014117,N,,,,
1100,15466,D.P.F.Golhan (200),डी0पी0एफ0  गोल्हन (200),Chachyot(Sub-District) / Mandi(District) / Himachal Pradesh(State),00863400,015466,N,,,,
1101,14364,D.P.F.Hafwana (139),डी.पी.एफ.हफवाणा (139),Sundarnagar(Sub-District) / Mandi(District) / Himachal Pradesh(State),00753200,014364,N,,,,
1102,15293,D.P.F.Halchhawal (708),डी.पी.ऎफ.हलछवाल (708),Chhatri(Sub-District) / Mandi(District) / Himachal Pradesh(State),00846100,015293,N,,,,
1103,15365,D.P.F.Haleenu (106),डी0पी0एफ0हलिणू (106),Chachyot(Sub-District) / Mandi(District) / Himachal Pradesh(State),00853300,015365,N,,,,
1104,15227,D.P.F. Halshigad (430),डी.पी.एफ. हलशीगाड (430),Thunag(Sub-District) / Mandi(District) / Himachal Pradesh(State),00839500,015227,N,,,,
1105,14682,D.P.F. Hatgarh (246),डी.पी.ऎफ.हटगढ़ (246),Balh(Sub-District) / Mandi(District) / Himachal Pradesh(State),00785000,014682,N,,,,
1106,15224,D.P.F.Henigad (400),डी.पी.ऎफ.हेणीगाड़ (400),Chhatri(Sub-District) / Mandi(District) / Himachal Pradesh(State),00839200,015224,N,,,,
1107,13213,D.P.F. Himgarh (507),डी0पी0एफ0 हिमगढ़ (507),Katoula(Sub-District) / Mandi(District) / Himachal Pradesh(State),00638100,013213,N,,,,
1108,15915,D.P.F. Himri (174),डी.पी.एफ. हिमरी (174),Bagshad(Sub-District) / Mandi(District) / Himachal Pradesh(State),00908300,015915,N,,,,
1109,13195,D.P.F. Hurang (487),डी0पी0एफ0 हुरंग (487),Padhar(Sub-District) / Mandi(District) / Himachal Pradesh(State),00636300,013195,N,,,,
1110,14881,D.P.F. Ichhani Halag (453),डी.पी.एफ ईच्छणी हलाग (453),Aut(Sub-District) / Mandi(District) / Himachal Pradesh(State),00804900,014881,N,,,,
1111,15382,D.P.F.Jabrat (44),डी0पी0एफ0जबराट (44),Chachyot(Sub-District) / Mandi(District) / Himachal Pradesh(State),00855000,015382,N,,,,
1112,16269,D.P.F.Jachh (A) (535),डी.पी.एफ. जाछ अ (535),Karsog(Sub-District) / Mandi(District) / Himachal Pradesh(State),00943700,016269,N,,,,
1113,16270,D.P.F.Jachh (B) (506),डी.पी.एफ. जाछ ब (506),Karsog(Sub-District) / Mandi(District) / Himachal Pradesh(State),00943800,016270,N,,,,
1114,16304,D.P.F.Jagol (588),डी.पी.एफ. जगोल (588),Karsog(Sub-District) / Mandi(District) / Himachal Pradesh(State),00947200,016304,N,,,,
1115,16308,D.P.F.Jakhol (590),डी.पी.एफ. जखोल (590),Karsog(Sub-District) / Mandi(District) / Himachal Pradesh(State),00947600,016308,N,,,,
1116,13401,D.P.F. Jalpa (329),डी. पी. एफ. जालपा (329),Jogindarnagar(Sub-District) / Mandi(District) / Himachal Pradesh(State),00656900,013401,N,,,,
1117,12997,D.P.F. Jamtehr (421),डी0पी0एफ जमटेहड (421),Tikken(Sub-District) / Mandi(District) / Himachal Pradesh(State),00616500,012997,N,,,,
1118,14813,D.P.F.Jamunal (489),डी.पी.एफ. जामूनाल (489),Aut(Sub-District) / Mandi(District) / Himachal Pradesh(State),00798100,014813,N,,,,
1119,13683,D.P.F. Jandhr (71),डी.पी.ऐफ.जान्दर (71),Dharmpur(Sub-District) / Mandi(District) / Himachal Pradesh(State),00685100,013683,N,,,,
1120,15230,D.P.F.Janedh (403),डी.पी.ऎफ.जनेढ़ (403),Chhatri(Sub-District) / Mandi(District) / Himachal Pradesh(State),00839800,015230,N,,,,
1121,13758,D.P.F. Janitridhar (20),डी0पी0एफ0 जनीतरी धार (20),Kotli(Sub-District) / Mandi(District) / Himachal Pradesh(State),00692600,013758,N,,,,
1122,14963,D.P.F. Janji Kalyana (635),डी0पी0एफ0 जंजीकल्याला (635),Thachi(Sub-District) / Mandi(District) / Himachal Pradesh(State),00813100,014963,N,,,,
1123,14789,D.P.F. Janjohi (313),डी.पी.एफ. जन्जोही (313),Mandi(Sub-District) / Mandi(District) / Himachal Pradesh(State),00795700,014789,N,,,,
1124,14352,D.P.F. Jaral (122),डी.पी.एफ.जरल (122),Sundarnagar(Sub-District) / Mandi(District) / Himachal Pradesh(State),00752000,014352,N,,,,
1125,15423,D.P.F.Jayog (177),डी0पी0एफ0ज्योग (177),Chachyot(Sub-District) / Mandi(District) / Himachal Pradesh(State),00859100,015423,N,,,,
1126,15545,D.P.F.Jhalangar (195),डी.पी.ऐफ.झलंगार (195),Nihri(Sub-District) / Mandi(District) / Himachal Pradesh(State),00871300,015545,N,,,,
1127,14974,D.P.F. Jhalru (599),डी.पी.ऎफ.झालरु (599),Bali Chowki(Sub-District) / Mandi(District) / Himachal Pradesh(State),00814200,014974,N,,,,
1128,15921,D.P.F. Jhanol (229),डी.पी.एफ. झनोल (229),Bagshad(Sub-District) / Mandi(District) / Himachal Pradesh(State),00908900,015921,N,,,,
1129,16128,D.P.F. Jhaoprala (372),डी.पी.एफ. झाओपराला (372),Bagshad(Sub-District) / Mandi(District) / Himachal Pradesh(State),00929600,016128,N,,,,
1130,12988,D.P.F. Jharwar (402),डी0पी0एफ0झरवाड (402),Tikken(Sub-District) / Mandi(District) / Himachal Pradesh(State),00615600,012988,N,,,,
1131,14395,D.P.F. Jhawarshilh (182),डी.पी.एफ.झवार शिल्ह (182),Sundarnagar(Sub-District) / Mandi(District) / Himachal Pradesh(State),00756300,014395,N,,,,
1132,14988,D.P.F.Jhira Deuri (609),डी.पी.ऎफ.झीरा देऊरी (609),Bali Chowki(Sub-District) / Mandi(District) / Himachal Pradesh(State),00815600,014988,N,,,,
1133,13015,D.P.F. Jhukan (443),डी.पी.एफ. झुकाण (443),Tikken(Sub-District) / Mandi(District) / Himachal Pradesh(State),00618300,013015,N,,,,
1134,14898,D.P.F. Jhulka (589),डी.पी.ऎफ.झुलका (589),Bali Chowki(Sub-District) / Mandi(District) / Himachal Pradesh(State),00806600,014898,N,,,,
1135,15454,D.P.F.Jhuradi (183),डी0पी0एफ0झुरडी (183),Chachyot(Sub-District) / Mandi(District) / Himachal Pradesh(State),00862200,015454,N,,,,
1136,15690,D.P.F. Jogikufar (313),डी.पी.ऐफ.जोगीकुफर (313),Nihri(Sub-District) / Mandi(District) / Himachal Pradesh(State),00885800,015690,N,,,,
1137,15029,D.P.F.Jufar Kot (685),डी.पी.ऎफ.जुफर कोट (685),Bali Chowki(Sub-District) / Mandi(District) / Himachal Pradesh(State),00819700,015029,N,,,,
1138,14857,D.P.F. Juhandi (477),डी.पी.एफ जुहन्डी (477),Aut(Sub-District) / Mandi(District) / Himachal Pradesh(State),00802500,014857,N,,,,
1139,15770,D.P.F. Jwaltu (264),डी0पी0एफ0 ज्वालटू (264),Pangna(Sub-District) / Mandi(District) / Himachal Pradesh(State),00893800,015770,N,,,,
1140,13086,D.P.F Kadund (358),डी0पी0एफ0 कदून्द (358),Padhar(Sub-District) / Mandi(District) / Himachal Pradesh(State),00625400,013086,N,,,,
1141,14321,D.P.F. Kafari (21),डी.पी.एफ. काफड़ी (21),Sundarnagar(Sub-District) / Mandi(District) / Himachal Pradesh(State),00748900,014321,N,,,,
1142,14339,D.P.F. Kafla (112),डी.पी.एफ काफला (112),Sundarnagar(Sub-District) / Mandi(District) / Himachal Pradesh(State),00750700,014339,N,,,,
1143,16210,D.P.F.Kajeuni (449),डी.पी.एफ. कजीयूणी (449),Karsog(Sub-District) / Mandi(District) / Himachal Pradesh(State),00937800,016210,N,,,,
1144,15321,D.P.F. Kajiyudi (10),डी0पी0एफ0 कजीयूडी (10),Chachyot(Sub-District) / Mandi(District) / Himachal Pradesh(State),00848900,015321,N,,,,
1145,15098,D.P.F.Kalaila Shilh (138),डी.पी.एफ.कलैलाशिल्ह (138),Thunag(Sub-District) / Mandi(District) / Himachal Pradesh(State),00826600,015098,N,,,,
1146,15152,D.P.F.Kala Kameshwar (462),डी.पी.एफ.काला कामेशवर (462),Thunag(Sub-District) / Mandi(District) / Himachal Pradesh(State),00832000,015152,N,,,,
1147,14562,D.P.F. Kaldo (124),डी.पी.एफ. कालटू (124),Rewalsar(Sub-District) / Mandi(District) / Himachal Pradesh(State),00773000,014562,N,,,,
1148,14062,D.P.F.Kaldo (399),डी.पी.एफ.कालदो (399),Bhadrota(Sub-District) / Mandi(District) / Himachal Pradesh(State),00721300,014062,N,,,,
1149,15233,D.P.F.Kalenjoo (407),डी.पी.ऎफ.कलैन्जू (407),Chhatri(Sub-District) / Mandi(District) / Himachal Pradesh(State),00840100,015233,N,,,,
1150,12995,D.P.F.Kalhog (418),डी0पी0एफ कलहोग (418),Tikken(Sub-District) / Mandi(District) / Himachal Pradesh(State),00616300,012995,N,,,,
1151,15194,D.P.F.Kali Doghri (342),डी.पी.एफ.काली दोघरी (342),Thunag(Sub-District) / Mandi(District) / Himachal Pradesh(State),00836200,015194,N,,,,
1152,14986,D.P.F. Kali Shafedi (616),डी.पी.ऎफ.काली साफड़ी (616),Bali Chowki(Sub-District) / Mandi(District) / Himachal Pradesh(State),00815400,014986,N,,,,
1153,16073,D.P.F.Kalohta (A) (292),डी.पी.एफ. कलौहता अ (292),Karsog(Sub-District) / Mandi(District) / Himachal Pradesh(State),00924100,016073,N,,,,
1154,16071,D.P.F.Kalohta (B) (297),डी.पी.एफ. कलौहता ब (297),Karsog(Sub-District) / Mandi(District) / Himachal Pradesh(State),00923900,016071,N,,,,
1155,15565,D.P.F.Kamand (215),डी.पी.ऐफ.कमान्द (215),Nihri(Sub-District) / Mandi(District) / Himachal Pradesh(State),00873300,015565,N,,,,
1156,13633,D.P.F. Kamlahoo (68),डी.पी.एफ.कमलाहु (68),Dharmpur(Sub-District) / Mandi(District) / Himachal Pradesh(State),00680100,013633,N,,,,
1157,15649,D.P.F. Kamrah (12),डी.पी.ऐफ.कमराह (12),Nihri(Sub-District) / Mandi(District) / Himachal Pradesh(State),00881700,015649,N,,,,
1158,15469,D.P.F. Kamrunaag (221),डी0पी0एफ0 कमरूनाग (221),Chachyot(Sub-District) / Mandi(District) / Himachal Pradesh(State),00863700,015469,N,,,,
1159,15635,D.P.F. Kanas (26),डी.पी.ऐफ.कनास (26),Nihri(Sub-District) / Mandi(District) / Himachal Pradesh(State),00880300,015635,N,,,,
1160,15991,D.P.F. Kandha (110),डी.पी.एफ.काण्डा (110),Bagshad(Sub-District) / Mandi(District) / Himachal Pradesh(State),00915900,015991,N,,,,
1161,15474,D.P.F.Kandhi (198),डी0पी0एफ0काण्ढी (198),Chachyot(Sub-District) / Mandi(District) / Himachal Pradesh(State),00864200,015474,N,,,,
1162,16223,D.P.F.Kandhi (452),डी.पी.एफ. काण्ढी (452),Karsog(Sub-District) / Mandi(District) / Himachal Pradesh(State),00939100,016223,N,,,,
1163,15148,D.P.F.Kandhi Presh (459),डी.पी.एफ.काण्ढीप्रेश (459),Thunag(Sub-District) / Mandi(District) / Himachal Pradesh(State),00831600,015148,N,,,,
1164,15486,D.P.F.Kandhli (209),डी0पी0एफ0कांढली (209),Chachyot(Sub-District) / Mandi(District) / Himachal Pradesh(State),00865400,015486,N,,,,
1165,15878,D.P.F. Kandi (216),डी0पी0एफ0 कान्डी (216),Pangna(Sub-District) / Mandi(District) / Himachal Pradesh(State),00904600,015878,N,,,,
1166,14993,D.P.F. Kandi Chalyala (612),डी.पी.ऎफ.काँढी चलयाला (612),Bali Chowki(Sub-District) / Mandi(District) / Himachal Pradesh(State),00816100,014993,N,,,,
1167,16281,D.P.F.Kandlu (563),डी.पी.एफ. काण्ढलू (563),Karsog(Sub-District) / Mandi(District) / Himachal Pradesh(State),00944900,016281,N,,,,
1168,15889,D.P.F. Kaneri (224),डी.पी.एफ. कनेरी (224),Bagshad(Sub-District) / Mandi(District) / Himachal Pradesh(State),00905700,015889,N,,,,
1169,14758,Dpf Kangni (344),डी.पी.एफ. काँगणी (344),Mandi(Sub-District) / Mandi(District) / Himachal Pradesh(State),00792600,014758,N,,,,
1170,16133,D.P.F.Kanjol (364),डी.पी.एफ. कन्जोल (364),Karsog(Sub-District) / Mandi(District) / Himachal Pradesh(State),00930100,016133,N,,,,
1171,15657,D.P.F. Kanoun (5),डी.पी.ऐफ.कनौण (5),Nihri(Sub-District) / Mandi(District) / Himachal Pradesh(State),00882500,015657,N,,,,
1172,15401,D.P.F. Kapahari (121),डी0पी0एफ0 कपाहडी (121),Chachyot(Sub-District) / Mandi(District) / Himachal Pradesh(State),00856900,015401,N,,,,
1173,13057,D.P.F. Kapaldhar (479),डी0पी0एफ0 कपलधार (479),Padhar(Sub-District) / Mandi(District) / Himachal Pradesh(State),00622500,013057,N,,,,
1174,15912,D.P.F. Karadal (235),डी.पी.एफ. कराडल (235),Bagshad(Sub-District) / Mandi(District) / Himachal Pradesh(State),00908000,015912,N,,,,
1175,16127,D.P.F.Karadal (342),डी.पी.एफ. कराडल (342),Bagshad(Sub-District) / Mandi(District) / Himachal Pradesh(State),00929500,016127,N,,,,
1176,15606,D.P.F.Karangal (291),डी.पी.ऐफ.करंगाल (291),Nihri(Sub-District) / Mandi(District) / Himachal Pradesh(State),00877400,015606,N,,,,
1177,14725,D.P.F. Karol (289),डी.पी.ऎफ.करोल (289),Balh(Sub-District) / Mandi(District) / Himachal Pradesh(State),00789300,014725,N,,,,
1178,15299,D.P.F.Karsai Bil (720),डी.पी.ऎप.करसाई बिल (720),Chhatri(Sub-District) / Mandi(District) / Himachal Pradesh(State),00846700,015299,N,,,,
1179,14925,D.P.F. Karthach (537),डी.पी.ऎफ.करथाच (537),Bali Chowki(Sub-District) / Mandi(District) / Himachal Pradesh(State),00809300,014925,N,,,,
1180,16157,D.P.F.Karyani (244),डी.पी.एफ. करयाणी (244),Bagshad(Sub-District) / Mandi(District) / Himachal Pradesh(State),00932500,016157,N,,,,
1181,14972,D.P.F. Kashal (602),डी.पी.ऎफ.कशल (602),Bali Chowki(Sub-District) / Mandi(District) / Himachal Pradesh(State),00814000,014972,N,,,,
1182,15000,D.P.F.Kashel (623),डी.पी.ऎफ.कशैल (623),Bali Chowki(Sub-District) / Mandi(District) / Himachal Pradesh(State),00816800,015000,N,,,,
1183,16122,D.P.F.Kashmir (248),डी.पी.एफ. कश्मीर (248),Bagshad(Sub-District) / Mandi(District) / Himachal Pradesh(State),00929000,016122,N,,,,
1184,16083,D.P.F.Kashot (276),डी.पी.एफ. कशौट (276),Karsog(Sub-District) / Mandi(District) / Himachal Pradesh(State),00925100,016083,N,,,,
1185,14899,D.P.F. Kashu (588),डी.पी.ऎफ.काशु (588),Bali Chowki(Sub-District) / Mandi(District) / Himachal Pradesh(State),00806700,014899,N,,,,
1186,14901,D.P.F.Kasinhu Paat (592),डी.पी.ऎफ.कसीहूँ पाट (592),Bali Chowki(Sub-District) / Mandi(District) / Himachal Pradesh(State),00806900,014901,N,,,,
1187,16242,D.P.F.Katach (461),डी.पी.एफ. कटाहच (461),Karsog(Sub-District) / Mandi(District) / Himachal Pradesh(State),00941000,016242,N,,,,
1188,15874,D.P.F. Katahach (240),डी.पी.एफ. कटाहच (240),Bagshad(Sub-District) / Mandi(District) / Himachal Pradesh(State),00904200,015874,N,,,,
1189,16064,D.P.F.Katahach Dehach (338),डी.पी.एफ. कटाहच देहच (338),Bagshad(Sub-District) / Mandi(District) / Himachal Pradesh(State),00923200,016064,N,,,,
1190,16287,D.P.F.Katanda (550),डी.पी.एफ. कताण्डा (550),Karsog(Sub-District) / Mandi(District) / Himachal Pradesh(State),00945500,016287,N,,,,
1191,15669,D.P.F. Kathachi (43),डी.पी.ऐफ.कथाची (43),Nihri(Sub-District) / Mandi(District) / Himachal Pradesh(State),00883700,015669,N,,,,
1192,15521,D.P.F. Kathaihal (192),डी.पी.ऐफ.कथैहल (192),Nihri(Sub-District) / Mandi(District) / Himachal Pradesh(State),00868900,015521,N,,,,
1193,15252,D.P.F.Kathaun Dhar (384),डी.पी.ऎफ.कथौनधार (384),Chhatri(Sub-District) / Mandi(District) / Himachal Pradesh(State),00842000,015252,N,,,,
1194,15699,D.P.F. Kathiyuni (289),डी.पी.ऐफ.कथीयूणी (289),Nihri(Sub-District) / Mandi(District) / Himachal Pradesh(State),00886700,015699,N,,,,
1195,15219,D.P.F.Kathla (377),डी.पी.ऎफ.काथला (377),Chhatri(Sub-District) / Mandi(District) / Himachal Pradesh(State),00838700,015219,N,,,,
1196,15216,D.P.F.Kathyala (367),डी.पी.एफ.कथयाला (367),Thunag(Sub-District) / Mandi(District) / Himachal Pradesh(State),00838400,015216,N,,,,
1197,14853,D.P.F. Katiras (528),डी.पी.एफ कटीरस (528),Aut(Sub-District) / Mandi(District) / Himachal Pradesh(State),00802100,014853,N,,,,
1198,15273,D.P.F.Katnalu (426),डी.पी.ऎफ.कटनालू (426),Chhatri(Sub-District) / Mandi(District) / Himachal Pradesh(State),00844100,015273,N,,,,
1199,14375,D.P.F.Kaulpur Ban (146),डी.पी.एफ.कौलपुर वान (146),Sundarnagar(Sub-District) / Mandi(District) / Himachal Pradesh(State),00754300,014375,N,,,,
1200,14373,D.P.F.Kaulpur Chil (143),डी.पी.एफ.कौलपुर चील (143),Sundarnagar(Sub-District) / Mandi(District) / Himachal Pradesh(State),00754100,014373,N,,,,
1201,15035,D.P.F. Kawari Shilh (687),डी.पी.ऎफ.कवारी शिल्ह (687),Bali Chowki(Sub-District) / Mandi(District) / Himachal Pradesh(State),00820300,015035,N,,,,
1202,15937,D.P.F. Kayal Sarahi (88),डी0पी0एफ0 कायल सरही (88),Pangna(Sub-District) / Mandi(District) / Himachal Pradesh(State),00910500,015937,N,,,,
1203,16256,D.P.F.Kelo Dhar Saranda (501),डी.पी.एफ. केलोधार सुराण्डा (501),Karsog(Sub-District) / Mandi(District) / Himachal Pradesh(State),00942400,016256,N,,,,
1204,15939,D.P.F. Kelo Sarahi (89),डी0पी0एफ0 केलो सरही (89),Pangna(Sub-District) / Mandi(District) / Himachal Pradesh(State),00910700,015939,N,,,,
1205,14880,D.P.F. Kelti (448),डी.पी.एफ. केलटी (448),Aut(Sub-District) / Mandi(District) / Himachal Pradesh(State),00804800,014880,N,,,,
1206,15131,D.P.F. Keoli (496),डी.पी.एफ.केयोली (496),Thunag(Sub-District) / Mandi(District) / Himachal Pradesh(State),00829900,015131,N,,,,
1207,14383,D.P.F.Khabari (156),डी.पी.एफ.खाबरी (156),Sundarnagar(Sub-District) / Mandi(District) / Himachal Pradesh(State),00755100,014383,N,,,,
1208,15540,D.P.F.Khaboda (203),डी.पी.ऐफ.खबोड़ा (203),Nihri(Sub-District) / Mandi(District) / Himachal Pradesh(State),00870800,015540,N,,,,
1209,16221,D.P.F.Khadra (511),डी.पी.एफ. खादरा (511),Karsog(Sub-District) / Mandi(District) / Himachal Pradesh(State),00938900,016221,N,,,,
1210,15552,D.P.F. Khadyand (211),डी.पी.ऐफ.खड़यान्द (211),Nihri(Sub-District) / Mandi(District) / Himachal Pradesh(State),00872000,015552,N,,,,
1211,14955,D.P. F. Khahni Shil (573),डी0पी0एफ0 कहणी शिल्ह (573),Thachi(Sub-District) / Mandi(District) / Himachal Pradesh(State),00812300,014955,N,,,,
1212,13707,D.P.F. Khair (130),डी.पी.ऐफ.खैर (130),Dharmpur(Sub-District) / Mandi(District) / Himachal Pradesh(State),00687500,013707,N,,,,
1213,14464,Dpf Khalwari (433),डी.पी.एफ. खलवाड़ी (433),Mandi(Sub-District) / Mandi(District) / Himachal Pradesh(State),00763200,014464,N,,,,
1214,15114,D.P.F.Khamrar (477),डी.पी.एफ. खमरार (477),Thunag(Sub-District) / Mandi(District) / Himachal Pradesh(State),00828200,015114,N,,,,
1215,14405,D.P.F. Khanauroonal (407),डी0पी0एफ0 खनौरुनाल (407),Katoula(Sub-District) / Mandi(District) / Himachal Pradesh(State),00757300,014405,N,,,,
1216,15001,D.P.F. Khanni (622),डी.पी.ऎफ.खणी (622),Bali Chowki(Sub-District) / Mandi(District) / Himachal Pradesh(State),00816900,015001,N,,,,
1217,15863,D.P.F. Khanyog (220),डी0पी0एफ0 खन्योग (220),Pangna(Sub-District) / Mandi(District) / Himachal Pradesh(State),00903100,015863,N,,,,
1218,14469,D.P.F. Kharnal (380),डी.पी.एफ. खरनाल (380),Mandi(Sub-District) / Mandi(District) / Himachal Pradesh(State),00763700,014469,N,,,,
1219,15418,D.P.F.Kharsi (148),डी0पी0एफ0खारसी (148),Chachyot(Sub-District) / Mandi(District) / Himachal Pradesh(State),00858600,015418,N,,,,
1220,15262,D.P.F.Khatoo (388),डी.पी.ऎफ.खटू (388),Chhatri(Sub-District) / Mandi(District) / Himachal Pradesh(State),00843000,015262,N,,,,
1221,14414,D.P.F. Khoba (415),डी0पी0एफ0 खोबा (415),Katoula(Sub-District) / Mandi(District) / Himachal Pradesh(State),00758200,014414,N,,,,
1222,15732,D.P.F. Khobla (308),डी0पी0एफ0 खोबला (308),Pangna(Sub-District) / Mandi(District) / Himachal Pradesh(State),00890000,015732,N,,,,
1223,14923,D.P.F. Kholanal (540),डी.पी.ऎफ.खोलानाल (540),Bali Chowki(Sub-District) / Mandi(District) / Himachal Pradesh(State),00809100,014923,N,,,,
1224,14457,D.P.F.Khoti (455),डी.पी.एफ. खोती (455),Mandi(Sub-District) / Mandi(District) / Himachal Pradesh(State),00762500,014457,N,,,,
1225,15778,D.P.F. Khud (340),डी0पी0एफ0 खुड (340),Pangna(Sub-District) / Mandi(District) / Himachal Pradesh(State),00894600,015778,N,,,,
1226,13613,D.P.F. Khumbal (25),डी. पी. एफ. खुम्बल (25),Sandhol(Sub-District) / Mandi(District) / Himachal Pradesh(State),00678100,013613,N,,,,
1227,15043,D.P.F.Kohli Shilh (674),डी.पी.ऎफ.कोहली शिल्ह (674),Bali Chowki(Sub-District) / Mandi(District) / Himachal Pradesh(State),00821100,015043,N,,,,
1228,16125,D.P.F.Kot (168),डी.पी.एफ. कोट (168),Bagshad(Sub-District) / Mandi(District) / Himachal Pradesh(State),00929300,016125,N,,,,
1229,15908,D.P.F. Kot Bahal (226),डी.पी.एफ. कोटबहल (226),Bagshad(Sub-District) / Mandi(District) / Himachal Pradesh(State),00907600,015908,N,,,,
1230,15337,D.P.F.Kotlu (73),डी0पी0एफ0 कोटलू (73),Chachyot(Sub-District) / Mandi(District) / Himachal Pradesh(State),00850500,015337,N,,,,
1231,16119,D.P.F.Kufri Dhar (348),डी.पी.एफ. कुफरीधार (348),Karsog(Sub-District) / Mandi(District) / Himachal Pradesh(State),00928700,016119,N,,,,
1232,16197,D.P.F.Kufri Dhar (442),डी.पी.एफ. कुफरीधार (442),Karsog(Sub-District) / Mandi(District) / Himachal Pradesh(State),00936500,016197,N,,,,
1233,15875,D.P.F. Kufri Pangna (375),डी.पी.एफ. कुफरी पांगणा (375),Karsog(Sub-District) / Mandi(District) / Himachal Pradesh(State),00904300,015875,N,,,,
1234,15622,D.P.F. Kuftu (271),डी.पी.ऐफ.कुफटू (271),Nihri(Sub-District) / Mandi(District) / Himachal Pradesh(State),00879000,015622,N,,,,
1235,15601,D.P.F.Kumaru (276),डी.पी.ऐफ.कुमारू (276),Nihri(Sub-District) / Mandi(District) / Himachal Pradesh(State),00876900,015601,N,,,,
1236,15155,D.P.F.Kumharla (465),डी.पी.एफ.कुमाहरला (465),Thunag(Sub-District) / Mandi(District) / Himachal Pradesh(State),00832300,015155,N,,,,
1237,16046,D.P.F.Kumharu (153),डी.पी.एफ. कुम्हारू (153),Bagshad(Sub-District) / Mandi(District) / Himachal Pradesh(State),00921400,016046,N,,,,
1238,14731,D.P.F. Kummi (229),डी.पी.ऎफ.कुम्मी (229),Balh(Sub-District) / Mandi(District) / Himachal Pradesh(State),00789900,014731,N,,,,
1239,15515,D.P.F.Kumrah (189),डी.पी.ऐफ.कुमराह (189),Nihri(Sub-District) / Mandi(District) / Himachal Pradesh(State),00868300,015515,N,,,,
1240,14909,D.P.F. Kun (555),डी.पी.ऎफ.कुण (555),Bali Chowki(Sub-District) / Mandi(District) / Himachal Pradesh(State),00807700,014909,N,,,,
1241,15948,D.P.F.Kuns (184),डी0पी0एफ0 कुन्स (184),Pangna(Sub-District) / Mandi(District) / Himachal Pradesh(State),00911600,015948,N,,,,
1242,14337,D.P.F. Kuthwai (107),डी.पी.एफ. कुठवाई (107),Sundarnagar(Sub-District) / Mandi(District) / Himachal Pradesh(State),00750500,014337,N,,,,
1243,13033,D.P.F. Lachkandi (434),डी.पी.एफ. लचकन्डी (434),Tikken(Sub-District) / Mandi(District) / Himachal Pradesh(State),00620100,013033,N,,,,
1244,15331,D.P.F.Ladutunger (27),डी0पी0एफ0लाडू टूंगर (27),Chachyot(Sub-District) / Mandi(District) / Himachal Pradesh(State),00849900,015331,N,,,,
1245,15014,D.P.F.Lagjan (655),डी.पी.ऎफ.लगजान (655),Bali Chowki(Sub-District) / Mandi(District) / Himachal Pradesh(State),00818200,015014,N,,,,
1246,14783,D.P.F. Lagwar (309),डी.पी.एफ. लगवार (309),Mandi(Sub-District) / Mandi(District) / Himachal Pradesh(State),00795100,014783,N,,,,
1247,15257,D.P.F.Lahri Shilh (392),डी.पी.ऎफ.लाहड़ी शिल्ह (392),Chhatri(Sub-District) / Mandi(District) / Himachal Pradesh(State),00842500,015257,N,,,,
1248,14812,D.P.F.Lakshal (490),डी.पी.एफ. लकशाल (490),Aut(Sub-District) / Mandi(District) / Himachal Pradesh(State),00798000,014812,N,,,,
1249,15214,D.P.F.Lambi Dhar (370),डी.पी.एफ.लम्बीधार (370),Thunag(Sub-District) / Mandi(District) / Himachal Pradesh(State),00838200,015214,N,,,,
1250,15243,D.P.F.Lashi (418),डी.पी.ऎफ.लशी (418),Chhatri(Sub-District) / Mandi(District) / Himachal Pradesh(State),00841100,015243,N,,,,
1251,15443,D.P.F.Latogali (166),डी0पी0एफ0 लटोगली (166),Chachyot(Sub-District) / Mandi(District) / Himachal Pradesh(State),00861100,015443,N,,,,
1252,14389,D.P.F.Latogli (176),डी.पी.एफ.लटोगली (176),Sundarnagar(Sub-District) / Mandi(District) / Himachal Pradesh(State),00755700,014389,N,,,,
1253,15272,D.P.F.Lihar (424),डी.पी.ऎफ.लिहार (424),Chhatri(Sub-District) / Mandi(District) / Himachal Pradesh(State),00844000,015272,N,,,,
1254,14946,D.P.F. Linggahar (651),डी0 पी0 एफ0 लिंगगहर (651),Thachi(Sub-District) / Mandi(District) / Himachal Pradesh(State),00811400,014946,N,,,,
1255,16301,D.P.F Lotala Abbal (549),डी.पी.एफ. लोटला अव्वल (549),Karsog(Sub-District) / Mandi(District) / Himachal Pradesh(State),00946900,016301,N,,,,
1256,15467,D.P.F. Lotapukhar (222),डी0पी0एफ लोटापुखर (222),Chachyot(Sub-District) / Mandi(District) / Himachal Pradesh(State),00863500,015467,N,,,,
1257,16289,D.P.F.Lotla Doyam (578),डी.पी.एफ. लोटला दोयम (578),Karsog(Sub-District) / Mandi(District) / Himachal Pradesh(State),00945700,016289,N,,,,
1258,13107,D.P.F. Lower Khajri (304),डी0पी0एफ0लोअर खजरी (304,Padhar(Sub-District) / Mandi(District) / Himachal Pradesh(State),00627500,013107,N,,,,
1259,16079,D.P.F Maanju (279),डी.पी.एफ. मांजू (279),Karsog(Sub-District) / Mandi(District) / Himachal Pradesh(State),00924700,016079,N,,,,
1260,15376,D.P.F.Machhrot (65),डी0पी0एफ0मछरोट (65),Chachyot(Sub-District) / Mandi(District) / Himachal Pradesh(State),00854400,015376,N,,,,
1261,14689,D.P.F. Madhogan (256),डी.पी.ऎफ.मधोगन (256),Balh(Sub-District) / Mandi(District) / Himachal Pradesh(State),00785700,014689,N,,,,
1262,13265,D.P.F. Magru (82),डी. पी. एफ. मगरु (82),Jogindarnagar(Sub-District) / Mandi(District) / Himachal Pradesh(State),00643300,013265,N,,,,
1263,16252,D.P.F Mahadev Banoni (465),डी.पी.एफ. महादेव बनौणी (465),Karsog(Sub-District) / Mandi(District) / Himachal Pradesh(State),00942000,016252,N,,,,
1264,15787,D.P.F. Mahasu (332),डी0पी0एफ0 महासू (332),Pangna(Sub-District) / Mandi(District) / Himachal Pradesh(State),00895500,015787,N,,,,
1265,15416,D.P.F.Mahithana (149),डी.पी.एफ.महीठाणा (149),Chachyot(Sub-District) / Mandi(District) / Himachal Pradesh(State),00858400,015416,N,,,,
1266,15310,D.P.F. Majhan (5),डी0पी0एफ0मझाण (5),Chachyot(Sub-District) / Mandi(District) / Himachal Pradesh(State),00847800,015310,N,,,,
1267,16172,D.P.F Majhod (325),डी.पी.एफ. मझोड़ (325),Karsog(Sub-District) / Mandi(District) / Himachal Pradesh(State),00934000,016172,N,,,,
1268,15522,D.P.F.Majhothi Shilh (205),डी.पी.ऐफ.मझोठी शिल्ह (205),Nihri(Sub-District) / Mandi(District) / Himachal Pradesh(State),00869000,015522,N,,,,
1269,16313,D.P.F Makda (572),डी.पी.एफ. माकड़ा (572),Karsog(Sub-District) / Mandi(District) / Himachal Pradesh(State),00948100,016313,N,,,,
1270,15005,D.P.F. Makdhreli Dhaar (624),डी.पी.ऎफ.मखड़ेली धार (624),Bali Chowki(Sub-District) / Mandi(District) / Himachal Pradesh(State),00817300,015005,N,,,,
1271,942924,D.P.F. Makora (269),डी.पी.ऎफ.मकौड़ा (269),Balh(Sub-District) / Mandi(District) / Himachal Pradesh(State),,000000,N,,,,
1272,15110,D.P.F.Malachh (474),डी.पी.एफ.मलाच्छ (474),Thunag(Sub-District) / Mandi(District) / Himachal Pradesh(State),00827800,015110,N,,,,
1273,14982,D.P.F. Malari (583),डी.पी.ऎफ.मलारी (583),Bali Chowki(Sub-District) / Mandi(District) / Himachal Pradesh(State),00815000,014982,N,,,,
1274,13215,D.P.F. Malwara (511),डी0पी0एफ0 मलवाड़़ा (511),Katoula(Sub-District) / Mandi(District) / Himachal Pradesh(State),00638300,013215,N,,,,
1275,16185,D.P.F Mamali (522),डी.पी.एफ. ममली (522),Karsog(Sub-District) / Mandi(District) / Himachal Pradesh(State),00935300,016185,N,,,,
1276,16035,D.P.F.Mandap (161),डी.पी.एफ. मण्डप (161),Bagshad(Sub-District) / Mandi(District) / Himachal Pradesh(State),00920300,016035,N,,,,
1277,14302,D.P.F.Mandeli (234),डी.पी.एफ. मण्डेली (234),Dehar(Sub-District) / Mandi(District) / Himachal Pradesh(State),00747000,014302,N,,,,
1278,13210,D.P.F. Mandra (504),डी0पी0एफ0 मान्दरा (504),Katoula(Sub-District) / Mandi(District) / Himachal Pradesh(State),00637800,013210,N,,,,
1279,13692,D.P.F. Mangleta (168),डी.पी.एफ. मंगलेटा (168),Tihra(Sub-District) / Mandi(District) / Himachal Pradesh(State),00686000,013692,N,,,,
1280,15040,D.P.F. Manjhi (682),डी.पी.ऎफ.मांझी (682),Bali Chowki(Sub-District) / Mandi(District) / Himachal Pradesh(State),00820800,015040,N,,,,
1281,15707,D.P.F Manjhki (281),डी.पी.ऐफ.मांझकी (281),Nihri(Sub-District) / Mandi(District) / Himachal Pradesh(State),00887500,015707,N,,,,
1282,15666,D.P.F. Marahada (31),डी.पी.ऐफ.मरहड़ा (31),Nihri(Sub-District) / Mandi(District) / Himachal Pradesh(State),00883400,015666,N,,,,
1283,16131,D.P.F. Marandi (344),डी.पी.एफ. मराण्डी (344),Bagshad(Sub-District) / Mandi(District) / Himachal Pradesh(State),00929900,016131,N,,,,
1284,15187,D.P.F.Marhawala (361),डी.पी.एफ.मरहवाला (361),Thunag(Sub-District) / Mandi(District) / Himachal Pradesh(State),00835500,015187,N,,,,
1285,13217,D.P.F. Marhola (58),डी. पी. एफ. मरहोला (58),Jogindarnagar(Sub-District) / Mandi(District) / Himachal Pradesh(State),00638500,013217,N,,,,
1286,14956,D.P.F. Marholi Shilh (649),डी0पी0एफ0 मरहोली शिल्ह (649),Thachi(Sub-District) / Mandi(District) / Himachal Pradesh(State),00812400,014956,N,,,,
1287,15923,D.P.F. Mashog (188),डी0पी0एफ0 मशोग (188),Pangna(Sub-District) / Mandi(District) / Himachal Pradesh(State),00909100,015923,N,,,,
1288,16140,D.P.F Masogada (366),डी.पी.एफ. मसोगड़ा (366),Karsog(Sub-District) / Mandi(District) / Himachal Pradesh(State),00930800,016140,N,,,,
1289,13615,D.P.F. Masot (23),डी. पी. एफ. मसोत (23),Sandhol(Sub-District) / Mandi(District) / Himachal Pradesh(State),00678300,013615,N,,,,
1290,14174,D.P.F. Math (503),डी0पी0एफ0 मठ (503),Baldwara(Sub-District) / Mandi(District) / Himachal Pradesh(State),00734200,014174,N,,,,
1291,14928,D.P.F. Mathyani Dhar (559),डी.पी.ऎफ.मठयाणी धार (559),Bali Chowki(Sub-District) / Mandi(District) / Himachal Pradesh(State),00809600,014928,N,,,,
1292,14450,D.P.F. Mehan (432),डी.पी.एफ. मैहण (432),Mandi(Sub-District) / Mandi(District) / Himachal Pradesh(State),00761800,014450,N,,,,
1293,16060,D.P.F.Mehran (250),डी.पी.एफ. मैहरन (250),Bagshad(Sub-District) / Mandi(District) / Himachal Pradesh(State),00922800,016060,N,,,,
1294,12985,D.P.F. Meyot (404),डी0पी0एफ मयोट (404),Tikken(Sub-District) / Mandi(District) / Himachal Pradesh(State),00615300,012985,N,,,,
1295,13101,D.P.F. Mulsu (362),डी0पी0एफ0 मूलसू (362),Padhar(Sub-District) / Mandi(District) / Himachal Pradesh(State),00626900,013101,N,,,,
1296,15278,D.P.F.Nadaun (695),डी.पी.ऎफ.नदौन (695),Chhatri(Sub-District) / Mandi(District) / Himachal Pradesh(State),00844600,015278,N,,,,
1297,16099,D.P.F.Nagaltha (312),डी.पी.एफ. नगालठा (312),Karsog(Sub-District) / Mandi(District) / Himachal Pradesh(State),00926700,016099,N,,,,
1298,13083,D.P.F. Nagan (355),डी0पी0एफ0 नागण (355),Padhar(Sub-District) / Mandi(District) / Himachal Pradesh(State),00625100,013083,N,,,,
1299,13783,D.P.F.Nagan (82),डी0पी0एफ0 नागण (82),Kotli(Sub-District) / Mandi(District) / Himachal Pradesh(State),00695100,013783,N,,,,
1300,16312,D.P.F Naga Naal (592),डी.पी.एफ. नागानाल (592),Karsog(Sub-District) / Mandi(District) / Himachal Pradesh(State),00948000,016312,N,,,,
1301,14346,D.P.F. Nagdhar (118),डी.पी.एफ.नागधार (118),Sundarnagar(Sub-District) / Mandi(District) / Himachal Pradesh(State),00751400,014346,N,,,,
1302,15904,D.P.F. Nagra (232),डी.पी.एफ. नागडा (232),Bagshad(Sub-District) / Mandi(District) / Himachal Pradesh(State),00907200,015904,N,,,,
1303,13380,D.P.F. Nainpur (312),डी. पी. एफ. नैनपूर (312),Jogindarnagar(Sub-District) / Mandi(District) / Himachal Pradesh(State),00654800,013380,N,,,,
1304,14949,D.P.F. Nalout (640),डी0पी0एफ0नलौट (640),Thachi(Sub-District) / Mandi(District) / Himachal Pradesh(State),00811700,014949,N,,,,
1305,15441,D.P.F.Nandgarh (164),डी0पी0एफ0 नंदगढ (164),Chachyot(Sub-District) / Mandi(District) / Himachal Pradesh(State),00860900,015441,N,,,,
1306,14417,D.P.F.Nanhani (418),डी0पी0ए0फ0 ननहणी (418),Katoula(Sub-District) / Mandi(District) / Himachal Pradesh(State),00758500,014417,N,,,,
1307,14807,D.P.F.Narayan Poudu (494),डी.पी.एफ.नरायण पौड़ू (494),Aut(Sub-District) / Mandi(District) / Himachal Pradesh(State),00797500,014807,N,,,,
1308,15473,D.P.F. Narhail (201),डी0पी0एफ0नरैहल (201),Chachyot(Sub-District) / Mandi(District) / Himachal Pradesh(State),00864100,015473,N,,,,
1309,15018,D.P.F. Narian Garh (663),डी0 पी0 नरायणगढ़ (663),Thachi(Sub-District) / Mandi(District) / Himachal Pradesh(State),00818600,015018,N,,,,
1310,15731,D.P.F. Narsingh (310),डी.पी.ऐफ.नरसिंह (310),Nihri(Sub-District) / Mandi(District) / Himachal Pradesh(State),00889900,015731,N,,,,
1311,14851,D.P.F. Nau Doghari (526),डी.पी.एफ नाऊ दोघरी (526),Aut(Sub-District) / Mandi(District) / Himachal Pradesh(State),00801900,014851,N,,,,
1312,14997,D.P.F.Nauna Chalyala (620),डी.पी.ऎफ.नौणा चलायाला (620),Bali Chowki(Sub-District) / Mandi(District) / Himachal Pradesh(State),00816500,014997,N,,,,
1313,15659,D.P.F.Nehra (21),डी.पी.ऐफ.नैहरा (21),Nihri(Sub-District) / Mandi(District) / Himachal Pradesh(State),00882700,015659,N,,,,
1314,14443,D.P.F. Neri Nisu (391),डी0पी0एफ0 नेरी निसू (391),Katoula(Sub-District) / Mandi(District) / Himachal Pradesh(State),00761100,014443,N,,,,
1315,14766,D.P.F. Nihalag (335),डी.पी.एफ. निहालग (335),Mandi(Sub-District) / Mandi(District) / Himachal Pradesh(State),00793400,014766,N,,,,
1316,14867,Dpf Nihara Nal (530),डी.पी.एफ. निहारानाल (530),Aut(Sub-District) / Mandi(District) / Himachal Pradesh(State),00803500,014867,N,,,,
1317,16177,D.P.F Nihari Naal (322),डी.पी.एफ. निहारी नाल (322),Karsog(Sub-District) / Mandi(District) / Himachal Pradesh(State),00934500,016177,N,,,,
1318,15135,D.P.F.Nihri (493),डी.पी.एफ.निहरी (493),Thunag(Sub-District) / Mandi(District) / Himachal Pradesh(State),00830300,015135,N,,,,
1319,16116,D.P.F Oda (294),डी.पी.एफ. ओडा (294),Karsog(Sub-District) / Mandi(District) / Himachal Pradesh(State),00928400,016116,N,,,,
1320,15428,D.P.F.Odi (154),डी0पी0एफ0ओडी (154),Chachyot(Sub-District) / Mandi(District) / Himachal Pradesh(State),00859600,015428,N,,,,
1321,13016,D.P.F. Pajaund (452),डी.पी.एफ. पजौंण्ड (452),Tikken(Sub-District) / Mandi(District) / Himachal Pradesh(State),00618400,013016,N,,,,
1322,15942,D.P.F. Pajyanu (93),डी0पी0एफ0 पज्याणू (93),Pangna(Sub-District) / Mandi(District) / Himachal Pradesh(State),00911000,015942,N,,,,
1323,15562,D.P.F.Pakyoda (224),डी.पी.ऐफ.पकयोड़ा (224),Nihri(Sub-District) / Mandi(District) / Himachal Pradesh(State),00873000,015562,N,,,,
1324,15292,D.P.F.Palenidhar (710),डी.पी.ऎफ.पलैनीधार (710),Chhatri(Sub-District) / Mandi(District) / Himachal Pradesh(State),00846000,015292,N,,,,
1325,13164,D.P.F. Pali (592),डी0पी0एफ0 पाली  (592),Padhar(Sub-District) / Mandi(District) / Himachal Pradesh(State),00633200,013164,N,,,,
1326,16085,D.P.F.Palot (278),डी.पी.एफ. पलौत (278),Karsog(Sub-District) / Mandi(District) / Himachal Pradesh(State),00925300,016085,N,,,,
1327,15700,D.P.F. Pandar (284),डी.पी.ऐफ.पण्डार (284),Nihri(Sub-District) / Mandi(District) / Himachal Pradesh(State),00886800,015700,N,,,,
1328,15946,D.P.F.Panyaru (99),डी0पी0एफ0 पन्याड़ू (99),Pangna(Sub-District) / Mandi(District) / Himachal Pradesh(State),00911400,015946,N,,,,
1329,15369,D.P.F.Parala (114),डी0पी0एफ0 पराला (114),Chachyot(Sub-District) / Mandi(District) / Himachal Pradesh(State),00853700,015369,N,,,,
1330,15013,D.P.F. Parkhol (656),डी.पी.ऎफ.परखोल (656),Bali Chowki(Sub-District) / Mandi(District) / Himachal Pradesh(State),00818100,015013,N,,,,
1331,14828,D.P.F. Parthachi (514),डी.पी.एफ. प्रथाची (514),Aut(Sub-District) / Mandi(District) / Himachal Pradesh(State),00799600,014828,N,,,,
1332,15793,D.P.F Pathrevi (547),डी.पी.एफ. पथरेवी (547),Karsog(Sub-District) / Mandi(District) / Himachal Pradesh(State),00896100,015793,N,,,,
1333,14718,D.P.F.Pathri (279),डी.पी.ऎफ.पत्थरी (279),Balh(Sub-District) / Mandi(District) / Himachal Pradesh(State),00788600,014718,N,,,,
1334,15361,D.P.F.Patikri (80),डी0पी0एफ0पटीकरी (80),Chachyot(Sub-District) / Mandi(District) / Himachal Pradesh(State),00852900,015361,N,,,,
1335,15813,D.P.F. Pehran (486),डी.पी.एफ. पैहरन (486),Karsog(Sub-District) / Mandi(District) / Himachal Pradesh(State),00898100,015813,N,,,,
1336,14308,D.P.F. Phagla Bhawana (95),डी.पी.एफ. फागला भुवाणा (95),Dehar(Sub-District) / Mandi(District) / Himachal Pradesh(State),00747600,014308,N,,,,
1337,15199,D.P.F.Piklufanyar (347),डी.पी.एफ.पिकलू फन्यार (347),Thunag(Sub-District) / Mandi(District) / Himachal Pradesh(State),00836700,015199,N,,,,
1338,15509,D.P.F.Poinal (234),डी0पी0एफ0 पोईनाल (234),Chachyot(Sub-District) / Mandi(District) / Himachal Pradesh(State),00867700,015509,N,,,,
1339,15549,D.P.F. Prala (197),डी.पी.ऐफ.प्राला (197),Nihri(Sub-District) / Mandi(District) / Himachal Pradesh(State),00871700,015549,N,,,,
1340,16226,D.P.F Prala Dharthu (429),डी.पी.एफ. प्राला धारठु (429),Karsog(Sub-District) / Mandi(District) / Himachal Pradesh(State),00939400,016226,N,,,,
1341,14419,D.P.F. Prashar Dhar (425),डी0पी0एफ0 पराशरधार (425),Katoula(Sub-District) / Mandi(District) / Himachal Pradesh(State),00758700,014419,N,,,,
1342,13777,D.P.F. Rachhera (73),डी0पी0एफ0 रच्छेहड़ा (73),Kotli(Sub-District) / Mandi(District) / Himachal Pradesh(State),00694500,013777,N,,,,
1343,15276,D.P.F.Rachhwahr (428),डी.पी.ऎफ.रछवाड़ (428),Chhatri(Sub-District) / Mandi(District) / Himachal Pradesh(State),00844400,015276,N,,,,
1344,15093,D.P.F.Rahi Dhar (128),डी.पी.एफ. रहीधार (128),Thunag(Sub-District) / Mandi(District) / Himachal Pradesh(State),00826100,015093,N,,,,
1345,15663,D.P.F. Raig (28),डी.पी.ऐफ.रैग (28),Nihri(Sub-District) / Mandi(District) / Himachal Pradesh(State),00883100,015663,N,,,,
1346,15186,D.P.F.Raigarh (473),डी.पी.एफ.रायगढ़ (373),Thunag(Sub-District) / Mandi(District) / Himachal Pradesh(State),00835400,015186,N,,,,
1347,15094,D.P.F.Raingalu (133),डी.पी.एफ. रैनगलू (133),Thunag(Sub-District) / Mandi(District) / Himachal Pradesh(State),00826200,015094,N,,,,
1348,14958,D.P.F. Rajan Kura (653),डी0 पी0 एफ0 राजनकुडा (653),Thachi(Sub-District) / Mandi(District) / Himachal Pradesh(State),00812600,014958,N,,,,
1349,15728,D.P.F. Rakni (316),डी0पी0एफ0 राकनी (316),Pangna(Sub-District) / Mandi(District) / Himachal Pradesh(State),00889600,015728,N,,,,
1350,15621,D.P.F. Rakol (270),डी.पी.ऐफ.रकोल (270),Nihri(Sub-District) / Mandi(District) / Himachal Pradesh(State),00878900,015621,N,,,,
1351,15022,D.P.F. Rangcha (671),डी.पी.ऎफ.रांगचा (671),Bali Chowki(Sub-District) / Mandi(District) / Himachal Pradesh(State),00819000,015022,N,,,,
1352,15745,D.P.F. Rangjhol (255),डी0पी0एफ0 रंगझोल (255),Pangna(Sub-District) / Mandi(District) / Himachal Pradesh(State),00891300,015745,N,,,,
1353,14831,D.P.F. Raswal (484),डी.पी.एफ. रसवाल (484),Aut(Sub-District) / Mandi(District) / Himachal Pradesh(State),00799900,014831,N,,,,
1354,14411,D.P.F. Rehru (417),डी0पी0एफ0 रेहड़ू (417),Katoula(Sub-District) / Mandi(District) / Himachal Pradesh(State),00757900,014411,N,,,,
1355,15803,D.P.F Richhani (493),डी.पी.एफ. रिछणी (493),Karsog(Sub-District) / Mandi(District) / Himachal Pradesh(State),00897100,015803,N,,,,
1356,15737,D.P.F. Richhni (260),डी0पी0एफ0 रिछनी (260),Pangna(Sub-District) / Mandi(District) / Himachal Pradesh(State),00890500,015737,N,,,,
1357,13197,D.P.F. Riyas (501),डी0पी0एफ0 रियास (501),Padhar(Sub-District) / Mandi(District) / Himachal Pradesh(State),00636500,013197,N,,,,
1358,15692,D.P.F. Riyuns (297),डी.पी.ऐफ.रियूंस (297),Nihri(Sub-District) / Mandi(District) / Himachal Pradesh(State),00886000,015692,N,,,,
1359,14767,Dpf Riyunsi (299),डी.पी.एफ. रियूंसी (299),Mandi(Sub-District) / Mandi(District) / Himachal Pradesh(State),00793500,014767,N,,,,
1360,14782,Dpf Rohanj (329),डी.पी.एफ. रोहन्ज (329),Mandi(Sub-District) / Mandi(District) / Himachal Pradesh(State),00795000,014782,N,,,,
1361,14805,D.P.F. Ropa (497),डी.पी.एफ. रोपा (497),Aut(Sub-District) / Mandi(District) / Himachal Pradesh(State),00797300,014805,N,,,,
1362,14897,D.P.F. Ropa Karaot (601),डी.पी.ऎफ.रोपा क्रोट (601),Bali Chowki(Sub-District) / Mandi(District) / Himachal Pradesh(State),00806500,014897,N,,,,
1363,14336,D.P.F. Roperi Kothi (110),डी.पी.एफ. रोपड़ी कोठी (110),Sundarnagar(Sub-District) / Mandi(District) / Himachal Pradesh(State),00750400,014336,N,,,,
1364,15270,D.P.F.Rumhani (420),डी.पी.ऎफ.रुमहणी (420),Chhatri(Sub-District) / Mandi(District) / Himachal Pradesh(State),00843800,015270,N,,,,
1365,14809,D.P.F. Sakrodu Nal (492),डी.पी.एफ. सकरोडू नाल (492),Aut(Sub-District) / Mandi(District) / Himachal Pradesh(State),00797700,014809,N,,,,
1366,15951,D.P.F.Salanadhagoh (83),डी.पी.एफ.सलाणा धगोह (83),Bagshad(Sub-District) / Mandi(District) / Himachal Pradesh(State),00911900,015951,N,,,,
1367,15686,D.P.F. Salani (37),डी पी ऐफ सलाणी  (37),Nihri(Sub-District) / Mandi(District) / Himachal Pradesh(State),00885400,015686,N,,,,
1368,14992,D.P.F.Salano Chaliyala (619),डी.पी.ऎफ.शलाणू चल्याला (619),Bali Chowki(Sub-District) / Mandi(District) / Himachal Pradesh(State),00816000,014992,N,,,,
1369,14289,D.P.F. Salaper Kangoo (81),डी.पी.एफ. सलापड कांगू (81),Dehar(Sub-District) / Mandi(District) / Himachal Pradesh(State),00745700,014289,N,,,,
1370,15576,D.P.F.Salyana (219),डी.पी.ऐफ.सल्याणा (219),Nihri(Sub-District) / Mandi(District) / Himachal Pradesh(State),00874400,015576,N,,,,
1371,14966,D.P.F.Samadhar (581),डी0 पी0 एफ0 संवादड (581),Thachi(Sub-District) / Mandi(District) / Himachal Pradesh(State),00813400,014966,N,,,,
1372,14970,D.P.F.Sanaun (586),डी0 पी0 एफ0 सनौण (586),Thachi(Sub-District) / Mandi(District) / Himachal Pradesh(State),00813800,014970,N,,,,
1373,15927,D.P.F. Sandrahl (195),डी0पी0एफ0 सन्द्रहल (195),Pangna(Sub-District) / Mandi(District) / Himachal Pradesh(State),00909500,015927,N,,,,
1374,14696,D.P.F. Sangrayar (264),डी.पी.ऎफ.संगंरयार (264),Balh(Sub-District) / Mandi(District) / Himachal Pradesh(State),00786400,014696,N,,,,
1375,15880,D.P.F. Sanjog (389),डी0पी0एफ0 संजोग (389),Pangna(Sub-District) / Mandi(District) / Himachal Pradesh(State),00904800,015880,N,,,,
1376,15556,D.P.F.Sanoda (155),डी.पी.ऐफ.सनोड़ा (155),Nihri(Sub-District) / Mandi(District) / Himachal Pradesh(State),00872400,015556,N,,,,
1377,14888,D.P.F.Sarai (470),डी.पी.एफ.सराई (470),Aut(Sub-District) / Mandi(District) / Himachal Pradesh(State),00805600,014888,N,,,,
1378,14855,D.P.F Saran Kalyala (467),डी.पी.एफ. सरनकलयाला (467),Aut(Sub-District) / Mandi(District) / Himachal Pradesh(State),00802300,014855,N,,,,
1379,13140,D.P.F. Saraun (575),डी0पी0एफ0 सरोण (575),Padhar(Sub-District) / Mandi(District) / Himachal Pradesh(State),00630800,013140,N,,,,
1380,13136,D.P.F. Sarda (556),डी0पी0एफ0 सारडा (556),Padhar(Sub-District) / Mandi(District) / Himachal Pradesh(State),00630400,013136,N,,,,
1381,14832,D.P.F. Sari (515),डी.पी.एफ. सरी (515),Aut(Sub-District) / Mandi(District) / Himachal Pradesh(State),00800000,014832,N,,,,
1382,14420,D.P.F. Sarki Dhar (421),डी0पी0एफ0सरकीधार (421),Katoula(Sub-District) / Mandi(District) / Himachal Pradesh(State),00758800,014420,N,,,,
1383,15313,D.P.F.Saroa (7),डी0पी0एफ0 सरोआ (7),Chachyot(Sub-District) / Mandi(District) / Himachal Pradesh(State),00848100,015313,N,,,,
1384,15248,D.P.F.Saroi (378),डी.पी.ऎफ.सरोई (378),Chhatri(Sub-District) / Mandi(District) / Himachal Pradesh(State),00841600,015248,N,,,,
1385,13090,D.P.F. Satidhar (365),डी0पी0एफ0 सतीधार (365),Padhar(Sub-District) / Mandi(District) / Himachal Pradesh(State),00625800,013090,N,,,,
1386,15283,D.P.F.Seri Narain (700),डी.पी.ऎफ.सेरी नारायण (700),Chhatri(Sub-District) / Mandi(District) / Himachal Pradesh(State),00845100,015283,N,,,,
1387,15907,D.P.F. Shadai (236),डी.पी.एफ. शडई (236),Bagshad(Sub-District) / Mandi(District) / Himachal Pradesh(State),00907500,015907,N,,,,
1388,15210,D.P.F.Shafarinal (366),डी.पी.एफ.  शाफडीनाल (366),Thunag(Sub-District) / Mandi(District) / Himachal Pradesh(State),00837800,015210,N,,,,
1389,16300,D.P.F Shagach (576),डी.पी.एफ. शगाच (576),Karsog(Sub-District) / Mandi(District) / Himachal Pradesh(State),00946800,016300,N,,,,
1390,14397,D.P.F. Shakohar A (180),डी.पी.एफ.शकोहर शिल्ह ए. (180),Sundarnagar(Sub-District) / Mandi(District) / Himachal Pradesh(State),00756500,014397,N,,,,
1391,14392,D.P.F. Shakohar B (174),डी.पी.एफ.शकोहर बी. (174),Sundarnagar(Sub-District) / Mandi(District) / Himachal Pradesh(State),00756000,014392,N,,,,
1392,15244,D.P.F.Shakohar Dhar (393),डी.पी.ऎफ.शकोहर धार (393),Chhatri(Sub-District) / Mandi(District) / Himachal Pradesh(State),00841200,015244,N,,,,
1393,15757,D.P.F. Shalog (320),डी0पी0एफ0 शलोग (320),Pangna(Sub-District) / Mandi(District) / Himachal Pradesh(State),00892500,015757,N,,,,
1394,14914,D.P.F. Shaloi (552),डी.पी.ऎफ.शलोई (552),Bali Chowki(Sub-District) / Mandi(District) / Himachal Pradesh(State),00808200,014914,N,,,,
1395,14948,D.P.F. Shalwar (645),डी0पी0एफ0 शलवाड (645),Thachi(Sub-District) / Mandi(District) / Himachal Pradesh(State),00811600,014948,N,,,,
1396,13043,D.P.F. Shamalang (455),डी.पी.एफ. शमालंग (455),Tikken(Sub-District) / Mandi(District) / Himachal Pradesh(State),00621100,013043,N,,,,
1397,15809,D.P.F Shanaher Dhar (470),डी.पी.एफ. शनाहरधार (470),Karsog(Sub-District) / Mandi(District) / Himachal Pradesh(State),00897700,015809,N,,,,
1398,15151,D.P.F.Shankar (461),डी.पी.एफ. शंकर (461),Thunag(Sub-District) / Mandi(District) / Himachal Pradesh(State),00831900,015151,N,,,,
1399,14847,D.P.F.Shanod (480),डी.पी.एफ.शनोड (480),Aut(Sub-District) / Mandi(District) / Himachal Pradesh(State),00801500,014847,N,,,,
1400,16202,D.P.F.Shanohu (435),डी.पी.एफ. शनोेहु (435),Karsog(Sub-District) / Mandi(District) / Himachal Pradesh(State),00937000,016202,N,,,,
1401,14425,D.P.F. Shara Mohar (400),डी0पी0एफ0शारा मौहर (400),Katoula(Sub-District) / Mandi(District) / Himachal Pradesh(State),00759300,014425,N,,,,
1402,14957,D.P.F.Shargad (652),डी0 पी0 एफ0 शारगाड (652),Thachi(Sub-District) / Mandi(District) / Himachal Pradesh(State),00812500,014957,N,,,,
1403,14983,D.P.F. Shelapani (582),डी0पी0एफ0 शोलापानी (582),Thachi(Sub-District) / Mandi(District) / Himachal Pradesh(State),00815100,014983,N,,,,
1404,15103,D.P.F.Shemph (140),डी.पी.एफ.सैम्फ (140),Thunag(Sub-District) / Mandi(District) / Himachal Pradesh(State),00827100,015103,N,,,,
1405,15847,D.P.F Shihal (405),डी.पी.एफ. शिहल (405),Karsog(Sub-District) / Mandi(District) / Himachal Pradesh(State),00901500,015847,N,,,,
1406,14844,D.P.F.Shikari (481),डी.पी.एफ. शिकारी (481),Aut(Sub-District) / Mandi(District) / Himachal Pradesh(State),00801200,014844,N,,,,
1407,15077,D.P.F.Shikawari (89),डी.पी.एफ. शिकावरी (89),Thunag(Sub-District) / Mandi(District) / Himachal Pradesh(State),00824500,015077,N,,,,
1408,13168,D.P.F. Shilag (596),डी0पी0एफ0 शिलग (596),Padhar(Sub-District) / Mandi(District) / Himachal Pradesh(State),00633600,013168,N,,,,
1409,15899,D.P.F. Shilbhadyar (106),डी.पी.एफ. शिलभडयार (106),Bagshad(Sub-District) / Mandi(District) / Himachal Pradesh(State),00906700,015899,N,,,,
1410,13375,D.P.F. Shilh (310),डी. पी. एफ. शिल्ह (310),Jogindarnagar(Sub-District) / Mandi(District) / Himachal Pradesh(State),00654300,013375,N,,,,
1411,14885,D.P.F. Shilh. (459),डी.पी.एफ शिल्ह (459),Aut(Sub-District) / Mandi(District) / Himachal Pradesh(State),00805300,014885,N,,,,
1412,15158,D.P.F. Shilh (466),डी.पी.एफ.शिल्ह (466),Thunag(Sub-District) / Mandi(District) / Himachal Pradesh(State),00832600,015158,N,,,,
1413,16255,D.P.F Shilh (468),डी.पी.एफ. शिल्ह (468),Karsog(Sub-District) / Mandi(District) / Himachal Pradesh(State),00942300,016255,N,,,,
1414,14902,D.P.F.Shilh (593),डी.पी.ऎफ.शिल्ह (593),Bali Chowki(Sub-District) / Mandi(District) / Himachal Pradesh(State),00807000,014902,N,,,,
1415,16263,D.P.F Shilhadhar (504),डी.पी.एफ. शिल्हाधार (504),Karsog(Sub-District) / Mandi(District) / Himachal Pradesh(State),00943100,016263,N,,,,
1416,15119,D.P.F.Shilhibagi (501),डी.पी.एफ.शिल्हीबागी (501),Bagachnogi(Sub-District) / Mandi(District) / Himachal Pradesh(State),00828700,015119,N,,,,
1417,15722,D.P.F. Shivshankar (306),डी.पी.ऐफ.शिवशंकर (306),Nihri(Sub-District) / Mandi(District) / Himachal Pradesh(State),00889000,015722,N,,,,
1418,15917,D.P.F. Shorshan (179),डी.पी.एफ. शोरशन (179),Bagshad(Sub-District) / Mandi(District) / Himachal Pradesh(State),00908500,015917,N,,,,
1419,16305,D.P.F.Shushan (574),डी.पी.एफ. शुशन (574),Karsog(Sub-District) / Mandi(District) / Himachal Pradesh(State),00947300,016305,N,,,,
1420,15346,D.P.F. Sidhchalau (33),डी0पी0एफ0सिध चलाउ (33),Chachyot(Sub-District) / Mandi(District) / Himachal Pradesh(State),00851400,015346,N,,,,
1421,14589,D.P.F.Sidhkot (159),डी.पी.एफ. सिद्धकोट (159),Rewalsar(Sub-District) / Mandi(District) / Himachal Pradesh(State),00775700,014589,N,,,,
1422,14141,D.P.F Sidhkot (530),डी.पी.एफ. सिधकोट (530),Dhalwan(Sub-District) / Mandi(District) / Himachal Pradesh(State),00730900,014141,N,,,,
1423,16205,D.P.F.Sihanj (440),डी.पी.एफ. सिंहज (440),Karsog(Sub-District) / Mandi(District) / Himachal Pradesh(State),00937300,016205,N,,,,
1424,14147,D.P.F. Sikandra (532),डी0पी0एफ0 सिकन्दरा (532),Baldwara(Sub-District) / Mandi(District) / Himachal Pradesh(State),00731500,014147,N,,,,
1425,13071,D.P.F. Silhaswar (377),डी0पी0एफ शिल्हास्वाड (377),Padhar(Sub-District) / Mandi(District) / Himachal Pradesh(State),00623900,013071,N,,,,
1426,13418,D.P.F. Siyuri (390),डी. पी. एफ. सियूरी (390),Jogindarnagar(Sub-District) / Mandi(District) / Himachal Pradesh(State),00658600,013418,N,,,,
1427,15012,D.P.F.Sudhrani Silh (660),डी.पी.ऎफ.सुधराणी शिल्ह (660),Bali Chowki(Sub-District) / Mandi(District) / Himachal Pradesh(State),00818000,015012,N,,,,
1428,15073,D.P.F.Suhar (87),डी.पी.एफ.सुहड (87),Thunag(Sub-District) / Mandi(District) / Himachal Pradesh(State),00824100,015073,N,,,,
1429,13261,D.P.F. Sukar (44),डी. पी. एफ. सुकड (44),Jogindarnagar(Sub-District) / Mandi(District) / Himachal Pradesh(State),00642900,013261,N,,,,
1430,15133,D.P.F.Sunah (495),डी.पी.एफ.सुनाह (495),Thunag(Sub-District) / Mandi(District) / Himachal Pradesh(State),00830100,015133,N,,,,
1431,15084,D.P.F.Sunas (131),डी.पी.एफ. सुनास (131),Thunag(Sub-District) / Mandi(District) / Himachal Pradesh(State),00825200,015084,N,,,,
1432,15795,D.P.F Sundru (544),डी.पी.एफ. सुन्दरू (544),Karsog(Sub-District) / Mandi(District) / Himachal Pradesh(State),00896300,015795,N,,,,
1433,16261,D.P.F.Suranda (498),डी.पी.एफ. सुराण्डा (498),Karsog(Sub-District) / Mandi(District) / Himachal Pradesh(State),00942900,016261,N,,,,
1434,14793,D.P.F. Swardhar (315),डी.पी.एफ. स्वारधार (315),Mandi(Sub-District) / Mandi(District) / Himachal Pradesh(State),00796100,014793,N,,,,
1435,16019,D.P.F.Talehan (138),डी.पी.एफ. तलैहण (138),Bagshad(Sub-District) / Mandi(District) / Himachal Pradesh(State),00918700,016019,N,,,,
1436,14471,D.P.F.Tamlot (382),डी.पी.एफ तमलोट (382),Mandi(Sub-District) / Mandi(District) / Himachal Pradesh(State),00763900,014471,N,,,,
1437,15422,D.P.F.Tandi (180),डी0पी0एफ0तान्दी (180),Chachyot(Sub-District) / Mandi(District) / Himachal Pradesh(State),00859000,015422,N,,,,
1438,14470,D.P.F. Tandi (375),डी.पी.एफ. तान्दी (375),Mandi(Sub-District) / Mandi(District) / Himachal Pradesh(State),00763800,014470,N,,,,
1439,15189,D.P.F.Tangrala (357),डी.पी.एफ.टंगराला (357),Thunag(Sub-District) / Mandi(District) / Himachal Pradesh(State),00835700,015189,N,,,,
1440,15527,D.P.F. Taplidhar (184),डी.पी.ऐफ.तपलीधार (184),Nihri(Sub-District) / Mandi(District) / Himachal Pradesh(State),00869500,015527,N,,,,
1441,13181,D.P.F. Taranu (520),डी0पी0एफ0 तराणू (520),Katoula(Sub-District) / Mandi(District) / Himachal Pradesh(State),00634900,013181,N,,,,
1442,14755,D.P.F. Tarapur (301),डी.पी.ऎफ.तारापुर (301),Balh(Sub-District) / Mandi(District) / Himachal Pradesh(State),00792300,014755,N,,,,
1443,14385,D.P.F.Tarjugi (171),डी.पी.एफ.तरजुगी (171),Sundarnagar(Sub-District) / Mandi(District) / Himachal Pradesh(State),00755300,014385,N,,,,
1444,14723,D.P.F.Tarlaja (287),डी.पी.ऎफ.तरलाजा (287),Balh(Sub-District) / Mandi(District) / Himachal Pradesh(State),00789100,014723,N,,,,
1445,15380,D.P.F.Tarlaja (41),डी0पी0एफ0 तरलाजा (41),Chachyot(Sub-District) / Mandi(District) / Himachal Pradesh(State),00854800,015380,N,,,,
1446,14830,D.P.F. Tarmuthi (485),डी.पी.एफ. तरमूठी (485),Aut(Sub-District) / Mandi(District) / Himachal Pradesh(State),00799800,014830,N,,,,
1447,14802,D.P.F. Tawa (324),डी.पी.एफ. तवा (324),Mandi(Sub-District) / Mandi(District) / Himachal Pradesh(State),00797000,014802,N,,,,
1448,14932,D.P.F. Thachi (575),डी0 पी0 एफ0 थाची (575),Thachi(Sub-District) / Mandi(District) / Himachal Pradesh(State),00810000,014932,N,,,,
1449,15534,D.P.F.Thach Shilh (208),डी.पी.ऐफ.थाच शिल्ह (208),Nihri(Sub-District) / Mandi(District) / Himachal Pradesh(State),00870200,015534,N,,,,
1450,14934,D.P.F. Thahnalot (574),डी0 पी0 एफ0 थाहनलोट (574),Thachi(Sub-District) / Mandi(District) / Himachal Pradesh(State),00810200,014934,N,,,,
1451,16027,D.P.F.Thaltu (150),डी.पी.एफ. थलटू (150),Bagshad(Sub-District) / Mandi(District) / Himachal Pradesh(State),00919500,016027,N,,,,
1452,15203,D.P.F.Thanar (354),डी.पी.एफ.थनार (354),Thunag(Sub-District) / Mandi(District) / Himachal Pradesh(State),00837100,015203,N,,,,
1453,16118,D.P.F.Thangar (333),डी.पी.एफ. ठाँगर (333),Bagshad(Sub-District) / Mandi(District) / Himachal Pradesh(State),00928600,016118,N,,,,
1454,15206,D.P.F.Thanti (363),डी.पी.एफ.थन्टी (363),Thunag(Sub-District) / Mandi(District) / Himachal Pradesh(State),00837400,015206,N,,,,
1455,15374,D.P.F.Tharadhar (117),डी0पी0एफ0 थडाधार (117),Chachyot(Sub-District) / Mandi(District) / Himachal Pradesh(State),00854200,015374,N,,,,
1456,15168,D.P.F.Tharehni (443),डी.पी.एफ.थरैहणी (443),Thunag(Sub-District) / Mandi(District) / Himachal Pradesh(State),00833600,015168,N,,,,
1457,14452,D.P.F. Thata (444),डी.पी.एफ. थट्टा (444),Mandi(Sub-District) / Mandi(District) / Himachal Pradesh(State),00762000,014452,N,,,,
1458,13433,D.P.F. Thorat (352),डी. पी. एफ. थोरट (352),Jogindarnagar(Sub-District) / Mandi(District) / Himachal Pradesh(State),00660100,013433,N,,,,
1459,15957,D.P.F.Thuadhar (102),डी.पी.एफ. धुआंधार (102),Bagshad(Sub-District) / Mandi(District) / Himachal Pradesh(State),00912500,015957,N,,,,
1460,14382,D.P.F.Thuhadhar (166),डी.पी.एफ.थुआधार (166),Sundarnagar(Sub-District) / Mandi(District) / Himachal Pradesh(State),00755000,014382,N,,,,
1461,14819,D.P.F. Thujri (505),डी.पी.एफ.थुजरी (505),Aut(Sub-District) / Mandi(District) / Himachal Pradesh(State),00798700,014819,N,,,,
1462,15028,D.P.F.Thunadi Gaad (679),डी.पी.ऎफ.थुनाड़ी गाड़ (679),Bali Chowki(Sub-District) / Mandi(District) / Himachal Pradesh(State),00819600,015028,N,,,,
1463,15854,D.P.F. Tikari (218),डी0पी0एफ0 टिकरी (218),Pangna(Sub-District) / Mandi(District) / Himachal Pradesh(State),00902200,015854,N,,,,
1464,13059,D.P.F. Tikkar (476),डी0पी0एफ टिक्कर (476),Padhar(Sub-District) / Mandi(District) / Himachal Pradesh(State),00622700,013059,N,,,,
1465,15817,D.P.F Tikkari Dhar (489),डी.पी.एफ. टिकरीधार (489),Karsog(Sub-District) / Mandi(District) / Himachal Pradesh(State),00898500,015817,N,,,,
1466,15831,D.P.F Tikkar Karsog (410),डी.पी.एफ.टिक्कर करसोग (410),Karsog(Sub-District) / Mandi(District) / Himachal Pradesh(State),00899900,015831,N,,,,
1467,14892,D.P.F.Tipar Chalyaila (597),डी.पी.ऎफ.टिपर चलयैला (597),Bali Chowki(Sub-District) / Mandi(District) / Himachal Pradesh(State),00806000,014892,N,,,,
1468,15500,D.P.F. Tokharnaal (245),डी0पी0एफ0 तोखरनाल (245),Chachyot(Sub-District) / Mandi(District) / Himachal Pradesh(State),00866800,015500,N,,,,
1469,14818,D.P.F Trayal (500),डी.पी.एफ. तरायल (500),Aut(Sub-District) / Mandi(District) / Himachal Pradesh(State),00798600,014818,N,,,,
1470,15627,D.P.F. Trechh (49),डी.पी.ऐफ.ट्रैच्छ (49),Nihri(Sub-District) / Mandi(District) / Himachal Pradesh(State),00879500,015627,N,,,,
1471,15178,D.P.F.Tungasi (447),डी.पी.एफ.तुंगासी (447),Thunag(Sub-District) / Mandi(District) / Himachal Pradesh(State),00834600,015178,N,,,,
1472,15479,D.P.F. Tungrasan (195),डी0पी0एफ टुगरासन (195),Chachyot(Sub-District) / Mandi(District) / Himachal Pradesh(State),00864700,015479,N,,,,
1473,15960,D.P.F.Udhmu (177),डी.पी.एफ. उधमू (177),Bagshad(Sub-District) / Mandi(District) / Himachal Pradesh(State),00912800,015960,N,,,,
1474,14267,D.P.F. Umri (67),डी.पी.एफ. उमरी (67),Dehar(Sub-District) / Mandi(District) / Himachal Pradesh(State),00743500,014267,N,,,,
1475,13104,D.P.F. Upper Khajri (307),डी0पी0एफ0 अप्पर खजरी (307),Padhar(Sub-District) / Mandi(District) / Himachal Pradesh(State),00627200,013104,N,,,,
1476,13040,Draggar (461),द्रगड़ (461),Tikken(Sub-District) / Mandi(District) / Himachal Pradesh(State),00620800,013040,N,,,,
1477,14350,Draman (106),द्रमण (106),Sundarnagar(Sub-District) / Mandi(District) / Himachal Pradesh(State),00751800,014350,N,,,,
1478,13467,Draman (90),द्रमण (90),Lad Bharol(Sub-District) / Mandi(District) / Himachal Pradesh(State),00663500,013467,N,,,,
1479,15816,Drashti (476),द्रष्टि (476),Karsog(Sub-District) / Mandi(District) / Himachal Pradesh(State),00898400,015816,N,,,,
1480,13519,Drob (138),द्रोव (138),Lad Bharol(Sub-District) / Mandi(District) / Himachal Pradesh(State),00668700,013519,N,,,,
1481,13203,Droon (499),द्रुण (499),Padhar(Sub-District) / Mandi(District) / Himachal Pradesh(State),00637100,013203,N,,,,
1482,13124,Drugh (563),द्रुग (563),Padhar(Sub-District) / Mandi(District) / Himachal Pradesh(State),00629200,013124,N,,,,
1483,13739,Druman (138),द्रुमण (138),Mandap(Sub-District) / Mandi(District) / Himachal Pradesh(State),00690700,013739,N,,,,
1484,13879,Druman (207),द्रुमण (207),Sarkaghat(Sub-District) / Mandi(District) / Himachal Pradesh(State),00704700,013879,N,,,,
1485,15072,Drunu (526),द्रुणु (526),Bagachnogi(Sub-District) / Mandi(District) / Himachal Pradesh(State),00824000,015072,N,,,,
1486,14761,Dudar (345),दूदर (345),Mandi(Sub-District) / Mandi(District) / Himachal Pradesh(State),00792900,014761,N,,,,
1487,16076,Dudhali-I (263),दुधली-I (263),Bagshad(Sub-District) / Mandi(District) / Himachal Pradesh(State),00924400,016076,N,,,,
1488,16075,Dudhali-Ii (273),दुधली-II (273),Bagshad(Sub-District) / Mandi(District) / Himachal Pradesh(State),00924300,016075,N,,,,
1489,13299,Dugh (195),डुघ (195),Makridi(Sub-District) / Mandi(District) / Himachal Pradesh(State),00646700,013299,N,,,,
1490,13415,Dugha Gahar (401),डी. पी. एफ. डूघागाहर (401),Jogindarnagar(Sub-District) / Mandi(District) / Himachal Pradesh(State),00658300,013415,N,,,,
1491,15417,Dughal (58),डुघल (58),Chachyot(Sub-District) / Mandi(District) / Himachal Pradesh(State),00858500,015417,N,,,,
1492,13458,Dughali (40),डुगहली (40),Lad Bharol(Sub-District) / Mandi(District) / Himachal Pradesh(State),00662600,013458,N,,,,
1493,14224,Dugrain (6),डूगरांई (6),Sundarnagar(Sub-District) / Mandi(District) / Himachal Pradesh(State),00739200,014224,N,,,,
1494,13413,Dul (399),दुल (399),Jogindarnagar(Sub-District) / Mandi(District) / Himachal Pradesh(State),00658100,013413,N,,,,
1495,13047,Duman (463),डुमाण (463),Tikken(Sub-District) / Mandi(District) / Himachal Pradesh(State),00621500,013047,N,,,,
1496,16243,Dumho (460),डुम्हों (460),Karsog(Sub-District) / Mandi(District) / Himachal Pradesh(State),00941100,016243,N,,,,
1497,13137,Dundha (572),दुन्धा (572),Padhar(Sub-District) / Mandi(District) / Himachal Pradesh(State),00630500,013137,N,,,,
1498,15973,Durkanu (71),दुरकनू (71),Bagshad(Sub-District) / Mandi(District) / Himachal Pradesh(State),00914100,015973,N,,,,
1499,14559,Dusra Khabu (97),दुसरा खाबू (97),Rewalsar(Sub-District) / Mandi(District) / Himachal Pradesh(State),00772700,014559,N,,,,
1500,13554,Duwardu (172),दवारडू (172),Lad Bharol(Sub-District) / Mandi(District) / Himachal Pradesh(State),00672200,013554,N,,,,
1501,14484,Dwardu (600),डवारडू (600),Mandi(Sub-District) / Mandi(District) / Himachal Pradesh(State),00765200,014484,N,,,,
1502,16094,Dwari Pass (307),डवारी पाश (307),Karsog(Sub-District) / Mandi(District) / Himachal Pradesh(State),00926200,016094,N,,,,
1503,13621,Dyol (12),दयोल (12),Sandhol(Sub-District) / Mandi(District) / Himachal Pradesh(State),00678900,013621,N,,,,
1504,13935,Fadanu (228),फडाणू (228),Sarkaghat(Sub-District) / Mandi(District) / Himachal Pradesh(State),00710300,013935,N,,,,
1505,16090,Fafan (314),फफाण (314),Karsog(Sub-District) / Mandi(District) / Himachal Pradesh(State),00925800,016090,N,,,,
1506,13548,Fagla (156),फगला (156),Lad Bharol(Sub-District) / Mandi(District) / Himachal Pradesh(State),00671600,013548,N,,,,
1507,13779,Fagla (77),फागला (77),Kotli(Sub-District) / Mandi(District) / Himachal Pradesh(State),00694700,013779,N,,,,
1508,14310,Fagla (97),फागला (97),Sundarnagar(Sub-District) / Mandi(District) / Himachal Pradesh(State),00747800,014310,N,,,,
1509,13184,Fagni (528),फागणी (528),Padhar(Sub-District) / Mandi(District) / Himachal Pradesh(State),00635200,013184,N,,,,
1510,15432,Fagnyar (155),फगन्यार (155),Chachyot(Sub-District) / Mandi(District) / Himachal Pradesh(State),00860000,015432,N,,,,
1511,14686,Fagoh (253),फगोह (253),Balh(Sub-District) / Mandi(District) / Himachal Pradesh(State),00785400,014686,N,,,,
1512,15372,Fagraut (67),फगरौट (67),Chachyot(Sub-District) / Mandi(District) / Himachal Pradesh(State),00854000,015372,N,,,,
1513,14366,Fagwao (127),फगवाओ (127),Sundarnagar(Sub-District) / Mandi(District) / Himachal Pradesh(State),00753400,014366,N,,,,
1514,13605,Fakdohal (44),फकडोहल (44),Dharmpur(Sub-District) / Mandi(District) / Himachal Pradesh(State),00677300,013605,N,,,,
1515,13628,Fanehal (20),फनैहल (20),Sandhol(Sub-District) / Mandi(District) / Himachal Pradesh(State),00679600,013628,N,,,,
1516,16318,Fanevta (595),फनेवटा (595),Karsog(Sub-District) / Mandi(District) / Himachal Pradesh(State),00948600,016318,N,,,,
1517,15395,Fangwar (100),फंगवार (100),Chachyot(Sub-District) / Mandi(District) / Himachal Pradesh(State),00856300,015395,N,,,,
1518,14359,Fangwas (138),फंगवास (138),Sundarnagar(Sub-District) / Mandi(District) / Himachal Pradesh(State),00752700,014359,N,,,,
1519,15354,Fanipra (69),फनिपरा (69),Chachyot(Sub-District) / Mandi(District) / Himachal Pradesh(State),00852200,015354,N,,,,
1520,13993,Fantehra (151),फनतेहडा (151),Mandap(Sub-District) / Mandi(District) / Himachal Pradesh(State),00711900,013993,N,,,,
1521,13194,Fared (486),फरेड (486),Padhar(Sub-District) / Mandi(District) / Himachal Pradesh(State),00636200,013194,N,,,,
1522,14836,Farsh (512),फर्श (512),Aut(Sub-District) / Mandi(District) / Himachal Pradesh(State),00800400,014836,N,,,,
1523,13958,Fatehpur (447),फतेहपुर (447),Sarkaghat(Sub-District) / Mandi(District) / Himachal Pradesh(State),00716600,013958,N,,,,
1524,14379,Fatepur(150),फतेपुर (150),Sundarnagar(Sub-District) / Mandi(District) / Himachal Pradesh(State),00754700,014379,N,,,,
1525,14530,Fatewahan (358),फतेवाहन (358),Mandi(Sub-District) / Mandi(District) / Himachal Pradesh(State),00769800,014530,N,,,,
1526,14156,Fatoh (480),फटोह (480),Baldwara(Sub-District) / Mandi(District) / Himachal Pradesh(State),00732400,014156,N,,,,
1527,15675,Fegal (57),फेगल (57),Pangna(Sub-District) / Mandi(District) / Himachal Pradesh(State),00884300,015675,N,,,,
1528,13688,Fihad (78),फिहड (78),Dharmpur(Sub-District) / Mandi(District) / Himachal Pradesh(State),00685600,013688,N,,,,
1529,16230,Finu (425),फिनू (425),Karsog(Sub-District) / Mandi(District) / Himachal Pradesh(State),00939800,016230,N,,,,
1530,16321,Firnu (599),फिरनू (599),Karsog(Sub-District) / Mandi(District) / Himachal Pradesh(State),00948900,016321,N,,,,
1531,15296,Fraj (716),फराज (716),Chhatri(Sub-District) / Mandi(District) / Himachal Pradesh(State),00846400,015296,N,,,,
1532,15922,Fras (192),फरास (192),Pangna(Sub-District) / Mandi(District) / Himachal Pradesh(State),00909000,015922,N,,,,
1533,15485,Futijaan (208),फुटीजान (208),Chachyot(Sub-District) / Mandi(District) / Himachal Pradesh(State),00865300,015485,N,,,,
1534,14792,Gaad (314),गाड (314),Mandi(Sub-District) / Mandi(District) / Himachal Pradesh(State),00796000,014792,N,,,,
1535,15643,Gaad (6),गाड (6),Nihri(Sub-District) / Mandi(District) / Himachal Pradesh(State),00881100,015643,N,,,,
1536,15628,Gaali (53),गाली (53),Nihri(Sub-District) / Mandi(District) / Himachal Pradesh(State),00879600,015628,N,,,,
1537,16028,Gadari (255),गडारी (255),Bagshad(Sub-District) / Mandi(District) / Himachal Pradesh(State),00919600,016028,N,,,,
1538,14544,Gaddal (355),गड्डल (355),Mandi(Sub-District) / Mandi(District) / Himachal Pradesh(State),00771200,014544,N,,,,
1539,15398,Gadhiman (123),गधीमण (123),Chachyot(Sub-District) / Mandi(District) / Himachal Pradesh(State),00856600,015398,N,,,,
1540,15341,Gadhwar (77),गडवार (77),Chachyot(Sub-District) / Mandi(District) / Himachal Pradesh(State),00850900,015341,N,,,,
1541,13914,Gadhyani (277),गध्याणी (277),Sarkaghat(Sub-District) / Mandi(District) / Himachal Pradesh(State),00708200,013914,N,,,,
1542,13833,Gadhyara (197),गदयाड़ा (197),Tihra(Sub-District) / Mandi(District) / Himachal Pradesh(State),00700100,013833,N,,,,
1543,13578,Gadiara (191),गदयाडा (191),Lad Bharol(Sub-District) / Mandi(District) / Himachal Pradesh(State),00674600,013578,N,,,,
1544,13457,Gadiara (42),गदयाडा (42),Lad Bharol(Sub-District) / Mandi(District) / Himachal Pradesh(State),00662500,013457,N,,,,
1545,13384,Gaduhi (281),गडूही (281),Jogindarnagar(Sub-District) / Mandi(District) / Himachal Pradesh(State),00655200,013384,N,,,,
1546,14565,Gadwahan (126),गदवाहण (126),Rewalsar(Sub-District) / Mandi(District) / Himachal Pradesh(State),00773300,014565,N,,,,
1547,13324,Gadyara (218),गदयाड़ा (218),Makridi(Sub-District) / Mandi(District) / Himachal Pradesh(State),00649200,013324,N,,,,
1548,13890,Gadyara (220),गदयाड़ा (220),Sarkaghat(Sub-District) / Mandi(District) / Himachal Pradesh(State),00705800,013890,N,,,,
1549,14073,Gadyaru (434),गदयाडू (434),Bhadrota(Sub-District) / Mandi(District) / Himachal Pradesh(State),00724100,014073,N,,,,
1550,15237,Gagan (406),गागण (406),Chhatri(Sub-District) / Mandi(District) / Himachal Pradesh(State),00840500,015237,N,,,,
1551,14929,Gagan (563),गागण (563),Thachi(Sub-District) / Mandi(District) / Himachal Pradesh(State),00809700,014929,N,,,,
1552,15746,Gagandarh (256),गगनदड़ (256),Pangna(Sub-District) / Mandi(District) / Himachal Pradesh(State),00891400,015746,N,,,,
1553,16217,Gagoi (529),गागोई (529),Karsog(Sub-District) / Mandi(District) / Himachal Pradesh(State),00938500,016217,N,,,,
1554,13021,Gahang (446),गाहॅग (446),Tikken(Sub-District) / Mandi(District) / Himachal Pradesh(State),00618900,013021,N,,,,
1555,14071,Gahar (444),गाहर (444),Bhadrota(Sub-District) / Mandi(District) / Himachal Pradesh(State),00722400,014071,N,,,,
1556,15632,Gahar (48),गाहर (48),Nihri(Sub-District) / Mandi(District) / Himachal Pradesh(State),00880000,015632,N,,,,
1557,13510,Gahra (178),गाहरा (178),Lad Bharol(Sub-District) / Mandi(District) / Himachal Pradesh(State),00667800,013510,N,,,,
1558,13503,Gahru (124),गाहरु (124),Lad Bharol(Sub-District) / Mandi(District) / Himachal Pradesh(State),00667100,013503,N,,,,
1559,16209,Gainshar (450),गैंशर (450),Karsog(Sub-District) / Mandi(District) / Himachal Pradesh(State),00937700,016209,N,,,,
1560,13145,Gajaun (581),गजोण  (581),Padhar(Sub-District) / Mandi(District) / Himachal Pradesh(State),00631300,013145,N,,,,
1561,16201,Gajeha (436),गजेहा (436),Karsog(Sub-District) / Mandi(District) / Himachal Pradesh(State),00936900,016201,N,,,,
1562,15839,Galandhi (402),गलाण्ढी (402),Karsog(Sub-District) / Mandi(District) / Himachal Pradesh(State),00900700,015839,N,,,,
1563,16082,Galed (283),गलेड़ (283),Karsog(Sub-District) / Mandi(District) / Himachal Pradesh(State),00925000,016082,N,,,,
1564,15679,Galiog (86),गलयोग (86),Pangna(Sub-District) / Mandi(District) / Himachal Pradesh(State),00884700,015679,N,,,,
1565,14626,Galma (189),गलमा (189),Balh(Sub-District) / Mandi(District) / Himachal Pradesh(State),00779400,014626,N,,,,
1566,14536,Galoo (91),गलू (91),Mandi(Sub-District) / Mandi(District) / Himachal Pradesh(State),00770400,014536,N,,,,
1567,15846,Galshandi (392),गलशाण्डी (392),Karsog(Sub-District) / Mandi(District) / Himachal Pradesh(State),00901400,015846,N,,,,
1568,13001,Galu (440),गलू (440),Tikken(Sub-District) / Mandi(District) / Himachal Pradesh(State),00616900,013001,N,,,,
1569,16190,Galu (515),गलू (515),Karsog(Sub-District) / Mandi(District) / Himachal Pradesh(State),00935800,016190,N,,,,
1570,13223,Galu (64),गलू (64),Jogindarnagar(Sub-District) / Mandi(District) / Himachal Pradesh(State),00639100,013223,N,,,,
1571,14552,Gambhar Khadd (100),गम्भर खड्ड (100),Rewalsar(Sub-District) / Mandi(District) / Himachal Pradesh(State),00772000,014552,N,,,,
1572,13686,Gamdhal (85),घमधाल (85),Dharmpur(Sub-District) / Mandi(District) / Himachal Pradesh(State),00685400,013686,N,,,,
1573,14275,Gamohu (86),गमोहू (86),Dehar(Sub-District) / Mandi(District) / Himachal Pradesh(State),00744300,014275,N,,,,
1574,14538,Ganehar (103),गनेहड़ (103),Mandi(Sub-District) / Mandi(District) / Himachal Pradesh(State),00770600,014538,N,,,,
1575,13476,Gangoti (107),गंगोटी (107),Lad Bharol(Sub-District) / Mandi(District) / Himachal Pradesh(State),00664400,013476,N,,,,
1576,16192,Gannu (448),गनू (448),Karsog(Sub-District) / Mandi(District) / Himachal Pradesh(State),00936000,016192,N,,,,
1577,13019,Garaman (450),ग्रामण (450),Tikken(Sub-District) / Mandi(District) / Himachal Pradesh(State),00618700,013019,N,,,,
1578,14581,Gararu (133),गा्रैडू (133),Rewalsar(Sub-District) / Mandi(District) / Himachal Pradesh(State),00774900,014581,N,,,,
1579,13041,Garhgaon (462),गढगांव (462),Tikken(Sub-District) / Mandi(District) / Himachal Pradesh(State),00620900,013041,N,,,,
1580,13690,Garli (170),गरली (170),Tihra(Sub-District) / Mandi(District) / Himachal Pradesh(State),00685800,013690,N,,,,
1581,13160,Garlog (589),गरलोग (589),Padhar(Sub-District) / Mandi(District) / Himachal Pradesh(State),00632800,013160,N,,,,
1582,14569,Garlouni (129),गरलौणी (129),Rewalsar(Sub-District) / Mandi(District) / Himachal Pradesh(State),00773700,014569,N,,,,
1583,14660,Garoru (201),ग्रौडू (201),Balh(Sub-District) / Mandi(District) / Himachal Pradesh(State),00782800,014660,N,,,,
1584,13409,Garoru (339),ग्रोडू (339),Jogindarnagar(Sub-District) / Mandi(District) / Himachal Pradesh(State),00657700,013409,N,,,,
1585,14198,Gathoun (549),गथाओैं (549),Baldwara(Sub-District) / Mandi(District) / Himachal Pradesh(State),00736600,014198,N,,,,
1586,15294,Gatusharag (713),गतूशराग (713),Chhatri(Sub-District) / Mandi(District) / Himachal Pradesh(State),00846200,015294,N,,,,
1587,13135,Gawahan (571),गवाहन (571),Padhar(Sub-District) / Mandi(District) / Himachal Pradesh(State),00630300,013135,N,,,,
1588,13093,Gawali (542),गवाली (542),Padhar(Sub-District) / Mandi(District) / Himachal Pradesh(State),00626100,013093,N,,,,
1589,15343,Gawar (75),गवाड (75),Chachyot(Sub-District) / Mandi(District) / Himachal Pradesh(State),00851100,015343,N,,,,
1590,14654,Gehra (115),गैहरा (115),Balh(Sub-District) / Mandi(District) / Himachal Pradesh(State),00782200,014654,N,,,,
1591,13825,Gehra (188),गहरा (188),Tihra(Sub-District) / Mandi(District) / Himachal Pradesh(State),00699300,013825,N,,,,
1592,14077,Gehra (437),गैहरा (437),Bhadrota(Sub-District) / Mandi(District) / Himachal Pradesh(State),00724500,014077,N,,,,
1593,13640,Gehra (62),गहरा (62),Sandhol(Sub-District) / Mandi(District) / Himachal Pradesh(State),00680800,013640,N,,,,
1594,13980,Gehri Bhaderpur (454),गैहरी भादरपुर (454),Sarkaghat(Sub-District) / Mandi(District) / Himachal Pradesh(State),00723300,013980,N,,,,
1595,15453,Ger (181),गेर (181),Chachyot(Sub-District) / Mandi(District) / Himachal Pradesh(State),00862100,015453,N,,,,
1596,14607,Ghadaiter (173),घडैतर (173),Rewalsar(Sub-District) / Mandi(District) / Himachal Pradesh(State),00777500,014607,N,,,,
1597,13066,Ghagtian (470),घघटयाण (470),Padhar(Sub-District) / Mandi(District) / Himachal Pradesh(State),00623400,013066,N,,,,
1598,13103,Ghagwana (359),घघवाणा (359),Padhar(Sub-District) / Mandi(District) / Himachal Pradesh(State),00627100,013103,N,,,,
1599,15674,Ghaindal (58),घैन्दल (58),Nihri(Sub-District) / Mandi(District) / Himachal Pradesh(State),00884200,015674,N,,,,
1600,15698,Ghalaindi (285),घलैण्डी (285),Nihri(Sub-District) / Mandi(District) / Himachal Pradesh(State),00886600,015698,N,,,,
1601,16161,Ghalog(351),घलोग(351,Karsog(Sub-District) / Mandi(District) / Himachal Pradesh(State),00932900,016161,N,eSignGOFile662648_19_02_2025_16_25_16.pdf,,,
1602,15499,Ghalor (244),घलोर (244),Chachyot(Sub-District) / Mandi(District) / Himachal Pradesh(State),00866700,015499,N,,,,
1603,14004,Ghamdoul (311),घमधौल  (311),Bhadrota(Sub-District) / Mandi(District) / Himachal Pradesh(State),00713000,014004,N,,,,
1604,13455,Ghamiru (22),घमीरु (22),Lad Bharol(Sub-District) / Mandi(District) / Himachal Pradesh(State),00662300,013455,N,,,,
1605,15171,Ghamrala (451),घमराला (451),Thunag(Sub-District) / Mandi(District) / Himachal Pradesh(State),00833900,015171,N,,,,
1606,13407,Ghamrehar (338),घमरेहड (338),Jogindarnagar(Sub-District) / Mandi(District) / Himachal Pradesh(State),00657500,013407,N,,,,
1607,15335,Ghana (71),घणा (71),Chachyot(Sub-District) / Mandi(District) / Himachal Pradesh(State),00850300,015335,N,,,,
1608,13583,Ghanala (1),घनाला (1),Sandhol(Sub-District) / Mandi(District) / Himachal Pradesh(State),00675100,013583,N,,,,
1609,15903,Ghanaut (231),घणोत (231),Bagshad(Sub-District) / Mandi(District) / Himachal Pradesh(State),00907100,015903,N,,,,
1610,14592,Ghanera (161),धनेडा (161 ),Rewalsar(Sub-District) / Mandi(District) / Himachal Pradesh(State),00776000,014592,N,,,,
1611,13339,Ghanetar (254),घनैतर( 254),Makridi(Sub-District) / Mandi(District) / Himachal Pradesh(State),00650700,013339,N,,,,
1612,14325,Ghanghal (14),घांगल(14),Sundarnagar(Sub-District) / Mandi(District) / Himachal Pradesh(State),00749300,014325,N,,,,
1613,14256,Ghanghanu (51),घांघणू (51),Dehar(Sub-District) / Mandi(District) / Himachal Pradesh(State),00742400,014256,N,,,,
1614,15750,Ghanghoti (271),घंघोटी (271),Pangna(Sub-District) / Mandi(District) / Himachal Pradesh(State),00891800,015750,N,,,,
1615,16061,Ghanufari (249),घनूफरी (249),Bagshad(Sub-District) / Mandi(District) / Himachal Pradesh(State),00922900,016061,N,,,,
1616,13188,Ghanwag (492),घनवाग (492),Padhar(Sub-District) / Mandi(District) / Himachal Pradesh(State),00635600,013188,N,,,,
1617,14260,Ghaoru (62),घौड (62),Dehar(Sub-District) / Mandi(District) / Himachal Pradesh(State),00742800,014260,N,,,,
1618,14468,Gharan (430),घ्राण (430),Mandi(Sub-District) / Mandi(District) / Himachal Pradesh(State),00763600,014468,N,,,,
1619,13509,Gharaunu (181),घराणू (181),Lad Bharol(Sub-District) / Mandi(District) / Himachal Pradesh(State),00667700,013509,N,,,,
1620,15677,Gharkatyana (85),घाड़कत्याणा (85),Pangna(Sub-District) / Mandi(District) / Himachal Pradesh(State),00884500,015677,N,,,,
1621,15654,Gharoi (16),घड़ोई (16),Nihri(Sub-District) / Mandi(District) / Himachal Pradesh(State),00882200,015654,N,,,,
1622,13425,Gharon (389),घरौन (389),Jogindarnagar(Sub-District) / Mandi(District) / Himachal Pradesh(State),00659300,013425,N,,,,
1623,15704,Gharot (288),घरोट (288),Nihri(Sub-District) / Mandi(District) / Himachal Pradesh(State),00887200,015704,N,,,,
1624,15241,Ghartehar (410),घरटेहड़ (410),Chhatri(Sub-District) / Mandi(District) / Himachal Pradesh(State),00840900,015241,N,,,,
1625,13775,Gharwan (25),घरवाण (25),Kotli(Sub-District) / Mandi(District) / Himachal Pradesh(State),00694300,013775,N,,,,
1626,14596,Gharwasda (165),घरवासडा (165),Rewalsar(Sub-District) / Mandi(District) / Himachal Pradesh(State),00776400,014596,N,,,,
1627,14609,Gharwasda (176),घरवासडा (176),Rewalsar(Sub-District) / Mandi(District) / Himachal Pradesh(State),00777700,014609,N,,,,
1628,13691,Gharwasra (169),घरवासड़ा (169),Tihra(Sub-District) / Mandi(District) / Himachal Pradesh(State),00685900,013691,N,,,,
1629,13274,Gharwasra (324),घरवासडा (324),Jogindarnagar(Sub-District) / Mandi(District) / Himachal Pradesh(State),00644200,013274,N,,,,
1630,14100,Gharwasra (424),घरवासड़ा (424),Dhalwan(Sub-District) / Mandi(District) / Himachal Pradesh(State),00726800,014100,N,,,,
1631,15042,Ghat (675),घाट (675),Bali Chowki(Sub-District) / Mandi(District) / Himachal Pradesh(State),00821000,015042,N,,,,
1632,14798,Ghatlu (320),घाटलू (320),Mandi(Sub-District) / Mandi(District) / Himachal Pradesh(State),00796600,014798,N,,,,
1633,14977,Ghat Muhath (604),घाट मुहाथ (604),Bali Chowki(Sub-District) / Mandi(District) / Himachal Pradesh(State),00814500,014977,N,,,,
1634,13542,Ghator (151),घटौड़ (151),Lad Bharol(Sub-District) / Mandi(District) / Himachal Pradesh(State),00671000,013542,N,,,,
1635,14242,Ghauru (47),घौडू (47),Dehar(Sub-District) / Mandi(District) / Himachal Pradesh(State),00741000,014242,N,,,,
1636,15739,Ghawata (259),घवाटा (259),Pangna(Sub-District) / Mandi(District) / Himachal Pradesh(State),00890700,015739,N,,,,
1637,15410,Ghayahan (50),घयाहण (50),Chachyot(Sub-District) / Mandi(District) / Himachal Pradesh(State),00857800,015410,N,,,,
1638,15128,Ghayar (507),घयार (507),Thunag(Sub-District) / Mandi(District) / Himachal Pradesh(State),00829600,015128,N,,,,
1639,14543,Ghera (354),घेरा (354),Mandi(Sub-District) / Mandi(District) / Himachal Pradesh(State),00771100,014543,N,,,,
1640,14378,Ghiri (148),घिड़ी (148),Sundarnagar(Sub-District) / Mandi(District) / Himachal Pradesh(State),00754600,014378,N,,,,
1641,14549,Ghoar (121),घौड (121),Rewalsar(Sub-District) / Mandi(District) / Himachal Pradesh(State),00771700,014549,N,,,,
1642,14193,Ghodi (557),घोड़ी (557),Baldwara(Sub-District) / Mandi(District) / Himachal Pradesh(State),00736100,014193,N,,,,
1643,14777,Ghodi Dhar (339),घोड़ीधार (339),Mandi(Sub-District) / Mandi(District) / Himachal Pradesh(State),00794500,014777,N,,,,
1644,15716,Ghogha Bhareth (278),घोघा भरेठ (278),Nihri(Sub-District) / Mandi(District) / Himachal Pradesh(State),00888400,015716,N,,,,
1645,13094,Ghoghardhar (530),घोघरधार (530),Padhar(Sub-District) / Mandi(District) / Himachal Pradesh(State),00626200,013094,N,,,,
1646,15100,Ghulach (124),घुलाच (124),Thunag(Sub-District) / Mandi(District) / Himachal Pradesh(State),00826800,015100,N,,,,
1647,13159,Ghumarda (587),घुमारडा (587),Padhar(Sub-District) / Mandi(District) / Himachal Pradesh(State),00632700,013159,N,,,,
1648,14124,Ghumu (418),गुहंमू (418),Dhalwan(Sub-District) / Mandi(District) / Himachal Pradesh(State),00729200,014124,N,,,,
1649,14278,Ghurana (72),घुराणा (72),Dehar(Sub-District) / Mandi(District) / Himachal Pradesh(State),00744600,014278,N,,,,
1650,15493,Ghusnu (220),घुसणू (220),Chachyot(Sub-District) / Mandi(District) / Himachal Pradesh(State),00866100,015493,N,,,,
1651,13330,Giuhanni (224),ग्युहणी (224),Makridi(Sub-District) / Mandi(District) / Himachal Pradesh(State),00649800,013330,N,,,,
1652,14779,Giula (332),गिऊला (332),Mandi(Sub-District) / Mandi(District) / Himachal Pradesh(State),00794700,014779,N,,,,
1653,13724,Giun (136),गियून (136),Mandap(Sub-District) / Mandi(District) / Himachal Pradesh(State),00689200,013724,N,,,,
1654,14690,Goal (258),गौल (258),Balh(Sub-District) / Mandi(District) / Himachal Pradesh(State),00785800,014690,N,,,,
1655,14118,Gobharta (413),गोभड़ता (413),Dhalwan(Sub-District) / Mandi(District) / Himachal Pradesh(State),00728600,014118,N,,,,
1656,15882,Godan (202),गोडन (202),Pangna(Sub-District) / Mandi(District) / Himachal Pradesh(State),00905000,015882,N,,,,
1657,15386,Gohar (63),गोहर (63),Chachyot(Sub-District) / Mandi(District) / Himachal Pradesh(State),00855400,015386,N,,,,
1658,13466,Golwan (93),गोलवां (93),Lad Bharol(Sub-District) / Mandi(District) / Himachal Pradesh(State),00663400,013466,N,,,,
1659,13296,Gonthla (187),गोन्थला (187),Makridi(Sub-District) / Mandi(District) / Himachal Pradesh(State),00646400,013296,N,,,,
1660,13966,Gopalpur (386),गोपालपुर (386),Sarkaghat(Sub-District) / Mandi(District) / Himachal Pradesh(State),00717400,013966,N,,,,
1661,13526,Gora (139),गोरा (139),Lad Bharol(Sub-District) / Mandi(District) / Himachal Pradesh(State),00669400,013526,N,,,,
1662,14737,Gora Gagal (214),गोडा गागल (214),Balh(Sub-District) / Mandi(District) / Himachal Pradesh(State),00790500,014737,N,,,,
1663,13604,Gorat (60),गोरत (60),Dharmpur(Sub-District) / Mandi(District) / Himachal Pradesh(State),00677200,013604,N,,,,
1664,13951,Gori Ghulanu (374),गोड़ी घुलाणु (374),Sarkaghat(Sub-District) / Mandi(District) / Himachal Pradesh(State),00715900,013951,N,,,,
1665,15815,Gothra (478),गोथरा (478),Karsog(Sub-District) / Mandi(District) / Himachal Pradesh(State),00898300,015815,N,,,,
1666,13618,Gowalla (8),गुवैला (8),Sandhol(Sub-District) / Mandi(District) / Himachal Pradesh(State),00678600,013618,N,,,,
1667,15578,Grahan (251),ग्राहण (251),Nihri(Sub-District) / Mandi(District) / Himachal Pradesh(State),00874600,015578,N,,,,
1668,13056,Graman (480),ग्रामण(480),Padhar(Sub-District) / Mandi(District) / Himachal Pradesh(State),00622400,013056,N,,,,
1669,13856,Greyoh (246),ग्रेयोह (246),Tihra(Sub-District) / Mandi(District) / Himachal Pradesh(State),00702400,013856,N,,,,
1670,13989,Groudu (314),ग्रौडू  (314),Bhadrota(Sub-District) / Mandi(District) / Himachal Pradesh(State),00711500,013989,N,,,,
1671,13835,Grouru Awwal (161),गरौडू अब्बल (161),Tihra(Sub-District) / Mandi(District) / Himachal Pradesh(State),00700300,013835,N,,,,
1672,13809,Grouru Genhra (177),गरोडू गनेहड़ा (177),Tihra(Sub-District) / Mandi(District) / Himachal Pradesh(State),00697700,013809,N,,,,
1673,13567,Gulanna (210),गुलयाणा (210),Lad Bharol(Sub-District) / Mandi(District) / Himachal Pradesh(State),00673500,013567,N,,,,
1674,14115,Gulela (422),गुलैला (422),Dhalwan(Sub-District) / Mandi(District) / Himachal Pradesh(State),00728300,014115,N,,,,
1675,16077,Guma-I (271),गुमा-I (271),Bagshad(Sub-District) / Mandi(District) / Himachal Pradesh(State),00924500,016077,N,,,,
1676,14507,Gumanu (46),गुमाणू (46),Mandi(Sub-District) / Mandi(District) / Himachal Pradesh(State),00767500,014507,N,,,,
1677,13428,Gumma (383),गुम्मा (383),Jogindarnagar(Sub-District) / Mandi(District) / Himachal Pradesh(State),00659600,013428,N,,,,
1678,16016,Gumma-II (272),गुमा-II (272),Bagshad(Sub-District) / Mandi(District) / Himachal Pradesh(State),00918400,016016,N,,,,
1679,15075,Gunas (86),गुनास (86),Thunag(Sub-District) / Mandi(District) / Himachal Pradesh(State),00824300,015075,N,,,,
1680,14903,Guran (561),गुराण (561),Bali Chowki(Sub-District) / Mandi(District) / Himachal Pradesh(State),00807100,014903,N,,,,
1681,14613,Gurkotha (155),गुरकोठा (155),Rewalsar(Sub-District) / Mandi(District) / Himachal Pradesh(State),00778100,014613,N,,,,
1682,13444,Gusainka (25),गुसैणका (25),Lad Bharol(Sub-District) / Mandi(District) / Himachal Pradesh(State),00661200,013444,N,,,,
1683,14604,Gushali (159),गुसाली (159),Rewalsar(Sub-District) / Mandi(District) / Himachal Pradesh(State),00777200,014604,N,,,,
1684,14747,Gutkar (208),गुटकर (208),Balh(Sub-District) / Mandi(District) / Himachal Pradesh(State),00791500,014747,N,,,,
1685,13531,Gwaila (147),गवैला (147),Lad Bharol(Sub-District) / Mandi(District) / Himachal Pradesh(State),00669900,013531,N,,,,
1686,16311,Gwala (591),गवाला(591),Karsog(Sub-District) / Mandi(District) / Himachal Pradesh(State),00947900,016311,N,,,,
1687,13081,Gwalan (374),गवालण (374),Padhar(Sub-District) / Mandi(District) / Himachal Pradesh(State),00624900,013081,N,,,,
1688,13287,Hadi Drahal (273),हाड़ी द्राहल (273),Makridi(Sub-District) / Mandi(District) / Himachal Pradesh(State),00645500,013287,N,,,,
1689,14360,Hafwana (140),हफवाणा (140),Sundarnagar(Sub-District) / Mandi(District) / Himachal Pradesh(State),00752800,014360,N,,,,
1690,14394,Halai (172),हलाई (172),Sundarnagar(Sub-District) / Mandi(District) / Himachal Pradesh(State),00756200,014394,N,,,,
1691,15173,Haleen (454),हलीण (454),Thunag(Sub-District) / Mandi(District) / Himachal Pradesh(State),00834100,015173,N,,,,
1692,14422,Halgarh (411),हलगढ़ (411),Katoula(Sub-District) / Mandi(District) / Himachal Pradesh(State),00759000,014422,N,,,,
1693,13612,Haloun (66),हलौण (66),Dharmpur(Sub-District) / Mandi(District) / Himachal Pradesh(State),00678000,013612,N,,,,
1694,14598,Halyater (169),हल्यातर (169),Rewalsar(Sub-District) / Mandi(District) / Himachal Pradesh(State),00776600,014598,N,,,,
1695,15300,Handel (719),हण्डेल (719),Chhatri(Sub-District) / Mandi(District) / Himachal Pradesh(State),00846800,015300,N,,,,
1696,14002,Handkali (325),हण्डकली  (325),Bhadrota(Sub-District) / Mandi(District) / Himachal Pradesh(State),00712800,014002,N,,,,
1697,15664,Hanog (46),हनोग (46),Nihri(Sub-District) / Mandi(District) / Himachal Pradesh(State),00883200,015664,N,,,,
1698,14882,Hanogi (456),हनोगी (456),Aut(Sub-District) / Mandi(District) / Himachal Pradesh(State),00805000,014882,N,,,,
1699,14057,Hansal (394),हंसाल  (394),Bhadrota(Sub-District) / Mandi(District) / Himachal Pradesh(State),00720800,014057,N,,,,
1700,14120,Hansal (415),हँसाल (415),Dhalwan(Sub-District) / Mandi(District) / Himachal Pradesh(State),00728800,014120,N,,,,
1701,13432,Har (351),हार (351),Jogindarnagar(Sub-District) / Mandi(District) / Himachal Pradesh(State),00660000,013432,N,,,,
1702,14088,Haran (427),हरन (427),Dhalwan(Sub-District) / Mandi(District) / Himachal Pradesh(State),00725600,014088,N,,,,
1703,13522,Hardi (122),हरडी (122),Lad Bharol(Sub-District) / Mandi(District) / Himachal Pradesh(State),00669000,013522,N,,,,
1704,13417,Hargunain (391),हारगुनैण (391),Jogindarnagar(Sub-District) / Mandi(District) / Himachal Pradesh(State),00658500,013417,N,,,,
1705,15387,Harhali (66),हरहली (66),Chachyot(Sub-District) / Mandi(District) / Himachal Pradesh(State),00855500,015387,N,,,,
1706,13954,Hari (377),हरी (377),Sarkaghat(Sub-District) / Mandi(District) / Himachal Pradesh(State),00716200,013954,N,,,,
1707,13908,Harlot (259),हरलोट (259),Sarkaghat(Sub-District) / Mandi(District) / Himachal Pradesh(State),00707600,013908,N,,,,
1708,14159,Harlyan (493),हरल्याण (493),Baldwara(Sub-District) / Mandi(District) / Himachal Pradesh(State),00732700,014159,N,,,,
1709,15828,Harnala (409),हरनाला (409),Karsog(Sub-District) / Mandi(District) / Himachal Pradesh(State),00899600,015828,N,,,,
1710,13795,Hart (72),हारट (72),Kotli(Sub-District) / Mandi(District) / Himachal Pradesh(State),00696300,013795,N,,,,
1711,14136,Harwan (514),हरवाण (514),Baldwara(Sub-District) / Mandi(District) / Himachal Pradesh(State),00730400,014136,N,,,,
1712,14329,Harwani (12),हरवाणी (12),Sundarnagar(Sub-District) / Mandi(District) / Himachal Pradesh(State),00749700,014329,N,,,,
1713,13678,Haryan Nal (91),हरयाण नाल (91),Dharmpur(Sub-District) / Mandi(District) / Himachal Pradesh(State),00684600,013678,N,,,,
1714,13533,Hatan (142),हटाण (142),Lad Bharol(Sub-District) / Mandi(District) / Himachal Pradesh(State),00670100,013533,N,,,,
1715,14458,Hatoun (440),हटौण (440),Mandi(Sub-District) / Mandi(District) / Himachal Pradesh(State),00762600,014458,N,,,,
1716,14561,Hawani (108),हवाणी (108),Rewalsar(Sub-District) / Mandi(District) / Himachal Pradesh(State),00772900,014561,N,,,,
1717,14548,Hawani (128),हवाणी (128),Rewalsar(Sub-District) / Mandi(District) / Himachal Pradesh(State),00771600,014548,N,,,,
1718,13705,Hawani (129),हवाणी (129),Dharmpur(Sub-District) / Mandi(District) / Himachal Pradesh(State),00687300,013705,N,,,,
1719,14026,Hawani (293),हवाणी (293),Bhadrota(Sub-District) / Mandi(District) / Himachal Pradesh(State),00715200,014026,N,,,,
1720,13874,Hawani (304),हवाणी (304),Sarkaghat(Sub-District) / Mandi(District) / Himachal Pradesh(State),00704200,013874,N,,,,
1721,13999,Hawani (324),हवाणी (324),Bhadrota(Sub-District) / Mandi(District) / Himachal Pradesh(State),00712500,013999,N,,,,
1722,14090,Hawani (426),हवाणी (426),Dhalwan(Sub-District) / Mandi(District) / Himachal Pradesh(State),00725800,014090,N,,,,
1723,14182,Hawani (555),हवाणी (555),Baldwara(Sub-District) / Mandi(District) / Himachal Pradesh(State),00735000,014182,N,,,,
1724,14576,Hawanu (142),हवाणू (142),Rewalsar(Sub-District) / Mandi(District) / Himachal Pradesh(State),00774400,014576,N,,,,
1725,15742,Heja Doghri Abbal (251),हेजा दोघरी अब्बल (251),Pangna(Sub-District) / Mandi(District) / Himachal Pradesh(State),00891000,015742,N,,,,
1726,15741,Heja Doghri Doyam (250),हेजा दोघरी दोम (250),Pangna(Sub-District) / Mandi(District) / Himachal Pradesh(State),00890900,015741,N,,,,
1727,13214,Himgarh (510),हिमगढ़ (510),Katoula(Sub-District) / Mandi(District) / Himachal Pradesh(State),00638200,013214,N,,,,
1728,13738,Hiun (137),हियून (137),Mandap(Sub-District) / Mandi(District) / Himachal Pradesh(State),00690600,013738,N,,,,
1729,13080,Hiun (373),हियुण (373),Padhar(Sub-District) / Mandi(District) / Himachal Pradesh(State),00624800,013080,N,,,,
1730,13174,Hiun (618),हियुण (618),Padhar(Sub-District) / Mandi(District) / Himachal Pradesh(State),00634200,013174,N,,,,
1731,13815,Hiun Awwal (182),हियुण अब्बल (182),Tihra(Sub-District) / Mandi(District) / Himachal Pradesh(State),00698300,013815,N,,,,
1732,13813,Hiun Doyam (181),हियुण दोयम (181),Tihra(Sub-District) / Mandi(District) / Himachal Pradesh(State),00698100,013813,N,,,,
1733,13347,Hiyun (243),हियुण (243),Makridi(Sub-District) / Mandi(District) / Himachal Pradesh(State),00651500,013347,N,,,,
1734,13122,Hiyund (558),हियुन्ड (558),Padhar(Sub-District) / Mandi(District) / Himachal Pradesh(State),00629000,013122,N,,,,
1735,16244,Hiyundi (426),हियून्दी (426),Karsog(Sub-District) / Mandi(District) / Himachal Pradesh(State),00941200,016244,N,,,,
1736,13840,Hukkal (156),हुक्कल (156),Dharmpur(Sub-District) / Mandi(District) / Himachal Pradesh(State),00700800,013840,N,,,,
1737,13175,Hullu (605),हुल्लू  (605),Padhar(Sub-District) / Mandi(District) / Himachal Pradesh(State),00634300,013175,N,,,,
1738,13193,Hurang (488),हुरंग (488),Padhar(Sub-District) / Mandi(District) / Himachal Pradesh(State),00636100,013193,N,,,,
1739,13714,Hyolag (114),हयोलग (114),Mandap(Sub-District) / Mandi(District) / Himachal Pradesh(State),00688200,013714,N,,,,
1740,15969,Jabehal (64),जवेहल (64),Bagshad(Sub-District) / Mandi(District) / Himachal Pradesh(State),00913700,015969,N,,,,
1741,13985,Jaboth (431),जबोठ (431),Sarkaghat(Sub-District) / Mandi(District) / Himachal Pradesh(State),00723800,013985,N,,,,
1742,14535,Jabrahal (85),जबराहल (85),Mandi(Sub-District) / Mandi(District) / Himachal Pradesh(State),00770300,014535,N,,,,
1743,15641,Jabrash (2),जबराश (2),Nihri(Sub-District) / Mandi(District) / Himachal Pradesh(State),00880900,015641,N,,,,
1744,15729,Jachh (315),जाछ (315),Pangna(Sub-District) / Mandi(District) / Himachal Pradesh(State),00889700,015729,N,,,,
1745,16264,Jachh (539),जाछ (539),Karsog(Sub-District) / Mandi(District) / Himachal Pradesh(State),00943200,016264,N,,,,
1746,14786,Jagar (327),जागर (327),Mandi(Sub-District) / Mandi(District) / Himachal Pradesh(State),00795400,014786,N,,,,
1747,15490,Jahal (206),जहल (206),Chachyot(Sub-District) / Mandi(District) / Himachal Pradesh(State),00865800,015490,N,,,,
1748,13516,Jahnu (171),जाहनू (171),Lad Bharol(Sub-District) / Mandi(District) / Himachal Pradesh(State),00668400,013516,N,,,,
1749,13320,Jahnu (231),जाहनू (231),Makridi(Sub-District) / Mandi(District) / Himachal Pradesh(State),00648800,013320,N,,,,
1750,14342,Jaidevi (121),जै देवी (121),Sundarnagar(Sub-District) / Mandi(District) / Himachal Pradesh(State),00751000,014342,N,,,,
1751,16277,Jaie (570),जैई (570),Karsog(Sub-District) / Mandi(District) / Himachal Pradesh(State),00944500,016277,N,,,,
1752,15071,Jainsla (524),जैंसला (524),Bagachnogi(Sub-District) / Mandi(District) / Himachal Pradesh(State),00823900,015071,N,,,,
1753,14617,Jajraut (183),जजरौत (183),Balh(Sub-District) / Mandi(District) / Himachal Pradesh(State),00778500,014617,N,,,,
1754,14125,Jakher (419),जखेड़ (419),Dhalwan(Sub-District) / Mandi(District) / Himachal Pradesh(State),00729300,014125,N,,,,
1755,16080,Jakleen (281),जकलीन (281),Karsog(Sub-District) / Mandi(District) / Himachal Pradesh(State),00924800,016080,N,,,,
1756,13460,Jalari (98),जलाडी (98),Lad Bharol(Sub-District) / Mandi(District) / Himachal Pradesh(State),00662800,013460,N,,,,
1757,13801,Jalaun (35),जलौण (35),Kotli(Sub-District) / Mandi(District) / Himachal Pradesh(State),00696900,013801,N,,,,
1758,13301,Jalh (200),जल्ह (200),Makridi(Sub-District) / Mandi(District) / Himachal Pradesh(State),00646900,013301,N,,,,
1759,13405,Jalpehar (336),जलपेहड़ (336),Jogindarnagar(Sub-District) / Mandi(District) / Himachal Pradesh(State),00657300,013405,N,,,,
1760,15777,Jaman Doghri (335),जमाणदोघरी (335),Pangna(Sub-District) / Mandi(District) / Himachal Pradesh(State),00894500,015777,N,,,,
1761,15979,Jamanu (66),जमणू (66),Bagshad(Sub-District) / Mandi(District) / Himachal Pradesh(State),00914700,015979,N,,,,
1762,13336,Jamehr (228),जमेहड़ (228),Makridi(Sub-District) / Mandi(District) / Himachal Pradesh(State),00650400,013336,N,,,,
1763,14279,Jamla (71),जामला (71),Dehar(Sub-District) / Mandi(District) / Himachal Pradesh(State),00744700,014279,N,,,,
1764,14056,Jamni (402),जमनी (402),Bhadrota(Sub-District) / Mandi(District) / Himachal Pradesh(State),00720700,014056,N,,,,
1765,14154,Jamnoun (476),जमनौण (476),Baldwara(Sub-District) / Mandi(District) / Himachal Pradesh(State),00732200,014154,N,,,,
1766,13591,Jamola (35),जमूला (35),Sandhol(Sub-District) / Mandi(District) / Himachal Pradesh(State),00675900,013591,N,,,,
1767,939623,Jamsai (226),जमसाई (226),Sarkaghat(Sub-District) / Mandi(District) / Himachal Pradesh(State),,000000,N,,,,
1768,12998,Jamtehr (420),जमटेहड (420),Tikken(Sub-District) / Mandi(District) / Himachal Pradesh(State),00616600,012998,N,,,,
1769,13527,Jamthala (145),जमथला (145),Lad Bharol(Sub-District) / Mandi(District) / Himachal Pradesh(State),00669500,013527,N,,,,
1770,13116,Janahan (551),जनाहण (551),Padhar(Sub-District) / Mandi(District) / Himachal Pradesh(State),00628400,013116,N,,,,
1771,15629,Janaul (51),जनौल (51),Nihri(Sub-District) / Mandi(District) / Himachal Pradesh(State),00879700,015629,N,,,,
1772,13904,Jandharu Kalan (264),जन्धरू कलां (264),Sarkaghat(Sub-District) / Mandi(District) / Himachal Pradesh(State),00707200,013904,N,,,,
1773,13903,Jandharu Khurd (365),जन्धरू खुर्द (365),Sarkaghat(Sub-District) / Mandi(District) / Himachal Pradesh(State),00707100,013903,N,,,,
1774,15667,Jandroh (32),जन्द्रोह (32),Nihri(Sub-District) / Mandi(District) / Himachal Pradesh(State),00883500,015667,N,,,,
1775,14348,Jandrohal (123),जन्दरोहल (123),Sundarnagar(Sub-District) / Mandi(District) / Himachal Pradesh(State),00751600,014348,N,,,,
1776,13805,Jandrola(41),जन्दरोला (41),Kotli(Sub-District) / Mandi(District) / Himachal Pradesh(State),00697300,013805,N,,,,
1777,14253,Jandron (48),जन्दरोण (48),Dehar(Sub-District) / Mandi(District) / Himachal Pradesh(State),00742100,014253,N,,,,
1778,14127,Jandryani (517),जन्दरयाणी (517),Dhalwan(Sub-District) / Mandi(District) / Himachal Pradesh(State),00729500,014127,N,,,,
1779,14545,Janed (106),जनेड (106),Mandi(Sub-District) / Mandi(District) / Himachal Pradesh(State),00771300,014545,N,,,,
1780,15164,Janedh (460),जनेढ (460),Thunag(Sub-District) / Mandi(District) / Himachal Pradesh(State),00833200,015164,N,,,,
1781,15231,Janehr (409),जनेहढ़ (409),Chhatri(Sub-District) / Mandi(District) / Himachal Pradesh(State),00839900,015231,N,,,,
1782,14035,Jangal (334),जांगल (334),Bhadrota(Sub-District) / Mandi(District) / Himachal Pradesh(State),00718600,014035,N,,,,
1783,15220,Jangal Bashnaulnal (374),जंगल बशनौल नाल (374),Chhatri(Sub-District) / Mandi(District) / Himachal Pradesh(State),00838800,015220,N,,,,
1784,14390,Jangal That (178),जंगल थाट (178),Sundarnagar(Sub-District) / Mandi(District) / Himachal Pradesh(State),00755800,014390,N,,,,
1785,13667,Jangel (111),जंगेल (111),Dharmpur(Sub-District) / Mandi(District) / Himachal Pradesh(State),00683500,013667,N,,,,
1786,14080,Janihan (409),जनीहण  (409),Bhadrota(Sub-District) / Mandi(District) / Himachal Pradesh(State),00724800,014080,N,,,,
1787,15166,Janjehli (442),जंजैहली (442),Thunag(Sub-District) / Mandi(District) / Himachal Pradesh(State),00833400,015166,N,,,,
1788,14788,Janjohi (312),जन्जोही (312),Mandi(Sub-District) / Mandi(District) / Himachal Pradesh(State),00795600,014788,N,,,,
1789,16030,Jankhuni (139),जनखूणी (139),Bagshad(Sub-District) / Mandi(District) / Himachal Pradesh(State),00919800,016030,N,,,,
1790,13430,Janwan (382),जनवाण (382),Jogindarnagar(Sub-District) / Mandi(District) / Himachal Pradesh(State),00659800,013430,N,,,,
1791,15573,Jaral (232),जरल (232),Dehar(Sub-District) / Mandi(District) / Himachal Pradesh(State),00874100,015573,N,,,,
1792,15630,Jaral (52),जरल (52),Nihri(Sub-District) / Mandi(District) / Himachal Pradesh(State),00879800,015630,N,,,,
1793,13631,Jared (22),जरेड़ (22),Sandhol(Sub-District) / Mandi(District) / Himachal Pradesh(State),00679900,013631,N,,,,
1794,13315,Jarl (258),जरल (258),Makridi(Sub-District) / Mandi(District) / Himachal Pradesh(State),00648300,013315,N,,,,
1795,14668,Jarlu (227),जरलू (227),Balh(Sub-District) / Mandi(District) / Himachal Pradesh(State),00783600,014668,N,,,,
1796,14305,Jarol (94),जडोल (94),Dehar(Sub-District) / Mandi(District) / Himachal Pradesh(State),00747300,014305,N,,,,
1797,14684,Jaroli (251),जड़ोली (251),Balh(Sub-District) / Mandi(District) / Himachal Pradesh(State),00785200,014684,N,,,,
1798,14299,Jartu (244),जरटू (244),Dehar(Sub-District) / Mandi(District) / Himachal Pradesh(State),00746700,014299,N,,,,
1799,13437,Jatehr (29),जटेहड़ (29),Lad Bharol(Sub-District) / Mandi(District) / Himachal Pradesh(State),00660500,013437,N,,,,
1800,15802,Jatho (492),जठौ (492),Karsog(Sub-District) / Mandi(District) / Himachal Pradesh(State),00897000,015802,N,,,,
1801,15738,Jaudahd (258),जौदड़ (258),Pangna(Sub-District) / Mandi(District) / Himachal Pradesh(State),00890600,015738,N,,,,
1802,13340,Jaun (257),जौन (257),Makridi(Sub-District) / Mandi(District) / Himachal Pradesh(State),00650800,013340,N,,,,
1803,15445,Jawal (156),जवाल (156),Chachyot(Sub-District) / Mandi(District) / Himachal Pradesh(State),00861300,015445,N,,,,
1804,14116,Jawali (411),ज्वाली (411),Dhalwan(Sub-District) / Mandi(District) / Himachal Pradesh(State),00728400,014116,N,,,,
1805,16010,Jehadu (129),जेहडू (129),Bagshad(Sub-District) / Mandi(District) / Himachal Pradesh(State),00917800,016010,N,,,,
1806,14646,Jhaal (361),झाल (361),Mandi(Sub-District) / Mandi(District) / Himachal Pradesh(State),00781400,014646,N,,,,
1807,15038,Jhabrandhi (683),झवरान्ढी (683),Bali Chowki(Sub-District) / Mandi(District) / Himachal Pradesh(State),00820600,015038,N,,,,
1808,13857,Jhadyar (247),झडयार (247),Tihra(Sub-District) / Mandi(District) / Himachal Pradesh(State),00702500,013857,N,,,,
1809,15539,Jhalangar (194),झलंगार (194),Nihri(Sub-District) / Mandi(District) / Himachal Pradesh(State),00870700,015539,N,,,,
1810,13408,Jhalwan (335),झलवाण (335),Jogindarnagar(Sub-District) / Mandi(District) / Himachal Pradesh(State),00657600,013408,N,,,,
1811,15062,Jhamach (515),झमाच (515),Bagachnogi(Sub-District) / Mandi(District) / Himachal Pradesh(State),00823000,015062,N,,,,
1812,15279,Jhamach (696),झमाच (696),Chhatri(Sub-District) / Mandi(District) / Himachal Pradesh(State),00844700,015279,N,,,,
1813,14612,Jhamrani (160),झमराणी (160),Rewalsar(Sub-District) / Mandi(District) / Himachal Pradesh(State),00778000,014612,N,,,,
1814,13119,Jhanad (554),झनड (554),Padhar(Sub-District) / Mandi(District) / Himachal Pradesh(State),00628700,013119,N,,,,
1815,14757,Jhandwas (298),झंडवास (298),Balh(Sub-District) / Mandi(District) / Himachal Pradesh(State),00792500,014757,N,,,,
1816,13881,Jhanjhail (306),झंझैल (306),Sarkaghat(Sub-District) / Mandi(District) / Himachal Pradesh(State),00704900,013881,N,,,,
1817,15919,Jhanol (228),झनोल (228),Bagshad(Sub-District) / Mandi(District) / Himachal Pradesh(State),00908700,015919,N,,,,
1818,15873,Jhaog (374),झाओग (374),Bagshad(Sub-District) / Mandi(District) / Himachal Pradesh(State),00904100,015873,N,,,,
1819,15886,Jharandi (194),झरान्डी (194),Pangna(Sub-District) / Mandi(District) / Himachal Pradesh(State),00905400,015886,N,,,,
1820,15291,Jharedh (709),झरेढ़ (709),Chhatri(Sub-District) / Mandi(District) / Himachal Pradesh(State),00845900,015291,N,,,,
1821,13720,Jharera (126),झरेड़ा (126),Mandap(Sub-District) / Mandi(District) / Himachal Pradesh(State),00688800,013720,N,,,,
1822,12989,Jharwar (406),झरवाड (406),Tikken(Sub-District) / Mandi(District) / Himachal Pradesh(State),00615700,012989,N,,,,
1823,15047,Jhhukhari (664),झुखड़ी (664),Bali Chowki(Sub-District) / Mandi(District) / Himachal Pradesh(State),00821500,015047,N,,,,
1824,16104,Jhikhari (302),जिखरी (302),Karsog(Sub-District) / Mandi(District) / Himachal Pradesh(State),00927200,016104,N,,,,
1825,14066,Jhir (441),झीड (441),Bhadrota(Sub-District) / Mandi(District) / Himachal Pradesh(State),00721700,014066,N,,,,
1826,14824,Jhiri (508),झीड़ी (508),Aut(Sub-District) / Mandi(District) / Himachal Pradesh(State),00799200,014824,N,,,,
1827,13014,Jhukan (444),झुकाण (444),Tikken(Sub-District) / Mandi(District) / Himachal Pradesh(State),00618200,013014,N,,,,
1828,13562,Jhulgan (207),झुलगण (207),Lad Bharol(Sub-District) / Mandi(District) / Himachal Pradesh(State),00673000,013562,N,,,,
1829,15112,Jhundi (476),झुण्डी (476),Thunag(Sub-District) / Mandi(District) / Himachal Pradesh(State),00828000,015112,N,,,,
1830,15723,Jhungi (309),झुंगी (309),Nihri(Sub-District) / Mandi(District) / Himachal Pradesh(State),00889100,015723,N,eSignGOFile662648_19_02_2025_21_28_07.pdf,,,
1831,13074,Jihlan (378),जिहलण (378),Padhar(Sub-District) / Mandi(District) / Himachal Pradesh(State),00624200,013074,N,,,,
1832,13411,Jimjima (397),जिमजिमा (397),Jogindarnagar(Sub-District) / Mandi(District) / Himachal Pradesh(State),00657900,013411,N,,,,
1833,16059,Jingal (251),जिंगल (251),Bagshad(Sub-District) / Mandi(District) / Himachal Pradesh(State),00922700,016059,N,,,,
1834,13839,Jodhan (157),जोढ़न (157),Tihra(Sub-District) / Mandi(District) / Himachal Pradesh(State),00700700,013839,N,,,,
1835,939625,Joginder Nagar(396),जोगिन्दर नगर (396),Jogindarnagar(Sub-District) / Mandi(District) / Himachal Pradesh(State),,000000,N,,,,
1836,16167,Johadi Bain (434),जोहड़ी बांए (434),Karsog(Sub-District) / Mandi(District) / Himachal Pradesh(State),00933500,016167,N,,,,
1837,13445,Jol (24),जोल (24),Lad Bharol(Sub-District) / Mandi(District) / Himachal Pradesh(State),00661300,013445,N,,,,
1838,13273,Jol (325),जोल (325),Jogindarnagar(Sub-District) / Mandi(District) / Himachal Pradesh(State),00644100,013273,N,,,,
1839,14645,Jola (353),जोला (353),Mandi(Sub-District) / Mandi(District) / Himachal Pradesh(State),00781300,014645,N,,,,
1840,16198,Jong (439),जौंग (439),Karsog(Sub-District) / Mandi(District) / Himachal Pradesh(State),00936600,016198,N,,,,
1841,13206,Jorla (522),जोरला (522),Padhar(Sub-District) / Mandi(District) / Himachal Pradesh(State),00637400,013206,N,,,,
1842,16235,Jua (505),जुआ (505),Karsog(Sub-District) / Mandi(District) / Himachal Pradesh(State),00940300,016235,N,,,,
1843,15868,Judali (370),जुडली (370),Karsog(Sub-District) / Mandi(District) / Himachal Pradesh(State),00903600,015868,N,,,,
1844,14226,Jugahan (8),जुगाहण (8),Sundarnagar(Sub-District) / Mandi(District) / Himachal Pradesh(State),00739400,014226,N,,,,
1845,15125,Jugatan (510),जुगाटन (510),Thunag(Sub-District) / Mandi(District) / Himachal Pradesh(State),00829300,015125,N,,,,
1846,15175,Jughandh (453),जुगांध (453),Thunag(Sub-District) / Mandi(District) / Himachal Pradesh(State),00834300,015175,N,,,,
1847,14938,Jugohi (566),जुगेई (566),Thachi(Sub-District) / Mandi(District) / Himachal Pradesh(State),00810600,014938,N,,,,
1848,14858,Juhandi (476),जुहन्डी (476),Aut(Sub-District) / Mandi(District) / Himachal Pradesh(State),00802600,014858,N,,,,
1849,16018,Jujar (261),जुजर (261),Bagshad(Sub-District) / Mandi(District) / Himachal Pradesh(State),00918600,016018,N,,,,
1850,13949,Jukain (369),जुकैण (369),Sarkaghat(Sub-District) / Mandi(District) / Himachal Pradesh(State),00715700,013949,N,,,,
1851,13740,Jungle Urna (139),जंगल उरना (139),Mandap(Sub-District) / Mandi(District) / Himachal Pradesh(State),00690800,013740,N,,,,
1852,13551,Junhan (163),जुन्हण (163),Lad Bharol(Sub-District) / Mandi(District) / Himachal Pradesh(State),00671900,013551,N,,,,
1853,15424,Jyog (176),ज्योग (176),Chachyot(Sub-District) / Mandi(District) / Himachal Pradesh(State),00859200,015424,N,,,,
1854,14283,Jyor (66),ज्योर (66),Dehar(Sub-District) / Mandi(District) / Himachal Pradesh(State),00745100,014283,N,,,,
1855,13584,Kachhali (4),कच्छाली (4),Sandhol(Sub-District) / Mandi(District) / Himachal Pradesh(State),00675200,013584,N,,,,
1856,16179,Kadehad (320),कदेहड़ (320),Karsog(Sub-District) / Mandi(District) / Himachal Pradesh(State),00934700,016179,N,,,,
1857,13431,Kadhar (350),कधार (350),Jogindarnagar(Sub-District) / Mandi(District) / Himachal Pradesh(State),00659900,013431,N,,,,
1858,13008,Kadhiyan (414),कढयाण (414),Tikken(Sub-District) / Mandi(District) / Himachal Pradesh(State),00617600,013008,N,,,,
1859,13469,Kaflaun (87),कफलौण (87),Lad Bharol(Sub-District) / Mandi(District) / Himachal Pradesh(State),00663700,013469,N,,,,
1860,942923,Kaflon,कफलौण (268),Balh(Sub-District) / Mandi(District) / Himachal Pradesh(State),,000000,N,,,,
1861,15975,Kahanu (69),काहणू (69),Bagshad(Sub-District) / Mandi(District) / Himachal Pradesh(State),00914300,015975,N,,,,
1862,14442,Kahra (392),काहरा (392),Katoula(Sub-District) / Mandi(District) / Himachal Pradesh(State),00761000,014442,N,,,,
1863,14711,Kainchhari (271),कैंहचड़ी (271),Balh(Sub-District) / Mandi(District) / Himachal Pradesh(State),00787900,014711,N,,,,
1864,13158,Kajotdhar (586),कजौटधार (586),Padhar(Sub-District) / Mandi(District) / Himachal Pradesh(State),00632600,013158,N,,,,
1865,14211,Kakrui (544),ककड़ूही (544),Baldwara(Sub-District) / Mandi(District) / Himachal Pradesh(State),00737900,014211,N,,,,
1866,14058,Kakwan (395),ककवान (395),Bhadrota(Sub-District) / Mandi(District) / Himachal Pradesh(State),00720900,014058,N,,,,
1867,13446,Kala Amb (30),काला अम्ब (30),Lad Bharol(Sub-District) / Mandi(District) / Himachal Pradesh(State),00661400,013446,N,,,,
1868,13756,Kalag (17),कालग (17),Kotli(Sub-District) / Mandi(District) / Himachal Pradesh(State),00692400,013756,N,,,,
1869,16151,Kalaihani (356),कलैहणी (356),Karsog(Sub-District) / Mandi(District) / Himachal Pradesh(State),00931900,016151,N,,,,
1870,14418,Kalang (420),कालंग (420),Katoula(Sub-District) / Mandi(District) / Himachal Pradesh(State),00758600,014418,N,,,,
1871,15990,Kalangar (112),कलंगार (112),Bagshad(Sub-District) / Mandi(District) / Himachal Pradesh(State),00915800,015990,N,,,,
1872,13192,Kalangehr (489),कलंगेहड (489),Padhar(Sub-District) / Mandi(District) / Himachal Pradesh(State),00636000,013192,N,,,,
1873,15551,Kalaon (213),कलाओं (213),Nihri(Sub-District) / Mandi(District) / Himachal Pradesh(State),00871900,015551,N,,,,
1874,14023,Kalar (350),कालर (350),Bhadrota(Sub-District) / Mandi(District) / Himachal Pradesh(State),00714900,014023,N,,,,
1875,14061,Kalar (398),कालर (398),Bhadrota(Sub-District) / Mandi(District) / Himachal Pradesh(State),00721200,014061,N,,,,
1876,14007,Kalas (321),कलस (321),Bhadrota(Sub-District) / Mandi(District) / Himachal Pradesh(State),00713300,014007,N,,,,
1877,15885,Kalashan (221),कलाशन (221),Pangna(Sub-District) / Mandi(District) / Himachal Pradesh(State),00905300,015885,N,,,,
1878,14011,Kalehri (318),कलेहडी (318),Bhadrota(Sub-District) / Mandi(District) / Himachal Pradesh(State),00713700,014011,N,,,,
1879,14149,Kalehri (534),कलेहड़ी (534),Baldwara(Sub-District) / Mandi(District) / Himachal Pradesh(State),00731700,014149,N,,,,
1880,13501,Kalehru (123),कलैहडू (123),Lad Bharol(Sub-District) / Mandi(District) / Himachal Pradesh(State),00666900,013501,N,,,,
1881,13581,Kalehru (184),कलैहडू (184),Lad Bharol(Sub-District) / Mandi(District) / Himachal Pradesh(State),00674900,013581,N,,,,
1882,13483,Kalehru (95),कलैहडू (95),Lad Bharol(Sub-District) / Mandi(District) / Himachal Pradesh(State),00665100,013483,N,,,,
1883,15232,Kalenjoo (408),कलैन्जू (408),Chhatri(Sub-District) / Mandi(District) / Himachal Pradesh(State),00840000,015232,N,,,,
1884,13130,Kalera (566),कलेरा (566),Padhar(Sub-District) / Mandi(District) / Himachal Pradesh(State),00629800,013130,N,,,,
1885,13787,Kalgraum (66),कलग्राम (66),Kotli(Sub-District) / Mandi(District) / Himachal Pradesh(State),00695500,013787,N,,,,
1886,15050,Kalhani (542),कलहणी (542),Bagachnogi(Sub-District) / Mandi(District) / Himachal Pradesh(State),00821800,015050,N,,,,
1887,12996,Kalhog (417),कलहोग (417),Tikken(Sub-District) / Mandi(District) / Himachal Pradesh(State),00616400,012996,N,,,,
1888,14123,Kalkhar (417),कलखर (417),Dhalwan(Sub-District) / Mandi(District) / Himachal Pradesh(State),00729100,014123,N,,,,
1889,16049,Kalma (158),कलमा (158),Bagshad(Sub-District) / Mandi(District) / Himachal Pradesh(State),00921700,016049,N,,,,
1890,14230,Kalohad (27),कलौहड (27),Sundarnagar(Sub-District) / Mandi(District) / Himachal Pradesh(State),00739800,014230,N,,,,
1891,14003,Kaloh Dhar (322),कलोहधार  (322),Bhadrota(Sub-District) / Mandi(District) / Himachal Pradesh(State),00712900,014003,N,,,,
1892,13097,Kalon (540),कलौण (540),Padhar(Sub-District) / Mandi(District) / Himachal Pradesh(State),00626500,013097,N,,,,
1893,13919,Kalot (271),कलोट (271),Sarkaghat(Sub-District) / Mandi(District) / Himachal Pradesh(State),00708700,013919,N,,,,
1894,13769,Kalothar (36),कलोथर (36),Kotli(Sub-District) / Mandi(District) / Himachal Pradesh(State),00693700,013769,N,,,,
1895,13675,Kalswai (95),कलस्बाई (95),Dharmpur(Sub-District) / Mandi(District) / Himachal Pradesh(State),00684300,013675,N,,,,
1896,14112,Kalthar (475),कलथर (475),Baldwara(Sub-District) / Mandi(District) / Himachal Pradesh(State),00728000,014112,N,,,,
1897,14446,Kalthwar (383),कलथवार (383),Mandi(Sub-District) / Mandi(District) / Himachal Pradesh(State),00761400,014446,N,,,,
1898,13602,Kaltri (42),कालत्री (42),Sandhol(Sub-District) / Mandi(District) / Himachal Pradesh(State),00677000,013602,N,,,,
1899,15566,Kamand (214),कमान्द (214),Nihri(Sub-District) / Mandi(District) / Himachal Pradesh(State),00873400,015566,N,,,,
1900,14433,Kamand (393),कमान्द (393),Katoula(Sub-District) / Mandi(District) / Himachal Pradesh(State),00760100,014433,N,,,,
1901,13281,Kamehar (319),कमेहड (319),Jogindarnagar(Sub-District) / Mandi(District) / Himachal Pradesh(State),00644900,013281,N,,,,
1902,13634,Kamlah (69),कमलाह (69),Dharmpur(Sub-District) / Mandi(District) / Himachal Pradesh(State),00680200,013634,N,,,,
1903,15798,Kamohari (554),कमौहरी (554),Karsog(Sub-District) / Mandi(District) / Himachal Pradesh(State),00896600,015798,N,,,,
1904,13065,Kampan (471),काम्पन (471),Padhar(Sub-District) / Mandi(District) / Himachal Pradesh(State),00623300,013065,N,,,,
1905,15650,Kamrah (11),कमराह (11),Nihri(Sub-District) / Mandi(District) / Himachal Pradesh(State),00881800,015650,N,,,,
1906,15631,Kamtha (50),कमठा (50),Nihri(Sub-District) / Mandi(District) / Himachal Pradesh(State),00879900,015631,N,,,,
1907,14222,Kanaid (5),कनैड (5),Sundarnagar(Sub-District) / Mandi(District) / Himachal Pradesh(State),00739000,014222,N,,,,
1908,14808,Kanauj (493),कन्नौज (493),Aut(Sub-District) / Mandi(District) / Himachal Pradesh(State),00797600,014808,N,,,,
1909,14304,Kandar (80),कन्दार (94),Dehar(Sub-District) / Mandi(District) / Himachal Pradesh(State),00747200,014304,N,,,,
1910,15992,Kandha (111),काण्डा (111),Bagshad(Sub-District) / Mandi(District) / Himachal Pradesh(State),00916000,015992,N,,,,
1911,15090,Kandha (125),कण्ढा (125),Thunag(Sub-District) / Mandi(District) / Himachal Pradesh(State),00825800,015090,N,,,,
1912,15881,Kandha (206),काण्ढा (206),Pangna(Sub-District) / Mandi(District) / Himachal Pradesh(State),00904900,015881,N,,,,
1913,16166,Kandha (328),काण्ढा (328),Karsog(Sub-District) / Mandi(District) / Himachal Pradesh(State),00933400,016166,N,,,,
1914,16291,Kandha (580),काण्ढा (580),Karsog(Sub-District) / Mandi(District) / Himachal Pradesh(State),00945900,016291,N,,,,
1915,15003,Kandha (629),कान्ढा (629),Bali Chowki(Sub-District) / Mandi(District) / Himachal Pradesh(State),00817100,015003,N,,,,
1916,15259,Kandhal (383),कांढल (383),Chhatri(Sub-District) / Mandi(District) / Himachal Pradesh(State),00842700,015259,N,,,,
1917,15475,Kandhi (203),काण्ढी (203),Chachyot(Sub-District) / Mandi(District) / Himachal Pradesh(State),00864300,015475,N,,,,
1918,16224,Kandhi (454),काण्ढी (454),Karsog(Sub-District) / Mandi(District) / Himachal Pradesh(State),00939200,016224,N,,,,
1919,15617,Kandhi (62),काण्ढी (62),Nihri(Sub-District) / Mandi(District) / Himachal Pradesh(State),00878500,015617,N,,,,
1920,15027,Kandhi (678),कांढ़ी (678),Bali Chowki(Sub-District) / Mandi(District) / Himachal Pradesh(State),00819500,015027,N,,,,
1921,15320,Kandhi (9),काण्ढी (9),Chachyot(Sub-District) / Mandi(District) / Himachal Pradesh(State),00848800,015320,N,,,,
1922,15083,Kandhi (95),कण्ढी (95),Thunag(Sub-District) / Mandi(District) / Himachal Pradesh(State),00825100,015083,N,,,,
1923,15200,Kandhidhar (348),कण्ढीधार (348),Thunag(Sub-District) / Mandi(District) / Himachal Pradesh(State),00836800,015200,N,,,,
1924,15507,Kandhigalu (233),काण्ढीगलू (233),Chachyot(Sub-District) / Mandi(District) / Himachal Pradesh(State),00867500,015507,N,,,,
1925,15721,Kandhi-I (301),काण्ढी-1 (301),Nihri(Sub-District) / Mandi(District) / Himachal Pradesh(State),00888900,015721,N,,,,
1926,15749,Kandhi - II (262),काण्ढी-II (262),Pangna(Sub-District) / Mandi(District) / Himachal Pradesh(State),00891700,015749,N,,,,
1927,16121,Kandhi II (290),काण्डी-2 (290),Bagshad(Sub-District) / Mandi(District) / Himachal Pradesh(State),00928900,016121,N,,,,
1928,16068,Kandhi-III (339),काण्डी-3 (339),Bagshad(Sub-District) / Mandi(District) / Himachal Pradesh(State),00923600,016068,N,,,,
1929,15061,Kandhi Kalwara (516),कांन्ढी कलवाड़ा (516),Bagachnogi(Sub-District) / Mandi(District) / Himachal Pradesh(State),00822900,015061,N,,,,
1930,15352,Kandhitilli (34),काण्ढी टिल्ली (34),Chachyot(Sub-District) / Mandi(District) / Himachal Pradesh(State),00852000,015352,N,,,,
1931,15487,Kandhli (210),काण्ढली (210),Chachyot(Sub-District) / Mandi(District) / Himachal Pradesh(State),00865500,015487,N,,,,
1932,15404,Kandhol (61),कण्ढोल (61),Chachyot(Sub-District) / Mandi(District) / Himachal Pradesh(State),00857200,015404,N,,,,
1933,16233,Kandlu (455),काण्डलू (455),Karsog(Sub-District) / Mandi(District) / Himachal Pradesh(State),00940100,016233,N,,,,
1934,13597,Kandroh (33),कन्द्रोह (33),Sandhol(Sub-District) / Mandi(District) / Himachal Pradesh(State),00676500,013597,N,,,,
1935,13896,Kandyol (234),कण्डयोल (234),Sarkaghat(Sub-District) / Mandi(District) / Himachal Pradesh(State),00706400,013896,N,,,,
1936,13882,Kandyol (305),कण्डयोल (305),Sarkaghat(Sub-District) / Mandi(District) / Himachal Pradesh(State),00705000,013882,N,,,,
1937,15759,Kanej (317),कनेज (317),Pangna(Sub-District) / Mandi(District) / Himachal Pradesh(State),00892700,015759,N,,,,
1938,15888,Kaneri (223),कनेरी (223),Pangna(Sub-District) / Mandi(District) / Himachal Pradesh(State),00905600,015888,N,,,,
1939,14320,Kangar (22),कांगर (22),Sundarnagar(Sub-District) / Mandi(District) / Himachal Pradesh(State),00748800,014320,N,,,,
1940,13875,Kangar Kothi (212,कंगर कोठी (212),Sarkaghat(Sub-District) / Mandi(District) / Himachal Pradesh(State),00704300,013875,N,,,,
1941,14217,Kanghwan (575),कंघवान (575),Baldwara(Sub-District) / Mandi(District) / Himachal Pradesh(State),00738500,014217,N,,,,
1942,13858,Kango Ka Gehra (248),कांगू का गहरा (248),Tihra(Sub-District) / Mandi(District) / Himachal Pradesh(State),00702600,013858,N,,,,
1943,14288,Kangoo (82),कांगू (82),Dehar(Sub-District) / Mandi(District) / Himachal Pradesh(State),00745600,014288,N,,,,
1944,14716,Kangru (277),कांगरु (277),Balh(Sub-District) / Mandi(District) / Himachal Pradesh(State),00788400,014716,N,,,,
1945,13550,Kanharg (164),कन्हारग (164),Lad Bharol(Sub-District) / Mandi(District) / Himachal Pradesh(State),00671800,013550,N,,,,
1946,16254,Kani Mandlah (471),काणी मन्दलाह (471),Karsog(Sub-District) / Mandi(District) / Himachal Pradesh(State),00942200,016254,N,,,,
1947,15804,Kanochha (546),कनोछा (546),Karsog(Sub-District) / Mandi(District) / Himachal Pradesh(State),00897200,015804,N,,,,
1948,14498,Kanog (377),कनोग (377),Mandi(Sub-District) / Mandi(District) / Himachal Pradesh(State),00766600,014498,N,,,,
1949,13620,Kanohi (11),कनूही (11),Sandhol(Sub-District) / Mandi(District) / Himachal Pradesh(State),00678800,013620,N,,,,
1950,15771,Kansar (253),कनसर (253),Pangna(Sub-District) / Mandi(District) / Himachal Pradesh(State),00893900,015771,N,,,,
1951,939622,Kanwalag (229),कनवालग (229),Sarkaghat(Sub-District) / Mandi(District) / Himachal Pradesh(State),,000000,N,,,,
1952,14032,Kanyana (353),कन्याना (353),Bhadrota(Sub-District) / Mandi(District) / Himachal Pradesh(State),00718300,014032,N,,,,
1953,12994,Kao (419),काव (419),Tikken(Sub-District) / Mandi(District) / Himachal Pradesh(State),00616200,012994,N,,,,
1954,16248,Kao (423),काओ (423),Karsog(Sub-District) / Mandi(District) / Himachal Pradesh(State),00941600,016248,N,,,,
1955,14231,Kapahi (31),कपाही (31),Sundarnagar(Sub-District) / Mandi(District) / Himachal Pradesh(State),00739900,014231,N,,,,
1956,13696,Kapahi (80),कपाही (80),Dharmpur(Sub-District) / Mandi(District) / Himachal Pradesh(State),00686400,013696,N,,,,
1957,15928,Kapas (197),कपास (197),Pangna(Sub-District) / Mandi(District) / Himachal Pradesh(State),00909600,015928,N,,,,
1958,15905,Karadal (234),कराडल (234),Bagshad(Sub-District) / Mandi(District) / Himachal Pradesh(State),00907300,015905,N,,,,
1959,13441,Karal (26),कराल (26),Lad Bharol(Sub-District) / Mandi(District) / Himachal Pradesh(State),00660900,013441,N,,,,
1960,13373,Karanjh (290),कारझं (290),Jogindarnagar(Sub-District) / Mandi(District) / Himachal Pradesh(State),00654100,013373,N,,,,
1961,16246,Karaul (424),करौल (424),Karsog(Sub-District) / Mandi(District) / Himachal Pradesh(State),00941400,016246,N,,,,
1962,14103,Kared Dadhwan (471),करेढ़ दधवाण (471),Baldwara(Sub-District) / Mandi(District) / Himachal Pradesh(State),00727100,014103,N,,,,
1963,14618,Karehri (184),क्रेहड़ी (184),Balh(Sub-District) / Mandi(District) / Himachal Pradesh(State),00778600,014618,N,,,,
1964,15285,Karganu (702),करगानू (702),Chhatri(Sub-District) / Mandi(District) / Himachal Pradesh(State),00845300,015285,N,,,,
1965,13576,Karkuhi (201),कड़कूही (201),Lad Bharol(Sub-District) / Mandi(District) / Himachal Pradesh(State),00674400,013576,N,,,,
1966,14008,Karnal (328),करनाल  (328),Bhadrota(Sub-District) / Mandi(District) / Himachal Pradesh(State),00713400,014008,N,,,,
1967,15452,Karnala (185),करनाला (185),Chachyot(Sub-District) / Mandi(District) / Himachal Pradesh(State),00862000,015452,N,,,,
1968,14632,Karnehra (196),करनेहड़ा (196),Balh(Sub-District) / Mandi(District) / Himachal Pradesh(State),00780000,014632,N,,,,
1969,14162,Karni (495),कारनी (495),Baldwara(Sub-District) / Mandi(District) / Himachal Pradesh(State),00733000,014162,N,,,,
1970,13870,Karnohal (200),करनोहल (200),Tihra(Sub-District) / Mandi(District) / Himachal Pradesh(State),00703800,013870,N,,,,
1971,15409,Karoa (49),कडाओ (49),Chachyot(Sub-District) / Mandi(District) / Himachal Pradesh(State),00857700,015409,N,,,,
1972,13463,Karsal (96),करसाल (96),Lad Bharol(Sub-District) / Mandi(District) / Himachal Pradesh(State),00663100,013463,N,,,,
1973,15297,Karshai (712),करसाई (712),Chhatri(Sub-District) / Mandi(District) / Himachal Pradesh(State),00846500,015297,N,,,,
1974,16138,Karsog (416),करसोग (416),Karsog(Sub-District) / Mandi(District) / Himachal Pradesh(State),00930600,016138,N,,,,
1975,15106,Karswali (471),करसवाली (471),Thunag(Sub-District) / Mandi(District) / Himachal Pradesh(State),00827400,015106,N,,,,
1976,14911,Karthach (538),करथाच (538),Bali Chowki(Sub-District) / Mandi(District) / Himachal Pradesh(State),00807900,014911,N,,,,
1977,13860,Karyal (252),करयाल (252),Sarkaghat(Sub-District) / Mandi(District) / Himachal Pradesh(State),00702800,013860,N,,,,
1978,13389,Kas (316),कस (316),Jogindarnagar(Sub-District) / Mandi(District) / Himachal Pradesh(State),00655700,013389,N,,,,
1979,14079,Kas (408),कास (408),Bhadrota(Sub-District) / Mandi(District) / Himachal Pradesh(State),00724700,014079,N,,,,
1980,13003,Kasambal (438),कशामल (438),Tikken(Sub-District) / Mandi(District) / Himachal Pradesh(State),00617100,013003,N,,,,
1981,13006,Kasambal Shilh (439),डी0पी0एफ कशामल/439,Tikken(Sub-District) / Mandi(District) / Himachal Pradesh(State),00617400,013006,N,,,,
1982,13799,Kasan (37),कसाण (37),Kotli(Sub-District) / Mandi(District) / Himachal Pradesh(State),00696700,013799,N,,,,
1983,14662,Kasarla (199),कसारला (199),Balh(Sub-District) / Mandi(District) / Himachal Pradesh(State),00783000,014662,N,,,,
1984,13199,Kashahra (495),कशाहडा (495),Padhar(Sub-District) / Mandi(District) / Himachal Pradesh(State),00636700,013199,N,,,,
1985,14482,Kashala (619),काशला (619),Mandi(Sub-District) / Mandi(District) / Himachal Pradesh(State),00765000,014482,N,,,,
1986,13754,Kashan (13),कासण (13),Kotli(Sub-District) / Mandi(District) / Himachal Pradesh(State),00692200,013754,N,,,,
1987,15332,Kashan (28),काशन (28),Chachyot(Sub-District) / Mandi(District) / Himachal Pradesh(State),00850000,015332,N,,,,
1988,16074,Kashapari (287),कशापडी (287),Bagshad(Sub-District) / Mandi(District) / Himachal Pradesh(State),00924200,016074,N,,,,
1989,13063,Kasher (472),कशेहड (472),Padhar(Sub-District) / Mandi(District) / Himachal Pradesh(State),00623100,013063,N,,,,
1990,16107,Kashiyun (295),कशीयुण (295),Karsog(Sub-District) / Mandi(District) / Himachal Pradesh(State),00927500,016107,N,,,,
1991,13196,Kashla (494),काशला (494),Padhar(Sub-District) / Mandi(District) / Himachal Pradesh(State),00636400,013196,N,,,,
1992,14212,Kashmailla (539),कसमैला (539),Baldwara(Sub-District) / Mandi(District) / Himachal Pradesh(State),00738000,014212,N,,,,
1993,14130,Kashmali (520),कसमली (520),Dhalwan(Sub-District) / Mandi(District) / Himachal Pradesh(State),00729800,014130,N,,,,
1994,16055,Kashmir (245),कश्मीर (245),Bagshad(Sub-District) / Mandi(District) / Himachal Pradesh(State),00922300,016055,N,,,,
1995,14210,Kashmluhi Jaral (543),कसमलूही जरल (543),Baldwara(Sub-District) / Mandi(District) / Himachal Pradesh(State),00737800,014210,N,,,,
1996,14862,Kashna (529),काशना (529),Aut(Sub-District) / Mandi(District) / Himachal Pradesh(State),00803000,014862,N,,,,
1997,14915,Kashoud (550),कशौड (550),Bali Chowki(Sub-District) / Mandi(District) / Himachal Pradesh(State),00808300,014915,N,,,,
1998,15865,Kashwal (391),कशवाल (391),Pangna(Sub-District) / Mandi(District) / Himachal Pradesh(State),00903300,015865,N,,,,
1999,16058,Katahach (247),कटाहच (247),Bagshad(Sub-District) / Mandi(District) / Himachal Pradesh(State),00922600,016058,N,,,,
2000,14424,Kataula (401),कटौला (401),Katoula(Sub-District) / Mandi(District) / Himachal Pradesh(State),00759200,014424,N,,,,
2001,15752,Katehar (272),कटेहड़ (272),Pangna(Sub-District) / Mandi(District) / Himachal Pradesh(State),00892000,015752,N,,,,
2002,15670,Kathachi (44),कथाची (44),Nihri(Sub-District) / Mandi(District) / Himachal Pradesh(State),00883800,015670,N,,,,
2003,14652,Kathalag (350),कठलग (350),Mandi(Sub-District) / Mandi(District) / Himachal Pradesh(State),00782000,014652,N,,,,
2004,13539,Kathaun (166),कथौण (166),Lad Bharol(Sub-District) / Mandi(District) / Himachal Pradesh(State),00670700,013539,N,,,,
2005,14512,Kathayana (54),कठयाणा (54),Mandi(Sub-District) / Mandi(District) / Himachal Pradesh(State),00768000,014512,N,,,,
2006,13702,Katheli (154),कथैली (154),Mandap(Sub-District) / Mandi(District) / Himachal Pradesh(State),00687000,013702,N,,,,
2007,15697,Kathiyuni (291),कथीयूणी (291),Nihri(Sub-District) / Mandi(District) / Himachal Pradesh(State),00886500,015697,N,,,,
2008,15351,Kathla (35),काथला (35),Chachyot(Sub-District) / Mandi(District) / Himachal Pradesh(State),00851900,015351,N,,,,
2009,13190,Kathog (491),कथोग (491),Padhar(Sub-District) / Mandi(District) / Himachal Pradesh(State),00635800,013190,N,,,,
2010,14016,Kathogan (332),कठोगण  (332),Bhadrota(Sub-District) / Mandi(District) / Himachal Pradesh(State),00714200,014016,N,,,,
2011,14510,Kathwari (43),कठवाड़ी (43),Mandi(Sub-District) / Mandi(District) / Himachal Pradesh(State),00767800,014510,N,,,,
2012,15132,Kathyala (499),कथयाला (499),Bagachnogi(Sub-District) / Mandi(District) / Himachal Pradesh(State),00830000,015132,N,,,,
2013,15095,Kathyali (124),कथयाली (124),Thunag(Sub-District) / Mandi(District) / Himachal Pradesh(State),00826300,015095,N,,,,
2014,14605,Kathyanhu (175),कठयांहू (175),Rewalsar(Sub-District) / Mandi(District) / Himachal Pradesh(State),00777300,014605,N,,,,
2015,14820,Kathyari (504),कथयारी (504),Aut(Sub-District) / Mandi(District) / Himachal Pradesh(State),00798800,014820,N,,,,
2016,12990,Kathyaru (407),कथयाडू (407),Tikken(Sub-District) / Mandi(District) / Himachal Pradesh(State),00615800,012990,N,,,,
2017,13150,Katipri (536),कटीपरी (536),Padhar(Sub-District) / Mandi(District) / Himachal Pradesh(State),00631800,013150,N,,,,
2018,15413,Katlog (56),कटलोग (56),Chachyot(Sub-District) / Mandi(District) / Himachal Pradesh(State),00858100,015413,N,,,,
2019,14205,Katoh (570),कटोह (570),Baldwara(Sub-District) / Mandi(District) / Himachal Pradesh(State),00737300,014205,N,,,,
2020,15671,Katohdhaar (54),कटोहधार (54),Nihri(Sub-District) / Mandi(District) / Himachal Pradesh(State),00883900,015671,N,,,,
2021,16273,Katol (531),कटोल (531),Karsog(Sub-District) / Mandi(District) / Himachal Pradesh(State),00944100,016273,N,,,,
2022,15384,Katwandhi (45),कटवान्ढी (45),Chachyot(Sub-District) / Mandi(District) / Himachal Pradesh(State),00855200,015384,N,,,,
2023,15334,Katwandhi (72),कटवांन्ढी (72),Chachyot(Sub-District) / Mandi(District) / Himachal Pradesh(State),00850200,015334,N,,,,
2024,15044,Katwanu (673),कटवाणु (673),Bali Chowki(Sub-District) / Mandi(District) / Himachal Pradesh(State),00821200,015044,N,,,,
2025,14894,Kau (595),काऊ (595),Bali Chowki(Sub-District) / Mandi(District) / Himachal Pradesh(State),00806200,014894,N,,,,
2026,13715,Kaunsal (115),कौंसल (115),Mandap(Sub-District) / Mandi(District) / Himachal Pradesh(State),00688300,013715,N,,,,
2027,13399,Kaunsal (331),कोंसल (331),Jogindarnagar(Sub-District) / Mandi(District) / Himachal Pradesh(State),00656700,013399,N,,,,
2028,14295,Kayan (240),क्याण (240),Dehar(Sub-District) / Mandi(District) / Himachal Pradesh(State),00746300,014295,N,,,,
2029,14727,Kehad (290),कैहड (290),Balh(Sub-District) / Mandi(District) / Himachal Pradesh(State),00789500,014727,N,,,,
2030,16193,Kehat (445),कैहत (445),Karsog(Sub-District) / Mandi(District) / Himachal Pradesh(State),00936100,016193,N,,,,
2031,14165,Kehri (506),कैहरी (506),Baldwara(Sub-District) / Mandi(District) / Himachal Pradesh(State),00733300,014165,N,,,,
2032,16257,Kelodhar (469),केलोधार (469),Karsog(Sub-District) / Mandi(District) / Himachal Pradesh(State),00942500,016257,N,,,,
2033,15130,Keoli (497),केयोली (497),Thunag(Sub-District) / Mandi(District) / Himachal Pradesh(State),00829800,015130,N,,,,
2034,14318,Keran (23),केरन (23),Sundarnagar(Sub-District) / Mandi(District) / Himachal Pradesh(State),00748600,014318,N,,,,
2035,14133,Kerdhwan (515),करढ़वाण (515),Baldwara(Sub-District) / Mandi(District) / Himachal Pradesh(State),00730100,014133,N,,,,
2036,14693,Kevli (261),केवली (261),Balh(Sub-District) / Mandi(District) / Himachal Pradesh(State),00786100,014693,N,,,,
2037,13013,Khaban (445),खवाण (445),Tikken(Sub-District) / Mandi(District) / Himachal Pradesh(State),00618100,013013,N,,,,
2038,15952,Khablash (100),खवलाश (100),Bagshad(Sub-District) / Mandi(District) / Himachal Pradesh(State),00912000,015952,N,,,,
2039,15056,Khablech (528),खबलेच (528),Bagachnogi(Sub-District) / Mandi(District) / Himachal Pradesh(State),00822400,015056,N,,,,
2040,15541,Khaboda (201),खबोड़ा (201),Nihri(Sub-District) / Mandi(District) / Himachal Pradesh(State),00870900,015541,N,,,,
2041,14879,Khachhani (454),खच्छणी (454),Aut(Sub-District) / Mandi(District) / Himachal Pradesh(State),00804700,014879,N,,,,
2042,13560,Khaddar (161),खद्दर (161),Lad Bharol(Sub-District) / Mandi(District) / Himachal Pradesh(State),00672800,013560,N,,,,
2043,16012,Khadiahan (266),खडैहण (266),Bagshad(Sub-District) / Mandi(District) / Himachal Pradesh(State),00918000,016012,N,,,,
2044,15814,Khadkan (477),खड़कन (477),Karsog(Sub-District) / Mandi(District) / Himachal Pradesh(State),00898200,015814,N,,,,
2045,13804,Khad Khalyana (40),खडकल्याणा (40),Kotli(Sub-District) / Mandi(District) / Himachal Pradesh(State),00697200,013804,N,,,,
2046,15893,Khadouni (243),खडौणी (243),Bagshad(Sub-District) / Mandi(District) / Himachal Pradesh(State),00906100,015893,N,,,,
2047,14041,Khahan (341),खाहन  (341),Bhadrota(Sub-District) / Mandi(District) / Himachal Pradesh(State),00719200,014041,N,,,,
2048,14912,Khahri (553),खाहरी (553),Bali Chowki(Sub-District) / Mandi(District) / Himachal Pradesh(State),00808000,014912,N,,,,
2049,16297,Khair (556),खैर (556),Karsog(Sub-District) / Mandi(District) / Himachal Pradesh(State),00946500,016297,N,,,,
2050,15284,Khair (701),खैर (701),Chhatri(Sub-District) / Mandi(District) / Himachal Pradesh(State),00845200,015284,N,,,,
2051,13105,Khajri (305),खजरी (305),Padhar(Sub-District) / Mandi(District) / Himachal Pradesh(State),00627300,013105,N,,,,
2052,13506,Khajur (125),खजूर (125),Lad Bharol(Sub-District) / Mandi(District) / Himachal Pradesh(State),00667400,013506,N,,,,
2053,13623,Khajurti (15),खजूरटी (15),Sandhol(Sub-District) / Mandi(District) / Himachal Pradesh(State),00679100,013623,N,,,,
2054,14571,Khakhriana (138),खखरयाणा (138),Rewalsar(Sub-District) / Mandi(District) / Himachal Pradesh(State),00773900,014571,N,,,,
2055,12987,Khalaihal (403),खलैहल (403),Tikken(Sub-District) / Mandi(District) / Himachal Pradesh(State),00615500,012987,N,,,,
2056,13755,Khalanoo (12),खलाणू (12),Kotli(Sub-District) / Mandi(District) / Himachal Pradesh(State),00692300,013755,N,,,,
2057,14063,Khalanoo (406),खलाणू  (406),Bhadrota(Sub-District) / Mandi(District) / Himachal Pradesh(State),00721400,014063,N,,,,
2058,13536,Khalanu (141),खलाणू (141),Lad Bharol(Sub-District) / Mandi(District) / Himachal Pradesh(State),00670400,013536,N,,,,
2059,13933,Khalardu (283),खलारडू (283),Sarkaghat(Sub-District) / Mandi(District) / Himachal Pradesh(State),00710100,013933,N,,,,
2060,13183,Khal Boot (517),खलवूट (517),Katoula(Sub-District) / Mandi(District) / Himachal Pradesh(State),00635100,013183,N,,,,
2061,13239,Khalei (55),खलेई (55),Jogindarnagar(Sub-District) / Mandi(District) / Himachal Pradesh(State),00640700,013239,N,,,,
2062,939606,Khaliar (366/2),खल्यार (366/2),Mandi(Sub-District) / Mandi(District) / Himachal Pradesh(State),,000000,N,,,,
2063,14178,Khalihan (496),खलीहण (496),Baldwara(Sub-District) / Mandi(District) / Himachal Pradesh(State),00734600,014178,N,,,,
2064,16156,Khalogra (345),खलोगडा (345),Bagshad(Sub-District) / Mandi(District) / Himachal Pradesh(State),00932400,016156,N,,,,
2065,16103,Khaltu (286),खल्टू (286),Karsog(Sub-District) / Mandi(District) / Himachal Pradesh(State),00927100,016103,N,,,,
2066,15783,Khalwach (325),खलवाच (325),Pangna(Sub-District) / Mandi(District) / Himachal Pradesh(State),00895100,015783,N,,,,
2067,14968,Khalwan (578),खलवान (578),Thachi(Sub-District) / Mandi(District) / Himachal Pradesh(State),00813600,014968,N,,,,
2068,15016,Khalwan (661),खलवाण (661),Thachi(Sub-District) / Mandi(District) / Himachal Pradesh(State),00818400,015016,N,,,,
2069,14209,Khalyana (542),खल्याणा (542),Baldwara(Sub-District) / Mandi(District) / Himachal Pradesh(State),00737700,014209,N,,,,
2070,14863,Khamradha (534),खमराधा (534),Aut(Sub-District) / Mandi(District) / Himachal Pradesh(State),00803100,014863,N,,,,
2071,14435,Khanahar (394),खनाहर (394),Katoula(Sub-District) / Mandi(District) / Himachal Pradesh(State),00760300,014435,N,,,,
2072,15751,Khanaul (270),खनौल (270),Pangna(Sub-District) / Mandi(District) / Himachal Pradesh(State),00891900,015751,N,,,,
2073,14074,Khandahar (436),खण्डाहर  (436),Bhadrota(Sub-District) / Mandi(District) / Himachal Pradesh(State),00724200,014074,N,,,,
2074,16005,Khandech (136),खण्डेच (136),Bagshad(Sub-District) / Mandi(District) / Himachal Pradesh(State),00917300,016005,N,,,,
2075,16067,Khandeyol (258),खन्देवल (258),Bagshad(Sub-District) / Mandi(District) / Himachal Pradesh(State),00923500,016067,N,,,,
2076,14732,Khandla (292),खांदला (292),Balh(Sub-District) / Mandi(District) / Himachal Pradesh(State),00790000,014732,N,,,,
2077,14432,Khani (390),खणी (390),Katoula(Sub-District) / Mandi(District) / Himachal Pradesh(State),00760000,014432,N,,,,
2078,15004,Khanni (625),खणी (625),Bali Chowki(Sub-District) / Mandi(District) / Himachal Pradesh(State),00817200,015004,N,,,,
2079,16093,Khanoch (315),खनौच (315),Karsog(Sub-District) / Mandi(District) / Himachal Pradesh(State),00926100,016093,N,,,,
2080,14270,Khanokhar (61),खनोखर (61),Dehar(Sub-District) / Mandi(District) / Himachal Pradesh(State),00743800,014270,N,,,,
2081,15821,Khanora (414),खनोरा (414),Karsog(Sub-District) / Mandi(District) / Himachal Pradesh(State),00898900,015821,N,,,,
2082,14158,Khanot (491),खनोट (491),Baldwara(Sub-District) / Mandi(District) / Himachal Pradesh(State),00732600,014158,N,,,,
2083,13649,Khanour (45),खनौड (45),Dharmpur(Sub-District) / Mandi(District) / Himachal Pradesh(State),00681700,013649,N,,,,
2084,15280,Khanwach (697),खनवाच (697),Chhatri(Sub-District) / Mandi(District) / Himachal Pradesh(State),00844800,015280,N,,,,
2085,15051,Khanwachi (543),खनवाची (543),Bagachnogi(Sub-District) / Mandi(District) / Himachal Pradesh(State),00821900,015051,N,,,,
2086,15726,Khanyari (311),खन्यारी (311),Nihri(Sub-District) / Mandi(District) / Himachal Pradesh(State),00889400,015726,N,,,,
2087,16144,Khanyari (377),खनयारी (377),Karsog(Sub-District) / Mandi(District) / Himachal Pradesh(State),00931200,016144,N,,,,
2088,16286,Khanyol (551),खन्योल (551),Karsog(Sub-District) / Mandi(District) / Himachal Pradesh(State),00945400,016286,N,,,,
2089,15982,Kharkan (115),खडकान (115),Bagshad(Sub-District) / Mandi(District) / Himachal Pradesh(State),00915000,015982,N,,,,
2090,14374,Kharloh (144),खरलोह (144),Sundarnagar(Sub-District) / Mandi(District) / Himachal Pradesh(State),00754200,014374,N,,,,
2091,13895,Kharoh (236),खरोह (236),Sarkaghat(Sub-District) / Mandi(District) / Himachal Pradesh(State),00706300,013895,N,,,,
2092,13656,Kharoon (54),खडून (54),Dharmpur(Sub-District) / Mandi(District) / Himachal Pradesh(State),00682400,013656,N,,,,
2093,13427,Kharsa (348),खारसा (348),Jogindarnagar(Sub-District) / Mandi(District) / Himachal Pradesh(State),00659500,013427,N,,,,
2094,13979,Kharsal (460),खरसल (460),Sarkaghat(Sub-District) / Mandi(District) / Himachal Pradesh(State),00723200,013979,N,,,,
2095,15403,Kharsi (147),खारसी (147),Chachyot(Sub-District) / Mandi(District) / Himachal Pradesh(State),00857100,015403,N,,,,
2096,14754,Kharsi (295),खारसी (295),Balh(Sub-District) / Mandi(District) / Himachal Pradesh(State),00792200,014754,N,,,,
2097,15564,Kharthi (220),खरठी (220),Nihri(Sub-District) / Mandi(District) / Himachal Pradesh(State),00873200,015564,N,,,,
2098,16175,Kharyali (319),खरयाली (319),Karsog(Sub-District) / Mandi(District) / Himachal Pradesh(State),00934300,016175,N,,,,
2099,13024,Kharyan (457),खरयाण (457),Tikken(Sub-District) / Mandi(District) / Himachal Pradesh(State),00619200,013024,N,,,,
2100,14324,Khatarwar (16),खतरवाड़ (16),Sundarnagar(Sub-District) / Mandi(District) / Himachal Pradesh(State),00749200,014324,N,,,,
2101,15032,Khauli (690),खौली (690),Bali Chowki(Sub-District) / Mandi(District) / Himachal Pradesh(State),00820000,015032,N,,,,
2102,14837,Khawlash (516),खवलाश (516),Aut(Sub-District) / Mandi(District) / Himachal Pradesh(State),00800500,014837,N,,,,
2103,15896,Kheel (172),खील (172),Bagshad(Sub-District) / Mandi(District) / Himachal Pradesh(State),00906400,015896,N,,,,
2104,15142,Kheldhar (482),खेलधार (482),Thunag(Sub-District) / Mandi(District) / Himachal Pradesh(State),00831000,015142,N,,,,
2105,14255,Khera (50),खेडा (50),Dehar(Sub-District) / Mandi(District) / Himachal Pradesh(State),00742300,014255,N,,,,
2106,13636,Kheri (67),खेडी (67),Dharmpur(Sub-District) / Mandi(District) / Himachal Pradesh(State),00680400,013636,N,,,,
2107,14594,Kheta (166),खेता (166),Rewalsar(Sub-District) / Mandi(District) / Himachal Pradesh(State),00776200,014594,N,,,,
2108,14587,Khetri (154),खेतरी (154),Rewalsar(Sub-District) / Mandi(District) / Himachal Pradesh(State),00775500,014587,N,,,,
2109,13264,Khetru (83),खेतडू (83),Jogindarnagar(Sub-District) / Mandi(District) / Himachal Pradesh(State),00643200,013264,N,,,,
2110,15532,Khil (159),खिल (159),Nihri(Sub-District) / Mandi(District) / Himachal Pradesh(State),00870000,015532,N,,,,
2111,15638,Khil (24),खिल (24),Nihri(Sub-District) / Mandi(District) / Himachal Pradesh(State),00880600,015638,N,,,,
2112,13306,Khil (263),खिल (263),Makridi(Sub-District) / Mandi(District) / Himachal Pradesh(State),00647400,013306,N,,,,
2113,14018,Khil (345),खिल (345),Bhadrota(Sub-District) / Mandi(District) / Himachal Pradesh(State),00714400,014018,N,,,,
2114,13111,Khil (546),खिल (546),Padhar(Sub-District) / Mandi(District) / Himachal Pradesh(State),00627900,013111,N,,,,
2115,14228,Khilra (28),खिलड़ा (28),Sundarnagar(Sub-District) / Mandi(District) / Himachal Pradesh(State),00739600,014228,N,,,,
2116,14864,Khini (532),खीणी (532),Aut(Sub-District) / Mandi(District) / Himachal Pradesh(State),00803200,014864,N,,,,
2117,14722,Khiuri Abbal (282),खियूरी अबल (282),Balh(Sub-District) / Mandi(District) / Himachal Pradesh(State),00789000,014722,N,,,,
2118,14721,Khiuri Dom (285),खियूरी दोम (285),Balh(Sub-District) / Mandi(District) / Himachal Pradesh(State),00788900,014721,N,,,,
2119,15647,Khlair (9),खलैर (9),Nihri(Sub-District) / Mandi(District) / Himachal Pradesh(State),00881500,015647,N,,,,
2120,16195,Khmarla (443),खमारला (443),Karsog(Sub-District) / Mandi(District) / Himachal Pradesh(State),00936300,016195,N,,,,
2121,15825,Khnawadi (412),खनावड़ी (412),Karsog(Sub-District) / Mandi(District) / Himachal Pradesh(State),00899300,015825,N,,,,
2122,14922,Kholanal (541),खोलानाल (541),Bali Chowki(Sub-District) / Mandi(District) / Himachal Pradesh(State),00809000,014922,N,,,,
2123,13488,Kholu (100),खोलू (100),Lad Bharol(Sub-District) / Mandi(District) / Himachal Pradesh(State),00665600,013488,N,,,,
2124,15681,Khoongarauli (55),खूनगरौली (55),Nihri(Sub-District) / Mandi(District) / Himachal Pradesh(State),00884900,015681,N,,,,
2125,13988,Khuban (316),खुवन (316),Bhadrota(Sub-District) / Mandi(District) / Himachal Pradesh(State),00711400,013988,N,,,,
2126,13398,Khuddar (330),खुददर (330),Jogindarnagar(Sub-District) / Mandi(District) / Himachal Pradesh(State),00656600,013398,N,,,,
2127,13511,Khuddi (182),खुड्डी (182),Lad Bharol(Sub-District) / Mandi(District) / Himachal Pradesh(State),00667900,013511,N,,,,
2128,14586,Khudi (156),खुड्डी (156),Rewalsar(Sub-District) / Mandi(District) / Himachal Pradesh(State),00775400,014586,N,,,,
2129,14039,Khudi (338),खुडी  (338),Bhadrota(Sub-District) / Mandi(District) / Himachal Pradesh(State),00719000,014039,N,,,,
2130,14107,Khudla (488),खुडला (488),Baldwara(Sub-District) / Mandi(District) / Himachal Pradesh(State),00727500,014107,N,,,,
2131,14368,Khugraon (126),खग्राओ (126),Sundarnagar(Sub-District) / Mandi(District) / Himachal Pradesh(State),00753600,014368,N,,,,
2132,15009,Khuhan (658),खुहण (658),Bali Chowki(Sub-District) / Mandi(District) / Himachal Pradesh(State),00817700,015009,N,,,,
2133,15736,Khumba (261),खुम्बा (261),Pangna(Sub-District) / Mandi(District) / Himachal Pradesh(State),00890400,015736,N,,,,
2134,14919,Khuragi (546),खुड़ागी (546),Bali Chowki(Sub-District) / Mandi(District) / Himachal Pradesh(State),00808700,014919,N,,,,
2135,14303,Khurahal (79),खुराहल (79),Dehar(Sub-District) / Mandi(District) / Himachal Pradesh(State),00747100,014303,N,,,,
2136,13701,Khylag (155),खैलग (155),Dharmpur(Sub-District) / Mandi(District) / Himachal Pradesh(State),00686900,013701,N,,,,
2137,15322,Khyog (11),ख्योग (11),Chachyot(Sub-District) / Mandi(District) / Himachal Pradesh(State),00849000,015322,N,,,,
2138,15987,Kidiya (124),कीडिया (124),Bagshad(Sub-District) / Mandi(District) / Himachal Pradesh(State),00915500,015987,N,,,,
2139,14841,Kigas (521),किगस (521),Aut(Sub-District) / Mandi(District) / Himachal Pradesh(State),00800900,014841,N,,,,
2140,14206,Kihran (569),किहरन (569),Baldwara(Sub-District) / Mandi(District) / Himachal Pradesh(State),00737400,014206,N,,,,
2141,15433,Kiling (159),किलिंग (159),Chachyot(Sub-District) / Mandi(District) / Himachal Pradesh(State),00860100,015433,N,,,,
2142,15613,Kinder (283),किन्दर (283),Nihri(Sub-District) / Mandi(District) / Himachal Pradesh(State),00878100,015613,N,,,,
2143,15959,Kithiyun (78),कथियूण (78),Bagshad(Sub-District) / Mandi(District) / Himachal Pradesh(State),00912700,015959,N,,,,
2144,13461,Kochhu (37),कोच्छू (37),Lad Bharol(Sub-District) / Mandi(District) / Himachal Pradesh(State),00662900,013461,N,,,,
2145,13850,Kohan (199),कौहण (199),Tihra(Sub-District) / Mandi(District) / Himachal Pradesh(State),00701800,013850,N,,,,
2146,13236,Kohra (51),कोहरा (51),Jogindarnagar(Sub-District) / Mandi(District) / Himachal Pradesh(State),00640400,013236,N,,,,
2147,13582,Kolang (185),कोलंग (185),Lad Bharol(Sub-District) / Mandi(District) / Himachal Pradesh(State),00675000,013582,N,,,,
2148,14098,Kolni (410),कोलनी (410),Dhalwan(Sub-District) / Mandi(District) / Himachal Pradesh(State),00726600,014098,N,,,,
2149,13622,Koon (13),कून (13),Sandhol(Sub-District) / Mandi(District) / Himachal Pradesh(State),00679000,013622,N,,,,
2150,15584,Koon (256),कून (256),Nihri(Sub-District) / Mandi(District) / Himachal Pradesh(State),00875200,015584,N,,,,
2151,15801,Koot (543),कूट (543),Karsog(Sub-District) / Mandi(District) / Himachal Pradesh(State),00896900,015801,N,,,,
2152,13050,Kortang (465),कोरतंग (465),Padhar(Sub-District) / Mandi(District) / Himachal Pradesh(State),00621800,013050,N,,,,
2153,13664,Kot (109),कोट (109),Dharmpur(Sub-District) / Mandi(District) / Himachal Pradesh(State),00683200,013664,N,,,,
2154,15999,Kot (114),कोट (114),Bagshad(Sub-District) / Mandi(District) / Himachal Pradesh(State),00916700,015999,N,,,,
2155,16044,Kot (145),कोट (145),Bagshad(Sub-District) / Mandi(District) / Himachal Pradesh(State),00921200,016044,N,,,,
2156,15426,Kot (151),कोट (151),Chachyot(Sub-District) / Mandi(District) / Himachal Pradesh(State),00859400,015426,N,,,,
2157,16054,Kot (169),कोट (169),Bagshad(Sub-District) / Mandi(District) / Himachal Pradesh(State),00922200,016054,N,,,,
2158,13824,Kot (187),कोट (187),Tihra(Sub-District) / Mandi(District) / Himachal Pradesh(State),00699200,013824,N,,,,
2159,15911,Kot (227),कोट (227),Pangna(Sub-District) / Mandi(District) / Himachal Pradesh(State),00907900,015911,N,,,,
2160,15583,Kot (254),कोट (254),Nihri(Sub-District) / Mandi(District) / Himachal Pradesh(State),00875100,015583,N,,,,
2161,14713,Kot (275),कोट (275),Balh(Sub-District) / Mandi(District) / Himachal Pradesh(State),00788100,014713,N,,,,
2162,14773,Kot (305),कोट (305),Mandi(Sub-District) / Mandi(District) / Himachal Pradesh(State),00794100,014773,N,,,,
2163,16169,Kot (326),कोट (326),Karsog(Sub-District) / Mandi(District) / Himachal Pradesh(State),00933700,016169,N,,,,
2164,16137,Kot (361),कोट (361),Karsog(Sub-District) / Mandi(District) / Himachal Pradesh(State),00930500,016137,N,,,,
2165,13072,Kot (376),कोट (376),Padhar(Sub-District) / Mandi(District) / Himachal Pradesh(State),00624000,013072,N,,,,
2166,15634,Kot (45),कोट (45),Nihri(Sub-District) / Mandi(District) / Himachal Pradesh(State),00880200,015634,N,,,,
2167,13746,Kot (5),कोट (5),Kotli(Sub-District) / Mandi(District) / Himachal Pradesh(State),00691400,013746,N,,,,
2168,14189,Kot (548),कोट (548),Baldwara(Sub-District) / Mandi(District) / Himachal Pradesh(State),00735700,014189,N,,,,
2169,16322,Kot (567),कोट (567),Karsog(Sub-District) / Mandi(District) / Himachal Pradesh(State),00949000,016322,N,,,,
2170,14516,Kot (65),कोट (65),Mandi(Sub-District) / Mandi(District) / Himachal Pradesh(State),00768400,014516,N,,,,
2171,14839,Kota Dhar (520),कोटाधार (520),Aut(Sub-District) / Mandi(District) / Himachal Pradesh(State),00800700,014839,N,,,,
2172,14860,Kot Dhalyas (465),कोटढलयास (465),Aut(Sub-District) / Mandi(District) / Himachal Pradesh(State),00802800,014860,N,,,,
2173,13848,Kot Gadohal (198),कोट गदोहल (198),Tihra(Sub-District) / Mandi(District) / Himachal Pradesh(State),00701600,013848,N,,,,
2174,14610,Kothi (150),कोठी (150),Rewalsar(Sub-District) / Mandi(District) / Himachal Pradesh(State),00777800,014610,N,,,,
2175,13569,Kothi (214),कोठी (214),Lad Bharol(Sub-District) / Mandi(District) / Himachal Pradesh(State),00673700,013569,N,,,,
2176,13901,Kothi (263),कोठी (263),Sarkaghat(Sub-District) / Mandi(District) / Himachal Pradesh(State),00706900,013901,N,,,,
2177,14037,Kothi (336),कोठी  (336),Bhadrota(Sub-District) / Mandi(District) / Himachal Pradesh(State),00718800,014037,N,,,,
2178,14553,Kothi Gaihri (101),कोठी गैहरी (101),Rewalsar(Sub-District) / Mandi(District) / Himachal Pradesh(State),00772100,014553,N,,,,
2179,15910,Kothu (186),कोठू (186),Pangna(Sub-District) / Mandi(District) / Himachal Pradesh(State),00907800,015910,N,,,,
2180,13599,Kothuwan (39),कोठुआं (39),Sandhol(Sub-District) / Mandi(District) / Himachal Pradesh(State),00676700,013599,N,,,,
2181,16178,Koti (321),कोटी (321),Karsog(Sub-District) / Mandi(District) / Himachal Pradesh(State),00934600,016178,N,,,,
2182,15980,Kotkapdyas (117),कोटकपडयास (117),Bagshad(Sub-District) / Mandi(District) / Himachal Pradesh(State),00914800,015980,N,,,,
2183,14349,Kotla (119),कोटला (119),Sundarnagar(Sub-District) / Mandi(District) / Himachal Pradesh(State),00751700,014349,N,,,,
2184,14362,Kotla (131),कोटला (131),Sundarnagar(Sub-District) / Mandi(District) / Himachal Pradesh(State),00753000,014362,N,,,,
2185,15956,Kotla (182),कोटला (182),Bagshad(Sub-District) / Mandi(District) / Himachal Pradesh(State),00912400,015956,N,,,,
2186,16056,Kotla (246),कोटला (246),Bagshad(Sub-District) / Mandi(District) / Himachal Pradesh(State),00922400,016056,N,,,,
2187,15373,Kotla Khanula (116),कोटला खनूला (116),Chachyot(Sub-District) / Mandi(District) / Himachal Pradesh(State),00854100,015373,N,,,,
2188,13776,Kotli (74),कोटली (74),Kotli(Sub-District) / Mandi(District) / Himachal Pradesh(State),00694400,013776,N,,,,
2189,14369,Kotlu (117),कोटलू (117),Sundarnagar(Sub-District) / Mandi(District) / Himachal Pradesh(State),00753700,014369,N,,,,
2190,14628,Kotlu (191),कोटलू (191),Balh(Sub-District) / Mandi(District) / Himachal Pradesh(State),00779600,014628,N,,,,
2191,15768,Kotlu (266),कोटलू (266),Pangna(Sub-District) / Mandi(District) / Himachal Pradesh(State),00893600,015768,N,,,,
2192,13962,Kotlu (372),कोटलू (372),Sarkaghat(Sub-District) / Mandi(District) / Himachal Pradesh(State),00717000,013962,N,,,,
2193,16238,Kotlu (463),कोटलू (463),Karsog(Sub-District) / Mandi(District) / Himachal Pradesh(State),00940600,016238,N,,,,
2194,16274,Kotlu (566),कोटलू (566),Karsog(Sub-District) / Mandi(District) / Himachal Pradesh(State),00944200,016274,N,,,,
2195,16187,Kotlu Gad (530),कोटलू गाड़ (530),Karsog(Sub-District) / Mandi(District) / Himachal Pradesh(State),00935500,016187,N,,,,
2196,14474,Ktindi (608),कटिण्ढी (608),Mandi(Sub-District) / Mandi(District) / Himachal Pradesh(State),00764200,014474,N,,,,
2197,16247,Kubshan (459),कुबशन (459),Karsog(Sub-District) / Mandi(District) / Himachal Pradesh(State),00941500,016247,N,,,,
2198,13283,Kudnu (271),कुडनु (271),Makridi(Sub-District) / Mandi(District) / Himachal Pradesh(State),00645100,013283,N,,,,
2199,14040,Kufri (340),कुफरी  (340),Bhadrota(Sub-District) / Mandi(District) / Himachal Pradesh(State),00719100,014040,N,,,,
2200,13115,Kufri (549),कुफरी (549),Padhar(Sub-District) / Mandi(District) / Himachal Pradesh(State),00628300,013115,N,,,,
2201,15838,Kufri Dhar (397),कुफरीधार (397),Karsog(Sub-District) / Mandi(District) / Himachal Pradesh(State),00900600,015838,N,,,,
2202,16259,Kufridhar (497),कुफरीधार (497),Karsog(Sub-District) / Mandi(District) / Himachal Pradesh(State),00942700,016259,N,,,,
2203,13392,Kufru (346),कुफरु (346),Jogindarnagar(Sub-District) / Mandi(District) / Himachal Pradesh(State),00656000,013392,N,,,,
2204,13291,Kufru Mor Chaka (269),कुफरू मोर चका (269),Makridi(Sub-District) / Mandi(District) / Himachal Pradesh(State),00645900,013291,N,,,,
2205,15930,Kuftu (190),कुफठू (190),Pangna(Sub-District) / Mandi(District) / Himachal Pradesh(State),00909800,015930,N,,,,
2206,13887,Kukain (300),कुकैण (300),Sarkaghat(Sub-District) / Mandi(District) / Himachal Pradesh(State),00705500,013887,N,,,,
2207,14918,Kuklaah (547),कुकलाह (547),Bali Chowki(Sub-District) / Mandi(District) / Himachal Pradesh(State),00808600,014918,N,,,,
2208,13034,Kuljhan (424),कुलझाण (424),Tikken(Sub-District) / Mandi(District) / Himachal Pradesh(State),00620200,013034,N,,,,
2209,15055,Kulthani (530),कुलथणी (530),Bagachnogi(Sub-District) / Mandi(District) / Himachal Pradesh(State),00822300,015055,N,,,,
2210,13723,Kulwahan(127),कुलवाहण (127),Mandap(Sub-District) / Mandi(District) / Himachal Pradesh(State),00689100,013723,N,,,,
2211,13138,Kumaharda (573),कुम्हारडा (573),Padhar(Sub-District) / Mandi(District) / Himachal Pradesh(State),00630600,013138,N,,,,
2212,15623,Kumaru (272),कुमारू (272),Nihri(Sub-District) / Mandi(District) / Himachal Pradesh(State),00879100,015623,N,,,,
2213,13722,Kumharada(118),कुमाहरड़ा (118),Mandap(Sub-District) / Mandi(District) / Himachal Pradesh(State),00689000,013722,N,,,,
2214,14730,Kummi (230),कुम्मी (230),Balh(Sub-District) / Mandi(District) / Himachal Pradesh(State),00789800,014730,N,,,,
2215,13745,Kun (4),कून (4),Kotli(Sub-District) / Mandi(District) / Himachal Pradesh(State),00691300,013745,N,,,,
2216,14908,Kun (554),कुण (554),Bali Chowki(Sub-District) / Mandi(District) / Himachal Pradesh(State),00807600,014908,N,,,,
2217,14259,Kun (64),कून (64),Dehar(Sub-District) / Mandi(District) / Himachal Pradesh(State),00742700,014259,N,,,,
2218,13514,Kunaihan (179),कुन्हैण (179),Lad Bharol(Sub-District) / Mandi(District) / Himachal Pradesh(State),00668200,013514,N,,,,
2219,14263,Kunaila (53),कुनैला (53),Dehar(Sub-District) / Mandi(District) / Himachal Pradesh(State),00743100,014263,N,,,,
2220,16022,Kund (264),कुण्ड (264),Bagshad(Sub-District) / Mandi(District) / Himachal Pradesh(State),00919000,016022,N,,,,
2221,13374,Kund (309),कुण्ड (309),Jogindarnagar(Sub-District) / Mandi(District) / Himachal Pradesh(State),00654200,013374,N,,,,
2222,14406,Kundakh(403),कुन्दख (403),Katoula(Sub-District) / Mandi(District) / Himachal Pradesh(State),00757400,014406,N,,,,
2223,14402,Kundakh (404),डी0पी0एफ0 कुन्दख (404),Katoula(Sub-District) / Mandi(District) / Himachal Pradesh(State),00757000,014402,N,,,,
2224,13394,Kunduni (343),कुनडूनी (343),Jogindarnagar(Sub-District) / Mandi(District) / Himachal Pradesh(State),00656200,013394,N,,,,
2225,14170,Kunehla (540),कुनैहला (540),Baldwara(Sub-District) / Mandi(District) / Himachal Pradesh(State),00733800,014170,N,,,,
2226,13049,Kungri (466),कुँगडी (466),Padhar(Sub-District) / Mandi(District) / Himachal Pradesh(State),00621700,013049,N,,,,
2227,16159,Kunhu (352),कुन्हू (352),Karsog(Sub-District) / Mandi(District) / Himachal Pradesh(State),00932700,016159,N,,,,
2228,13453,Kuni (23),कुणी (23),Lad Bharol(Sub-District) / Mandi(District) / Himachal Pradesh(State),00662100,013453,N,,,,
2229,13349,Kunkar (241),कुनकर (241),Makridi(Sub-District) / Mandi(District) / Himachal Pradesh(State),00651700,013349,N,,,,
2230,13146,Kunnu (582),कुन्नू (582),Padhar(Sub-District) / Mandi(District) / Himachal Pradesh(State),00631400,013146,N,,,,
2231,15460,Kunsot (184),कुनसोट (184),Chachyot(Sub-District) / Mandi(District) / Himachal Pradesh(State),00862800,015460,N,,,,
2232,16228,Kunthari (428),कुन्थरी (428),Karsog(Sub-District) / Mandi(District) / Himachal Pradesh(State),00939600,016228,N,,,,
2233,939624,Kupar (394),कुपड़ (394),Jogindarnagar(Sub-District) / Mandi(District) / Himachal Pradesh(State),,000000,N,,,,
2234,14248,Kurada (42),कुराड़ा (42),Sundarnagar(Sub-District) / Mandi(District) / Himachal Pradesh(State),00741600,014248,N,,,,
2235,15086,Kurani (130),कुरानी (130),Thunag(Sub-District) / Mandi(District) / Himachal Pradesh(State),00825400,015086,N,,,,
2236,16171,Kurna (323),कुरना (323),Karsog(Sub-District) / Mandi(District) / Himachal Pradesh(State),00933900,016171,N,,,,
2237,13713,Kusari (113),कुसरी (113),Dharmpur(Sub-District) / Mandi(District) / Himachal Pradesh(State),00688100,013713,N,,,,
2238,14371,Kushla (142),कुशला (142),Sundarnagar(Sub-District) / Mandi(District) / Himachal Pradesh(State),00753900,014371,N,,,,
2239,13773,Kushmal (24),कुशमल (24),Kotli(Sub-District) / Mandi(District) / Himachal Pradesh(State),00694100,013773,N,,,,
2240,15328,Kut (20),कुट (20),Chachyot(Sub-District) / Mandi(District) / Himachal Pradesh(State),00849600,015328,N,,,,
2241,14438,Kutahar (396),कुटाहर (396),Katoula(Sub-District) / Mandi(District) / Himachal Pradesh(State),00760600,014438,N,,,,
2242,14694,Kutahch (263),कुटाहच (263),Balh(Sub-District) / Mandi(District) / Himachal Pradesh(State),00786200,014694,N,,,,
2243,15763,Kutahchi (327),कुटाहची (327),Pangna(Sub-District) / Mandi(District) / Himachal Pradesh(State),00893100,015763,N,,,,
2244,15781,Kutehar (337),कुटेहड़ (337),Pangna(Sub-District) / Mandi(District) / Himachal Pradesh(State),00894900,015781,N,,,,
2245,14427,Kuthachi(398),कुथाची (398),Katoula(Sub-District) / Mandi(District) / Himachal Pradesh(State),00759500,014427,N,,,,
2246,15064,Kuthehad (513),कुठेहड़ (513),Bagachnogi(Sub-District) / Mandi(District) / Himachal Pradesh(State),00823200,015064,N,,,,
2247,16290,Kuthehad (579),कुठेहड़ (579),Karsog(Sub-District) / Mandi(District) / Himachal Pradesh(State),00945800,016290,N,,,,
2248,13940,Kuthehar (227),कुठेहड़ (227),Sarkaghat(Sub-District) / Mandi(District) / Himachal Pradesh(State),00710800,013940,N,,,,
2249,14764,Kuthehar (338),कुठेहड़ (338),Mandi(Sub-District) / Mandi(District) / Himachal Pradesh(State),00793200,014764,N,,,,
2250,15383,Kuthehar (46),कुठेहड (46),Chachyot(Sub-District) / Mandi(District) / Himachal Pradesh(State),00855100,015383,N,,,,
2251,13313,Kuthera (260),कुठेहड़ा (260),Makridi(Sub-District) / Mandi(District) / Himachal Pradesh(State),00648100,013313,N,,,,
2252,15492,Kutla (217),कुटला (217),Chachyot(Sub-District) / Mandi(District) / Himachal Pradesh(State),00866000,015492,N,,,,
2253,13800,Kutli (38),कुटली (38),Kotli(Sub-District) / Mandi(District) / Himachal Pradesh(State),00696800,013800,N,,,,
2254,15715,Kutlu (277),कुटलू (277),Nihri(Sub-District) / Mandi(District) / Himachal Pradesh(State),00888300,015715,N,,,,
2255,15780,Kutnas (336),कुतनास (336),Pangna(Sub-District) / Mandi(District) / Himachal Pradesh(State),00894800,015780,N,,,,
2256,15812,Kwagla (488),कवागला (488),Karsog(Sub-District) / Mandi(District) / Himachal Pradesh(State),00898000,015812,N,,,,
2257,14615,Kwal Kot (151),कवालकोट (151),Rewalsar(Sub-District) / Mandi(District) / Himachal Pradesh(State),00778300,014615,N,,,,
2258,13505,Kwar (136),क्वार (136),Lad Bharol(Sub-District) / Mandi(District) / Himachal Pradesh(State),00667300,013505,N,,,,
2259,14353,Kyargi (129),क्यारगी (129),Sundarnagar(Sub-District) / Mandi(District) / Himachal Pradesh(State),00752100,014353,N,,,,
2260,15598,Kyari (265),क्यारी (265),Nihri(Sub-District) / Mandi(District) / Himachal Pradesh(State),00876600,015598,N,,,,
2261,15619,Kyarkandhi-I (280),क्यार काण्डी-1 (280),Nihri(Sub-District) / Mandi(District) / Himachal Pradesh(State),00878700,015619,N,,,,
2262,15616,Kyarkandhi-II (282),क्यार काण्डी-2 (282),Nihri(Sub-District) / Mandi(District) / Himachal Pradesh(State),00878400,015616,N,,,,
2263,15235,Labhi (405),लभी (405),Chhatri(Sub-District) / Mandi(District) / Himachal Pradesh(State),00840300,015235,N,,,,
2264,15528,Laboot (165),लबूट (165),Nihri(Sub-District) / Mandi(District) / Himachal Pradesh(State),00869600,015528,N,,,,
2265,13012,Lachhyan (435),लच्छयाण (435),Tikken(Sub-District) / Mandi(District) / Himachal Pradesh(State),00618000,013012,N,,,,
2266,13032,Lach Kandi (423),लचकन्डी (423),Tikken(Sub-District) / Mandi(District) / Himachal Pradesh(State),00620000,013032,N,,,,
2267,13598,Ladol (38),लडोल (38),Sandhol(Sub-District) / Mandi(District) / Himachal Pradesh(State),00676600,013598,N,,,,
2268,13317,Ladwan Buhli (236),लडवाण बुहली (236),Makridi(Sub-District) / Mandi(District) / Himachal Pradesh(State),00648500,013317,N,,,,
2269,13316,Ladwan Uparli (235),लडवाण उपरली (235),Makridi(Sub-District) / Mandi(District) / Himachal Pradesh(State),00648400,013316,N,,,,
2270,13452,Lag (35),लग (35),Lad Bharol(Sub-District) / Mandi(District) / Himachal Pradesh(State),00662000,013452,N,,,,
2271,13762,Lagdhar (16),लागधार (16),Kotli(Sub-District) / Mandi(District) / Himachal Pradesh(State),00693000,013762,N,,,,
2272,13118,Lagdhar (553),लागधार (553),Padhar(Sub-District) / Mandi(District) / Himachal Pradesh(State),00628600,013118,N,,,,
2273,14976,Lagdhayana (603),लगड़याणा (603),Bali Chowki(Sub-District) / Mandi(District) / Himachal Pradesh(State),00814400,014976,N,,,,
2274,13821,Lagyar (186),लग्यार (186),Tihra(Sub-District) / Mandi(District) / Himachal Pradesh(State),00698900,013821,N,,,,
2275,14600,Lahardi (170),लोहारडी (170),Rewalsar(Sub-District) / Mandi(District) / Himachal Pradesh(State),00776800,014600,N,,,,
2276,13450,Lahla (34),लाहला (34),Lad Bharol(Sub-District) / Mandi(District) / Himachal Pradesh(State),00661800,013450,N,,,,
2277,16212,Lahlu (525),लाहलू (525),Karsog(Sub-District) / Mandi(District) / Himachal Pradesh(State),00938000,016212,N,,,,
2278,14184,Lahra (552),लहड़ा (552),Baldwara(Sub-District) / Mandi(District) / Himachal Pradesh(State),00735200,014184,N,,,,
2279,14214,Lahra (571),लहड़ा (571),Baldwara(Sub-District) / Mandi(District) / Himachal Pradesh(State),00738200,014214,N,,,,
2280,15264,Lahri (389),लाहड़ी (389),Chhatri(Sub-District) / Mandi(District) / Himachal Pradesh(State),00843200,015264,N,,,,
2281,13500,Lahri (81),लाहड़ी (81),Lad Bharol(Sub-District) / Mandi(District) / Himachal Pradesh(State),00666800,013500,N,,,,
2282,13614,Lahsani (24),लहसनी (24),Sandhol(Sub-District) / Mandi(District) / Himachal Pradesh(State),00678200,013614,N,,,,
2283,14280,Laihar (69),लैहड (69),Dehar(Sub-District) / Mandi(District) / Himachal Pradesh(State),00744800,014280,N,,,,
2284,14772,Lajhukhar (308),लझूखर (308),Mandi(Sub-District) / Mandi(District) / Himachal Pradesh(State),00794000,014772,N,,,,
2285,939620,Laka (232),लाका (232),Sarkaghat(Sub-District) / Mandi(District) / Himachal Pradesh(State),,000000,N,,,,
2286,13871,Lakhan Kothi (214),लखन कोठी (214),Sarkaghat(Sub-District) / Mandi(District) / Himachal Pradesh(State),00703900,013871,N,,,,
2287,14574,Lakhwan (140),लखवाण (140),Rewalsar(Sub-District) / Mandi(District) / Himachal Pradesh(State),00774200,014574,N,,,,
2288,13073,Lakhwan (375),लखवाण (375),Padhar(Sub-District) / Mandi(District) / Himachal Pradesh(State),00624100,013073,N,,,,
2289,13226,Lakrehar (68),लकरेहड (68),Jogindarnagar(Sub-District) / Mandi(District) / Himachal Pradesh(State),00639400,013226,N,,,,
2290,14810,Lakshal (491),लकशाल (491),Aut(Sub-District) / Mandi(District) / Himachal Pradesh(State),00797800,014810,N,,,,
2291,15581,Lalag (253),ललग (253),Nihri(Sub-District) / Mandi(District) / Himachal Pradesh(State),00874900,015581,N,,,,
2292,13638,Lalana (75),ललाणा (75),Sandhol(Sub-District) / Mandi(District) / Himachal Pradesh(State),00680600,013638,N,,,,
2293,14959,Lambi Dhar (650),लम्वीधार (650),Thachi(Sub-District) / Mandi(District) / Himachal Pradesh(State),00812700,014959,N,,,,
2294,13327,Langara (221),लंगारा (221),Makridi(Sub-District) / Mandi(District) / Himachal Pradesh(State),00649500,013327,N,,,,
2295,13725,Langehar (135),लंगेहड़ (135),Mandap(Sub-District) / Mandi(District) / Himachal Pradesh(State),00689300,013725,N,,,,
2296,13959,Langehar (379),लंगेहड़ (379),Sarkaghat(Sub-District) / Mandi(District) / Himachal Pradesh(State),00716700,013959,N,,,,
2297,13521,Langeser (129),लंगेसर (129),Lad Bharol(Sub-District) / Mandi(District) / Himachal Pradesh(State),00668900,013521,N,,,,
2298,13381,Langha (313),लांघा (313),Jogindarnagar(Sub-District) / Mandi(District) / Himachal Pradesh(State),00654900,013381,N,,,,
2299,13329,Langna (222),लांगणा (222),Makridi(Sub-District) / Mandi(District) / Himachal Pradesh(State),00649700,013329,N,,,,
2300,14439,Lanhjnu (606),लांझणू (606),Mandi(Sub-District) / Mandi(District) / Himachal Pradesh(State),00760700,014439,N,,,,
2301,13002,Lapas (413),लपास (413),Tikken(Sub-District) / Mandi(District) / Himachal Pradesh(State),00617000,013002,N,,,,
2302,13557,Larhana (174),लहराणा (174),Lad Bharol(Sub-District) / Mandi(District) / Himachal Pradesh(State),00672500,013557,N,,,,
2303,15913,Larhas (173),लरहास (173),Bagshad(Sub-District) / Mandi(District) / Himachal Pradesh(State),00908100,015913,N,,,,
2304,14517,Larwahan (56),लरवाहण (56),Mandi(Sub-District) / Mandi(District) / Himachal Pradesh(State),00768500,014517,N,,,,
2305,15268,Lashi (417),लशी (417),Chhatri(Sub-District) / Mandi(District) / Himachal Pradesh(State),00843600,015268,N,,,,
2306,13586,Lasrana (6),लसराणा (6),Sandhol(Sub-District) / Mandi(District) / Himachal Pradesh(State),00675400,013586,N,,,,
2307,13803,Laswai Khad (39),लस्वाई खड (39),Kotli(Sub-District) / Mandi(District) / Himachal Pradesh(State),00697100,013803,N,,,,
2308,13020,Latran (447),लटराण (447),Tikken(Sub-District) / Mandi(District) / Himachal Pradesh(State),00618800,013020,N,,,,
2309,14590,Leda (158),लेदा (158),Rewalsar(Sub-District) / Mandi(District) / Himachal Pradesh(State),00775800,014590,N,,,,
2310,15117,Leh (498),लेह (498),Thunag(Sub-District) / Mandi(District) / Himachal Pradesh(State),00828500,015117,N,,,,
2311,14567,Lehra (131),लेहडा (131),Rewalsar(Sub-District) / Mandi(District) / Himachal Pradesh(State),00773500,014567,N,,,,
2312,15078,Lehthach (90),लेहथाच (90),Thunag(Sub-District) / Mandi(District) / Himachal Pradesh(State),00824600,015078,N,,,,
2313,14475,Lihana (609),लिहाणा (609),Mandi(Sub-District) / Mandi(District) / Himachal Pradesh(State),00764300,014475,N,,,,
2314,14606,Lohakhar (174),लुहाखर (174),Rewalsar(Sub-District) / Mandi(District) / Himachal Pradesh(State),00777400,014606,N,,,,
2315,14015,Lohakhar (331),लोहाखर  (331),Bhadrota(Sub-District) / Mandi(District) / Himachal Pradesh(State),00714100,014015,N,,,,
2316,14672,Lohara (234),लोहारा (234),Balh(Sub-District) / Mandi(District) / Himachal Pradesh(State),00784000,014672,N,,,,
2317,16098,Lohardi(308),लोहारडी(308),Karsog(Sub-District) / Mandi(District) / Himachal Pradesh(State),00926600,016098,N,eSignGOFile662648_19_02_2025_16_29_31.pdf,,,
2318,13110,Lohra (545),लोहड़ा (545),Padhar(Sub-District) / Mandi(District) / Himachal Pradesh(State),00627800,013110,N,,,,
2319,16249,Lol (422),लोल (422),Karsog(Sub-District) / Mandi(District) / Himachal Pradesh(State),00941700,016249,N,,,,
2320,13700,Longni (82),लौंगणी (82),Dharmpur(Sub-District) / Mandi(District) / Himachal Pradesh(State),00686800,013700,N,,,,
2321,15458,Lot (190),लोट (190),Chachyot(Sub-District) / Mandi(District) / Himachal Pradesh(State),00862600,015458,N,,,,
2322,15315,Lot (24),लोट (24),Chachyot(Sub-District) / Mandi(District) / Himachal Pradesh(State),00848300,015315,N,,,,
2323,15717,Lot (280),लोट (280),Nihri(Sub-District) / Mandi(District) / Himachal Pradesh(State),00888500,015717,N,,,,
2324,15111,Lot (475),लोट (475),Thunag(Sub-District) / Mandi(District) / Himachal Pradesh(State),00827900,015111,N,,,,
2325,15023,Lot (665),लोट (665),Bali Chowki(Sub-District) / Mandi(District) / Himachal Pradesh(State),00819100,015023,N,,,,
2326,14532,Lot Nichla (87),लोट निचला (87),Mandi(Sub-District) / Mandi(District) / Himachal Pradesh(State),00770000,014532,N,,,,
2327,14533,Lot Upperla (86),लोट उपरला (86),Mandi(Sub-District) / Mandi(District) / Himachal Pradesh(State),00770100,014533,N,,,,
2328,13975,Lower Barot (450),लोअर बरोट (450),Sarkaghat(Sub-District) / Mandi(District) / Himachal Pradesh(State),00722800,013975,N,,,,
2329,14172,Lower Jehmat (505),निचला जैहमत (505),Baldwara(Sub-District) / Mandi(District) / Himachal Pradesh(State),00734000,014172,N,,,,
2330,16150,Lower Karsog (417),लोअर करसोग (417),Karsog(Sub-District) / Mandi(District) / Himachal Pradesh(State),00931800,016150,N,,,,
2331,13718,Ludhiana (120),लुधियाना (120),Mandap(Sub-District) / Mandi(District) / Himachal Pradesh(State),00688600,013718,N,,,,
2332,14272,Luhanu (88),लुहणू (88),Dehar(Sub-District) / Mandi(District) / Himachal Pradesh(State),00744000,014272,N,,,,
2333,13768,Luharad (31),लुहारड (31),Kotli(Sub-District) / Mandi(District) / Himachal Pradesh(State),00693600,013768,N,,,,
2334,14201,Luharda (563),लुहारड़ा (563),Baldwara(Sub-District) / Mandi(District) / Himachal Pradesh(State),00736900,014201,N,,,,
2335,14634,Luhardi (120),लुहारड़ी (120),Balh(Sub-District) / Mandi(District) / Himachal Pradesh(State),00780200,014634,N,,,,
2336,16037,Luharli (155),लोहारली (155),Bagshad(Sub-District) / Mandi(District) / Himachal Pradesh(State),00920500,016037,N,,,,
2337,13934,Lukanu (282),लुकाणु (282),Sarkaghat(Sub-District) / Mandi(District) / Himachal Pradesh(State),00710200,013934,N,,,,
2338,13973,Lunadha (446),लुणाधा (446),Sarkaghat(Sub-District) / Mandi(District) / Himachal Pradesh(State),00722600,013973,N,,,,
2339,13710,Lungoan (125),लुणगांव (125),Dharmpur(Sub-District) / Mandi(District) / Himachal Pradesh(State),00687800,013710,N,,,,
2340,13873,Luni Jole (213),लुणी जोल (213),Sarkaghat(Sub-District) / Mandi(District) / Himachal Pradesh(State),00704100,013873,N,,,,
2341,15876,Maahog (376),माहोग (376),Karsog(Sub-District) / Mandi(District) / Himachal Pradesh(State),00904400,015876,N,,,,
2342,16078,Maanju (280),मांजू (280),Karsog(Sub-District) / Mandi(District) / Himachal Pradesh(State),00924600,016078,N,,,,
2343,13242,Machkehar (8),मचकेहड (8),Jogindarnagar(Sub-District) / Mandi(District) / Himachal Pradesh(State),00641000,013242,N,,,,
2344,13022,Madhurwan (448),मधुर्वाण (448),Tikken(Sub-District) / Mandi(District) / Himachal Pradesh(State),00619000,013022,N,,,,
2345,16033,Madiuni (149),मडियूणी (149),Bagshad(Sub-District) / Mandi(District) / Himachal Pradesh(State),00920100,016033,N,,,,
2346,14526,Madwahan (364),मडवाहन (364),Mandi(Sub-District) / Mandi(District) / Himachal Pradesh(State),00769400,014526,N,,,,
2347,14717,Magar (278),मगर (278),Balh(Sub-District) / Mandi(District) / Himachal Pradesh(State),00788500,014717,N,,,,
2348,14326,Mahadev (10),महादेव (10),Sundarnagar(Sub-District) / Mandi(District) / Himachal Pradesh(State),00749400,014326,N,,,,
2349,13741,Mahan (3),माहन (3),Kotli(Sub-District) / Mandi(District) / Himachal Pradesh(State),00690900,013741,N,,,,
2350,16295,Mahog (584),महोग (584),Karsog(Sub-District) / Mandi(District) / Himachal Pradesh(State),00946300,016295,N,,,,
2351,15989,Mahota (118),माहौटा (118),Bagshad(Sub-District) / Mandi(District) / Himachal Pradesh(State),00915700,015989,N,,,,
2352,16222,Mahowa (512),मौहवां (512),Karsog(Sub-District) / Mandi(District) / Himachal Pradesh(State),00939000,016222,N,,,,
2353,14190,Mahri (550),महड़ी (550),Baldwara(Sub-District) / Mandi(District) / Himachal Pradesh(State),00735800,014190,N,,,,
2354,14491,Maigal (626),मैगल (626),Mandi(Sub-District) / Mandi(District) / Himachal Pradesh(State),00765900,014491,N,,,,
2355,15672,Maihap (60),मैहप (60),Nihri(Sub-District) / Mandi(District) / Himachal Pradesh(State),00884000,015672,N,,,,
2356,13266,Mainbharola (49),मैण भरौला (49),Jogindarnagar(Sub-District) / Mandi(District) / Himachal Pradesh(State),00643400,013266,N,,,,
2357,14616,Mairajit Pur (179),मैराजीतपुर (179),Balh(Sub-District) / Mandi(District) / Himachal Pradesh(State),00778400,014616,N,,,,
2358,15010,Majaon (657),मजाओं (657),Bali Chowki(Sub-District) / Mandi(District) / Himachal Pradesh(State),00817800,015010,N,,,,
2359,13810,Majehar (176),मंजेहड (176),Tihra(Sub-District) / Mandi(District) / Himachal Pradesh(State),00697800,013810,N,,,,
2360,14143,Majeth (525),मझयाठ (525),Baldwara(Sub-District) / Mandi(District) / Himachal Pradesh(State),00731100,014143,N,,,,
2361,15591,Majhaili (247),मझैली (247),Nihri(Sub-District) / Mandi(District) / Himachal Pradesh(State),00875900,015591,N,,,,
2362,13629,Majhair (21),मझैर (21),Dharmpur(Sub-District) / Mandi(District) / Himachal Pradesh(State),00679700,013629,N,,,,
2363,15620,Majhangan (61),मझांगण (61),Nihri(Sub-District) / Mandi(District) / Himachal Pradesh(State),00878800,015620,N,,,,
2364,15829,Majhar (363),मझार (363),Karsog(Sub-District) / Mandi(District) / Himachal Pradesh(State),00899700,015829,N,,,,
2365,13397,Majharnu (340),मझारनू (340),Jogindarnagar(Sub-District) / Mandi(District) / Himachal Pradesh(State),00656500,013397,N,,,,
2366,16154,Majhas (360),मझास (360),Karsog(Sub-District) / Mandi(District) / Himachal Pradesh(State),00932200,016154,N,,,,
2367,14942,Majhdhar (568),मंझधार (568),Thachi(Sub-District) / Mandi(District) / Himachal Pradesh(State),00811000,014942,N,,,,
2368,14658,Majhethal (226),मझैठल (226),Balh(Sub-District) / Mandi(District) / Himachal Pradesh(State),00782600,014658,N,,,,
2369,15963,Majhot (75),मझोट (75),Bagshad(Sub-District) / Mandi(District) / Himachal Pradesh(State),00913100,015963,N,,,,
2370,15400,Majhothi (122),मझोठी (122),Chachyot(Sub-District) / Mandi(District) / Himachal Pradesh(State),00856800,015400,N,,,,
2371,15182,Majhwal (432),मझवाल (432),Thunag(Sub-District) / Mandi(District) / Himachal Pradesh(State),00835000,015182,N,,,,
2372,14128,Majhwan (518),मझवाण (518),Dhalwan(Sub-District) / Mandi(District) / Himachal Pradesh(State),00729600,014128,N,,,,
2373,14775,Majhwar (333),मझवाड़ (333),Mandi(Sub-District) / Mandi(District) / Himachal Pradesh(State),00794300,014775,N,,,,
2374,13406,Majhwar (337),मझवाड़ (337),Jogindarnagar(Sub-District) / Mandi(District) / Himachal Pradesh(State),00657400,013406,N,,,,
2375,14089,Majhwari (428),मझवाड़ी (428),Dhalwan(Sub-District) / Mandi(District) / Himachal Pradesh(State),00725700,014089,N,,,,
2376,13545,Makan Kalan (154),माकन कलां (154),Lad Bharol(Sub-District) / Mandi(District) / Himachal Pradesh(State),00671300,013545,N,,,,
2377,13546,Makan Khurd (155),माकन खुर्द (155),Lad Bharol(Sub-District) / Mandi(District) / Himachal Pradesh(State),00671400,013546,N,,,,
2378,13900,Makehar Chalwahan (253),मकेहड़ चलवाहण (253),Sarkaghat(Sub-District) / Mandi(District) / Himachal Pradesh(State),00706800,013900,N,,,,
2379,16216,Makneri (528),मकनेरी (528),Karsog(Sub-District) / Mandi(District) / Himachal Pradesh(State),00938400,016216,N,,,,
2380,13278,Makriri (321),मकरीडी (321),Jogindarnagar(Sub-District) / Mandi(District) / Himachal Pradesh(State),00644600,013278,N,,,,
2381,15127,Malad (506),मलाड (506),Thunag(Sub-District) / Mandi(District) / Himachal Pradesh(State),00829500,015127,N,,,,
2382,15548,Malagda (196),मलागड़ा (196),Nihri(Sub-District) / Mandi(District) / Himachal Pradesh(State),00871600,015548,N,,,,
2383,15966,Malao (77),मलाओ (77),Bagshad(Sub-District) / Mandi(District) / Himachal Pradesh(State),00913400,015966,N,,,,
2384,14980,Malari (585),मलारी (585),Bali Chowki(Sub-District) / Mandi(District) / Himachal Pradesh(State),00814800,014980,N,,,,
2385,14714,Malhanu (274),मल्हणू (274),Balh(Sub-District) / Mandi(District) / Himachal Pradesh(State),00788200,014714,N,,,,
2386,13661,Malhod (104),मल्हौड (104),Dharmpur(Sub-District) / Mandi(District) / Himachal Pradesh(State),00682900,013661,N,,,,
2387,13658,Malhua (106),मलुआ (106),Dharmpur(Sub-District) / Mandi(District) / Himachal Pradesh(State),00682600,013658,N,,,,
2388,13171,Malog (601),मलोग (601),Padhar(Sub-District) / Mandi(District) / Himachal Pradesh(State),00633900,013171,N,,,,
2389,14315,Maloh (102),मलोह (102),Sundarnagar(Sub-District) / Mandi(District) / Himachal Pradesh(State),00748300,014315,N,,,,
2390,13711,Maloun (122),मलौन (122),Mandap(Sub-District) / Mandi(District) / Himachal Pradesh(State),00687900,013711,N,,,,
2391,14629,Malthehr (192),मलथेहड़ (192),Balh(Sub-District) / Mandi(District) / Himachal Pradesh(State),00779700,014629,N,,,,
2392,14756,Malwana (296),मलवाणा (296),Balh(Sub-District) / Mandi(District) / Himachal Pradesh(State),00792400,014756,N,,,,
2393,16148,Mamail (419),ममेल (419),Karsog(Sub-District) / Mandi(District) / Himachal Pradesh(State),00931600,016148,N,,,,
2394,16188,Mamali (524),ममली (524),Karsog(Sub-District) / Mandi(District) / Himachal Pradesh(State),00935600,016188,N,,,,
2395,13489,Maman (101),ममाण (101),Lad Bharol(Sub-District) / Mandi(District) / Himachal Pradesh(State),00665700,013489,N,,,,
2396,15678,Mana (92),माना (92),Pangna(Sub-District) / Mandi(District) / Himachal Pradesh(State),00884600,015678,N,,,,
2397,15655,Manah (17),मनाह (17),Nihri(Sub-District) / Mandi(District) / Himachal Pradesh(State),00882300,015655,N,,,,
2398,15557,Mananu (153),मनाणू (153),Nihri(Sub-District) / Mandi(District) / Himachal Pradesh(State),00872500,015557,N,,,,
2399,14655,Mandal (202),माण्डल (202),Balh(Sub-District) / Mandi(District) / Himachal Pradesh(State),00782300,014655,N,,,,
2400,15391,Mandap (104),मण्डप (104),Chachyot(Sub-District) / Mandi(District) / Himachal Pradesh(State),00855900,015391,N,,,,
2401,14674,Mandar (236),मन्दर (236),Balh(Sub-District) / Mandi(District) / Himachal Pradesh(State),00784200,014674,N,,,,
2402,13379,Mandhota (311),मंढोता (311),Jogindarnagar(Sub-District) / Mandi(District) / Himachal Pradesh(State),00654700,013379,N,,,,
2403,13752,Mandokhar (10),मंडोखर (10),Kotli(Sub-District) / Mandi(District) / Himachal Pradesh(State),00692000,013752,N,,,,
2404,14106,Mandoli (484),मण्डोली (484),Baldwara(Sub-District) / Mandi(District) / Himachal Pradesh(State),00727400,014106,N,,,,
2405,13209,Mandra (503),मान्दरा (503),Katoula(Sub-District) / Mandi(District) / Himachal Pradesh(State),00637700,013209,N,,,,
2406,16081,Mangaan (282),मंगाण (282),Karsog(Sub-District) / Mandi(District) / Himachal Pradesh(State),00924900,016081,N,,,,
2407,13114,Manglana (550),म्ंगलाणा (550),Padhar(Sub-District) / Mandi(District) / Himachal Pradesh(State),00628200,013114,N,,,,
2408,13563,Mangrol (205),मंगडोल (205),Lad Bharol(Sub-District) / Mandi(District) / Himachal Pradesh(State),00673100,013563,N,,,,
2409,939598,Mangwain (366/8),मंगवाईं (366/8),Mandi(Sub-District) / Mandi(District) / Himachal Pradesh(State),,000000,N,,,,
2410,15504,Mangwara (230),मंगवाडा (230),Chachyot(Sub-District) / Mandi(District) / Himachal Pradesh(State),00867200,015504,N,,,,
2411,13564,Mangyal (206),मंगयाल (206),Lad Bharol(Sub-District) / Mandi(District) / Himachal Pradesh(State),00673200,013564,N,,,,
2412,14994,Mani (617),माणी (617),Bali Chowki(Sub-District) / Mandi(District) / Himachal Pradesh(State),00816200,014994,N,,,,
2413,15149,Manjhakhal (457),मझाखल (457),Thunag(Sub-District) / Mandi(District) / Himachal Pradesh(State),00831700,015149,N,,,,
2414,15537,Manjhar (206),मंझार (206),Nihri(Sub-District) / Mandi(District) / Himachal Pradesh(State),00870500,015537,N,,,,
2415,15918,Manjhas (230),मझास (230),Bagshad(Sub-District) / Mandi(District) / Himachal Pradesh(State),00908600,015918,N,,,,
2416,15859,Manjhli Begli (208),मंझली बेगली (208),Pangna(Sub-District) / Mandi(District) / Himachal Pradesh(State),00902700,015859,N,,,,
2417,15514,Manjhlicharand (237),मंझलीचडांद (237),Chachyot(Sub-District) / Mandi(District) / Himachal Pradesh(State),00868200,015514,N,,,,
2418,14264,Manjkhetar (54),मंझखेतर (54),Dehar(Sub-District) / Mandi(District) / Himachal Pradesh(State),00743200,014264,N,,,,
2419,15920,Mannas (185),मननास (185),Pangna(Sub-District) / Mandi(District) / Himachal Pradesh(State),00908800,015920,N,,,,
2420,13393,Manoh (344),मनोह (344),Jogindarnagar(Sub-District) / Mandi(District) / Himachal Pradesh(State),00656100,013393,N,,,,
2421,13517,Manola (137),मनोला (137),Lad Bharol(Sub-District) / Mandi(District) / Himachal Pradesh(State),00668500,013517,N,,,,
2422,16124,Manola (340),मनोला (340),Bagshad(Sub-District) / Mandi(District) / Himachal Pradesh(State),00929200,016124,N,,,,
2423,16265,Manshana (540),मनशाणा (540),Karsog(Sub-District) / Mandi(District) / Himachal Pradesh(State),00943300,016265,N,,,,
2424,14529,Manthla (357),मान्थला (357),Mandi(Sub-District) / Mandi(District) / Himachal Pradesh(State),00769700,014529,N,,,,
2425,14157,Manwana (490),मनवाणा (490),Baldwara(Sub-District) / Mandi(District) / Himachal Pradesh(State),00732500,014157,N,,,,
2426,14648,Manyana (362),मन्याना (362),Mandi(Sub-District) / Mandi(District) / Himachal Pradesh(State),00781600,014648,N,,,,
2427,13816,Manyoh (183),मन्योह (183),Tihra(Sub-District) / Mandi(District) / Himachal Pradesh(State),00698400,013816,N,,,,
2428,15665,Marahada (30),मरहड़ा (30),Nihri(Sub-District) / Mandi(District) / Himachal Pradesh(State),00883300,015665,N,,,,
2429,16130,Marandi (343),मराण्डी (343),Bagshad(Sub-District) / Mandi(District) / Himachal Pradesh(State),00929800,016130,N,,,,
2430,14542,Marathu (104),मराथू (104),Mandi(Sub-District) / Mandi(District) / Himachal Pradesh(State),00771000,014542,N,,,,
2431,13300,Marh (193),मढ़ (193),Makridi(Sub-District) / Mandi(District) / Himachal Pradesh(State),00646800,013300,N,,,,
2432,14904,Marhawa (560),मरहवा (560),Bali Chowki(Sub-District) / Mandi(District) / Himachal Pradesh(State),00807200,014904,N,,,,
2433,15480,Marhawala (194),मरहवाला (194),Chachyot(Sub-District) / Mandi(District) / Himachal Pradesh(State),00864800,015480,N,,,,
2434,14961,Marhola (646),मरहोला (646),Thachi(Sub-District) / Mandi(District) / Himachal Pradesh(State),00812900,014961,N,,,,
2435,15240,Marhuti (412),मरहूटी (412),Chhatri(Sub-District) / Mandi(District) / Himachal Pradesh(State),00840800,015240,N,,,,
2436,15900,Marichhkhandak (107),मरीच्छ खन्दक (107),Bagshad(Sub-District) / Mandi(District) / Himachal Pradesh(State),00906800,015900,N,,,,
2437,15931,Maridhar (199),मड़ीधार (199),Pangna(Sub-District) / Mandi(District) / Himachal Pradesh(State),00909900,015931,N,,,,
2438,13069,Markhan (379),मरखाण (379),Padhar(Sub-District) / Mandi(District) / Himachal Pradesh(State),00623700,013069,N,,,,
2439,15925,Marogra (187),मरोगड़ा (187),Pangna(Sub-District) / Mandi(District) / Himachal Pradesh(State),00909300,015925,N,,,,
2440,16014,Marola (268),मरोला (268),Bagshad(Sub-District) / Mandi(District) / Himachal Pradesh(State),00918200,016014,N,,,,
2441,14460,Masar (438),मासड़ (438),Mandi(Sub-District) / Mandi(District) / Himachal Pradesh(State),00762800,014460,N,,,,
2442,13942,Masdhwan (297),मसध्वाण (297),Sarkaghat(Sub-District) / Mandi(District) / Himachal Pradesh(State),00711000,013942,N,,,,
2443,13946,Maseran (290),मसेरन (290),Sarkaghat(Sub-District) / Mandi(District) / Himachal Pradesh(State),00715400,013946,N,,,,
2444,14776,Maseran (307),मसेरन (307),Mandi(Sub-District) / Mandi(District) / Himachal Pradesh(State),00794400,014776,N,,,,
2445,13172,Maseran (602),मसेरन (602),Padhar(Sub-District) / Mandi(District) / Himachal Pradesh(State),00634000,013172,N,,,,
2446,15779,Mashogal (334),मशोगल (334),Pangna(Sub-District) / Mandi(District) / Himachal Pradesh(State),00894700,015779,N,,,,
2447,14102,Masiani (472),मसयाणी (472),Dhalwan(Sub-District) / Mandi(District) / Himachal Pradesh(State),00727000,014102,N,,,,
2448,13862,Masla (254),मासला (251),Tihra(Sub-District) / Mandi(District) / Himachal Pradesh(State),00703000,013862,N,,,,
2449,15924,Masog (189),मसोग (189),Pangna(Sub-District) / Mandi(District) / Himachal Pradesh(State),00909200,015924,N,,,,
2450,16152,Masog (355),मसोग (355),Karsog(Sub-District) / Mandi(District) / Himachal Pradesh(State),00932000,016152,N,,,,
2451,15871,Masogada (379),मसोगड़ा (379),Karsog(Sub-District) / Mandi(District) / Himachal Pradesh(State),00903900,015871,N,,,,
2452,13403,Masoli (333),मसोली (333),Jogindarnagar(Sub-District) / Mandi(District) / Himachal Pradesh(State),00657100,013403,N,,,,
2453,13087,Maswahan (367),मसवाहण (367),Padhar(Sub-District) / Mandi(District) / Himachal Pradesh(State),00625500,013087,N,,,,
2454,14528,Maswari (356),मसवाड़ी (356),Mandi(Sub-District) / Mandi(District) / Himachal Pradesh(State),00769600,014528,N,,,,
2455,15766,Matal (321),माटल (321),Pangna(Sub-District) / Mandi(District) / Himachal Pradesh(State),00893400,015766,N,,,,
2456,16132,Matehal (358),मतेहल (358),Karsog(Sub-District) / Mandi(District) / Himachal Pradesh(State),00930000,016132,N,,,,
2457,13448,Matehr (32),मतेहड़ (32),Lad Bharol(Sub-District) / Mandi(District) / Himachal Pradesh(State),00661600,013448,N,,,,
2458,14173,Math (504),मठ (504),Baldwara(Sub-District) / Mandi(District) / Himachal Pradesh(State),00734100,014173,N,,,,
2459,14490,Matha Neeul (625),मठानेवल (625),Mandi(Sub-District) / Mandi(District) / Himachal Pradesh(State),00765800,014490,N,,,,
2460,13535,Matha Thana (70),मठा ठाणा (70),Lad Bharol(Sub-District) / Mandi(District) / Himachal Pradesh(State),00670300,013535,N,,,,
2461,13037,Mathi Bajgan (458),मठी बजगाण (458),Tikken(Sub-District) / Mandi(District) / Himachal Pradesh(State),00620500,013037,N,,,,
2462,13671,Mathi Banwar (100),मठी बनवार (100),Dharmpur(Sub-District) / Mandi(District) / Himachal Pradesh(State),00683900,013671,N,,,,
2463,14476,Mathidhar (613),मठीधार (613),Mandi(Sub-District) / Mandi(District) / Himachal Pradesh(State),00764400,014476,N,,,,
2464,13307,Mathi Makreri (232),मठी मकरीड़ी (232),Makridi(Sub-District) / Mandi(District) / Himachal Pradesh(State),00647500,013307,N,,,,
2465,15502,Mathyana (242),मठयाणा (242),Chachyot(Sub-District) / Mandi(District) / Himachal Pradesh(State),00867000,015502,N,,,,
2466,15026,Mathyani (677),मठयाणी (677),Bali Chowki(Sub-District) / Mandi(District) / Himachal Pradesh(State),00819400,015026,N,,,,
2467,14203,Matiyakh (565),मटयाख (565),Baldwara(Sub-District) / Mandi(District) / Himachal Pradesh(State),00737100,014203,N,,,,
2468,13284,Matkehr (277),मतकेहड़ (277),Makridi(Sub-District) / Mandi(District) / Himachal Pradesh(State),00645200,013284,N,,,,
2469,13337,Matkehru (242),मटकेहड़ू (242),Makridi(Sub-District) / Mandi(District) / Himachal Pradesh(State),00650500,013337,N,,,,
2470,13939,Matlag Fald (296),मतलग फाल्ड (296),Sarkaghat(Sub-District) / Mandi(District) / Himachal Pradesh(State),00710700,013939,N,,,,
2471,14152,Matokhar (508),मटोखर (508),Baldwara(Sub-District) / Mandi(District) / Himachal Pradesh(State),00732000,014152,N,,,,
2472,14195,Matoli (559),मतोली (559),Baldwara(Sub-District) / Mandi(District) / Himachal Pradesh(State),00736300,014195,N,,,,
2473,14108,Mator Tanda (487),मटौर टाण्डा (487),Baldwara(Sub-District) / Mandi(District) / Himachal Pradesh(State),00727600,014108,N,,,,
2474,13246,Matroo (14),मटरु (14),Jogindarnagar(Sub-District) / Mandi(District) / Himachal Pradesh(State),00641400,013246,N,,,,
2475,14192,Matyara (556),मटयारा (556),Baldwara(Sub-District) / Mandi(District) / Himachal Pradesh(State),00736000,014192,N,,,,
2476,15693,Matyog (295),मतयोग (295),Nihri(Sub-District) / Mandi(District) / Himachal Pradesh(State),00886100,015693,N,,,,
2477,14465,Mehan (434),मैहण (434),Mandi(Sub-District) / Mandi(District) / Himachal Pradesh(State),00763300,014465,N,,,,
2478,14486,Mehar (623),मेहड़ (623),Mandi(Sub-District) / Mandi(District) / Himachal Pradesh(State),00765400,014486,N,,,,
2479,14347,Mehli (130),मैहली (130),Sundarnagar(Sub-District) / Mandi(District) / Himachal Pradesh(State),00751500,014347,N,,,,
2480,16200,Mehndi (437),मैहण्डी (437),Karsog(Sub-District) / Mandi(District) / Himachal Pradesh(State),00936800,016200,N,,,,
2481,16065,Mehran (252),मैहरन (252),Bagshad(Sub-District) / Mandi(District) / Himachal Pradesh(State),00923300,016065,N,,,,
2482,13948,Mera Kusari (364),मैरा कुसरी (364),Sarkaghat(Sub-District) / Mandi(District) / Himachal Pradesh(State),00715600,013948,N,,,,
2483,12986,Meyot (405),मयोट (405),Tikken(Sub-District) / Mandi(District) / Himachal Pradesh(State),00615400,012986,N,,,,
2484,13221,Mihara (62),मिहाडा (62),Jogindarnagar(Sub-District) / Mandi(District) / Himachal Pradesh(State),00638900,013221,N,,,,
2485,13961,Mohin (381),मौंही  (381),Sarkaghat(Sub-District) / Mandi(District) / Himachal Pradesh(State),00716900,013961,N,,,,
2486,14653,Mohri (114),मौहरी (114),Balh(Sub-District) / Mandi(District) / Himachal Pradesh(State),00782100,014653,N,,,,
2487,13729,Morla (152),मोरला (152),Mandap(Sub-District) / Mandi(District) / Himachal Pradesh(State),00689700,013729,N,,,,
2488,13498,Mortan (133),मोरतन (133),Lad Bharol(Sub-District) / Mandi(District) / Himachal Pradesh(State),00666600,013498,N,,,,
2489,13863,Mortan (240),मोरतन (240),Sarkaghat(Sub-District) / Mandi(District) / Himachal Pradesh(State),00703100,013863,N,,,,
2490,16017,Morti (262),मोरटी (262),Bagshad(Sub-District) / Mandi(District) / Himachal Pradesh(State),00918500,016017,N,,,,
2491,14893,Muhalu Khamradha (596),मुहलू खमराधा (596),Bali Chowki(Sub-District) / Mandi(District) / Himachal Pradesh(State),00806100,014893,N,,,,
2492,14144,Mukam (526),मुकाम (526),Baldwara(Sub-District) / Mandi(District) / Himachal Pradesh(State),00731200,014144,N,,,,
2493,13100,Mulsu (543),मुलसू (543),Padhar(Sub-District) / Mandi(District) / Himachal Pradesh(State),00626800,013100,N,,,,
2494,15336,Muratan (74),मुराटन (74),Chachyot(Sub-District) / Mandi(District) / Himachal Pradesh(State),00850400,015336,N,,,,
2495,15080,Murhag (92),मुरहाग (92),Thunag(Sub-District) / Mandi(District) / Himachal Pradesh(State),00824800,015080,N,,,,
2496,15393,Musrani (103),मुसराणी (103),Chachyot(Sub-District) / Mandi(District) / Himachal Pradesh(State),00856100,015393,N,,,,
2497,14874,Muthal (451),मुथल (451),Aut(Sub-District) / Mandi(District) / Himachal Pradesh(State),00804200,014874,N,,,,
2498,13926,Nabahi (368),नबाही (368),Sarkaghat(Sub-District) / Mandi(District) / Himachal Pradesh(State),00709400,013926,N,,,,
2499,15439,Nachhet (161),नछेत (161),Chachyot(Sub-District) / Mandi(District) / Himachal Pradesh(State),00860700,015439,N,,,,
2500,16307,Naftan(594),नफतन(594),Karsog(Sub-District) / Mandi(District) / Himachal Pradesh(State),00947500,016307,N,eSignGOFile662648_19_02_2025_16_30_22.pdf,,,
2501,14462,Nagain (381),नगैण (381),Mandi(Sub-District) / Mandi(District) / Himachal Pradesh(State),00763000,014462,N,,,,
2502,13518,Nagan (135),नागण (135),Lad Bharol(Sub-District) / Mandi(District) / Himachal Pradesh(State),00668600,013518,N,,,,
2503,13353,Nagan (240),नागण (240),Makridi(Sub-District) / Mandi(District) / Himachal Pradesh(State),00652100,013353,N,,,,
2504,14021,Nagan (348),नागन (348),Bhadrota(Sub-District) / Mandi(District) / Himachal Pradesh(State),00714700,014021,N,,,,
2505,13262,Nagan (47),नागण (47),Jogindarnagar(Sub-District) / Mandi(District) / Himachal Pradesh(State),00643000,013262,N,,,,
2506,13085,Nagan Buhali (356),नागण बुहली (356),Padhar(Sub-District) / Mandi(District) / Himachal Pradesh(State),00625300,013085,N,,,,
2507,13084,Nagan Uperli (357),नागण उपरली (357),Padhar(Sub-District) / Mandi(District) / Himachal Pradesh(State),00625200,013084,N,,,,
2508,14180,Nagarwin (553),नगारवीं (553),Baldwara(Sub-District) / Mandi(District) / Himachal Pradesh(State),00734800,014180,N,,,,
2509,13513,Nagaun (180),नगौण (180),Lad Bharol(Sub-District) / Mandi(District) / Himachal Pradesh(State),00668100,013513,N,,,,
2510,14657,Nagchala (219),नागचला (219),Balh(Sub-District) / Mandi(District) / Himachal Pradesh(State),00782500,014657,N,,,,
2511,14455,Nagdhar (442),नागधार (442),Mandi(Sub-District) / Mandi(District) / Himachal Pradesh(State),00762300,014455,N,,,,
2512,13378,Nagdyara (284),नागदयाडा (284),Jogindarnagar(Sub-District) / Mandi(District) / Himachal Pradesh(State),00654600,013378,N,,,,
2513,15239,Naglai (411),नगलाई (411),Chhatri(Sub-District) / Mandi(District) / Himachal Pradesh(State),00840700,015239,N,,,,
2514,16220,Naglog (510),नगलोग (510),Karsog(Sub-District) / Mandi(District) / Himachal Pradesh(State),00938800,016220,N,,,,
2515,15894,Nagra (233),नागडा (233),Bagshad(Sub-District) / Mandi(District) / Himachal Pradesh(State),00906200,015894,N,,,,
2516,15933,Nagraon (198),नग्राओं (198),Pangna(Sub-District) / Mandi(District) / Himachal Pradesh(State),00910100,015933,N,,,,
2517,14175,Nagrota (502),नगरोटा (502),Baldwara(Sub-District) / Mandi(District) / Himachal Pradesh(State),00734300,014175,N,,,,
2518,13173,Nagrota (604),नगरोटा (604),Padhar(Sub-District) / Mandi(District) / Himachal Pradesh(State),00634100,013173,N,,,,
2519,14826,Nagwain (509),नगवाईं (509),Aut(Sub-District) / Mandi(District) / Himachal Pradesh(State),00799400,014826,N,,,,
2520,14139,Nahrla (524),नाहरला (524),Baldwara(Sub-District) / Mandi(District) / Himachal Pradesh(State),00730700,014139,N,,,,
2521,15408,Naihra (48),नैहरा (48),Chachyot(Sub-District) / Mandi(District) / Himachal Pradesh(State),00857600,015408,N,,,,
2522,13970,Nain (383),नैण (383),Sarkaghat(Sub-District) / Mandi(District) / Himachal Pradesh(State),00722200,013970,N,,,,
2523,14701,Naitala (247),नायटला (247),Balh(Sub-District) / Mandi(District) / Himachal Pradesh(State),00786900,014701,N,,,,
2524,13419,Nakehar (387),नकेहड (387),Jogindarnagar(Sub-District) / Mandi(District) / Himachal Pradesh(State),00658700,013419,N,,,,
2525,14240,Nal (38),नाल (38),Sundarnagar(Sub-District) / Mandi(District) / Himachal Pradesh(State),00740800,014240,N,,,,
2526,14262,Nalag (58),नालग (58),Dehar(Sub-District) / Mandi(District) / Himachal Pradesh(State),00743000,014262,N,,,,
2527,16204,Nala Kutalu (431),नाला कुटलू (431),Karsog(Sub-District) / Mandi(District) / Himachal Pradesh(State),00937200,016204,N,,,,
2528,14097,Nala-Ra-Gaihra (430),नाला-रा-गैहरा (430),Dhalwan(Sub-District) / Mandi(District) / Himachal Pradesh(State),00726500,014097,N,,,,
2529,14038,Nalhog (337),नल्होग (337),Bhadrota(Sub-District) / Mandi(District) / Himachal Pradesh(State),00718900,014038,N,,,,
2530,14316,Nalni (104),नालनी (104),Sundarnagar(Sub-District) / Mandi(District) / Himachal Pradesh(State),00748400,014316,N,,,,
2531,14022,Naloh (349),नलोह (349),Bhadrota(Sub-District) / Mandi(District) / Himachal Pradesh(State),00714800,014022,N,,,,
2532,14247,Nalot (45),नलौट (45),Sundarnagar(Sub-District) / Mandi(District) / Himachal Pradesh(State),00741500,014247,N,,,,
2533,13796,Nalsan (71),नालसन (71),Kotli(Sub-District) / Mandi(District) / Himachal Pradesh(State),00696400,013796,N,,,,
2534,14720,Nalsar (283),नलसर (283),Balh(Sub-District) / Mandi(District) / Himachal Pradesh(State),00788800,014720,N,,,,
2535,13956,Nalta (448),नाल्टा (448),Sarkaghat(Sub-District) / Mandi(District) / Himachal Pradesh(State),00716400,013956,N,,,,
2536,13955,Nalta Sarsehra (378),नाल्टा सरसेहड़ा (378),Sarkaghat(Sub-District) / Mandi(District) / Himachal Pradesh(State),00716300,013955,N,,,,
2537,14367,Nalu (125),नालू (125),Sundarnagar(Sub-District) / Mandi(District) / Himachal Pradesh(State),00753500,014367,N,,,,
2538,14910,Nalwaggi (536),नलवागी (536),Bali Chowki(Sub-District) / Mandi(District) / Himachal Pradesh(State),00807800,014910,N,,,,
2539,14627,Nalwari (190),नलवाड़ी (190),Balh(Sub-District) / Mandi(District) / Himachal Pradesh(State),00779500,014627,N,,,,
2540,13814,Nalyana (180),नल्याणा (180),Tihra(Sub-District) / Mandi(District) / Himachal Pradesh(State),00698200,013814,N,,,,
2541,14095,Nambrot (425),नम्बरोट (425),Dhalwan(Sub-District) / Mandi(District) / Himachal Pradesh(State),00726300,014095,N,,,,
2542,14431,Namlay (389),नमलाये (389),Katoula(Sub-District) / Mandi(District) / Himachal Pradesh(State),00759900,014431,N,,,,
2543,15053,Nandahal (531),नन्दहल (531),Bagachnogi(Sub-District) / Mandi(District) / Himachal Pradesh(State),00822100,015053,N,,,,
2544,14434,Nandal (397),नाण्डल (397),Katoula(Sub-District) / Mandi(District) / Himachal Pradesh(State),00760200,014434,N,,,,
2545,15317,Nandi (8),नाण्डी (8),Chachyot(Sub-District) / Mandi(District) / Himachal Pradesh(State),00848500,015317,N,,,,
2546,13587,Nangal (3),नैंगल (3),Sandhol(Sub-District) / Mandi(District) / Himachal Pradesh(State),00675500,013587,N,,,,
2547,16184,Nanj (520),नांज (520),Karsog(Sub-District) / Mandi(District) / Himachal Pradesh(State),00935200,016184,N,,,,
2548,16279,Narahan (561),नराहन (561),Karsog(Sub-District) / Mandi(District) / Himachal Pradesh(State),00944700,016279,N,,,,
2549,13660,Narain Garh (103),नरैणगढ (103),Dharmpur(Sub-District) / Mandi(District) / Himachal Pradesh(State),00682800,013660,N,,,,
2550,16219,Narash (534),नराश (534),Karsog(Sub-District) / Mandi(District) / Himachal Pradesh(State),00938700,016219,N,,,,
2551,15196,Narathi (344),नरठी (344),Thunag(Sub-District) / Mandi(District) / Himachal Pradesh(State),00836400,015196,N,,,,
2552,14200,Nargi (566),नाड़गी (566),Baldwara(Sub-District) / Mandi(District) / Himachal Pradesh(State),00736800,014200,N,,,,
2553,15377,Narhali (64),नरहाली (64),Chachyot(Sub-District) / Mandi(District) / Himachal Pradesh(State),00854500,015377,N,,,,
2554,16023,Narla (288),नरला (288),Bagshad(Sub-District) / Mandi(District) / Himachal Pradesh(State),00919100,016023,N,,,,
2555,13155,Narla (584),नारला (584),Padhar(Sub-District) / Mandi(District) / Himachal Pradesh(State),00632300,013155,N,,,,
2556,14185,Narola (497),नरोला (497),Baldwara(Sub-District) / Mandi(District) / Himachal Pradesh(State),00735300,014185,N,,,,
2557,14164,Narola (510),नरोला (510),Baldwara(Sub-District) / Mandi(District) / Himachal Pradesh(State),00733200,014164,N,,,,
2558,13635,Narwalka (72),नरवालका  (72),Dharmpur(Sub-District) / Mandi(District) / Himachal Pradesh(State),00680300,013635,N,,,,
2559,13117,Nashdhra (552),नशधरा (552),Padhar(Sub-District) / Mandi(District) / Himachal Pradesh(State),00628500,013117,N,,,,
2560,14500,Nasloh (370),नसलोह (370),Mandi(Sub-District) / Mandi(District) / Himachal Pradesh(State),00766800,014500,N,,,,
2561,15207,Nasrar (360),नसरार (360),Thunag(Sub-District) / Mandi(District) / Himachal Pradesh(State),00837500,015207,N,,,,
2562,14473,Nasyahan (612),नस्याहन (612),Mandi(Sub-District) / Mandi(District) / Himachal Pradesh(State),00764100,014473,N,,,,
2563,14850,Nau (525),नाऊ (525),Aut(Sub-District) / Mandi(District) / Himachal Pradesh(State),00801800,014850,N,,,,
2564,15368,Naugraun (109),नौग्राऔं (109),Chachyot(Sub-District) / Mandi(District) / Himachal Pradesh(State),00853600,015368,N,,,,
2565,15430,Naugraun (52),नौग्राऔं (52),Chachyot(Sub-District) / Mandi(District) / Himachal Pradesh(State),00859800,015430,N,,,,
2566,13363,Nauhali Gokluri (301),नौहली गोकलूरी (301),Jogindarnagar(Sub-District) / Mandi(District) / Himachal Pradesh(State),00653100,013363,N,,,,
2567,13364,Nauhali Uparli (306),नौहली उपरली (306),Jogindarnagar(Sub-District) / Mandi(District) / Himachal Pradesh(State),00653200,013364,N,,,,
2568,15415,Naun (150),नौण (150),Chachyot(Sub-District) / Mandi(District) / Himachal Pradesh(State),00858300,015415,N,,,,
2569,13574,Nauna (204),नौणा (204),Lad Bharol(Sub-District) / Mandi(District) / Himachal Pradesh(State),00674200,013574,N,,,,
2570,14998,Nauna (621),नौणा (621),Bali Chowki(Sub-District) / Mandi(District) / Himachal Pradesh(State),00816600,014998,N,,,,
2571,14688,Naura (254),नौड़ा (254),Balh(Sub-District) / Mandi(District) / Himachal Pradesh(State),00785600,014688,N,,,,
2572,15836,Nawa (398),नवा (398),Karsog(Sub-District) / Mandi(District) / Himachal Pradesh(State),00900400,015836,N,,,,
2573,14358,Nawal (134),नवाल (134),Sundarnagar(Sub-District) / Mandi(District) / Himachal Pradesh(State),00752600,014358,N,,,,
2574,14215,Nawani (577),नवाणी (577),Baldwara(Sub-District) / Mandi(District) / Himachal Pradesh(State),00738300,014215,N,,,,
2575,15683,Nayahi (42),न्याही (42),Nihri(Sub-District) / Mandi(District) / Himachal Pradesh(State),00885100,015683,N,,,,
2576,14467,Neeyul (431),नियूल (431),Mandi(Sub-District) / Mandi(District) / Himachal Pradesh(State),00763500,014467,N,,,,
2577,15518,Nehra (188),नैहरा (188),Nihri(Sub-District) / Mandi(District) / Himachal Pradesh(State),00868600,015518,N,,,,
2578,15251,Nehra (385),नैहरा (385),Chhatri(Sub-District) / Mandi(District) / Himachal Pradesh(State),00841900,015251,N,,,,
2579,15818,Nehra (475),नैहरा (475),Karsog(Sub-District) / Mandi(District) / Himachal Pradesh(State),00898600,015818,N,,,,
2580,15033,Nehra (691),नैहरा (691),Bali Chowki(Sub-District) / Mandi(District) / Himachal Pradesh(State),00820100,015033,N,,,,
2581,14759,Nela (342),नेला (342),Mandi(Sub-District) / Mandi(District) / Himachal Pradesh(State),00792700,014759,N,,,,
2582,13475,Nemelari (84),निमेलरी (84),Lad Bharol(Sub-District) / Mandi(District) / Himachal Pradesh(State),00664300,013475,N,,,,
2583,15444,Nendhal (167),नैधल (167),Chachyot(Sub-District) / Mandi(District) / Himachal Pradesh(State),00861200,015444,N,,,,
2584,14664,Ner (222),नेर (222),Balh(Sub-District) / Mandi(District) / Himachal Pradesh(State),00783200,014664,N,,,,
2585,13396,Ner Gharwasra (341),नेर घरवासडा (341),Jogindarnagar(Sub-District) / Mandi(District) / Himachal Pradesh(State),00656400,013396,N,,,,
2586,14331,Neri (17),नेरी (17),Sundarnagar(Sub-District) / Mandi(District) / Himachal Pradesh(State),00749900,014331,N,,,,
2587,13593,Neri (27),नेरी (27),Sandhol(Sub-District) / Mandi(District) / Himachal Pradesh(State),00676100,013593,N,,,,
2588,13331,Neri Kotla (226),नेरी कोटला (226),Makridi(Sub-District) / Mandi(District) / Himachal Pradesh(State),00649900,013331,N,,,,
2589,15595,Neri Ropru (261),नेरीरोपड़ू (261),Nihri(Sub-District) / Mandi(District) / Himachal Pradesh(State),00876300,015595,N,,,,
2590,14635,Netned (109),नटनेड़ (109),Balh(Sub-District) / Mandi(District) / Himachal Pradesh(State),00780300,014635,N,,,,
2591,13624,Nichalacholgarh (16),निचलाचैलगढ़ (16),Sandhol(Sub-District) / Mandi(District) / Himachal Pradesh(State),00679200,013624,N,,,,
2592,16109,Nichala Nagaltha (300),निचला नगालठा (300),Karsog(Sub-District) / Mandi(District) / Himachal Pradesh(State),00927700,016109,N,,,,
2593,15833,Nichala Pathron (408),निचला पथरौण (408),Karsog(Sub-District) / Mandi(District) / Himachal Pradesh(State),00900100,015833,N,,,,
2594,13600,Nichaliberi (40),निचलीबैरी (40),Sandhol(Sub-District) / Mandi(District) / Himachal Pradesh(State),00676800,013600,N,,,,
2595,16088,Nichla Karyala Nal (274),निचला करयाला नाल (274),Karsog(Sub-District) / Mandi(District) / Himachal Pradesh(State),00925600,016088,N,,,,
2596,14377,Nichla Nehandal (147),निचला नैहन्दल (147),Sundarnagar(Sub-District) / Mandi(District) / Himachal Pradesh(State),00754500,014377,N,,,,
2597,14328,Nichli Bahli (11),निचली बहली (11),Sundarnagar(Sub-District) / Mandi(District) / Himachal Pradesh(State),00749600,014328,N,,,,
2598,15856,Nichli Begli (207),निचली बेगली (207),Pangna(Sub-District) / Mandi(District) / Himachal Pradesh(State),00902400,015856,N,,,,
2599,15720,Nichli Doban (304),निचली डोबण (304),Nihri(Sub-District) / Mandi(District) / Himachal Pradesh(State),00888800,015720,N,,,,
2600,13538,Nichli Gagal (167),निचली गागल (167),Lad Bharol(Sub-District) / Mandi(District) / Himachal Pradesh(State),00670600,013538,N,,,,
2601,13472,Nihar Kalan (85),निहार कलां (85),Lad Bharol(Sub-District) / Mandi(District) / Himachal Pradesh(State),00664000,013472,N,,,,
2602,13112,Nihoun (547),निहौण (547),Padhar(Sub-District) / Mandi(District) / Himachal Pradesh(State),00628000,013112,N,,,,
2603,15661,Nihri (19),निहरी (19),Nihri(Sub-District) / Mandi(District) / Himachal Pradesh(State),00882900,015661,N,,,,
2604,15137,Nihri Bajaun (491),निहरी बजौं (491),Thunag(Sub-District) / Mandi(District) / Himachal Pradesh(State),00830500,015137,N,,,,
2605,13218,Nika Thana (57),निका ठाना (57),Jogindarnagar(Sub-District) / Mandi(District) / Himachal Pradesh(State),00638600,013218,N,,,,
2606,13468,Nirohli (88),निरोहली (88),Lad Bharol(Sub-District) / Mandi(District) / Himachal Pradesh(State),00663600,013468,N,,,,
2607,14444,Nisu (385),निसू (385),Katoula(Sub-District) / Mandi(District) / Himachal Pradesh(State),00761200,014444,N,,,,
2608,13204,Nog (523),नोग (523),Padhar(Sub-District) / Mandi(District) / Himachal Pradesh(State),00637200,013204,N,,,,
2609,13872,Nounu (218),नौणू (218),Sarkaghat(Sub-District) / Mandi(District) / Himachal Pradesh(State),00704000,013872,N,,,,
2610,13082,Nousha (354),नौशा (354),Padhar(Sub-District) / Mandi(District) / Himachal Pradesh(State),00625000,013082,N,,,,
2611,16267,Oal (536),ओल (536),Karsog(Sub-District) / Mandi(District) / Himachal Pradesh(State),00943500,016267,N,,,,
2612,15695,Obra (294),ओबरा (294),Nihri(Sub-District) / Mandi(District) / Himachal Pradesh(State),00886300,015695,N,,,,
2613,14989,Odi (608),ओड़ी (608),Bali Chowki(Sub-District) / Mandi(District) / Himachal Pradesh(State),00815700,014989,N,,,,
2614,15788,Odidarh (338),ओडीदड़ (338),Pangna(Sub-District) / Mandi(District) / Himachal Pradesh(State),00895600,015788,N,,,,
2615,15536,Okal (204),औकल (204),Nihri(Sub-District) / Mandi(District) / Himachal Pradesh(State),00870400,015536,N,,,,
2616,14748,Ota (209),ओटा (209),Balh(Sub-District) / Mandi(District) / Himachal Pradesh(State),00791600,014748,N,,,,
2617,15412,Oyari (55),ओयरी (55),Chachyot(Sub-District) / Mandi(District) / Himachal Pradesh(State),00858000,015412,N,,,,
2618,15435,Pabo (158),पाबो (158),Chachyot(Sub-District) / Mandi(District) / Himachal Pradesh(State),00860300,015435,N,,,,
2619,13334,Pabo (227),पाबो (227),Makridi(Sub-District) / Mandi(District) / Himachal Pradesh(State),00650200,013334,N,,,,
2620,15510,Padaidhar (235),पडैईधार (235),Chachyot(Sub-District) / Mandi(District) / Himachal Pradesh(State),00867800,015510,N,,,,
2621,13235,Padain (50),पडैन (50),Jogindarnagar(Sub-District) / Mandi(District) / Himachal Pradesh(State),00640300,013235,N,,,,
2622,13998,Padasala (323),पडासला (323),Mandap(Sub-District) / Mandi(District) / Himachal Pradesh(State),00712400,013998,N,,,,
2623,939599,Paddal (366/9),पड्डल (366/9),Mandi(Sub-District) / Mandi(District) / Himachal Pradesh(State),,000000,N,,,,
2624,14292,Padhana (237),पधाणा (237),Dehar(Sub-District) / Mandi(District) / Himachal Pradesh(State),00746000,014292,N,,,,
2625,13208,Padhar (502),पाधर (502),Katoula(Sub-District) / Mandi(District) / Himachal Pradesh(State),00637600,013208,N,,,,
2626,14161,Padhiyan (484),पधयाण (484),Baldwara(Sub-District) / Mandi(District) / Himachal Pradesh(State),00732900,014161,N,,,,
2627,14719,Padhru (280),पाधरु (280),Balh(Sub-District) / Mandi(District) / Himachal Pradesh(State),00788700,014719,N,,,,
2628,15972,Padli (65),पाडली (65),Bagshad(Sub-District) / Mandi(District) / Himachal Pradesh(State),00914000,015972,N,,,,
2629,14236,Padsal (37),पड़सल (37),Sundarnagar(Sub-District) / Mandi(District) / Himachal Pradesh(State),00740400,014236,N,,,,
2630,13132,Padwahan (568),पदवाहन (568),Padhar(Sub-District) / Mandi(District) / Himachal Pradesh(State),00630000,013132,N,,,,
2631,14638,Pairi (118),पैड़ी (118),Balh(Sub-District) / Mandi(District) / Himachal Pradesh(State),00780600,014638,N,,,,
2632,13017,Pajaund (451),पजौंण्ड (451),Tikken(Sub-District) / Mandi(District) / Himachal Pradesh(State),00618500,013017,N,,,,
2633,15569,Pakalag (228),बकालग (228),Nihri(Sub-District) / Mandi(District) / Himachal Pradesh(State),00873700,015569,N,,,,
2634,15109,Pakhrair (473),पखरैर (473),Thunag(Sub-District) / Mandi(District) / Himachal Pradesh(State),00827700,015109,N,,,,
2635,14485,Pakhri (599),पाखरी (599),Mandi(Sub-District) / Mandi(District) / Himachal Pradesh(State),00765300,014485,N,,,,
2636,15213,Pakrar (369),पकरार (369),Thunag(Sub-District) / Mandi(District) / Himachal Pradesh(State),00838100,015213,N,,,,
2637,15008,Pakwana (628),पकवाणा (628),Bali Chowki(Sub-District) / Mandi(District) / Himachal Pradesh(State),00817600,015008,N,,,,
2638,14332,Palahota (19),पलौहटा (19),Sundarnagar(Sub-District) / Mandi(District) / Himachal Pradesh(State),00750000,014332,N,,,,
2639,14176,Palassi (501),प्लासी (501),Baldwara(Sub-District) / Mandi(District) / Himachal Pradesh(State),00734400,014176,N,,,,
2640,14742,Palayani (204),पल्याणी (204),Balh(Sub-District) / Mandi(District) / Himachal Pradesh(State),00791000,014742,N,,,,
2641,13404,Palhoon (334),पलहून (334),Jogindarnagar(Sub-District) / Mandi(District) / Himachal Pradesh(State),00657200,013404,N,,,,
2642,14835,Pali (518),पाली (518),Aut(Sub-District) / Mandi(District) / Himachal Pradesh(State),00800300,014835,N,,,,
2643,13163,Pali (591),पाली (591),Padhar(Sub-District) / Mandi(District) / Himachal Pradesh(State),00633100,013163,N,,,,
2644,13365,Palohan (300),पलौहण (300),Jogindarnagar(Sub-District) / Mandi(District) / Himachal Pradesh(State),00653300,013365,N,,,,
2645,16084,Palot (277),पलौत (277),Karsog(Sub-District) / Mandi(District) / Himachal Pradesh(State),00925200,016084,N,,,,
2646,14825,Palsed (507),पलसेड़(507),Aut(Sub-District) / Mandi(District) / Himachal Pradesh(State),00799300,014825,N,,,,
2647,15543,Paltu (210),पाल्टू (210),Nihri(Sub-District) / Mandi(District) / Himachal Pradesh(State),00871100,015543,N,,,,
2648,14049,Palwan Buhla (393),पलवान वुहला (393),Bhadrota(Sub-District) / Mandi(District) / Himachal Pradesh(State),00720000,014049,N,,,,
2649,14048,Palwan Uperla (396),पलवान उपरला (396),Bhadrota(Sub-District) / Mandi(District) / Himachal Pradesh(State),00719900,014048,N,,,,
2650,15302,Panahr (715),पनाहर (715),Chhatri(Sub-District) / Mandi(District) / Himachal Pradesh(State),00847000,015302,N,,,,
2651,16146,Panchakker (474),पनचक्कर (474),Karsog(Sub-District) / Mandi(District) / Himachal Pradesh(State),00931400,016146,N,,,,
2652,13412,Panchjan (398),पंचजन (398),Jogindarnagar(Sub-District) / Mandi(District) / Himachal Pradesh(State),00658000,013412,N,,,,
2653,14916,Pandali (548),पान्दली (548),Bali Chowki(Sub-District) / Mandi(District) / Himachal Pradesh(State),00808400,014916,N,,,,
2654,15701,Pandar (286),पण्डार (286),Nihri(Sub-District) / Mandi(District) / Himachal Pradesh(State),00886900,015701,N,,,,
2655,14421,Pandehri(424),पन्देहडी (424),Katoula(Sub-District) / Mandi(District) / Himachal Pradesh(State),00758900,014421,N,,,,
2656,14647,Pandhiun (351),पधियूं (351),Mandi(Sub-District) / Mandi(District) / Himachal Pradesh(State),00781500,014647,N,,,,
2657,14791,Pandoh (325),पण्डोह (325),Mandi(Sub-District) / Mandi(District) / Himachal Pradesh(State),00795900,014791,N,,,,
2658,15355,Pangliyur (68),पंगलियूर (68),Chachyot(Sub-District) / Mandi(District) / Himachal Pradesh(State),00852300,015355,N,,,,
2659,15934,Pangna (201),पांगणा (201),Pangna(Sub-District) / Mandi(District) / Himachal Pradesh(State),00910200,015934,N,,,,
2660,13447,Paniru (31),पनीरू (31),Lad Bharol(Sub-District) / Mandi(District) / Himachal Pradesh(State),00661500,013447,N,,,,
2661,14975,Panjain (600),पँजाई (600),Bali Chowki(Sub-District) / Mandi(District) / Himachal Pradesh(State),00814300,014975,N,,,,
2662,13311,Panjaltar (264),पंजालतर (264),Makridi(Sub-District) / Mandi(District) / Himachal Pradesh(State),00647900,013311,N,,,,
2663,13121,Panjayatan (557),पंजयातन (557),Padhar(Sub-District) / Mandi(District) / Himachal Pradesh(State),00628900,013121,N,,,,
2664,14525,Panjehti (365),पन्जेहटी (365),Mandi(Sub-District) / Mandi(District) / Himachal Pradesh(State),00769300,014525,N,,,,
2665,14301,Panjolath (246),पजोलठ (246),Dehar(Sub-District) / Mandi(District) / Himachal Pradesh(State),00746900,014301,N,,,,
2666,16123,Panjyatari (170),पंजयात्री (170),Bagshad(Sub-District) / Mandi(District) / Himachal Pradesh(State),00929100,016123,N,,,,
2667,14361,Panjyog (137),पंजयोग (137),Sundarnagar(Sub-District) / Mandi(District) / Himachal Pradesh(State),00752900,014361,N,,,,
2668,14588,Panolu (148),पनौलू (148),Rewalsar(Sub-District) / Mandi(District) / Himachal Pradesh(State),00775600,014588,N,,,,
2669,15357,Pansir (79),पनसीर (79),Chachyot(Sub-District) / Mandi(District) / Himachal Pradesh(State),00852500,015357,N,,,,
2670,13470,Pantehr (92),पन्तेहड़ (92),Lad Bharol(Sub-District) / Mandi(District) / Himachal Pradesh(State),00663800,013470,N,,,,
2671,16053,Pantihacha (167),पंटीहचा (167),Bagshad(Sub-District) / Mandi(District) / Himachal Pradesh(State),00922100,016053,N,,,,
2672,14583,Panyali (146),पन्याली (146),Rewalsar(Sub-District) / Mandi(District) / Himachal Pradesh(State),00775100,014583,N,,,,
2673,14072,Panyali (435),पन्याली (435),Bhadrota(Sub-District) / Mandi(District) / Himachal Pradesh(State),00724000,014072,N,,,,
2674,13552,Panyartu(159),पन्यार्तु (159),Lad Bharol(Sub-District) / Mandi(District) / Himachal Pradesh(State),00672000,013552,N,,,,
2675,15947,Panyaru (98),पन्याडू (98),Pangna(Sub-District) / Mandi(District) / Himachal Pradesh(State),00911500,015947,N,,,,
2676,13918,Panyarwin (268),पन्यारवीं (268),Sarkaghat(Sub-District) / Mandi(District) / Himachal Pradesh(State),00708600,013918,N,,,,
2677,14351,Panyas (105),पन्यास (105),Sundarnagar(Sub-District) / Mandi(District) / Himachal Pradesh(State),00751900,014351,N,,,,
2678,13108,Paplahan (302),पपलाहण (302),Padhar(Sub-District) / Mandi(District) / Himachal Pradesh(State),00627600,013108,N,,,,
2679,13894,Paplog (235),पपलोग (235),Sarkaghat(Sub-District) / Mandi(District) / Himachal Pradesh(State),00706200,013894,N,,,,
2680,14519,Paprahal (59),पपराहल (59),Mandi(Sub-District) / Mandi(District) / Himachal Pradesh(State),00768700,014519,N,,,,
2681,14537,Paprahal (90),पपराहल (90),Mandi(Sub-District) / Mandi(District) / Himachal Pradesh(State),00770500,014537,N,,,,
2682,13328,Parain (223),प्रैण (223),Makridi(Sub-District) / Mandi(District) / Himachal Pradesh(State),00649600,013328,N,,,,
2683,15550,Parala (200),प्राला (200),Nihri(Sub-District) / Mandi(District) / Himachal Pradesh(State),00871800,015550,N,,,,
2684,15660,Parali (20),प्राली (20),Nihri(Sub-District) / Mandi(District) / Himachal Pradesh(State),00882800,015660,N,,,,
2685,13846,Parchhu (203),पाडछू (203),Tihra(Sub-District) / Mandi(District) / Himachal Pradesh(State),00701400,013846,N,,,,
2686,16038,Parehati (162),परैहती (162),Bagshad(Sub-District) / Mandi(District) / Himachal Pradesh(State),00920600,016038,N,,,,
2687,14624,Pargi (188),पारगी (188),Balh(Sub-District) / Mandi(District) / Himachal Pradesh(State),00779200,014624,N,,,,
2688,14197,Pargi (562),परगी (562),Baldwara(Sub-District) / Mandi(District) / Himachal Pradesh(State),00736500,014197,N,,,,
2689,16173,Parla Bhawa (310),पारला भवा (310),Karsog(Sub-District) / Mandi(District) / Himachal Pradesh(State),00934100,016173,N,,,,
2690,16215,Parla Takrola (526),पारला टकरोला (526),Karsog(Sub-District) / Mandi(District) / Himachal Pradesh(State),00938300,016215,N,,,,
2691,14906,Parli Kareri (558),पारली करेरी (558),Bali Chowki(Sub-District) / Mandi(District) / Himachal Pradesh(State),00807400,014906,N,,,,
2692,13644,Parli Paryal (56),पारली परयाल (56),Dharmpur(Sub-District) / Mandi(District) / Himachal Pradesh(State),00681200,013644,N,,,,
2693,16091,Parlog (316),परलोग (316),Karsog(Sub-District) / Mandi(District) / Himachal Pradesh(State),00925900,016091,N,,,,
2694,14053,Parnoh (389),परनौह (389),Bhadrota(Sub-District) / Mandi(District) / Himachal Pradesh(State),00720400,014053,N,,,,
2695,14430,Parnu (386),पारनू (386),Katoula(Sub-District) / Mandi(District) / Himachal Pradesh(State),00759800,014430,N,,,,
2696,13440,Paroh (19),परोह (19),Lad Bharol(Sub-District) / Mandi(District) / Himachal Pradesh(State),00660800,013440,N,,,,
2697,13651,Paron (47),प्रौण (47),Dharmpur(Sub-District) / Mandi(District) / Himachal Pradesh(State),00681900,013651,N,,,,
2698,13868,Parsada Hawani (217),परसदा हवाणी (217),Sarkaghat(Sub-District) / Mandi(District) / Himachal Pradesh(State),00703600,013868,N,,,,
2699,15359,Parwara (82),परवाडा (82),Chachyot(Sub-District) / Mandi(District) / Himachal Pradesh(State),00852700,015359,N,,,,
2700,13257,Pasal (6),पसल (6),Jogindarnagar(Sub-District) / Mandi(District) / Himachal Pradesh(State),00642500,013257,N,,,,
2701,13520,Pasar (130),पसड़  (130),Lad Bharol(Sub-District) / Mandi(District) / Himachal Pradesh(State),00668800,013520,N,,,,
2702,14636,Pasta (119),पसता (119),Balh(Sub-District) / Mandi(District) / Himachal Pradesh(State),00780400,014636,N,,,,
2703,13222,Pat (61),पट (61),Jogindarnagar(Sub-District) / Mandi(District) / Himachal Pradesh(State),00639000,013222,N,,,,
2704,15238,Patak (421),पातक (421),Chhatri(Sub-District) / Mandi(District) / Himachal Pradesh(State),00840600,015238,N,,,,
2705,14577,Patha (136),पाथा (136),Rewalsar(Sub-District) / Mandi(District) / Himachal Pradesh(State),00774500,014577,N,,,,
2706,15425,Pathan (152),पठान (152),Chachyot(Sub-District) / Mandi(District) / Himachal Pradesh(State),00859300,015425,N,,,,
2707,14284,Pathkan (73),पथकन (73),Dehar(Sub-District) / Mandi(District) / Himachal Pradesh(State),00745200,014284,N,,,,
2708,16034,Pathrehari (147),पथरैहडी (147),Bagshad(Sub-District) / Mandi(District) / Himachal Pradesh(State),00920200,016034,N,,,,
2709,15794,Pathrevi (545),पथरेवी (545),Karsog(Sub-District) / Mandi(District) / Himachal Pradesh(State),00896200,015794,N,,,,
2710,15887,Pati (196),पाटी (196),Pangna(Sub-District) / Mandi(District) / Himachal Pradesh(State),00905500,015887,N,,,,
2711,13883,Pati (302),पाटी (302),Sarkaghat(Sub-District) / Mandi(District) / Himachal Pradesh(State),00705100,013883,N,,,,
2712,13390,Patohlu (315),पटोहलू (315),Jogindarnagar(Sub-District) / Mandi(District) / Himachal Pradesh(State),00655800,013390,N,,,,
2713,14121,Patrighat (420),पटड़ीघाट (420),Dhalwan(Sub-District) / Mandi(District) / Himachal Pradesh(State),00728900,014121,N,,,,
2714,13572,Patta (198),पट्टा (198),Lad Bharol(Sub-District) / Mandi(District) / Himachal Pradesh(State),00674000,013572,N,,,,
2715,14069,Patta (388),पट्टा (388),Bhadrota(Sub-District) / Mandi(District) / Himachal Pradesh(State),00722000,014069,N,,,,
2716,14199,Patwana (547),पटवाणा (547),Baldwara(Sub-District) / Mandi(District) / Himachal Pradesh(State),00736700,014199,N,,,,
2717,14312,Patyoda (98),पटयो़ड़ा (98),Sundarnagar(Sub-District) / Mandi(District) / Himachal Pradesh(State),00748000,014312,N,,,,
2718,15553,Paurakothi (212),पौड़ाकोठी (212),Nihri(Sub-District) / Mandi(District) / Himachal Pradesh(State),00872100,015553,N,,,,
2719,14363,Pavrao (128),पवराओ (128),Sundarnagar(Sub-District) / Mandi(District) / Himachal Pradesh(State),00753100,014363,N,,,,
2720,15593,Pawabo (259),पआबो (259),Nihri(Sub-District) / Mandi(District) / Himachal Pradesh(State),00876100,015593,N,,,,
2721,13716,Pehad (116),पैहड (116),Mandap(Sub-District) / Mandi(District) / Himachal Pradesh(State),00688400,013716,N,,,,
2722,15792,Pehran (485),पैहरन (485),Karsog(Sub-District) / Mandi(District) / Himachal Pradesh(State),00896000,015792,N,,,,
2723,13189,Pekhra (493),पेखरा (493),Padhar(Sub-District) / Mandi(District) / Himachal Pradesh(State),00635700,013189,N,,,,
2724,13385,Petu (282),पेटू (282),Jogindarnagar(Sub-District) / Mandi(District) / Himachal Pradesh(State),00655300,013385,N,,,,
2725,14964,"Phalaher ,(648)",फलाहर (648),Thachi(Sub-District) / Mandi(District) / Himachal Pradesh(State),00813200,014964,N,,,,
2726,15599,Phaphna (267),फफना (267),Nihri(Sub-District) / Mandi(District) / Himachal Pradesh(State),00876700,015599,N,,,,
2727,13474,Phatren (119),फतरैण (119),Lad Bharol(Sub-District) / Mandi(District) / Himachal Pradesh(State),00664200,013474,N,,,,
2728,16168,Pichhla Chaira (427),पिछला चैरा (427),Karsog(Sub-District) / Mandi(District) / Himachal Pradesh(State),00933600,016168,N,,,,
2729,14012,Pingla (319),पिंगला (319),Bhadrota(Sub-District) / Mandi(District) / Himachal Pradesh(State),00713800,014012,N,,,,
2730,13162,Pipali (590),पिपली (590),Padhar(Sub-District) / Mandi(District) / Himachal Pradesh(State),00633000,013162,N,,,,
2731,15420,Pipali Tandi (178),पिपली तान्दी (178),Chachyot(Sub-District) / Mandi(District) / Himachal Pradesh(State),00858800,015420,N,,,,
2732,13830,Pipli (195),पिपली (195),Tihra(Sub-District) / Mandi(District) / Himachal Pradesh(State),00699800,013830,N,,,,
2733,14633,Pipli (197),पिपली (197),Balh(Sub-District) / Mandi(District) / Himachal Pradesh(State),00780100,014633,N,,,,
2734,13343,Pipli (253),पिपली (253),Makridi(Sub-District) / Mandi(District) / Himachal Pradesh(State),00651100,013343,N,,,,
2735,13487,Pirh Bedhlu (104),पीहड़ वेढलू (104),Lad Bharol(Sub-District) / Mandi(District) / Himachal Pradesh(State),00665500,013487,N,,,,
2736,14856,Piun (478),पियूण (478),Aut(Sub-District) / Mandi(District) / Himachal Pradesh(State),00802400,014856,N,,,,
2737,13314,Pohli (259),पोहली (259),Makridi(Sub-District) / Mandi(District) / Himachal Pradesh(State),00648200,013314,N,,,,
2738,16282,Pokhi (559),पोखी (559),Karsog(Sub-District) / Mandi(District) / Himachal Pradesh(State),00945000,016282,N,,,,
2739,15202,Pokhridhar (351),पोखरीधार (351),Thunag(Sub-District) / Mandi(District) / Himachal Pradesh(State),00837000,015202,N,,,,
2740,16278,Porla (564),पोरला (564),Karsog(Sub-District) / Mandi(District) / Himachal Pradesh(State),00944600,016278,N,,,,
2741,15488,Port (207),पोर्ट (207),Chachyot(Sub-District) / Mandi(District) / Himachal Pradesh(State),00865600,015488,N,,,,
2742,13981,Pounta (453),पौण्टा (453),Sarkaghat(Sub-District) / Mandi(District) / Himachal Pradesh(State),00723400,013981,N,,,,
2743,16206,Prala Kutlu (432),प्राला कुटलू (432),Karsog(Sub-District) / Mandi(District) / Himachal Pradesh(State),00937400,016206,N,,,,
2744,15790,Prali Rehali (482),प्राली रैहली (482),Karsog(Sub-District) / Mandi(District) / Himachal Pradesh(State),00895800,015790,N,,,,
2745,14345,Prechhi (116),प्रेच्छी (116),Sundarnagar(Sub-District) / Mandi(District) / Himachal Pradesh(State),00751300,014345,N,,,,
2746,15680,Pressi (40),प्रेसी (40),Pangna(Sub-District) / Mandi(District) / Himachal Pradesh(State),00884800,015680,N,,,,
2747,15289,Prinj (704),प्रिन्ज (704),Chhatri(Sub-District) / Mandi(District) / Himachal Pradesh(State),00845700,015289,N,,,,
2748,14848,Pub (479),पब (479),Aut(Sub-District) / Mandi(District) / Himachal Pradesh(State),00801600,014848,N,,,,
2749,14796,Pukhar (302),पुखर (302),Mandi(Sub-District) / Mandi(District) / Himachal Pradesh(State),00796400,014796,N,,,,
2750,13096,Pundal (541),पुन्दल (541),Padhar(Sub-District) / Mandi(District) / Himachal Pradesh(State),00626400,013096,N,,,,
2751,939612,Pungh (26/7),पुहंग (26/7),Sundarnagar(Sub-District) / Mandi(District) / Himachal Pradesh(State),,000000,N,,,,
2752,15791,Punni (483),पुनी (483),Karsog(Sub-District) / Mandi(District) / Himachal Pradesh(State),00895900,015791,N,,,,
2753,16191,Purana (516),पुराना (516),Karsog(Sub-District) / Mandi(District) / Himachal Pradesh(State),00935900,016191,N,,,,
2754,939613,Purana Nagar (26/5),पुरानानगर (26/5),Sundarnagar(Sub-District) / Mandi(District) / Himachal Pradesh(State),,000000,N,,,,
2755,939605,Purani Mandi (366/10),पुरानी मण्डी (366/10),Mandi(Sub-District) / Mandi(District) / Himachal Pradesh(State),,000000,N,,,,
2756,13076,Putakhal (371),फुटाखल (371),Padhar(Sub-District) / Mandi(District) / Himachal Pradesh(State),00624400,013076,N,,,,
2757,13732,Putali Falad (143),पुतली फाल्ड (143),Mandap(Sub-District) / Mandi(District) / Himachal Pradesh(State),00690000,013732,N,,,,
2758,15867,Rachhol (384),रछोल (384),Karsog(Sub-District) / Mandi(District) / Himachal Pradesh(State),00903500,015867,N,,,,
2759,13884,Rachhot (303),रच्छोट (303),Sarkaghat(Sub-District) / Mandi(District) / Himachal Pradesh(State),00705200,013884,N,,,,
2760,15277,Rachhwahr (693),रछवाड़ (693),Chhatri(Sub-District) / Mandi(District) / Himachal Pradesh(State),00844500,015277,N,,,,
2761,13078,Radahan (369),रडाहण (369),Padhar(Sub-District) / Mandi(District) / Himachal Pradesh(State),00624600,013078,N,,,,
2762,15229,Rah (404),राह (404),Chhatri(Sub-District) / Mandi(District) / Himachal Pradesh(State),00839700,015229,N,,,,
2763,14873,Rahan (452),राहन (452),Aut(Sub-District) / Mandi(District) / Himachal Pradesh(State),00804100,014873,N,,,,
2764,13559,Rahar (160),राहड़ (160),Lad Bharol(Sub-District) / Mandi(District) / Himachal Pradesh(State),00672700,013559,N,,,,
2765,14990,Rahi (610),राही (610),Bali Chowki(Sub-District) / Mandi(District) / Himachal Pradesh(State),00815800,014990,N,,,,
2766,15087,Rahidhar (129),रहीधार (129),Thunag(Sub-District) / Mandi(District) / Himachal Pradesh(State),00825500,015087,N,,,,
2767,13480,Rains (108),रैन्स (108),Lad Bharol(Sub-District) / Mandi(District) / Himachal Pradesh(State),00664800,013480,N,,,,
2768,13259,Raja (45),राजा (45),Jogindarnagar(Sub-District) / Mandi(District) / Himachal Pradesh(State),00642700,013259,N,,,,
2769,15950,Rajogra (181),रजोगडा (181),Bagshad(Sub-District) / Mandi(District) / Himachal Pradesh(State),00911800,015950,N,,,,
2770,15436,Rajot (157),रजोट (157),Chachyot(Sub-District) / Mandi(District) / Himachal Pradesh(State),00860400,015436,N,,,,
2771,14702,Rajwari (267),रजवाड़ी (267),Balh(Sub-District) / Mandi(District) / Himachal Pradesh(State),00787000,014702,N,,,,
2772,15958,Rakani (104),राकणी (104),Bagshad(Sub-District) / Mandi(District) / Himachal Pradesh(State),00912600,015958,N,,,,
2773,14941,Rakhali Dhar (641),रखालीधार (641),Thachi(Sub-District) / Mandi(District) / Himachal Pradesh(State),00810900,014941,N,,,,
2774,13712,Rakhehda (123),रखेहडा (123),Dharmpur(Sub-District) / Mandi(District) / Himachal Pradesh(State),00688000,013712,N,,,,
2775,13915,Rakhoh (260),रखोह (260),Sarkaghat(Sub-District) / Mandi(District) / Himachal Pradesh(State),00708300,013915,N,,,,
2776,14770,Rakhoon (300),रखून (300),Mandi(Sub-District) / Mandi(District) / Himachal Pradesh(State),00793800,014770,N,,,,
2777,14051,Rakhota (359),रखोटा  (359),Bhadrota(Sub-District) / Mandi(District) / Himachal Pradesh(State),00720200,014051,N,,,,
2778,13566,Raktal (211),रकतल (211),Lad Bharol(Sub-District) / Mandi(District) / Himachal Pradesh(State),00673400,013566,N,,,,
2779,14087,Ramehra (467),रमेहड़ा (467),Baldwara(Sub-District) / Mandi(District) / Himachal Pradesh(State),00725500,014087,N,,,,
2780,14148,Ram Thana (533),राम ठाणा (533),Baldwara(Sub-District) / Mandi(District) / Himachal Pradesh(State),00731600,014148,N,,,,
2781,14546,Randhara (110),रन्धाड़ा (110),Mandi(Sub-District) / Mandi(District) / Himachal Pradesh(State),00771400,014546,N,,,,
2782,16001,Randol (125),रण्डौल (125),Bagshad(Sub-District) / Mandi(District) / Himachal Pradesh(State),00916900,016001,N,,,,
2783,13652,Ranger (48),रांगड (48),Dharmpur(Sub-District) / Mandi(District) / Himachal Pradesh(State),00682000,013652,N,,,,
2784,15668,Ranghad (33),रांघड़ (33),Nihri(Sub-District) / Mandi(District) / Himachal Pradesh(State),00883600,015668,N,,,,
2785,13851,Ranghor (241),रंघोड (241),Tihra(Sub-District) / Mandi(District) / Himachal Pradesh(State),00701900,013851,N,,,,
2786,15495,Rani (229),रणी (229),Chachyot(Sub-District) / Mandi(District) / Himachal Pradesh(State),00866300,015495,N,,,,
2787,14945,Ranikot (643),रानीकोट (643),Thachi(Sub-District) / Mandi(District) / Himachal Pradesh(State),00811300,014945,N,,,,
2788,15897,Ranout (157),रनौट (157),Bagshad(Sub-District) / Mandi(District) / Himachal Pradesh(State),00906500,015897,N,,,,
2789,14709,Rao (241),रौ (241),Balh(Sub-District) / Mandi(District) / Himachal Pradesh(State),00787700,014709,N,,,,
2790,14499,Rao (369),राव (369),Mandi(Sub-District) / Mandi(District) / Himachal Pradesh(State),00766700,014499,N,,,,
2791,15955,Rapoon (180),रपूण (180),Bagshad(Sub-District) / Mandi(District) / Himachal Pradesh(State),00912300,015955,N,,,,
2792,13892,Raru (221),रड़ू (221),Sarkaghat(Sub-District) / Mandi(District) / Himachal Pradesh(State),00706000,013892,N,,,,
2793,13556,Ras (176),रास (176),Lad Bharol(Sub-District) / Mandi(District) / Himachal Pradesh(State),00672400,013556,N,,,,
2794,13907,Rasain (257),रसैण (257),Sarkaghat(Sub-District) / Mandi(District) / Himachal Pradesh(State),00707500,013907,N,,,,
2795,14028,Rasehar (292),रसेहड (292),Bhadrota(Sub-District) / Mandi(District) / Himachal Pradesh(State),00717900,014028,N,,,,
2796,16314,Rasog Abbal (562),रसोग अव्वल (562),Karsog(Sub-District) / Mandi(District) / Himachal Pradesh(State),00948200,016314,N,,,,
2797,16292,Rasog Doyam (581),रसोग दोयम (581),Karsog(Sub-District) / Mandi(District) / Himachal Pradesh(State),00946000,016292,N,,,,
2798,15774,Raswala (248),रसवाला (248),Pangna(Sub-District) / Mandi(District) / Himachal Pradesh(State),00894200,015774,N,,,,
2799,14753,Rathoa (212),रठोआ (212),Balh(Sub-District) / Mandi(District) / Himachal Pradesh(State),00792100,014753,N,,,,
2800,14619,Rathol (180),रठोल (180),Balh(Sub-District) / Mandi(District) / Himachal Pradesh(State),00778700,014619,N,,,,
2801,13847,Ratkel (201),रकटेल (201),Tihra(Sub-District) / Mandi(District) / Himachal Pradesh(State),00701500,013847,N,,,,
2802,14085,Ratoli (465),रटौली (465),Dhalwan(Sub-District) / Mandi(District) / Himachal Pradesh(State),00725300,014085,N,,,,
2803,14663,Ratti (193),रत्ती (193),Balh(Sub-District) / Mandi(District) / Himachal Pradesh(State),00783100,014663,N,,,,
2804,14563,Rawalsar (127),रिवालसर (127),Rewalsar(Sub-District) / Mandi(District) / Himachal Pradesh(State),00773100,014563,N,,,,
2805,14695,Refal (265),रेफल (265),Balh(Sub-District) / Mandi(District) / Himachal Pradesh(State),00786300,014695,N,,,,
2806,14194,Rehari (558),रैहड़ी (558),Baldwara(Sub-District) / Mandi(District) / Himachal Pradesh(State),00736200,014194,N,,,,
2807,14884,Rensh (458),रैंश (458),Aut(Sub-District) / Mandi(District) / Himachal Pradesh(State),00805200,014884,N,,,,
2808,15976,Restadhar (76),रैस्टाधार (76),Bagshad(Sub-District) / Mandi(District) / Himachal Pradesh(State),00914400,015976,N,,,,
2809,14889,Reukaldhar (460),रेयोकलधार (460),Aut(Sub-District) / Mandi(District) / Himachal Pradesh(State),00805700,014889,N,,,,
2810,13687,Richhali (84),रिछली (84),Dharmpur(Sub-District) / Mandi(District) / Himachal Pradesh(State),00685500,013687,N,,,,
2811,15806,Richhani (491),रिछणी (491),Karsog(Sub-District) / Mandi(District) / Himachal Pradesh(State),00897400,015806,N,,,,
2812,14726,Rigar (286),रीगड़ (286),Balh(Sub-District) / Mandi(District) / Himachal Pradesh(State),00789400,014726,N,,,,
2813,14168,Riheri (537),रिहड़ी (537),Baldwara(Sub-District) / Mandi(District) / Himachal Pradesh(State),00733600,014168,N,,,,
2814,13479,Rihru (110),रिहडू (110),Lad Bharol(Sub-District) / Mandi(District) / Himachal Pradesh(State),00664700,013479,N,,,,
2815,15824,Rikki (413),रिक्की (413),Karsog(Sub-District) / Mandi(District) / Himachal Pradesh(State),00899200,015824,N,,,,
2816,14671,Rinj (233),रिंज (233),Balh(Sub-District) / Mandi(District) / Himachal Pradesh(State),00783900,014671,N,,,,
2817,13991,Rissa (307),रिस्सा  (307),Bhadrota(Sub-District) / Mandi(District) / Himachal Pradesh(State),00711700,013991,N,,,,
2818,14547,Riur (122),रियूर (122),Rewalsar(Sub-District) / Mandi(District) / Himachal Pradesh(State),00771500,014547,N,,,,
2819,15185,Riyada (435),रियाड़ा (435),Thunag(Sub-District) / Mandi(District) / Himachal Pradesh(State),00835300,015185,N,,,,
2820,15512,Riyala (240),रियाला (240),Chachyot(Sub-District) / Mandi(District) / Himachal Pradesh(State),00868000,015512,N,,,,
2821,13703,Riyur (132),रियूर (132),Dharmpur(Sub-District) / Mandi(District) / Himachal Pradesh(State),00687100,013703,N,,,,
2822,15174,Road (455),रोड (455),Thunag(Sub-District) / Mandi(District) / Himachal Pradesh(State),00834200,015174,N,,,,
2823,14045,Rohan (358),रौहन  (358),Bhadrota(Sub-District) / Mandi(District) / Himachal Pradesh(State),00719600,014045,N,,,,
2824,15523,Rohanda (187),रोहाण्डा (187),Nihri(Sub-District) / Mandi(District) / Himachal Pradesh(State),00869100,015523,N,,,,
2825,15682,Rohara (41),रोहाड़ा (41),Nihri(Sub-District) / Mandi(District) / Himachal Pradesh(State),00885000,015682,N,,,,
2826,13288,Rohata Sapairu (276),रोहटा स्पैड़ू (276),Makridi(Sub-District) / Mandi(District) / Himachal Pradesh(State),00645600,013288,N,,,,
2827,15326,Ropa (19),रोपा (19),Chachyot(Sub-District) / Mandi(District) / Himachal Pradesh(State),00849400,015326,N,,,,
2828,14293,Ropa (239),रोपा (239),Dehar(Sub-District) / Mandi(District) / Himachal Pradesh(State),00746100,014293,N,,,,
2829,939614,Ropa (26/1),रोपा (26/1),Sundarnagar(Sub-District) / Mandi(District) / Himachal Pradesh(State),,000000,N,,,,
2830,14859,Ropa (468),रोपा (468),Aut(Sub-District) / Mandi(District) / Himachal Pradesh(State),00802700,014859,N,,,,
2831,14804,Ropa (496),रोपा (496),Aut(Sub-District) / Mandi(District) / Himachal Pradesh(State),00797200,014804,N,,,,
2832,13127,Ropa (562),रोपा (562),Padhar(Sub-District) / Mandi(District) / Himachal Pradesh(State),00629500,013127,N,,,,
2833,15580,Ropa Bandla (250),रोपा बन्दला (250),Nihri(Sub-District) / Mandi(District) / Himachal Pradesh(State),00874800,015580,N,,,,
2834,16097,Ropadi (305),रोपड़ी (305),Karsog(Sub-District) / Mandi(District) / Himachal Pradesh(State),00926500,016097,N,,,,
2835,13200,Ropa -I (496),रोपा-I (496),Padhar(Sub-District) / Mandi(District) / Himachal Pradesh(State),00636800,013200,N,,,,
2836,13201,Ropa-II (497),रोपा-II (497),Padhar(Sub-District) / Mandi(District) / Himachal Pradesh(State),00636900,013201,N,,,,
2837,13748,Ropa Matyal (7),रोपा मटयाल (7),Kotli(Sub-District) / Mandi(District) / Himachal Pradesh(State),00691600,013748,N,,,,
2838,13423,Ropa Padhar (388),रोपा पधार (388),Jogindarnagar(Sub-District) / Mandi(District) / Himachal Pradesh(State),00659100,013423,N,,,,
2839,13902,Ropar (266),रोपड़ (266),Sarkaghat(Sub-District) / Mandi(District) / Himachal Pradesh(State),00707000,013902,N,,,,
2840,14582,Ropari (145),रोपडी (145),Rewalsar(Sub-District) / Mandi(District) / Himachal Pradesh(State),00775000,014582,N,,,,
2841,13885,Ropari (219),रोपड़ी (219),Sarkaghat(Sub-District) / Mandi(District) / Himachal Pradesh(State),00705300,013885,N,,,,
2842,15687,Ropari (36),रोपड़ी (36),Nihri(Sub-District) / Mandi(District) / Himachal Pradesh(State),00885500,015687,N,,,,
2843,13454,Ropari (38),रोपड़ी (38),Lad Bharol(Sub-District) / Mandi(District) / Himachal Pradesh(State),00662200,013454,N,,,,
2844,13271,Ropari (79),रोपडी (79),Jogindarnagar(Sub-District) / Mandi(District) / Himachal Pradesh(State),00643900,013271,N,,,,
2845,14307,Ropari (93),रोपड़ी(93),Sundarnagar(Sub-District) / Mandi(District) / Himachal Pradesh(State),00747500,014307,N,,,,
2846,14091,Ropa Thather (468),रोपा ठाठर (468),Baldwara(Sub-District) / Mandi(District) / Himachal Pradesh(State),00725900,014091,N,,,,
2847,14060,Ropri (400),रोपडी (400),Bhadrota(Sub-District) / Mandi(District) / Himachal Pradesh(State),00721100,014060,N,,,,
2848,14075,Ropri (439),रोपडी (439),Bhadrota(Sub-District) / Mandi(District) / Himachal Pradesh(State),00724300,014075,N,,,,
2849,13807,Ropri Bagfal (178),रोपड़ी बगफाल (178),Tihra(Sub-District) / Mandi(District) / Himachal Pradesh(State),00697500,013807,N,,,,
2850,13577,Ropru (202),रोपडू (202),Lad Bharol(Sub-District) / Mandi(District) / Himachal Pradesh(State),00674500,013577,N,,,,
2851,13354,Ropru (248),रोपड़ू (248),Makridi(Sub-District) / Mandi(District) / Himachal Pradesh(State),00652200,013354,N,,,,
2852,13134,Ropru (570),रोपडु (570),Padhar(Sub-District) / Mandi(District) / Himachal Pradesh(State),00630200,013134,N,,,,
2853,13782,Ropru (81),रोपड़ु (81),Kotli(Sub-District) / Mandi(District) / Himachal Pradesh(State),00695000,013782,N,,,,
2854,13852,Roso (242),रोसो (242),Tihra(Sub-District) / Mandi(District) / Himachal Pradesh(State),00702000,013852,N,,,,
2855,14398,Rowan (183),रोआन (183),Sundarnagar(Sub-District) / Mandi(District) / Himachal Pradesh(State),00756600,014398,N,,,,
2856,15489,Ruhaal (204),रूहाल (204),Chachyot(Sub-District) / Mandi(District) / Himachal Pradesh(State),00865700,015489,N,,,,
2857,15161,Ruhada (438),रूहाडा़ (438),Thunag(Sub-District) / Mandi(District) / Himachal Pradesh(State),00832900,015161,N,,,,
2858,13004,Rulang (441),रूलंग (441),Tikken(Sub-District) / Mandi(District) / Himachal Pradesh(State),00617200,013004,N,,,,
2859,15269,Rumhani (419),रुमहणी (419),Chhatri(Sub-District) / Mandi(District) / Himachal Pradesh(State),00843700,015269,N,,,,
2860,14492,Runjh (611),रुन्झ (611),Mandi(Sub-District) / Mandi(District) / Himachal Pradesh(State),00766000,014492,N,,,,
2861,14244,Sabyahan (46),सब्याहण (46),Sundarnagar(Sub-District) / Mandi(District) / Himachal Pradesh(State),00741200,014244,N,,,,
2862,13011,Sachan Nala (436),डी0पी0एफ सचाण (436),Tikken(Sub-District) / Mandi(District) / Himachal Pradesh(State),00617900,013011,N,,,,
2863,13007,Sachhan (437),सचाण (437),Tikken(Sub-District) / Mandi(District) / Himachal Pradesh(State),00617500,013007,N,,,,
2864,15324,Sadan (15),सडान (15),Chachyot(Sub-District) / Mandi(District) / Himachal Pradesh(State),00849200,015324,N,,,,
2865,14518,Sadayana (57),सदयाणा (57),Mandi(Sub-District) / Mandi(District) / Himachal Pradesh(State),00768600,014518,N,,,,
2866,13865,Sadhot (238),सधोट (238),Sarkaghat(Sub-District) / Mandi(District) / Himachal Pradesh(State),00703300,013865,N,,,,
2867,14093,Sadhwani (486),सध्वाणी (486),Baldwara(Sub-District) / Mandi(District) / Himachal Pradesh(State),00726100,014093,N,,,,
2868,14579,Sadhyani (144),सिध्याणी (144),Rewalsar(Sub-District) / Mandi(District) / Himachal Pradesh(State),00774700,014579,N,,,,
2869,13802,Sadoh (34),सदोह (34),Kotli(Sub-District) / Mandi(District) / Himachal Pradesh(State),00697000,013802,N,,,,
2870,14276,Sadwahan (77),सदवाहन (77),Dehar(Sub-District) / Mandi(District) / Himachal Pradesh(State),00744400,014276,N,,,,
2871,14096,Sadwal (431),सड़वाल (431),Dhalwan(Sub-District) / Mandi(District) / Himachal Pradesh(State),00726400,014096,N,,,,
2872,13128,Sadyanidhar (564),सदयाणीधार (564),Padhar(Sub-District) / Mandi(District) / Himachal Pradesh(State),00629600,013128,N,,,,
2873,13258,Sagnehar (7),सगनेहड (7),Jogindarnagar(Sub-District) / Mandi(District) / Himachal Pradesh(State),00642600,013258,N,,,,
2874,15983,Sahaj (120),साहज (120),Bagshad(Sub-District) / Mandi(District) / Himachal Pradesh(State),00915100,015983,N,,,,
2875,13161,Sahal (588),साहल (588),Padhar(Sub-District) / Mandi(District) / Himachal Pradesh(State),00632900,013161,N,,,,
2876,15844,Sahi Dahad (383),सही दहड़ (383),Karsog(Sub-District) / Mandi(District) / Himachal Pradesh(State),00901200,015844,N,,,,
2877,14221,Sai (3),साई (3),Sundarnagar(Sub-District) / Mandi(District) / Himachal Pradesh(State),00738900,014221,N,,,,
2878,13797,Sai (52),साई (52),Kotli(Sub-District) / Mandi(District) / Himachal Pradesh(State),00696500,013797,N,,,,
2879,14643,Sain (113),सैण (113),Mandi(Sub-District) / Mandi(District) / Himachal Pradesh(State),00781100,014643,N,,,,
2880,13772,Sain (23),सैण (23),Kotli(Sub-District) / Mandi(District) / Himachal Pradesh(State),00694000,013772,N,,,,
2881,13931,Sain (285),सैण (285),Sarkaghat(Sub-District) / Mandi(District) / Himachal Pradesh(State),00709900,013931,N,,,,
2882,939602,Sain (366/1),सैण (366/1),Mandi(Sub-District) / Mandi(District) / Himachal Pradesh(State),,000000,N,,,,
2883,15993,Sainji (109),सैन्जी (109),Bagshad(Sub-District) / Mandi(District) / Himachal Pradesh(State),00916100,015993,N,,,,
2884,13834,Sajaio (163),सज्याओ (163),Tihra(Sub-District) / Mandi(District) / Himachal Pradesh(State),00700200,013834,N,,,,
2885,13845,Sajauri (202),सज्यौड़ी (202),Tihra(Sub-District) / Mandi(District) / Himachal Pradesh(State),00701300,013845,N,,,,
2886,15642,Sajoda (1),सजौड़ा (1),Nihri(Sub-District) / Mandi(District) / Himachal Pradesh(State),00881000,015642,N,,,,
2887,13642,Saklana (59),सकलाना (59),Dharmpur(Sub-District) / Mandi(District) / Himachal Pradesh(State),00681000,013642,N,,,,
2888,13822,Sakoh (185),सकोह (185),Tihra(Sub-District) / Mandi(District) / Himachal Pradesh(State),00699000,013822,N,,,,
2889,13647,Sakoh (53),सकोह (53),Dharmpur(Sub-District) / Mandi(District) / Himachal Pradesh(State),00681500,013647,N,,,,
2890,13823,Sakohta (184),सकोहटा (184),Tihra(Sub-District) / Mandi(District) / Himachal Pradesh(State),00699100,013823,N,,,,
2891,13680,Sakrain (90),सक्रैण (90),Dharmpur(Sub-District) / Mandi(District) / Himachal Pradesh(State),00684800,013680,N,,,,
2892,14735,Sakroha (294),सकरोहा (294),Balh(Sub-District) / Mandi(District) / Himachal Pradesh(State),00790300,014735,N,,,,
2893,13547,Salahan (157),सलाहण (157),Lad Bharol(Sub-District) / Mandi(District) / Himachal Pradesh(State),00671500,013547,N,,,,
2894,15399,Salahar (144),सलाहर (144),Chachyot(Sub-District) / Mandi(District) / Himachal Pradesh(State),00856700,015399,N,,,,
2895,15961,Salana (81),सलाणा (81),Bagshad(Sub-District) / Mandi(District) / Himachal Pradesh(State),00912900,015961,N,,,,
2896,13268,Salang (77),सालंग (77),Jogindarnagar(Sub-District) / Mandi(District) / Himachal Pradesh(State),00643600,013268,N,,,,
2897,14995,Salanu (618),शलाणू (618),Bali Chowki(Sub-District) / Mandi(District) / Himachal Pradesh(State),00816300,014995,N,,,,
2898,14290,Salaper (78),सलापड (78),Dehar(Sub-District) / Mandi(District) / Himachal Pradesh(State),00745800,014290,N,,,,
2899,13350,Salera (245),सलेरा (245),Makridi(Sub-District) / Mandi(District) / Himachal Pradesh(State),00651800,013350,N,,,,
2900,13102,Salhana (360),सलहाणा (360),Padhar(Sub-District) / Mandi(District) / Himachal Pradesh(State),00627000,013102,N,,,,
2901,14188,Saloa Bacchwan (546),सलोआ बच्छवाण (546),Baldwara(Sub-District) / Mandi(District) / Himachal Pradesh(State),00735600,014188,N,,,,
2902,13639,Salon (74),सलौण (74),Sandhol(Sub-District) / Mandi(District) / Himachal Pradesh(State),00680700,013639,N,,,,
2903,14678,Salwahan (240),सलवाहण (240),Balh(Sub-District) / Mandi(District) / Himachal Pradesh(State),00784600,014678,N,,,,
2904,14271,Salwana (65),सलवाणा (65),Dehar(Sub-District) / Mandi(District) / Himachal Pradesh(State),00743900,014271,N,,,,
2905,14692,Salyandi (259),सलयान्डी (259),Balh(Sub-District) / Mandi(District) / Himachal Pradesh(State),00786000,014692,N,,,,
2906,14033,Salyani (343),सल्यानी (343),Bhadrota(Sub-District) / Mandi(District) / Himachal Pradesh(State),00718400,014033,N,,,,
2907,14585,Samahani (149),समाहणी (149),Rewalsar(Sub-District) / Mandi(District) / Himachal Pradesh(State),00775300,014585,N,,,,
2908,15019,Samalwas (672),समलवास (672),Bali Chowki(Sub-District) / Mandi(District) / Himachal Pradesh(State),00818700,015019,N,,,,
2909,15594,Samaul (260),समौल (260),Nihri(Sub-District) / Mandi(District) / Himachal Pradesh(State),00876200,015594,N,,,,
2910,13532,Samaur (143),समौड (143),Lad Bharol(Sub-District) / Mandi(District) / Himachal Pradesh(State),00670000,013532,N,,,,
2911,13298,Samaur (194),समौड़ (194),Makridi(Sub-District) / Mandi(District) / Himachal Pradesh(State),00646600,013298,N,,,,
2912,14785,Sambal (328),साम्बल (328),Mandi(Sub-District) / Mandi(District) / Himachal Pradesh(State),00795300,014785,N,,,,
2913,939604,Samkhetar (366/3),समखेतर (366/3),Mandi(Sub-District) / Mandi(District) / Himachal Pradesh(State),,000000,N,,,,
2914,14611,Samlehad (153),समलेहड (153),Rewalsar(Sub-District) / Mandi(District) / Himachal Pradesh(State),00777900,014611,N,,,,
2915,14573,Samlon (139),समलौण (139),Rewalsar(Sub-District) / Mandi(District) / Himachal Pradesh(State),00774100,014573,N,,,,
2916,15476,Samnos (197),समनोस (197),Chachyot(Sub-District) / Mandi(District) / Himachal Pradesh(State),00864400,015476,N,,,,
2917,13290,Samohli (274),समोहली (274),Makridi(Sub-District) / Mandi(District) / Himachal Pradesh(State),00645800,013290,N,,,,
2918,13325,Samon (220),समौण (220),Makridi(Sub-District) / Mandi(District) / Himachal Pradesh(State),00649300,013325,N,,,,
2919,14257,Samon (60),समौण (60),Dehar(Sub-District) / Mandi(District) / Himachal Pradesh(State),00742500,014257,N,,,,
2920,16227,Samotha (433),समोठा (433),Karsog(Sub-District) / Mandi(District) / Himachal Pradesh(State),00939500,016227,N,,,,
2921,13643,Samour (58),समौड (58),Dharmpur(Sub-District) / Mandi(District) / Himachal Pradesh(State),00681100,013643,N,,,,
2922,13781,Samrahan (79),समराहण (79),Kotli(Sub-District) / Mandi(District) / Himachal Pradesh(State),00694900,013781,N,,,,
2923,13867,Samsai (216),समसाई (216),Sarkaghat(Sub-District) / Mandi(District) / Himachal Pradesh(State),00703500,013867,N,,,,
2924,14027,Samsoh (387),समसौह (387),Bhadrota(Sub-District) / Mandi(District) / Himachal Pradesh(State),00717600,014027,N,,,,
2925,15218,Samutla (371),समूटला (371),Chhatri(Sub-District) / Mandi(District) / Himachal Pradesh(State),00838600,015218,N,,,,
2926,15879,Sanad (387),सनाड (387),Pangna(Sub-District) / Mandi(District) / Himachal Pradesh(State),00904700,015879,N,,,,
2927,16253,Sanana (466),सानणा (466),Karsog(Sub-District) / Mandi(District) / Himachal Pradesh(State),00942100,016253,N,,,,
2928,16145,Sanarali (415),सनारली (415),Karsog(Sub-District) / Mandi(District) / Himachal Pradesh(State),00931300,016145,N,,,,
2929,13826,Sandehra (189),संदेहड़ा (189),Tihra(Sub-District) / Mandi(District) / Himachal Pradesh(State),00699400,013826,N,,,,
2930,13544,Sandha (153),साण्डा (153),Lad Bharol(Sub-District) / Mandi(District) / Himachal Pradesh(State),00671200,013544,N,,,,
2931,13592,Sandhole (7),सन्धोल (7),Sandhol(Sub-District) / Mandi(District) / Himachal Pradesh(State),00676000,013592,N,,,,
2932,15448,Sandoa (171),संदोआ (171),Chachyot(Sub-District) / Mandi(District) / Himachal Pradesh(State),00861600,015448,N,,,,
2933,13889,Sandoa (223),सन्दोआ (223),Sarkaghat(Sub-District) / Mandi(District) / Himachal Pradesh(State),00705700,013889,N,,,,
2934,14408,Sandoa (409),सन्दोआ (409),Katoula(Sub-District) / Mandi(District) / Himachal Pradesh(State),00757600,014408,N,,,,
2935,14019,Sandoh (346),संदोह (346),Bhadrota(Sub-District) / Mandi(District) / Himachal Pradesh(State),00714500,014019,N,,,,
2936,16158,Saned (353),सनेड (353),Karsog(Sub-District) / Mandi(District) / Himachal Pradesh(State),00932600,016158,N,,,,
2937,13154,Saned (533),सनेड (533),Padhar(Sub-District) / Mandi(District) / Himachal Pradesh(State),00632200,013154,N,,,,
2938,14084,Sanehru (464),सनैहरु (464),Baldwara(Sub-District) / Mandi(District) / Himachal Pradesh(State),00725200,014084,N,,,,
2939,13523,Sanerh (121),सुनेहड़ (121),Lad Bharol(Sub-District) / Mandi(District) / Himachal Pradesh(State),00669100,013523,N,,,,
2940,13177,Sangal Wah (516),संगलवाह (516),Katoula(Sub-District) / Mandi(District) / Himachal Pradesh(State),00634500,013177,N,,,,
2941,15184,Sangalwara (434),संगलवाडा (434),Thunag(Sub-District) / Mandi(District) / Himachal Pradesh(State),00835200,015184,N,,,,
2942,14697,Sangrayar (262),संगरयार (262),Balh(Sub-District) / Mandi(District) / Himachal Pradesh(State),00786500,014697,N,,,,
2943,15981,Sangrohi (116),सन्ग्रोही (116),Bagshad(Sub-District) / Mandi(District) / Himachal Pradesh(State),00914900,015981,N,,,,
2944,13565,Sanhali (208),सनहाली (208),Lad Bharol(Sub-District) / Mandi(District) / Himachal Pradesh(State),00673300,013565,N,,,,
2945,14296,Sanihan (241),सनीहण (241),Dehar(Sub-District) / Mandi(District) / Himachal Pradesh(State),00746400,014296,N,,,,
2946,13310,Sankhetar (265),सन्खेतर (265),Makridi(Sub-District) / Mandi(District) / Himachal Pradesh(State),00647800,013310,N,,,,
2947,15841,Sanohal (388),सनोहल (388),Pangna(Sub-District) / Mandi(District) / Himachal Pradesh(State),00900900,015841,N,,,,
2948,15197,Sanoi (349),सनोई  (349),Thunag(Sub-District) / Mandi(District) / Himachal Pradesh(State),00836500,015197,N,,,,
2949,13697,Sanour (79),सनौर (79),Dharmpur(Sub-District) / Mandi(District) / Himachal Pradesh(State),00686500,013697,N,,,,
2950,15711,Sanout (225),सनौट (225),Nihri(Sub-District) / Mandi(District) / Himachal Pradesh(State),00887900,015711,N,,,,
2951,14840,Sansoi (519),सनसोई (519),Aut(Sub-District) / Mandi(District) / Himachal Pradesh(State),00800800,014840,N,,,,
2952,13207,Sanwar (521),सनवाड़ (521),Katoula(Sub-District) / Mandi(District) / Himachal Pradesh(State),00637500,013207,N,,,,
2953,14524,Sanyardh (363),सन्यारढ (363),Mandi(Sub-District) / Mandi(District) / Himachal Pradesh(State),00769200,014524,N,,,,
2954,13771,Saploh (21),सपलोह (21),Kotli(Sub-District) / Mandi(District) / Himachal Pradesh(State),00693900,013771,N,,,,
2955,13512,Saproh (183),सपडोह (183),Lad Bharol(Sub-District) / Mandi(District) / Himachal Pradesh(State),00668000,013512,N,,,,
2956,15250,Sar (382),सर (382),Chhatri(Sub-District) / Mandi(District) / Himachal Pradesh(State),00841800,015250,N,,,,
2957,14564,Saraaridhar (125),सरारीधार (125),Rewalsar(Sub-District) / Mandi(District) / Himachal Pradesh(State),00773200,014564,N,,,,
2958,15546,Saradhar (198),सराधार (198),Nihri(Sub-District) / Mandi(District) / Himachal Pradesh(State),00871400,015546,N,,,,
2959,13151,Sarahan (539),सुराहण (539),Padhar(Sub-District) / Mandi(District) / Himachal Pradesh(State),00631900,013151,N,,,,
2960,16319,Sarahan (598),सराहन (598),Karsog(Sub-District) / Mandi(District) / Himachal Pradesh(State),00948700,016319,N,,,,
2961,14539,Sarai (107),सराईं (107),Mandi(Sub-District) / Mandi(District) / Himachal Pradesh(State),00770700,014539,N,,,,
2962,16320,Sarail (569),सरैल (569),Karsog(Sub-District) / Mandi(District) / Himachal Pradesh(State),00948800,016320,N,,,,
2963,15517,Saral (163),सारल (163),Nihri(Sub-District) / Mandi(District) / Himachal Pradesh(State),00868500,015517,N,,,,
2964,15547,Saran (202),सरन (202),Nihri(Sub-District) / Mandi(District) / Himachal Pradesh(State),00871500,015547,N,,,,
2965,15658,Saran (4),सरन (4),Nihri(Sub-District) / Mandi(District) / Himachal Pradesh(State),00882600,015658,N,,,,
2966,16317,Saran Bag (596),सरनबाग (596),Karsog(Sub-District) / Mandi(District) / Himachal Pradesh(State),00948500,016317,N,,,,
2967,13139,Saraun (574),सरौण (574),Padhar(Sub-District) / Mandi(District) / Himachal Pradesh(State),00630700,013139,N,,,,
2968,15676,Sarcha (56),सरचा (56),Pangna(Sub-District) / Mandi(District) / Himachal Pradesh(State),00884400,015676,N,,,,
2969,14551,Sardhwar (99),सरध्वार (99),Rewalsar(Sub-District) / Mandi(District) / Himachal Pradesh(State),00771900,014551,N,,,,
2970,15978,Sarehach (68),सरेच (68),Bagshad(Sub-District) / Mandi(District) / Himachal Pradesh(State),00914600,015978,N,,,,
2971,13580,Sarhon Rangra (189),सरहूण रांगडा (189),Lad Bharol(Sub-District) / Mandi(District) / Himachal Pradesh(State),00674800,013580,N,,,,
2972,13295,Sarhun Bhargai (188),सरहूण भरगाई (188),Makridi(Sub-District) / Mandi(District) / Himachal Pradesh(State),00646300,013295,N,,,,
2973,13429,Sari (381),सरी (381),Jogindarnagar(Sub-District) / Mandi(District) / Himachal Pradesh(State),00659700,013429,N,,,,
2974,13157,Sari (585),सरी (585),Padhar(Sub-District) / Mandi(District) / Himachal Pradesh(State),00632500,013157,N,,,,
2975,13689,Sari (77),सरी (77),Dharmpur(Sub-District) / Mandi(District) / Himachal Pradesh(State),00685700,013689,N,,,,
2976,15607,Sarihani (292),सरीहणी (292),Nihri(Sub-District) / Mandi(District) / Himachal Pradesh(State),00877500,015607,N,,,,
2977,939617,Sarkaghat (230),सरकाघाट (230),Sarkaghat(Sub-District) / Mandi(District) / Himachal Pradesh(State),,000000,N,,,,
2978,15837,Sarkol (398),सरकोल (398),Karsog(Sub-District) / Mandi(District) / Himachal Pradesh(State),00900500,015837,N,,,,
2979,13232,Sarli (72),सारली (72),Jogindarnagar(Sub-District) / Mandi(District) / Himachal Pradesh(State),00640000,013232,N,,,,
2980,13345,Sarmana (252),सरमाणा (252),Makridi(Sub-District) / Mandi(District) / Himachal Pradesh(State),00651300,013345,N,,,,
2981,14064,Sarnota (405),सरनोटा (405),Bhadrota(Sub-District) / Mandi(District) / Himachal Pradesh(State),00721500,014064,N,,,,
2982,14145,Sarnota (527),सरनोटा (527),Baldwara(Sub-District) / Mandi(District) / Himachal Pradesh(State),00731300,014145,N,,,,
2983,15311,Saroa (6),सरोआ (6),Chachyot(Sub-District) / Mandi(District) / Himachal Pradesh(State),00847900,015311,N,,,,
2984,14691,Sarogi (260),सरोगी (260),Balh(Sub-District) / Mandi(District) / Himachal Pradesh(State),00785900,014691,N,,,,
2985,13937,Sarohali (287),सरोहली (287),Sarkaghat(Sub-District) / Mandi(District) / Himachal Pradesh(State),00710500,013937,N,,,,
2986,13260,Sarohali (46),सरोहली (46),Jogindarnagar(Sub-District) / Mandi(District) / Himachal Pradesh(State),00642800,013260,N,,,,
2987,15984,Saror (121),सरौर (121),Bagshad(Sub-District) / Mandi(District) / Himachal Pradesh(State),00915200,015984,N,,,,
2988,14287,Saroshi (83),सरोसी (83),Dehar(Sub-District) / Mandi(District) / Himachal Pradesh(State),00745500,014287,N,,,,
2989,13859,Saroun (249),सरौन (249),Sarkaghat(Sub-District) / Mandi(District) / Himachal Pradesh(State),00702700,013859,N,,,,
2990,13893,Sarouri (225),सरौरी (225),Sarkaghat(Sub-District) / Mandi(District) / Himachal Pradesh(State),00706100,013893,N,,,,
2991,13708,Sarskan (124),सरसकान (124),Dharmpur(Sub-District) / Mandi(District) / Himachal Pradesh(State),00687600,013708,N,,,,
2992,16086,Sartyola (284),सरत्यौला (284),Karsog(Sub-District) / Mandi(District) / Himachal Pradesh(State),00925400,016086,N,,,,
2993,14602,Sarua (164),सरूआ (164),Rewalsar(Sub-District) / Mandi(District) / Himachal Pradesh(State),00777000,014602,N,,,,
2994,13785,Sarwahan (88),सरवाहण (88),Kotli(Sub-District) / Mandi(District) / Himachal Pradesh(State),00695300,013785,N,,,,
2995,13092,Sarwala (363),सरवाला (363),Padhar(Sub-District) / Mandi(District) / Himachal Pradesh(State),00626000,013092,N,,,,
2996,13764,Sarwari Buhli (27),सरवाड़ी बुहली (27),Kotli(Sub-District) / Mandi(District) / Himachal Pradesh(State),00693200,013764,N,,,,
2997,13763,Sarwari Uperli (22),सरवाड़ी उपरली (22),Kotli(Sub-District) / Mandi(District) / Himachal Pradesh(State),00693100,013763,N,,,,
2998,15465,Saryach (199),सरयाच (199),Chachyot(Sub-District) / Mandi(District) / Himachal Pradesh(State),00863300,015465,N,,,,
2999,15102,Saryali (137),सरयाली (137),Thunag(Sub-District) / Mandi(District) / Himachal Pradesh(State),00827000,015102,N,,,,
3000,14309,Saryun (101),सरीयूण (101),Sundarnagar(Sub-District) / Mandi(District) / Himachal Pradesh(State),00747700,014309,N,,,,
3001,13744,Satahan (18),सताहण (18),Kotli(Sub-District) / Mandi(District) / Himachal Pradesh(State),00691200,013744,N,,,,
3002,14254,Satahli (49),सताहली (49),Dehar(Sub-District) / Mandi(District) / Himachal Pradesh(State),00742200,014254,N,,,,
3003,13953,Sathmala Lakdhwan (378),स्थमला लकध्वाण (378),Sarkaghat(Sub-District) / Mandi(District) / Himachal Pradesh(State),00716100,013953,N,,,,
3004,13095,Satnog (529),सतनोग (529),Padhar(Sub-District) / Mandi(District) / Himachal Pradesh(State),00626300,013095,N,,,,
3005,14729,Satoh (291),स्टोह (291),Balh(Sub-District) / Mandi(District) / Himachal Pradesh(State),00789700,014729,N,,,,
3006,13791,Satohal (64),सतोहल (64),Kotli(Sub-District) / Mandi(District) / Himachal Pradesh(State),00695900,013791,N,,,,
3007,13670,Satrehar (99),सतरेहड (99),Dharmpur(Sub-District) / Mandi(District) / Himachal Pradesh(State),00683800,013670,N,,,,
3008,13482,Saun (105),सौं (105),Lad Bharol(Sub-District) / Mandi(District) / Himachal Pradesh(State),00665000,013482,N,,,,
3009,16000,Savindhar (133),सावींधार (133),Bagshad(Sub-District) / Mandi(District) / Himachal Pradesh(State),00916800,016000,N,,,,
3010,14829,Sawakhari (506),सवाखरी (506),Aut(Sub-District) / Mandi(District) / Himachal Pradesh(State),00799700,014829,N,,,,
3011,16072,Sawamahun (296),सवामांहू (296),Karsog(Sub-District) / Mandi(District) / Himachal Pradesh(State),00924000,016072,N,,,,
3012,14768,Sawan (304),सावण (304),Mandi(Sub-District) / Mandi(District) / Himachal Pradesh(State),00793600,014768,N,,,,
3013,15308,Sawla (1),सावला (1),Chachyot(Sub-District) / Mandi(District) / Himachal Pradesh(State),00847600,015308,N,,,,
3014,14670,Sayanh (232),स्यांह (232),Balh(Sub-District) / Mandi(District) / Himachal Pradesh(State),00783800,014670,N,,,,
3015,14666,Sayohli (224),स्योहली (224),Balh(Sub-District) / Mandi(District) / Himachal Pradesh(State),00783400,014666,N,,,,
3016,14699,Sayonsi (244),संयोंसी (244),Balh(Sub-District) / Mandi(District) / Himachal Pradesh(State),00786700,014699,N,,,,
3017,14771,Sayri (334),सायरी (334),Mandi(Sub-District) / Mandi(District) / Himachal Pradesh(State),00793900,014771,N,,,,
3018,13595,Sed (29),सेड (29),Sandhol(Sub-District) / Mandi(District) / Himachal Pradesh(State),00676300,013595,N,,,,
3019,13156,Seeh (583),शिलग (583),Padhar(Sub-District) / Mandi(District) / Himachal Pradesh(State),00632400,013156,N,,,,
3020,15560,Segal (226),सेगल (226),Nihri(Sub-District) / Mandi(District) / Himachal Pradesh(State),00872800,015560,N,,,,
3021,14409,Segli (412),सेगली (412),Katoula(Sub-District) / Mandi(District) / Himachal Pradesh(State),00757700,014409,N,,,,
3022,13786,Sehali (63),सेहली (63),Kotli(Sub-District) / Mandi(District) / Himachal Pradesh(State),00695400,013786,N,,,,
3023,14639,Sehl (117),सैहल (117),Balh(Sub-District) / Mandi(District) / Himachal Pradesh(State),00780700,014639,N,,,,
3024,14246,Sehli (44),सेहली (44),Sundarnagar(Sub-District) / Mandi(District) / Himachal Pradesh(State),00741400,014246,N,,,,
3025,14683,Senthal (250),सैन्थल (250),Balh(Sub-District) / Mandi(District) / Himachal Pradesh(State),00785100,014683,N,,,,
3026,13650,Seoh (46),स्योह (46),Dharmpur(Sub-District) / Mandi(District) / Himachal Pradesh(State),00681800,013650,N,,,,
3027,14333,Serad (108),सेरड़ (108),Sundarnagar(Sub-District) / Mandi(District) / Himachal Pradesh(State),00750100,014333,N,,,,
3028,15478,Seri (196),सेरी (196),Chachyot(Sub-District) / Mandi(District) / Himachal Pradesh(State),00864600,015478,N,,,,
3029,15579,Seri (252),सेरी (252),Nihri(Sub-District) / Mandi(District) / Himachal Pradesh(State),00874700,015579,N,,,,
3030,16070,Seri (289),सेरी (289),Karsog(Sub-District) / Mandi(District) / Himachal Pradesh(State),00923800,016070,N,,,,
3031,15212,Seri (350),सेरी (350),Thunag(Sub-District) / Mandi(District) / Himachal Pradesh(State),00838000,015212,N,,,,
3032,939600,Seri (366/7),सेरी (366/7),Mandi(Sub-District) / Mandi(District) / Himachal Pradesh(State),,000000,N,,,,
3033,15348,Seri (39),सेरी (39),Chachyot(Sub-District) / Mandi(District) / Himachal Pradesh(State),00851600,015348,N,,,,
3034,16236,Seri (502),सेरी (502),Karsog(Sub-District) / Mandi(District) / Himachal Pradesh(State),00940400,016236,N,,,,
3035,13212,Seri (506),सेरी (506),Katoula(Sub-District) / Mandi(District) / Himachal Pradesh(State),00638000,013212,N,,,,
3036,15288,Seri (703),सेरी (703),Chhatri(Sub-District) / Mandi(District) / Himachal Pradesh(State),00845600,015288,N,,,,
3037,15786,Serkalan (333),सेरकलां (333),Pangna(Sub-District) / Mandi(District) / Himachal Pradesh(State),00895400,015786,N,,,,
3038,14560,Serla Khabu (123),सेरला खाबू (123),Rewalsar(Sub-District) / Mandi(District) / Himachal Pradesh(State),00772800,014560,N,,,,
3039,15906,Shadai (237),शडई (237),Bagshad(Sub-District) / Mandi(District) / Himachal Pradesh(State),00907400,015906,N,,,,
3040,14489,Shadhla (614),शाढला (614),Mandi(Sub-District) / Mandi(District) / Himachal Pradesh(State),00765700,014489,N,,,,
3041,14987,Shaduna (615),शडूणा (615),Bali Chowki(Sub-District) / Mandi(District) / Himachal Pradesh(State),00815500,014987,N,,,,
3042,15740,Shadyar (226),शदयार (226),Pangna(Sub-District) / Mandi(District) / Himachal Pradesh(State),00890800,015740,N,,,,
3043,13198,Shagnal (498),शगनाल (498),Padhar(Sub-District) / Mandi(District) / Himachal Pradesh(State),00636600,013198,N,,,,
3044,15883,Shahal (203),शाहल (203),Pangna(Sub-District) / Mandi(District) / Himachal Pradesh(State),00905100,015883,N,,,,
3045,16180,Shahot (444),शाहोट (444),Karsog(Sub-District) / Mandi(District) / Himachal Pradesh(State),00934800,016180,N,,,,
3046,14913,Shaihnu (551),शैहनू (551),Bali Chowki(Sub-District) / Mandi(District) / Himachal Pradesh(State),00808100,014913,N,,,,
3047,14076,Shailag (438),शैलग (438),Bhadrota(Sub-District) / Mandi(District) / Himachal Pradesh(State),00724400,014076,N,,,,
3048,16108,Shaindhal (330),शैन्धल (330),Karsog(Sub-District) / Mandi(District) / Himachal Pradesh(State),00927600,016108,N,,,,
3049,15830,Shainthal (406),शैन्थल (406),Karsog(Sub-District) / Mandi(District) / Himachal Pradesh(State),00899800,015830,N,,,,
3050,16296,Shakahal (585),शकाहल (585),Karsog(Sub-District) / Mandi(District) / Himachal Pradesh(State),00946400,016296,N,,,,
3051,14428,Shakaryar (388),शकरयार (388),Katoula(Sub-District) / Mandi(District) / Himachal Pradesh(State),00759600,014428,N,,,,
3052,14396,Shakohar (181),शकोहर (181),Sundarnagar(Sub-District) / Mandi(District) / Himachal Pradesh(State),00756400,014396,N,,,,
3053,16011,Shakra (137),शाकरा (137),Bagshad(Sub-District) / Mandi(District) / Himachal Pradesh(State),00917900,016011,N,,,,
3054,15733,Shakra (307),शाकरा (307),Nihri(Sub-District) / Mandi(District) / Himachal Pradesh(State),00890100,015733,N,,,,
3055,13152,Shakrog (531),सकरोग (531),Padhar(Sub-District) / Mandi(District) / Himachal Pradesh(State),00632000,013152,N,,,,
3056,16045,Shal (108),शाल (108),Bagshad(Sub-District) / Mandi(District) / Himachal Pradesh(State),00921300,016045,N,,,,
3057,15633,Shal (47),शाल (47),Nihri(Sub-District) / Mandi(District) / Himachal Pradesh(State),00880100,015633,N,,,,
3058,14886,Shala (471),शाला (471),Aut(Sub-District) / Mandi(District) / Himachal Pradesh(State),00805400,014886,N,,,,
3059,15586,Shalag (249),शलग (249),Nihri(Sub-District) / Mandi(District) / Himachal Pradesh(State),00875400,015586,N,,,,
3060,16025,Shalag (257),शलाग (257),Bagshad(Sub-District) / Mandi(District) / Himachal Pradesh(State),00919300,016025,N,,,,
3061,14685,Shali (252),शाली (252),Balh(Sub-District) / Mandi(District) / Himachal Pradesh(State),00785300,014685,N,,,,
3062,15446,Shalla (170),शाला (170),Chachyot(Sub-District) / Mandi(District) / Himachal Pradesh(State),00861400,015446,N,,,,
3063,15758,Shalog (318),शलोग (318),Pangna(Sub-District) / Mandi(District) / Himachal Pradesh(State),00892600,015758,N,,,,
3064,15563,Shalosh (223),शलोश (223),Nihri(Sub-District) / Mandi(District) / Himachal Pradesh(State),00873100,015563,N,,,,
3065,14947,Shalwar (644),शलवाड़ (644),Thachi(Sub-District) / Mandi(District) / Himachal Pradesh(State),00811500,014947,N,,,,
3066,13042,Shamalang (456),शमालंग (456),Tikken(Sub-District) / Mandi(District) / Himachal Pradesh(State),00621000,013042,N,,,,
3067,15949,Shamand (183),शमान्द (183),Bagshad(Sub-District) / Mandi(District) / Himachal Pradesh(State),00911700,015949,N,,,,
3068,13976,Shamlat (458),शामलात (458),Sarkaghat(Sub-District) / Mandi(District) / Himachal Pradesh(State),00722900,013976,N,,,,
3069,16041,Shamlaut (148),शमलोट (148),Bagshad(Sub-District) / Mandi(District) / Himachal Pradesh(State),00920900,016041,N,,,,
3070,15808,Shanahar (490),शनाहर (490),Karsog(Sub-District) / Mandi(District) / Himachal Pradesh(State),00897600,015808,N,,,,
3071,939626,Shanan (393),शनन (393),Jogindarnagar(Sub-District) / Mandi(District) / Himachal Pradesh(State),,000000,N,,,,
3072,13471,Shanan Khera (91),शानण खेड़ा (91),Lad Bharol(Sub-District) / Mandi(District) / Himachal Pradesh(State),00663900,013471,N,,,,
3073,15724,Shandra (299),शण्डरा (299),Nihri(Sub-District) / Mandi(District) / Himachal Pradesh(State),00889200,015724,N,,,,
3074,14926,Shankawaah (535),शनकवाह (535),Bali Chowki(Sub-District) / Mandi(District) / Himachal Pradesh(State),00809400,014926,N,,,,
3075,16316,Shanog (597),शनोग (597),Karsog(Sub-District) / Mandi(District) / Himachal Pradesh(State),00948400,016316,N,,,,
3076,16203,Shanohu (430),शनोहू (430),Karsog(Sub-District) / Mandi(District) / Himachal Pradesh(State),00937100,016203,N,,,,
3077,16164,Shansh (329),शन्श (329),Karsog(Sub-District) / Mandi(District) / Himachal Pradesh(State),00933200,016164,N,,,,
3078,15624,Shaodhar (278),शाओधार (278),Nihri(Sub-District) / Mandi(District) / Himachal Pradesh(State),00879200,015624,N,,,,
3079,16029,Shaong (254),शावंग (254),Bagshad(Sub-District) / Mandi(District) / Himachal Pradesh(State),00919700,016029,N,,,,
3080,14890,Shara (531),शारा (531),Aut(Sub-District) / Mandi(District) / Himachal Pradesh(State),00805800,014890,N,,,,
3081,15048,Sharachi (532),शराची (532),Bagachnogi(Sub-District) / Mandi(District) / Himachal Pradesh(State),00821600,015048,N,,,,
3082,15088,Sharan (96),शरन (96),Thunag(Sub-District) / Mandi(District) / Himachal Pradesh(State),00825600,015088,N,,,,
3083,15236,Sharotaali (429),शरोटली (429),Chhatri(Sub-District) / Mandi(District) / Himachal Pradesh(State),00840400,015236,N,,,,
3084,15054,Shawa (529),शावा (529),Bagachnogi(Sub-District) / Mandi(District) / Himachal Pradesh(State),00822200,015054,N,,,,
3085,15304,Shawan (721),शवाण (721),Chhatri(Sub-District) / Mandi(District) / Himachal Pradesh(State),00847200,015304,N,,,,
3086,14811,Shayari (495),शायरी (495),Aut(Sub-District) / Mandi(District) / Himachal Pradesh(State),00797900,014811,N,,,,
3087,15994,Shegali (143),शेगली (143),Bagshad(Sub-District) / Mandi(District) / Himachal Pradesh(State),00916200,015994,N,,,,
3088,15995,Shegalinal (113),शेगली नाल (113),Bagshad(Sub-District) / Mandi(District) / Himachal Pradesh(State),00916300,015995,N,,,,
3089,15347,Sheglagalu (38),शेगलागलू (38),Chachyot(Sub-District) / Mandi(District) / Himachal Pradesh(State),00851500,015347,N,,,,
3090,13682,Sherpur (76),शेरपुर (76),Dharmpur(Sub-District) / Mandi(District) / Himachal Pradesh(State),00685000,013682,N,,,,
3091,14365,Sheshdhar (151),शैषधार (151),Sundarnagar(Sub-District) / Mandi(District) / Himachal Pradesh(State),00753300,014365,N,,,,
3092,15121,Shihal (504),शिहल (504),Bagachnogi(Sub-District) / Mandi(District) / Himachal Pradesh(State),00828900,015121,N,,,,
3093,15303,Shihl (718),शिहल (718),Chhatri(Sub-District) / Mandi(District) / Himachal Pradesh(State),00847100,015303,N,,,,
3094,15074,Shikawari (88),शिकावरी (88),Thunag(Sub-District) / Mandi(District) / Himachal Pradesh(State),00824200,015074,N,,,,
3095,14806,Shila Daral (498),शिलादारल(498),Aut(Sub-District) / Mandi(District) / Himachal Pradesh(State),00797400,014806,N,,,,
3096,13167,Shilag (593),शिलग (593),Padhar(Sub-District) / Mandi(District) / Himachal Pradesh(State),00633500,013167,N,,,,
3097,13508,Shilh (127),शिल्ह (127),Lad Bharol(Sub-District) / Mandi(District) / Himachal Pradesh(State),00667600,013508,N,,,,
3098,13053,Shilh (485),शिल्ह (485),Padhar(Sub-District) / Mandi(District) / Himachal Pradesh(State),00622100,013053,N,,,,
3099,16260,Shilh (496),शिल्ह (496),Karsog(Sub-District) / Mandi(District) / Himachal Pradesh(State),00942800,016260,N,,,,
3100,15058,Shilh (525),शिल्ह (525),Bagachnogi(Sub-District) / Mandi(District) / Himachal Pradesh(State),00822600,015058,N,,,,
3101,15440,Shilhanu (162),शिल्हणू (162),Chachyot(Sub-District) / Mandi(District) / Himachal Pradesh(State),00860800,015440,N,,,,
3102,13051,Shilhbhadwani (483),शिल्हबधानी (483),Padhar(Sub-District) / Mandi(District) / Himachal Pradesh(State),00621900,013051,N,,,,
3103,15120,Shilhibagi (502),शिल्हीबागी (502),Bagachnogi(Sub-District) / Mandi(District) / Himachal Pradesh(State),00828800,015120,N,,,,
3104,15503,Shilhishaal (239),शिल्हीशाल (239),Chachyot(Sub-District) / Mandi(District) / Himachal Pradesh(State),00867100,015503,N,,,,
3105,15826,Shilla Kadaun (411),शिल्हा कड़ौण (411),Karsog(Sub-District) / Mandi(District) / Himachal Pradesh(State),00899400,015826,N,,,,
3106,14763,Shilla Kipper (341),शिल्ला किपड़ (341),Mandi(Sub-District) / Mandi(District) / Himachal Pradesh(State),00793100,014763,N,,,,
3107,14833,Shil Mashora (511),शिल्ह मशोरा (511),Aut(Sub-District) / Mandi(District) / Himachal Pradesh(State),00800100,014833,N,,,,
3108,13142,Shingar (576),शिंगार (576),Padhar(Sub-District) / Mandi(District) / Himachal Pradesh(State),00631000,013142,N,,,,
3109,16153,Shirgal (359),शिरगल (359),Karsog(Sub-District) / Mandi(District) / Himachal Pradesh(State),00932100,016153,N,,,,
3110,14461,Shiva (437),शिवा (437),Mandi(Sub-District) / Mandi(District) / Himachal Pradesh(State),00762900,014461,N,,,,
3111,15122,Shiwa (512),शिबा (512),Bagachnogi(Sub-District) / Mandi(District) / Himachal Pradesh(State),00829000,015122,N,,,,
3112,15290,Shoda Bihani (706),शोधा विहणी (706),Chhatri(Sub-District) / Mandi(District) / Himachal Pradesh(State),00845800,015290,N,,,,
3113,15916,Shorshan (178),शोरशन (178),Bagshad(Sub-District) / Mandi(District) / Himachal Pradesh(State),00908400,015916,N,,,,
3114,15036,Shukad (686),शुकाड़ (686),Bali Chowki(Sub-District) / Mandi(District) / Himachal Pradesh(State),00820400,015036,N,,,,
3115,15275,Shukali (427),शुकली (427),Chhatri(Sub-District) / Mandi(District) / Himachal Pradesh(State),00844300,015275,N,,,,
3116,16309,Shushan (573),शुशन (573),Karsog(Sub-District) / Mandi(District) / Himachal Pradesh(State),00947700,016309,N,,,,
3117,13655,Sidhpur (52),सिध्दपुर (52),Dharmpur(Sub-District) / Mandi(District) / Himachal Pradesh(State),00682300,013655,N,,,,
3118,13717,Sihan (117),सीहण (117),Mandap(Sub-District) / Mandi(District) / Himachal Pradesh(State),00688500,013717,N,,,,
3119,14740,Sihan (216),सीहन (216),Balh(Sub-District) / Mandi(District) / Himachal Pradesh(State),00790800,014740,N,,,,
3120,16196,Sihanj (441),सिहन्ज (441),Karsog(Sub-District) / Mandi(District) / Himachal Pradesh(State),00936400,016196,N,,,,
3121,16285,Sihanj (556),सिहन्ज (556),Karsog(Sub-District) / Mandi(District) / Himachal Pradesh(State),00945300,016285,N,,,,
3122,13456,Siharal (41),सिहारल (41),Lad Bharol(Sub-District) / Mandi(District) / Himachal Pradesh(State),00662400,013456,N,,,,
3123,13983,Siharal (456),सिहारल (456),Sarkaghat(Sub-District) / Mandi(District) / Himachal Pradesh(State),00723600,013983,N,,,,
3124,15895,Sihni Dhinglu (239),सिहणी ढिंगलू (239),Pangna(Sub-District) / Mandi(District) / Himachal Pradesh(State),00906300,015895,N,,,,
3125,13761,Sikan (28),सिकन (28),Kotli(Sub-District) / Mandi(District) / Himachal Pradesh(State),00692900,013761,N,,,,
3126,13990,Silh (301),शिल्ह (301),Bhadrota(Sub-District) / Mandi(District) / Himachal Pradesh(State),00711600,013990,N,,,,
3127,13113,Silhikhad (548),सिल्हीखडड (548),Padhar(Sub-District) / Mandi(District) / Himachal Pradesh(State),00628100,013113,N,,,,
3128,13540,Simas (148),सिमस (148),Lad Bharol(Sub-District) / Mandi(District) / Himachal Pradesh(State),00670800,013540,N,,,,
3129,13877,Simbal Kothi (210),सिम्बल कोठी (210),Sarkaghat(Sub-District) / Mandi(District) / Himachal Pradesh(State),00704500,013877,N,,,,
3130,16186,Sinana (523),सीनणा (523),Karsog(Sub-District) / Mandi(District) / Himachal Pradesh(State),00935400,016186,N,,,,
3131,13027,Singdhar (430),सिंघधार (430),Tikken(Sub-District) / Mandi(District) / Himachal Pradesh(State),00619500,013027,N,,,,
3132,15555,Singhu (153),सिंघू (153),Nihri(Sub-District) / Mandi(District) / Himachal Pradesh(State),00872300,015555,N,,,,
3133,14104,Sirs Samloun (483),सिरस समलौण (483),Baldwara(Sub-District) / Mandi(District) / Himachal Pradesh(State),00727200,014104,N,,,,
3134,13494,Siun (113),सियूण (113),Lad Bharol(Sub-District) / Mandi(District) / Himachal Pradesh(State),00666200,013494,N,,,,
3135,13153,Siun (532),सियूण (532),Padhar(Sub-District) / Mandi(District) / Himachal Pradesh(State),00632100,013153,N,,,,
3136,14340,Siyanji (114),स्यांजी (114),Sundarnagar(Sub-District) / Mandi(District) / Himachal Pradesh(State),00750800,014340,N,,,,
3137,14790,Siyog (326),सियोग (326),Mandi(Sub-District) / Mandi(District) / Himachal Pradesh(State),00795800,014790,N,,,,
3138,14202,Smailla (564),समैला (564),Baldwara(Sub-District) / Mandi(District) / Himachal Pradesh(State),00737000,014202,N,,,,
3139,13588,Sohar (2),सोहर (2),Sandhol(Sub-District) / Mandi(District) / Himachal Pradesh(State),00675600,013588,N,,,,
3140,14269,Sohar (68),सोहर (68),Dehar(Sub-District) / Mandi(District) / Himachal Pradesh(State),00743700,014269,N,,,,
3141,16052,Sojha (166),सोझा (166),Bagshad(Sub-District) / Mandi(District) / Himachal Pradesh(State),00922000,016052,N,,,,
3142,15611,Sojha (288),सोझा (288),Nihri(Sub-District) / Mandi(District) / Himachal Pradesh(State),00877900,015611,N,,,,
3143,14842,Sojha (522),सोझा (522),Aut(Sub-District) / Mandi(District) / Himachal Pradesh(State),00801000,014842,N,,,,
3144,14415,Solang (416),सोलंग (416),Katoula(Sub-District) / Mandi(District) / Himachal Pradesh(State),00758300,014415,N,,,,
3145,14960,Somgad (634),सोमगाड़ (634),Thachi(Sub-District) / Mandi(District) / Himachal Pradesh(State),00812800,014960,N,,,,
3146,15864,Sorta (390),सोरता (390),Pangna(Sub-District) / Mandi(District) / Himachal Pradesh(State),00903200,015864,N,,,,
3147,14620,Soyara (185,सोयरा (185),Balh(Sub-District) / Mandi(District) / Himachal Pradesh(State),00778800,014620,N,,,,
3148,13382,Spairu (283),स्पैडू (283),Jogindarnagar(Sub-District) / Mandi(District) / Himachal Pradesh(State),00655000,013382,N,,,,
3149,14803,Srandha (323),सरान्ढा (323),Mandi(Sub-District) / Mandi(District) / Himachal Pradesh(State),00797100,014803,N,,,,
3150,13244,Stain (4),स्तैन (4),Jogindarnagar(Sub-District) / Mandi(District) / Himachal Pradesh(State),00641200,013244,N,,,,
3151,13312,Suan (261),सुआं (261),Makridi(Sub-District) / Mandi(District) / Himachal Pradesh(State),00648000,013312,N,,,,
3152,13060,Sudhar (477),सुधार (477),Padhar(Sub-District) / Mandi(District) / Himachal Pradesh(State),00622800,013060,N,,,,
3153,15011,Sudhrani (659),सुधराणी (659),Bali Chowki(Sub-District) / Mandi(District) / Himachal Pradesh(State),00817900,015011,N,,,,
3154,13416,Suhi (400),सूही (400),Jogindarnagar(Sub-District) / Mandi(District) / Himachal Pradesh(State),00658400,013416,N,,,,
3155,939603,Suhra (366/6),सूहड़ा (366/6),Mandi(Sub-District) / Mandi(District) / Himachal Pradesh(State),,000000,N,,,,
3156,14423,Suhra (410),सूहड़ा (410),Katoula(Sub-District) / Mandi(District) / Himachal Pradesh(State),00759100,014423,N,,,,
3157,15941,Suin (94),सूंई (94),Pangna(Sub-District) / Mandi(District) / Himachal Pradesh(State),00910900,015941,N,,,,
3158,13245,Suja (3),सूजा (3),Jogindarnagar(Sub-District) / Mandi(District) / Himachal Pradesh(State),00641300,013245,N,,,,
3159,13241,Sukabag (5),सुकाबाग (5),Jogindarnagar(Sub-District) / Mandi(District) / Himachal Pradesh(State),00640900,013241,N,,,,
3160,15039,Suketi (680),सुकेती (680),Bali Chowki(Sub-District) / Mandi(District) / Himachal Pradesh(State),00820700,015039,N,,,,
3161,14163,Sukher (507),सुखर (507),Baldwara(Sub-District) / Mandi(District) / Himachal Pradesh(State),00733100,014163,N,,,,
3162,13794,Sukhsal (80),सुखसाल (80),Kotli(Sub-District) / Mandi(District) / Himachal Pradesh(State),00696200,013794,N,,,,
3163,14082,Sulpur (462),सुलपुर (462),Baldwara(Sub-District) / Mandi(District) / Himachal Pradesh(State),00725000,014082,N,,,,
3164,14451,Suma (426),सूमा (426),Mandi(Sub-District) / Mandi(District) / Himachal Pradesh(State),00761900,014451,N,,,,
3165,15134,Sunah (494),सुनाह (494),Thunag(Sub-District) / Mandi(District) / Himachal Pradesh(State),00830200,015134,N,,,,
3166,15298,Sunargad (711),सुनारगाड़ (711),Chhatri(Sub-District) / Mandi(District) / Himachal Pradesh(State),00846600,015298,N,,,,
3167,13736,Sundal (141),सुन्दल (141),Mandap(Sub-District) / Mandi(District) / Himachal Pradesh(State),00690400,013736,N,,,,
3168,14580,Sundehra (134),सन्देहडा (134),Rewalsar(Sub-District) / Mandi(District) / Himachal Pradesh(State),00774800,014580,N,,,,
3169,939615,Sundernagar (26/8),सुन्दरनगर (26/8),Sundarnagar(Sub-District) / Mandi(District) / Himachal Pradesh(State),,000000,N,,,,
3170,939616,Sundernagar Colony (26/4),सुन्दरनगर कलोनी (26/4),Sundarnagar(Sub-District) / Mandi(District) / Himachal Pradesh(State),,000000,N,,,,
3171,15314,Surah (23),सुराह (23),Chachyot(Sub-District) / Mandi(District) / Himachal Pradesh(State),00848200,015314,N,,,,
3172,15076,Surah (85),सुराह (85),Thunag(Sub-District) / Mandi(District) / Himachal Pradesh(State),00824400,015076,N,,,,
3173,13930,Surajpurbari (286),सुरजपुरबाड़ी (286),Sarkaghat(Sub-District) / Mandi(District) / Himachal Pradesh(State),00709800,013930,N,,,,
3174,14441,Suran (419),सूरन (419),Katoula(Sub-District) / Mandi(District) / Himachal Pradesh(State),00760900,014441,N,,,,
3175,16258,Sursi (467),सुरसी (467),Karsog(Sub-District) / Mandi(District) / Himachal Pradesh(State),00942600,016258,N,,,,
3176,13055,Swar (481),स्वाड (481),Padhar(Sub-District) / Mandi(District) / Himachal Pradesh(State),00622300,013055,N,,,,
3177,16211,Syanj (514),स्यांज (514),Karsog(Sub-District) / Mandi(District) / Himachal Pradesh(State),00937900,016211,N,,,,
3178,15344,Syanj (70),स्यांज (70),Chachyot(Sub-District) / Mandi(District) / Himachal Pradesh(State),00851200,015344,N,,,,
3179,16194,Syanjali (446),स्यांजली (446),Karsog(Sub-District) / Mandi(District) / Himachal Pradesh(State),00936200,016194,N,,,,
3180,13837,Syathi Awwal (159),स्याठी अब्बल (159),Tihra(Sub-District) / Mandi(District) / Himachal Pradesh(State),00700500,013837,N,,,,
3181,13838,Syathi Doyam (158),स्याठी दोयम (158),Tihra(Sub-District) / Mandi(District) / Himachal Pradesh(State),00700600,013838,N,,,,
3182,14502,Tabela Scor (373),तवेला शकोर (373),Mandi(Sub-District) / Mandi(District) / Himachal Pradesh(State),00767000,014502,N,,,,
3183,13646,Tadoon (55),तडून (55),Dharmpur(Sub-District) / Mandi(District) / Himachal Pradesh(State),00681400,013646,N,,,,
3184,13530,Tain (149),तैण (149),Lad Bharol(Sub-District) / Mandi(District) / Himachal Pradesh(State),00669800,013530,N,,,,
3185,14834,Takoli (510),टकोली (510),Aut(Sub-District) / Mandi(District) / Himachal Pradesh(State),00800200,014834,N,,,,
3186,13589,Takrehar (36),टकरेहड़ (36),Sandhol(Sub-District) / Mandi(District) / Himachal Pradesh(State),00675700,013589,N,,,,
3187,16162,Takrol (347),टकरोल (347),Karsog(Sub-District) / Mandi(District) / Himachal Pradesh(State),00933000,016162,N,,,,
3188,16213,Takrola (527),टकरोला (527),Karsog(Sub-District) / Mandi(District) / Himachal Pradesh(State),00938100,016213,N,,,,
3189,13944,Talangra (294),तालंगरा (294),Sarkaghat(Sub-District) / Mandi(District) / Himachal Pradesh(State),00711200,013944,N,,,,
3190,13957,Talaoo (449),तलाओ (449),Sarkaghat(Sub-District) / Mandi(District) / Himachal Pradesh(State),00716500,013957,N,,,,
3191,16020,Talehan (140),तलैहण (140),Bagshad(Sub-District) / Mandi(District) / Himachal Pradesh(State),00918800,016020,N,,,,
3192,13243,Talkehar (9),तलकेहड (9),Jogindarnagar(Sub-District) / Mandi(District) / Himachal Pradesh(State),00641100,013243,N,,,,
3193,14243,Talsai (43),तलसाई (43),Sundarnagar(Sub-District) / Mandi(District) / Himachal Pradesh(State),00741100,014243,N,,,,
3194,14138,Talwar (512),तलवार (512),Baldwara(Sub-District) / Mandi(District) / Himachal Pradesh(State),00730600,014138,N,,,,
3195,14527,Talyahar (360),तल्याहड़ (360),Mandi(Sub-District) / Mandi(District) / Himachal Pradesh(State),00769500,014527,N,,,,
3196,14680,Tamroh (243),तमरोह (243),Balh(Sub-District) / Mandi(District) / Himachal Pradesh(State),00784800,014680,N,,,,
3197,14679,Tamroh Chauntra (242),तमरोह चौतंड़ा (242),Balh(Sub-District) / Mandi(District) / Himachal Pradesh(State),00784700,014679,N,,,,
3198,14623,Tanda (187),टाण्डा (187),Balh(Sub-District) / Mandi(District) / Himachal Pradesh(State),00779100,014623,N,,,,
3199,14086,Tanda Hariyali (466),टांण्डा हरयाली (466),Baldwara(Sub-District) / Mandi(District) / Himachal Pradesh(State),00725400,014086,N,,,,
3200,14540,Tandi (102),तान्दी (102),Mandi(Sub-District) / Mandi(District) / Himachal Pradesh(State),00770800,014540,N,,,,
3201,15421,Tandi (179),तान्दी (179),Chachyot(Sub-District) / Mandi(District) / Himachal Pradesh(State),00858900,015421,N,,,,
3202,15309,Tandi (2),तांदी (2),Chachyot(Sub-District) / Mandi(District) / Himachal Pradesh(State),00847700,015309,N,,,,
3203,14939,Tandi (571),तान्दी (571),Thachi(Sub-District) / Mandi(District) / Himachal Pradesh(State),00810700,014939,N,,,,
3204,14487,Tandu (624),टाण्डू (624),Mandi(Sub-District) / Mandi(District) / Himachal Pradesh(State),00765500,014487,N,,,,
3205,13662,Tanehar (102),तनहेड (102),Dharmpur(Sub-District) / Mandi(District) / Himachal Pradesh(State),00683000,013662,N,,,,
3206,13929,Tanghari (366),टांघरी (366),Sarkaghat(Sub-District) / Mandi(District) / Himachal Pradesh(State),00709700,013929,N,,,,
3207,13817,Tanhyar (173),तन्हयार (173),Tihra(Sub-District) / Mandi(District) / Himachal Pradesh(State),00698500,013817,N,,,,
3208,13436,Tansal (18),तनसाल (18),Lad Bharol(Sub-District) / Mandi(District) / Himachal Pradesh(State),00660400,013436,N,,,,
3209,15526,Taplidhar (185),तपलीधार (185),Nihri(Sub-District) / Mandi(District) / Himachal Pradesh(State),00869400,015526,N,,,,
3210,15037,Tapnali (684),टपनाली (684),Bali Chowki(Sub-District) / Mandi(District) / Himachal Pradesh(State),00820500,015037,N,,,,
3211,13968,Tapoun (361),तपौन (261),Sarkaghat(Sub-District) / Mandi(District) / Himachal Pradesh(State),00717700,013968,N,,,,
3212,15764,Tarad (331),तराड़ (331),Pangna(Sub-District) / Mandi(District) / Himachal Pradesh(State),00893200,015764,N,,,,
3213,14780,Tarahan (330),तराहण (330),Mandi(Sub-District) / Mandi(District) / Himachal Pradesh(State),00794800,014780,N,,,,
3214,13180,Taranu (519),तराणू (519),Katoula(Sub-District) / Mandi(District) / Himachal Pradesh(State),00634800,013180,N,,,,
3215,15381,Taraur (43),तरौर (43),Chachyot(Sub-District) / Mandi(District) / Himachal Pradesh(State),00854900,015381,N,,,,
3216,13495,Tariambali (118),तरयाम्बली (118),Lad Bharol(Sub-District) / Mandi(District) / Himachal Pradesh(State),00666300,013495,N,,,,
3217,13338,Tariambli (237),त्रयाम्बली (237),Makridi(Sub-District) / Mandi(District) / Himachal Pradesh(State),00650600,013338,N,,,,
3218,942922,Tariambli (272),तरयाम्बली (272),Balh(Sub-District) / Mandi(District) / Himachal Pradesh(State),,000000,N,,,,
3219,13443,Tarind (21),त्रिन्ड (21),Lad Bharol(Sub-District) / Mandi(District) / Himachal Pradesh(State),00661100,013443,N,,,,
3220,13876,Tarlochan Kothi (211),तरलोचन कोठी (211),Sarkaghat(Sub-District) / Mandi(District) / Himachal Pradesh(State),00704400,013876,N,,,,
3221,939597,Tarna (366/5),टारना (366/5),Mandi(Sub-District) / Mandi(District) / Himachal Pradesh(State),,000000,N,,,,
3222,14153,Tarndol (477),तरन्डोल (477),Baldwara(Sub-District) / Mandi(District) / Himachal Pradesh(State),00732100,014153,N,,,,
3223,13806,Tarnoh (42),तरनोह (42),Kotli(Sub-District) / Mandi(District) / Himachal Pradesh(State),00697400,013806,N,,,,
3224,14637,Taroh (198),ट्रोह (198),Balh(Sub-District) / Mandi(District) / Himachal Pradesh(State),00780500,014637,N,,,,
3225,13677,Tarohala (92),तरोहला (92),Dharmpur(Sub-District) / Mandi(District) / Himachal Pradesh(State),00684500,013677,N,,,,
3226,13039,Tarswan (460),तरस्वाण (460),Tikken(Sub-District) / Mandi(District) / Himachal Pradesh(State),00620700,013039,N,,,,
3227,14608,Tarwain (177),टरवाई (177),Rewalsar(Sub-District) / Mandi(District) / Himachal Pradesh(State),00777600,014608,N,,,,
3228,12993,Tarwan (408),तरवाण (408),Tikken(Sub-District) / Mandi(District) / Himachal Pradesh(State),00616100,012993,N,,,,
3229,14480,Taryambali(621),तरयाम्बली (621),Mandi(Sub-District) / Mandi(District) / Himachal Pradesh(State),00764800,014480,N,eSignGOFile662648_19_02_2025_17_27_49.pdf,,,
3230,13765,Taryasal (32),तरयासल (32),Kotli(Sub-District) / Mandi(District) / Himachal Pradesh(State),00693300,013765,N,,,,
3231,14534,Taryasal (89),तरयासल (89),Mandi(Sub-District) / Mandi(District) / Himachal Pradesh(State),00770200,014534,N,,,,
3232,13927,Tatahar (367),तताहर (367),Sarkaghat(Sub-District) / Mandi(District) / Himachal Pradesh(State),00709500,013927,N,,,,
3233,15725,Tatahar Tanog(298),टटाहर  टनोग  (298),Nihri(Sub-District) / Mandi(District) / Himachal Pradesh(State),00889300,015725,N,,,,
3234,939619,Tatih (233),टटीह (233),Sarkaghat(Sub-District) / Mandi(District) / Himachal Pradesh(State),,000000,N,,,,
3235,13657,Tatoli Pardana (105),ततोली परडाना (105),Dharmpur(Sub-District) / Mandi(District) / Himachal Pradesh(State),00682500,013657,N,,,,
3236,15986,Tattapani (123),तत्तापानी (123),Bagshad(Sub-District) / Mandi(District) / Himachal Pradesh(State),00915400,015986,N,,,,
3237,14669,Tawan (231),टांवा (231),Balh(Sub-District) / Mandi(District) / Himachal Pradesh(State),00783700,014669,N,,,,
3238,16276,Teban (568),तेबन (568),Karsog(Sub-District) / Mandi(District) / Himachal Pradesh(State),00944400,016276,N,,,,
3239,14849,Tepar (524),टेपर (524),Aut(Sub-District) / Mandi(District) / Himachal Pradesh(State),00801700,014849,N,,,,
3240,13018,Terang (449),तेरंग (449),Tikken(Sub-District) / Mandi(District) / Himachal Pradesh(State),00618600,013018,N,,,,
3241,16199,Thach (438),थाच (438),Karsog(Sub-District) / Mandi(District) / Himachal Pradesh(State),00936700,016199,N,,,,
3242,15145,Thach (490),थाच (490),Thunag(Sub-District) / Mandi(District) / Himachal Pradesh(State),00831300,015145,N,,,,
3243,15049,Thach (534),थाच (534),Bagachnogi(Sub-District) / Mandi(District) / Himachal Pradesh(State),00821700,015049,N,,,,
3244,15281,Thach (698),थाच (698),Chhatri(Sub-District) / Mandi(District) / Himachal Pradesh(State),00844900,015281,N,,,,
3245,15943,Thach (96),थाच (96),Pangna(Sub-District) / Mandi(District) / Himachal Pradesh(State),00911100,015943,N,,,,
3246,15034,Thachadhar (688),थाचाधार (688),Bali Chowki(Sub-District) / Mandi(District) / Himachal Pradesh(State),00820200,015034,N,,,,
3247,15402,Thachi (146),थाची (146),Chachyot(Sub-District) / Mandi(District) / Himachal Pradesh(State),00857000,015402,N,,,,
3248,15944,Thachi (84),थाची (84),Pangna(Sub-District) / Mandi(District) / Himachal Pradesh(State),00911200,015944,N,,,,
3249,13176,Thah (513),ठाह (513),Katoula(Sub-District) / Mandi(District) / Himachal Pradesh(State),00634400,013176,N,,,,
3250,15877,Thahali (222),ठहली (222),Pangna(Sub-District) / Mandi(District) / Himachal Pradesh(State),00904500,015877,N,,,,
3251,15772,Thaidhar (254),ठाईधार (254),Pangna(Sub-District) / Mandi(District) / Himachal Pradesh(State),00894000,015772,N,,,,
3252,15796,Thakar Thana (553),ठाकर ठाणा (553),Karsog(Sub-District) / Mandi(District) / Himachal Pradesh(State),00896400,015796,N,,,,
3253,14238,Thala (35),थला (35),Sundarnagar(Sub-District) / Mandi(District) / Himachal Pradesh(State),00740600,014238,N,,,,
3254,14541,Thalehar (105),थलेहड़ (105),Mandi(Sub-District) / Mandi(District) / Himachal Pradesh(State),00770900,014541,N,,,,
3255,16007,Thali (126),थली (126),Bagshad(Sub-District) / Mandi(District) / Himachal Pradesh(State),00917500,016007,N,,,,
3256,14891,Thalout (533),थलौट (533),Aut(Sub-District) / Mandi(District) / Himachal Pradesh(State),00805900,014891,N,,,,
3257,16036,Thaltu (151),थलटू (151),Bagshad(Sub-District) / Mandi(District) / Himachal Pradesh(State),00920400,016036,N,,,,
3258,14393,Thamari (177),थमाड़ी (177),Sundarnagar(Sub-District) / Mandi(District) / Himachal Pradesh(State),00756100,014393,N,,,,
3259,15327,Thamlah (30),थमलाह (30),Chachyot(Sub-District) / Mandi(District) / Himachal Pradesh(State),00849500,015327,N,,,,
3260,13709,Thana (128),ठाना (128),Mandap(Sub-District) / Mandi(District) / Himachal Pradesh(State),00687700,013709,N,,,,
3261,14570,Thana (137),ठाणा (137),Rewalsar(Sub-District) / Mandi(District) / Himachal Pradesh(State),00773800,014570,N,,,,
3262,13861,Thana (250),ठाणा (250),Tihra(Sub-District) / Mandi(District) / Himachal Pradesh(State),00702900,013861,N,,,,
3263,13971,Thana (382),ठाणा (382),Sarkaghat(Sub-District) / Mandi(District) / Himachal Pradesh(State),00722300,013971,N,,,,
3264,15063,Thana (514),थाना (514),Bagachnogi(Sub-District) / Mandi(District) / Himachal Pradesh(State),00823100,015063,N,,,,
3265,14166,Thana (535),ठाणा (535),Baldwara(Sub-District) / Mandi(District) / Himachal Pradesh(State),00733400,014166,N,,,,
3266,16225,Thanali (453),थनाली (453),Karsog(Sub-District) / Mandi(District) / Himachal Pradesh(State),00939300,016225,N,,,,
3267,15190,Thanar (355),थनार (355),Thunag(Sub-District) / Mandi(District) / Himachal Pradesh(State),00835800,015190,N,,,,
3268,14036,Thankar (335),ठनकर (335),Bhadrota(Sub-District) / Mandi(District) / Himachal Pradesh(State),00718700,014036,N,,,,
3269,13789,Thanout (67),थनौट (67),Kotli(Sub-District) / Mandi(District) / Himachal Pradesh(State),00695700,013789,N,,,,
3270,13321,Thara (216),ठारा (216),Makridi(Sub-District) / Mandi(District) / Himachal Pradesh(State),00648900,013321,N,,,,
3271,15366,Tharjun (107),थरजून (107),Chachyot(Sub-District) / Mandi(District) / Himachal Pradesh(State),00853400,015366,N,,,,
3272,13120,Tharki (555),थरकी (555),Padhar(Sub-District) / Mandi(District) / Himachal Pradesh(State),00628800,013120,N,,,,
3273,16310,Tharmi (575),थरमी (575),Karsog(Sub-District) / Mandi(District) / Himachal Pradesh(State),00947800,016310,N,,,,
3274,13253,Tharu (12),ठारु (12),Jogindarnagar(Sub-District) / Mandi(District) / Himachal Pradesh(State),00642100,013253,N,,,,
3275,15705,Tharu (292),ठारू (292),Nihri(Sub-District) / Mandi(District) / Himachal Pradesh(State),00887300,015705,N,,,,
3276,15253,Tharu (379),ठरु (379),Chhatri(Sub-District) / Mandi(District) / Himachal Pradesh(State),00842100,015253,N,,,,
3277,14453,Thata (445),थट्टा (445),Mandi(Sub-District) / Mandi(District) / Himachal Pradesh(State),00762100,014453,N,,,,
3278,13659,Thati (107),थाती (107),Dharmpur(Sub-District) / Mandi(District) / Himachal Pradesh(State),00682700,013659,N,,,,
3279,15024,Thatta (667),थाटा (667),Bali Chowki(Sub-District) / Mandi(District) / Himachal Pradesh(State),00819200,015024,N,,,,
3280,14869,Thawari (474),थवारी (474),Aut(Sub-District) / Mandi(District) / Himachal Pradesh(State),00803700,014869,N,,,,
3281,15559,Thihkar (152),ठिहकर (152),Nihri(Sub-District) / Mandi(District) / Himachal Pradesh(State),00872700,015559,N,,,,
3282,14556,Thinha (94),थिन्हा (94),Rewalsar(Sub-District) / Mandi(District) / Himachal Pradesh(State),00772400,014556,N,,,,
3283,16002,Thinukabalh (128),ठीणू का बल्ह (128),Bagshad(Sub-District) / Mandi(District) / Himachal Pradesh(State),00917000,016002,N,,,,
3284,15554,Thirs (221),थिर्स (221),Nihri(Sub-District) / Mandi(District) / Himachal Pradesh(State),00872200,015554,N,,,,
3285,15985,Thogi (122),ठोगी (122),Bagshad(Sub-District) / Mandi(District) / Himachal Pradesh(State),00915300,015985,N,,,,
3286,14013,Thona (329),थौना  (329),Bhadrota(Sub-District) / Mandi(District) / Himachal Pradesh(State),00713900,014013,N,,,,
3287,13434,Thorat (349),थोरट (349),Jogindarnagar(Sub-District) / Mandi(District) / Himachal Pradesh(State),00660200,013434,N,,,,
3288,15286,Thuha (707),थूहा (707),Chhatri(Sub-District) / Mandi(District) / Himachal Pradesh(State),00845400,015286,N,,,,
3289,12999,Thuji (411),थुजी (411),Tikken(Sub-District) / Mandi(District) / Himachal Pradesh(State),00616700,012999,N,,,,
3290,15113,Thunag (478),थुनाग (478),Thunag(Sub-District) / Mandi(District) / Himachal Pradesh(State),00828100,015113,N,,,,
3291,15496,Thunagala (216),थूनागला (216),Chachyot(Sub-District) / Mandi(District) / Himachal Pradesh(State),00866400,015496,N,,,,
3292,14030,Thurd (355),थुर्ड (355),Bhadrota(Sub-District) / Mandi(District) / Himachal Pradesh(State),00718100,014030,N,,,,
3293,13820,Tihra (193),टिहरा (193),Tihra(Sub-District) / Mandi(District) / Himachal Pradesh(State),00698800,013820,N,,,,
3294,14436,Tihri (408),टिहरी (408),Katoula(Sub-District) / Mandi(District) / Himachal Pradesh(State),00760400,014436,N,,,,
3295,13054,Tihri (482),टिहरी (482),Padhar(Sub-District) / Mandi(District) / Himachal Pradesh(State),00622200,013054,N,,,,
3296,14258,Tihri (63),टिहरी (63),Dehar(Sub-District) / Mandi(District) / Himachal Pradesh(State),00742600,014258,N,,,,
3297,15371,Tikar (113),टिकर (113),Chachyot(Sub-District) / Mandi(District) / Himachal Pradesh(State),00853900,015371,N,,,,
3298,13368,Tikar (308),टिकर (308),Jogindarnagar(Sub-District) / Mandi(District) / Himachal Pradesh(State),00653600,013368,N,,,,
3299,15360,Tikar (83),टिकर (83),Chachyot(Sub-District) / Mandi(District) / Himachal Pradesh(State),00852800,015360,N,,,,
3300,14751,Tikar Kalan (297),टिकरकंला (297),Balh(Sub-District) / Mandi(District) / Himachal Pradesh(State),00791900,014751,N,,,,
3301,15505,Tikhu Doghra (231),तीखू दोघरा (231),Chachyot(Sub-District) / Mandi(District) / Himachal Pradesh(State),00867300,015505,N,,,,
3302,15953,Tikkar (101),टिक्कर (101),Bagshad(Sub-District) / Mandi(District) / Himachal Pradesh(State),00912100,015953,N,,,,
3303,15857,Tikkar (210),टिक्कर (210),Pangna(Sub-District) / Mandi(District) / Himachal Pradesh(State),00902500,015857,N,,,,
3304,14017,Tikkar (333),टिक्कर (333),Bhadrota(Sub-District) / Mandi(District) / Himachal Pradesh(State),00714300,014017,N,,,,
3305,15827,Tikkar (393),टिक्कर (393),Karsog(Sub-District) / Mandi(District) / Himachal Pradesh(State),00899500,015827,N,,,,
3306,13064,Tikkar (475),टिक्कर (475),Padhar(Sub-District) / Mandi(District) / Himachal Pradesh(State),00623200,013064,N,,,,
3307,14823,Tikkar (502),टिक्कर (502),Aut(Sub-District) / Mandi(District) / Himachal Pradesh(State),00799100,014823,N,,,,
3308,13185,Tikkar (526),टिक्कर (526),Padhar(Sub-District) / Mandi(District) / Himachal Pradesh(State),00635300,013185,N,,,,
3309,13920,Tikkari (272),टिक्करी (272),Sarkaghat(Sub-District) / Mandi(District) / Himachal Pradesh(State),00708800,013920,N,,,,
3310,15349,Tikkari (40),टिक्करी (40),Chachyot(Sub-District) / Mandi(District) / Himachal Pradesh(State),00851700,015349,N,,,,
3311,13818,Tikker (172),टिक्कर (172),Tihra(Sub-District) / Mandi(District) / Himachal Pradesh(State),00698600,013818,N,,,,
3312,15020,Tikki (669),टीकी (669),Bali Chowki(Sub-District) / Mandi(District) / Himachal Pradesh(State),00818800,015020,N,,,,
3313,14094,Tikkri (470),टिक्करी (470),Baldwara(Sub-District) / Mandi(District) / Himachal Pradesh(State),00726200,014094,N,,,,
3314,14204,Tikkri (567),टिक्करी (567),Baldwara(Sub-District) / Mandi(District) / Himachal Pradesh(State),00737200,014204,N,,,,
3315,13240,Tikri Mushehra (54),टिकरी मुशैहरा (54),Jogindarnagar(Sub-District) / Mandi(District) / Himachal Pradesh(State),00640800,013240,N,,,,
3316,13269,Tikroo (75),टिकरु (75),Jogindarnagar(Sub-District) / Mandi(District) / Himachal Pradesh(State),00643700,013269,N,,,,
3317,14649,Tilli (348),टिल्ली (348),Mandi(Sub-District) / Mandi(District) / Himachal Pradesh(State),00781700,014649,N,,,,
3318,15263,Tipri (390),टिपरी (390),Chhatri(Sub-District) / Mandi(District) / Himachal Pradesh(State),00843100,015263,N,,,,
3319,15498,Tokhar (214),तोखर (214),Chachyot(Sub-District) / Mandi(District) / Himachal Pradesh(State),00866600,015498,N,,,,
3320,13439,Tor (27),टौर (27),Lad Bharol(Sub-District) / Mandi(District) / Himachal Pradesh(State),00660700,013439,N,,,,
3321,13737,Tour Jajar (142),टौर जाजर (142),Mandap(Sub-District) / Mandi(District) / Himachal Pradesh(State),00690500,013737,N,,,,
3322,13632,Tourkhola (14),टौरखोला (14),Sandhol(Sub-District) / Mandi(District) / Himachal Pradesh(State),00680000,013632,N,,,,
3323,13186,Traila (524),तरैला (524),Padhar(Sub-District) / Mandi(District) / Himachal Pradesh(State),00635400,013186,N,,,,
3324,13302,Traimbli (196),त्रैम्बली (196),Makridi(Sub-District) / Mandi(District) / Himachal Pradesh(State),00647000,013302,N,,,,
3325,13256,Tramat (43),तरामट (43),Jogindarnagar(Sub-District) / Mandi(District) / Himachal Pradesh(State),00642400,013256,N,,,,
3326,14319,Trambar(24),डी.पी.एफ.तराम्बर (24),Sundarnagar(Sub-District) / Mandi(District) / Himachal Pradesh(State),00748700,014319,N,,,,
3327,15070,Trashun (523),त्रसून (523),Bagachnogi(Sub-District) / Mandi(District) / Himachal Pradesh(State),00823800,015070,N,,,,
3328,14817,Trayal (499),तरायल(499),Aut(Sub-District) / Mandi(District) / Himachal Pradesh(State),00798500,014817,N,,,,
3329,13699,Tryamla (81),तरयामला (81),Dharmpur(Sub-District) / Mandi(District) / Himachal Pradesh(State),00686700,013699,N,,,,
3330,13570,Tulah (213),तुलाह (213),Lad Bharol(Sub-District) / Mandi(District) / Himachal Pradesh(State),00673800,013570,N,,,,
3331,14132,Tumhran (516),तुमराहण (516),Dhalwan(Sub-District) / Mandi(District) / Himachal Pradesh(State),00730000,014132,N,,,,
3332,16306,Tumman (593),तुम्मण (593),Karsog(Sub-District) / Mandi(District) / Himachal Pradesh(State),00947400,016306,N,,,,
3333,15450,Tuna (174),तूना (174),Chachyot(Sub-District) / Mandi(District) / Himachal Pradesh(State),00861800,015450,N,,,,
3334,16183,Tundal (518),तुन्दल (518),Karsog(Sub-District) / Mandi(District) / Himachal Pradesh(State),00935100,016183,N,,,,
3335,14454,Tundhla (443),तुन्धला (443),Mandi(Sub-District) / Mandi(District) / Himachal Pradesh(State),00762200,014454,N,,,,
3336,14501,Tung (374),तुंग (374),Mandi(Sub-District) / Mandi(District) / Himachal Pradesh(State),00766900,014501,N,,,,
3337,15167,Tungadhar (449),तुंगाधार (449),Thunag(Sub-District) / Mandi(District) / Himachal Pradesh(State),00833500,015167,N,,,,
3338,14113,Tung Batldi (474),तुंग बताहलड़ी (474),Baldwara(Sub-District) / Mandi(District) / Himachal Pradesh(State),00728100,014113,N,,,,
3339,14603,Tyambla (172),तयाम्बला (172),Rewalsar(Sub-District) / Mandi(District) / Himachal Pradesh(State),00777100,014603,N,,,,
3340,13654,Tyog (50),त्योग (50),Dharmpur(Sub-District) / Mandi(District) / Himachal Pradesh(State),00682200,013654,N,,,,
3341,14459,Uba (439),उबा (439),Mandi(Sub-District) / Mandi(District) / Himachal Pradesh(State),00762700,014459,N,,,,
3342,15954,Udhmu (103),उधमू (103),Bagshad(Sub-District) / Mandi(District) / Himachal Pradesh(State),00912200,015954,N,,,,
3343,14191,Ukhla Baras (560),उखला वारस (560),Baldwara(Sub-District) / Mandi(District) / Himachal Pradesh(State),00735900,014191,N,,,,
3344,15046,Ukhli (665),ऊखली (665),Bali Chowki(Sub-District) / Mandi(District) / Himachal Pradesh(State),00821400,015046,N,,,,
3345,15673,Ukri (59),उकड़ी (59),Nihri(Sub-District) / Mandi(District) / Himachal Pradesh(State),00884100,015673,N,,,,
3346,13220,Uparla Marhola (59),उपरला मरहोला (59),Jogindarnagar(Sub-District) / Mandi(District) / Himachal Pradesh(State),00638800,013220,N,,,,
3347,15862,Uparli Begli (209),उपरली बेगली (209),Pangna(Sub-District) / Mandi(District) / Himachal Pradesh(State),00903000,015862,N,,,,
3348,15712,Uparli Chakrad (276),उपरली चकराड (276),Nihri(Sub-District) / Mandi(District) / Himachal Pradesh(State),00888000,015712,N,,,,
3349,13625,Uperlacholgarh (17),उपरलाचैलगढ़ (17),Sandhol(Sub-District) / Mandi(District) / Himachal Pradesh(State),00679300,013625,N,,,,
3350,13601,Uperliberi (41),उपरलीबैरी (41),Sandhol(Sub-District) / Mandi(District) / Himachal Pradesh(State),00676900,013601,N,,,,
3351,13537,Uperli Gagal (168),उपरली गागल् (168),Lad Bharol(Sub-District) / Mandi(District) / Himachal Pradesh(State),00670500,013537,N,,,,
3352,13974,Upper Barot (451),अपर बरोट (451),Sarkaghat(Sub-District) / Mandi(District) / Himachal Pradesh(State),00722700,013974,N,,,,
3353,14171,Upper Jehmat (541),अप्पर जैहमत (541),Baldwara(Sub-District) / Mandi(District) / Himachal Pradesh(State),00733900,014171,N,,,,
3354,16141,Upperla Dharbhaug (367),उपरला धरभाउग (367),Karsog(Sub-District) / Mandi(District) / Himachal Pradesh(State),00930900,016141,N,,,,
3355,16101,Upperla Karyala Naal (275),उपरला करयाला नाल (275),Karsog(Sub-District) / Mandi(District) / Himachal Pradesh(State),00926900,016101,N,,,,
3356,16110,Upperla Nagaltha (299),उपरला नगालठा (299),Karsog(Sub-District) / Mandi(District) / Himachal Pradesh(State),00927800,016110,N,,,,
3357,14387,Upperla Nehaindal (175),उपरला नैहन्दल (175),Sundarnagar(Sub-District) / Mandi(District) / Himachal Pradesh(State),00755500,014387,N,,,,
3358,15832,Upperla Pathron (407),उपरला पथरौण (407),Karsog(Sub-District) / Mandi(District) / Himachal Pradesh(State),00900000,015832,N,,,,
3359,14330,Upperli Bahli (13),उपरली बहली (13),Sundarnagar(Sub-District) / Mandi(District) / Himachal Pradesh(State),00749800,014330,N,,,,
3360,15719,Uprali Doban (303),उपरली डोबण (303),Nihri(Sub-District) / Mandi(District) / Himachal Pradesh(State),00888700,015719,N,,,,
3361,13079,Urla (368),उरला (368),Padhar(Sub-District) / Mandi(District) / Himachal Pradesh(State),00624700,013079,N,,,,
3362,13543,Utpur (152),उटपुर (152),Lad Bharol(Sub-District) / Mandi(District) / Himachal Pradesh(State),00671100,013543,N,,,,
3363,13986,Vanbhagoh (433),वनभगोह (433),Sarkaghat(Sub-District) / Mandi(District) / Himachal Pradesh(State),00723900,013986,N,,,,
3364,14738,Wah (215),वाह (215),Balh(Sub-District) / Mandi(District) / Himachal Pradesh(State),00790600,014738,N,,,,
3365,14651,Wayar (349),वायर (349),Mandi(Sub-District) / Mandi(District) / Himachal Pradesh(State),00781900,014651,N,,,,
3366,13912,Yoh (279),योह (279),Sarkaghat(Sub-District) / Mandi(District) / Himachal Pradesh(State),00708000,013912,N,,,,
3367,13231,Yora (74),योेरा (74),Jogindarnagar(Sub-District) / Mandi(District) / Himachal Pradesh(State),00639900,013231,N,,,,
