S No,Village LGD Code,Village Name (In English),Village Name (In Local language),Hierarchy,Census 2001 Code,Census2011 Code,Pesa Status,View Government Order,View Details,View History,View Map
1,23784,Addu (40),अड्डू (40),Nankhari(Sub-District) / Shimla(District) / Himachal Pradesh(State),01684700,023784,N,,,,
2,26451,Adhal(74/1),अढाल(74/1),Rohru(Sub-District) / Shimla(District) / Himachal Pradesh(State),01919700,026451,N,,,,
3,24099,Aeog(144),ऐवग(144),Sunni(Sub-District) / Shimla(District) / Himachal Pradesh(State),01716200,024099,N,,,,
4,24491,Agwahi (397),अगवाही (397),Shimla ( Rural )(Sub-District) / Shimla(District) / Himachal Pradesh(State),01752500,024491,N,,,,
5,23843,Ahar (157),आहर(157),Kumarsain(Sub-District) / Shimla(District) / Himachal Pradesh(State),01690600,023843,N,,,,
6,25662,Ahnog (143),आहनोग(143),Kupvi(Sub-District) / Shimla(District) / Himachal Pradesh(State),01847800,025662,N,,,,
7,24165,Aisha (7),ऐशा(7),Jalog(Sub-District) / Shimla(District) / Himachal Pradesh(State),01722800,024165,N,,,,
8,24674,Ajdhar(347),अजधार (347),Shimla ( Rural )(Sub-District) / Shimla(District) / Himachal Pradesh(State),01767700,024674,N,,,,
9,25398,Alashna (6),अलाशना(6),Chaupal(Sub-District) / Shimla(District) / Himachal Pradesh(State),01833800,025398,N,,,,
10,26172,Alawang (51),अलावंग (51),Kotkhai(Sub-District) / Shimla(District) / Himachal Pradesh(State),01896000,026172,N,,,,
11,25249,Aloti(218),अलोटी(218),Theog(Sub-District) / Shimla(District) / Himachal Pradesh(State),01821200,025249,N,,,,
12,24079,Ambari(128),ऐम्बरी(128),Sunni(Sub-District) / Shimla(District) / Himachal Pradesh(State),01714200,024079,N,,,,
13,26573,Amboi (14),अम्बोई(14),Jangla(Sub-District) / Shimla(District) / Himachal Pradesh(State),01931800,026573,N,,,,
14,26662,Ambot (81),अम्बोट (81),Dhamwari(Sub-District) / Shimla(District) / Himachal Pradesh(State),01940700,026662,N,eSignGOFile662648_25_03_2026_15_00_03.pdf,,,
15,26632,Andhra (62),आन्ध्रा(62),Chirgaon(Sub-District) / Shimla(District) / Himachal Pradesh(State),01937700,026632,N,,,,
16,26420,Andhrevathi(28),अन्द्रेवठी(28),Rohru(Sub-District) / Shimla(District) / Himachal Pradesh(State),01916600,026420,N,,,,
17,26115,Andhvi(44),आंधवी(44),Kalbog(Sub-District) / Shimla(District) / Himachal Pradesh(State),01891700,026115,N,,,,
18,939811,Andri,आन्दडी,Shimla (Urban)(Sub-District) / Shimla(District) / Himachal Pradesh(State),,000000,N,,,,
19,24285,Androli (51),अन्द्रोली(51),Shimla ( Rural )(Sub-District) / Shimla(District) / Himachal Pradesh(State),01734600,024285,N,,,,
20,24457,Anji (33/362),आंजी (33/362),Shimla ( Rural )(Sub-District) / Shimla(District) / Himachal Pradesh(State),01749300,024457,N,,,,
21,24575,Anji (5/74),आंजी (5/74),Shimla ( Rural )(Sub-District) / Shimla(District) / Himachal Pradesh(State),01759300,024575,N,,,,
22,26448,Antapu (74/2),अन्टापू(74/2),Rohru(Sub-District) / Shimla(District) / Himachal Pradesh(State),01919400,026448,N,,,,
23,25549,Antrawali(125),अन्तरावली(125),Chaupal(Sub-District) / Shimla(District) / Himachal Pradesh(State),01842400,025549,N,,,,
24,26484,Anu(125),अणू(125),Rohru(Sub-District) / Shimla(District) / Himachal Pradesh(State),01923000,026484,N,,,,
25,25008,Anu (197),अणू(197),Theog(Sub-District) / Shimla(District) / Himachal Pradesh(State),01797800,025008,N,,,,
26,23994,Anu(206),अणु(206),Sunni(Sub-District) / Shimla(District) / Himachal Pradesh(State),01705700,023994,N,,,,
27,24160,Anu (3),अणू(3),Jalog(Sub-District) / Shimla(District) / Himachal Pradesh(State),01722300,024160,N,,,,
28,24653,Anu (328),अणु(328),Shimla ( Rural )(Sub-District) / Shimla(District) / Himachal Pradesh(State),01765700,024653,N,,,,
29,25573,Anu (60),अणू(60),Chaupal(Sub-District) / Shimla(District) / Himachal Pradesh(State),01843700,025573,N,,,,
30,26298,Anu (7),अणु(7),Kotkhai(Sub-District) / Shimla(District) / Himachal Pradesh(State),01905700,026298,N,,,,
31,26085,Anu (83),अणू(83),Sarawati Nagar(Sub-District) / Shimla(District) / Himachal Pradesh(State),01889200,026085,N,,,,
32,23676,Anurakshi (135),अनुराक्षी(135),Taklech(Sub-District) / Shimla(District) / Himachal Pradesh(State),01674000,023676,N,,,,
33,25915,Arah (167),आरा(167),Nerwa(Sub-District) / Shimla(District) / Himachal Pradesh(State),01872200,025915,N,,,,
34,24320,Arakshit Ban Bareli,डी.पी.एफ बरेली,Shimla ( Rural )(Sub-District) / Shimla(District) / Himachal Pradesh(State),01736800,024320,N,,,,
35,24262,Arlot (38),अरलोट(38),Dhami(Sub-District) / Shimla(District) / Himachal Pradesh(State),01732500,024262,N,,,,
36,25852,Arnot (173),अरनत(173),Nerwa(Sub-District) / Shimla(District) / Himachal Pradesh(State),01865900,025852,N,,,,
37,23848,Aroth (118),अड़ौत(118),Kumarsain(Sub-District) / Shimla(District) / Himachal Pradesh(State),01691100,023848,N,,,,
38,26708,Asandha (13),असान्दा(13),Dodra Kwar(Sub-District) / Shimla(District) / Himachal Pradesh(State),01945300,026708,N,,,,
39,25950,Astandli (56),असतान्दली(56),Jubbal(Sub-District) / Shimla(District) / Himachal Pradesh(State),01875700,025950,N,,,,
40,26495,Astani (137),अस्तानी(137),Rohru(Sub-District) / Shimla(District) / Himachal Pradesh(State),01924000,026495,N,,,,
41,26549,Atgaon (27),अटगांव(27),Chirgaon(Sub-District) / Shimla(District) / Himachal Pradesh(State),01929400,026549,N,,,,
42,25890,Auli (9),औली(9),Nerwa(Sub-District) / Shimla(District) / Himachal Pradesh(State),01869700,025890,N,,,,
43,23833,Aur (114),और(114),Kumarsain(Sub-District) / Shimla(District) / Himachal Pradesh(State),01689600,023833,N,,,,
44,26464,Baadi(66),बाडी(66),Rohru(Sub-District) / Shimla(District) / Himachal Pradesh(State),01921000,026464,N,,,,
45,939812,Baag,बाग़,Shimla (Urban)(Sub-District) / Shimla(District) / Himachal Pradesh(State),,000000,N,,,,
46,24085,Baag(150),बाग(150),Dhami(Sub-District) / Shimla(District) / Himachal Pradesh(State),01714800,024085,N,,,,
47,26499,Baagi(138),बागी(138),Rohru(Sub-District) / Shimla(District) / Himachal Pradesh(State),01924400,026499,N,,,,
48,24242,Bacharag(23),बछाडग(23),Dhami(Sub-District) / Shimla(District) / Himachal Pradesh(State),01730500,024242,N,,,,
49,26583,Bachari (23),बचाड़ी (23),Jangla(Sub-District) / Shimla(District) / Himachal Pradesh(State),01932800,026583,N,,,,
50,26440,Bachhunch(15),बच्छूँछ(15),Rohru(Sub-District) / Shimla(District) / Himachal Pradesh(State),01918600,026440,N,,,,
51,24907,Bachlon(210),बच्छलोन(210),Theog(Sub-District) / Shimla(District) / Himachal Pradesh(State),01790300,024907,N,,,,
52,25205,Badavi(353),बड़वी(353),Theog(Sub-District) / Shimla(District) / Himachal Pradesh(State),01816900,025205,N,,,,
53,24664,Badfar (337),बडफर (337),Shimla ( Rural )(Sub-District) / Shimla(District) / Himachal Pradesh(State),01766800,024664,N,,,,
54,23706,Badhach (5),बढाच(5),Nankhari(Sub-District) / Shimla(District) / Himachal Pradesh(State),01676900,023706,N,,,,
55,24554,Badhai (102),बढई (102),Shimla ( Rural )(Sub-District) / Shimla(District) / Himachal Pradesh(State),01758000,024554,N,,,,
56,23538,Badhal (50),वधाल(50),Sarahan(Sub-District) / Shimla(District) / Himachal Pradesh(State),01660100,023538,N,,,,
57,26008,Badhal (69),बढ़ाल(69),Jubbal(Sub-District) / Shimla(District) / Himachal Pradesh(State),01881500,026008,N,,,,
58,24444,Badhawani (7/92),बधावनी (7/92),Shimla ( Rural )(Sub-District) / Shimla(District) / Himachal Pradesh(State),01748200,024444,N,,,,
59,26086,Badiyar (84),बदयार (84),Sarawati Nagar(Sub-District) / Shimla(District) / Himachal Pradesh(State),01889300,026086,N,,,,
60,26599,Badiyara(12),बड़ियारा (12),Jangla(Sub-District) / Shimla(District) / Himachal Pradesh(State),01934400,026599,N,,,,
61,24366,Badog (14/159),बडोग(14/159),Dhami(Sub-District) / Shimla(District) / Himachal Pradesh(State),01741000,024366,N,,,,
62,24453,Badoh (338),बड़ोह(338),Shimla ( Rural )(Sub-District) / Shimla(District) / Himachal Pradesh(State),01748900,024453,N,,,,
63,26281,Badrena (125),बदरैणा(125),Kotkhai(Sub-District) / Shimla(District) / Himachal Pradesh(State),01904100,026281,N,,,,
64,26387,Badshal (27),बदशाल(27),Tikar(Sub-District) / Shimla(District) / Himachal Pradesh(State),01913300,026387,N,,,,
65,24314,Badua (67),बडूआ (67),Shimla ( Rural )(Sub-District) / Shimla(District) / Himachal Pradesh(State),01736500,024314,N,,,,
66,26274,Bag (114),बाग(114),Kotkhai(Sub-District) / Shimla(District) / Himachal Pradesh(State),01903600,026274,N,,,,
67,25658,Bag (160),बाग(160),Kupvi(Sub-District) / Shimla(District) / Himachal Pradesh(State),01847400,025658,N,,,,
68,24372,Bag (161),बाग(161),Dhami(Sub-District) / Shimla(District) / Himachal Pradesh(State),01741600,024372,N,,,,
69,26288,Bag (165),बाग(165),Kotkhai(Sub-District) / Shimla(District) / Himachal Pradesh(State),01904700,026288,N,,,,
70,24197,Bag (62),बाग(62),Sunni(Sub-District) / Shimla(District) / Himachal Pradesh(State),01726000,024197,N,,,,
71,25492,Bag (97),बाग(97),Chaupal(Sub-District) / Shimla(District) / Himachal Pradesh(State),01839700,025492,N,,,,
72,24434,Bagagli (337),बघली (337),Shimla ( Rural )(Sub-District) / Shimla(District) / Himachal Pradesh(State),01747300,024434,N,,,,
73,25407,Bagah (2),बगाह(2),Chaupal(Sub-District) / Shimla(District) / Himachal Pradesh(State),01834600,025407,N,,,,
74,26235,Bagahar (65),बगाहर(65),Kotkhai(Sub-District) / Shimla(District) / Himachal Pradesh(State),01900700,026235,N,,,,
75,25083,Bagain (104),बगैण(104),Theog(Sub-District) / Shimla(District) / Himachal Pradesh(State),01805000,025083,N,,,,
76,24075,Bagain (126),बगैँण(126),Sunni(Sub-District) / Shimla(District) / Himachal Pradesh(State),01713800,024075,N,,,,
77,23965,Bagain (158),बगैण(158),Kumarsain(Sub-District) / Shimla(District) / Himachal Pradesh(State),01702800,023965,N,,,,
78,26133,Bagain (43),बगैन(43),Kalbog(Sub-District) / Shimla(District) / Himachal Pradesh(State),01892600,026133,N,,,,
79,25307,Bagain (92),बगैण(92),Theog(Sub-District) / Shimla(District) / Himachal Pradesh(State),01826000,025307,N,,,,
80,26144,Bagain Jubber(55),बगैन जुब्बड(5,Kalbog(Sub-District) / Shimla(District) / Himachal Pradesh(State),01893700,026144,N,,,,
81,23758,Bagalti (38/1),बगलती(38/1),Nankhari(Sub-District) / Shimla(District) / Himachal Pradesh(State),01682100,023758,N,,,,
82,24156,Bagh (1),बाग(1),Jalog(Sub-District) / Shimla(District) / Himachal Pradesh(State),01721900,024156,N,,,,
83,26606,Bagi (146),बागी (146),Jangla(Sub-District) / Shimla(District) / Himachal Pradesh(State),01935100,026606,N,,,,
84,26193,Bagi(3),बागी(3),Kotkhai(Sub-District) / Shimla(District) / Himachal Pradesh(State),01897600,026193,N,,,,
85,26630,Bagi (63),वागी (63),Chirgaon(Sub-District) / Shimla(District) / Himachal Pradesh(State),01937500,026630,N,,,,
86,24454,Bagna (343),बगना (343),Shimla ( Rural )(Sub-District) / Shimla(District) / Himachal Pradesh(State),01749000,024454,N,,,,
87,25367,Bagna (7),बागना (7),Deha(Sub-District) / Shimla(District) / Himachal Pradesh(State),01831500,025367,N,,,,
88,25765,Bagna (77),बागना(77),Nerwa(Sub-District) / Shimla(District) / Himachal Pradesh(State),01857200,025765,N,,,,
89,24816,Bagna Kalan (406),बगना कलां (406),Shimla ( Rural )(Sub-District) / Shimla(District) / Himachal Pradesh(State),01781400,024816,N,,,,
90,24817,Bagna Khurd (407),बगना खुर्द(407),Shimla ( Rural )(Sub-District) / Shimla(District) / Himachal Pradesh(State),01781500,024817,N,,,,
91,939813,Bagog,बगोग,Shimla (Urban)(Sub-District) / Shimla(District) / Himachal Pradesh(State),,000000,N,,,,
92,24640,Bagoloo,बगोलू,Shimla ( Rural )(Sub-District) / Shimla(District) / Himachal Pradesh(State),01764700,024640,N,,,,
93,24639,Bagoloo (37),बगोलू (37),Shimla ( Rural )(Sub-District) / Shimla(District) / Himachal Pradesh(State),01764700,024639,N,,,,
94,25025,Bagon Sandhu (152),बागो संधू(152),Theog(Sub-District) / Shimla(District) / Himachal Pradesh(State),01799300,025025,N,,,,
95,24644,Bagora Khurd (38),बगोरा खुर्द (38),Shimla ( Rural )(Sub-District) / Shimla(District) / Himachal Pradesh(State),01765000,024644,N,,,,
96,25166,Bagoti (223),बगोटी(223),Theog(Sub-District) / Shimla(District) / Himachal Pradesh(State),01813200,025166,N,,,,
97,25111,Bagra (320),बागड़ा(320),Theog(Sub-District) / Shimla(District) / Himachal Pradesh(State),01807800,025111,N,,,,
98,25198,Bagra (366),बागड़ा(366),Theog(Sub-District) / Shimla(District) / Himachal Pradesh(State),01816200,025198,N,,,,
99,26291,Bagra -I (168),बागडा-1(168),Kotkhai(Sub-District) / Shimla(District) / Himachal Pradesh(State),01905000,026291,N,,,,
100,26286,Bagra-II(142),बागडा-2(142),Kotkhai(Sub-District) / Shimla(District) / Himachal Pradesh(State),01904500,026286,N,,,,
101,24179,Bagri (36),बागड़ी(36),Jalog(Sub-District) / Shimla(District) / Himachal Pradesh(State),01724200,024179,N,,,,
102,25292,Bagri (38),बागडी (38),Deha(Sub-District) / Shimla(District) / Himachal Pradesh(State),01824600,025292,N,,,,
103,24744,Bagthal (253),बगथल(253),Shimla ( Rural )(Sub-District) / Shimla(District) / Himachal Pradesh(State),01774700,024744,N,,,,
104,23880,Bagthal (90),बगथल(90),Kumarsain(Sub-District) / Shimla(District) / Himachal Pradesh(State),01694300,023880,N,,,,
105,23801,Bahali (64),बाहली(64),Nankhari(Sub-District) / Shimla(District) / Himachal Pradesh(State),01686400,023801,N,,,,
106,26515,Bahali(80),बाहली(80),Rohru(Sub-District) / Shimla(District) / Himachal Pradesh(State),01926000,026515,N,,,,
107,25505,Bahal Khas (95),बाहल खास(95),Chaupal(Sub-District) / Shimla(District) / Himachal Pradesh(State),01840500,025505,N,,,,
108,25233,Bahani (382),बाहणी(382),Theog(Sub-District) / Shimla(District) / Himachal Pradesh(State),01819700,025233,N,,,,
109,24229,Bahkyar(1),बैक्यार(1),Dhami(Sub-District) / Shimla(District) / Himachal Pradesh(State),01729200,024229,N,,,,
110,23679,Bahli (136/1),बाहली(136/1),Taklech(Sub-District) / Shimla(District) / Himachal Pradesh(State),01674300,023679,N,,,,
111,23633,Bahli (185),बाहली(185),Taklech(Sub-District) / Shimla(District) / Himachal Pradesh(State),01669700,023633,N,,,,
112,26566,Bahli (38),वाहली (38),Chirgaon(Sub-District) / Shimla(District) / Himachal Pradesh(State),01931100,026566,N,,,,
113,23909,Bahli (9),बाहली(9),Kotgarh(Sub-District) / Shimla(District) / Himachal Pradesh(State),01697200,023909,N,,,,
114,24852,Bahli Khanlog (141),बाहली खनलोग (141),Junga(Sub-District) / Shimla(District) / Himachal Pradesh(State),01785000,024852,N,,,,
115,24093,Bai(141),बैई(141),Sunni(Sub-District) / Shimla(District) / Himachal Pradesh(State),01715600,024093,N,,,,
116,23865,Bai (97),बैई(97),Kumarsain(Sub-District) / Shimla(District) / Himachal Pradesh(State),01692800,023865,N,,,,
117,24480,Bain (388),बौन (388),Shimla ( Rural )(Sub-District) / Shimla(District) / Himachal Pradesh(State),01751400,024480,N,,,,
118,24901,Bainla (200),बांईला(200),Theog(Sub-District) / Shimla(District) / Himachal Pradesh(State),01789700,024901,N,,,,
119,25096,Bainla Jandrori (323),बांईला जन्दरौड़ी(323),Theog(Sub-District) / Shimla(District) / Himachal Pradesh(State),01806300,025096,N,,,,
120,24240,Bainsh (15),बैंश (15),Dhami(Sub-District) / Shimla(District) / Himachal Pradesh(State),01730300,024240,N,,,,
121,24189,Bairty (91),बैरटी(91),Sunni(Sub-District) / Shimla(District) / Himachal Pradesh(State),01725200,024189,N,,,,
122,25905,Bajah (152),बजाह(152),Nerwa(Sub-District) / Shimla(District) / Himachal Pradesh(State),01871200,025905,N,,,,
123,26425,Bajeshal (1),बजैशल(1),Rohru(Sub-District) / Shimla(District) / Himachal Pradesh(State),01917100,026425,N,,,,
124,25144,Bajheog(284),बझैवग(284),Theog(Sub-District) / Shimla(District) / Himachal Pradesh(State),01811000,025144,N,,,,
125,24043,Bajhol (157),बझोल(157),Dhami(Sub-District) / Shimla(District) / Himachal Pradesh(State),01710600,024043,N,,,,
126,24309,Bajholiya (61),बझोलिया (61),Shimla ( Rural )(Sub-District) / Shimla(District) / Himachal Pradesh(State),01736000,024309,N,,,,
127,25121,Bajhowa (293),बजोआ(293),Theog(Sub-District) / Shimla(District) / Himachal Pradesh(State),01808800,025121,N,,,,
128,24260,Bajhyar (27),भज्याड (27),Dhami(Sub-District) / Shimla(District) / Himachal Pradesh(State),01732300,024260,N,,,,
129,26249,Bajoha (81),बजोहा(81),Kotkhai(Sub-District) / Shimla(District) / Himachal Pradesh(State),01901600,026249,N,,,,
130,25418,Bajroth (36),बजरौँठ(36),Chaupal(Sub-District) / Shimla(District) / Himachal Pradesh(State),01835200,025418,N,,,,
131,23592,Bajwa (76),बाजवा(76),Rampur(Sub-District) / Shimla(District) / Himachal Pradesh(State),01665600,023592,N,,,,
132,26497,Bakhirna (121),बखीरना(121),Rohru(Sub-District) / Shimla(District) / Himachal Pradesh(State),01924200,026497,N,,,,
133,23917,Bakhlen (7),बखलैन(7),Kotgarh(Sub-District) / Shimla(District) / Himachal Pradesh(State),01698000,023917,N,,,,
134,25237,Bakhog (377),बखोग(377),Theog(Sub-District) / Shimla(District) / Himachal Pradesh(State),01820000,025237,N,,,,
135,26295,Bakhol (177),बखोल(177),Kotkhai(Sub-District) / Shimla(District) / Himachal Pradesh(State),01905400,026295,N,,,,
136,26646,Bakhora (59),बकोरा (59),Chirgaon(Sub-District) / Shimla(District) / Himachal Pradesh(State),01939100,026646,N,,,,
137,24249,Bakhrail (14),बखड़ैल(14),Dhami(Sub-District) / Shimla(District) / Himachal Pradesh(State),01731200,024249,N,,,,
138,26116,Bakhrala (12),Bakhrala(12),Kalbog(Sub-District) / Shimla(District) / Himachal Pradesh(State),01891800,026116,N,,,,
139,25290,Bakhreya (36),बखरैया (36),Deha(Sub-District) / Shimla(District) / Himachal Pradesh(State),01824500,025290,N,,,,
140,26228,Baknewal (130),बकनेवल(130),Kotkhai(Sub-District) / Shimla(District) / Himachal Pradesh(State),01900100,026228,N,,,,
141,25267,Balag (25),बलग(25),Theog(Sub-District) / Shimla(District) / Himachal Pradesh(State),01822600,025267,N,,,,
142,24282,Balaidi (49),बलेडी (49),Shimla ( Rural )(Sub-District) / Shimla(District) / Himachal Pradesh(State),01734400,024282,N,,,,
143,24412,Balain (16/195),बलैण(16/195),Shimla ( Rural )(Sub-District) / Shimla(District) / Himachal Pradesh(State),01745300,024412,N,,,,
144,25246,Balainya (221),बलैंया (221),Theog(Sub-District) / Shimla(District) / Himachal Pradesh(State),01820900,025246,N,,,,
145,25106,Balan (314),बलन (314),Theog(Sub-District) / Shimla(District) / Himachal Pradesh(State),01807300,025106,N,,,,
146,24409,Balang (16/194),बलंग(16/194),Shimla ( Rural )(Sub-District) / Shimla(District) / Himachal Pradesh(State),01745000,024409,N,,,,
147,24385,Balau (13/121),बलाऊ (13/121),Shimla ( Rural )(Sub-District) / Shimla(District) / Himachal Pradesh(State),01742800,024385,N,,,,
148,24429,Balawag (332),बलावग(332),Shimla ( Rural )(Sub-District) / Shimla(District) / Himachal Pradesh(State),01747000,024429,N,,,,
149,24730,Baldehan (293),बल्देयाँ (293),Shimla ( Rural )(Sub-District) / Shimla(District) / Himachal Pradesh(State),01773300,024730,N,,,,
150,25295,Balghar (33),बलघार(33),Deha(Sub-District) / Shimla(District) / Himachal Pradesh(State),01824900,025295,N,,,,
151,25043,Balhech-I (134),भलेच - 1(134),Theog(Sub-District) / Shimla(District) / Himachal Pradesh(State),01801000,025043,N,,,,
152,25041,Balhech-II (269),भलेच - 2 (269),Theog(Sub-District) / Shimla(District) / Himachal Pradesh(State),01800800,025041,N,,,,
153,23828,Balinda (128),बलिण्डा(128),Kumarsain(Sub-District) / Shimla(District) / Himachal Pradesh(State),01689100,023828,N,,,,
154,25133,Baloa (263),बलोआ(263),Theog(Sub-District) / Shimla(District) / Himachal Pradesh(State),01809900,025133,N,,,,
155,24869,Balog (181),बलोग(181),Junga(Sub-District) / Shimla(District) / Himachal Pradesh(State),01786600,024869,N,,,,
156,24381,Baloh (13/126),भलोह (13/126),Shimla ( Rural )(Sub-District) / Shimla(District) / Himachal Pradesh(State),01742500,024381,N,,,,
157,25479,Bamnol (84),भमनौल(84),Chaupal(Sub-District) / Shimla(District) / Himachal Pradesh(State),01839100,025479,N,,,,
158,24088,Bamot (148),बमौत(148),Dhami(Sub-District) / Shimla(District) / Himachal Pradesh(State),01715100,024088,N,,,,
159,25583,Bamrar (49),बमराड(49),Chaupal(Sub-District) / Shimla(District) / Himachal Pradesh(State),01844700,025583,N,,,,
160,25409,Bamta (31),बम्टा(31),Chaupal(Sub-District) / Shimla(District) / Himachal Pradesh(State),01834800,025409,N,,,,
161,25623,Banah (151),बनाह(151),Kupvi(Sub-District) / Shimla(District) / Himachal Pradesh(State),01846100,025623,N,,,,
162,26156,Banahal (33),बनाहल (33),Kalbog(Sub-District) / Shimla(District) / Himachal Pradesh(State),01894800,026156,N,,,,
163,25306,Banahal (93),बनाहल(93),Theog(Sub-District) / Shimla(District) / Himachal Pradesh(State),01825900,025306,N,,,,
164,24340,Banahan(149),बनाहन(149),Dhami(Sub-District) / Shimla(District) / Himachal Pradesh(State),01738500,024340,N,,,,
165,23815,Banahar (147),बनाहर(147),Kumarsain(Sub-District) / Shimla(District) / Himachal Pradesh(State),01687800,023815,N,,,,
166,24516,Banari (123),बनाडी (123),Shimla ( Rural )(Sub-District) / Shimla(District) / Himachal Pradesh(State),01755000,024516,N,,,,
167,25304,Banari (43),बनाड़ी (43),Deha(Sub-District) / Shimla(District) / Himachal Pradesh(State),01825700,025304,N,,,,
168,25021,Ban Bag (156),बनबाग(156),Theog(Sub-District) / Shimla(District) / Himachal Pradesh(State),01798900,025021,N,,,,
169,26513,Banchhuna(108),बन्छूना(108),Rohru(Sub-District) / Shimla(District) / Himachal Pradesh(State),01925800,026513,N,,,,
170,23798,Banda (81/3),बान्डा(81-3),Nankhari(Sub-District) / Shimla(District) / Himachal Pradesh(State),01686100,023798,N,,,,
171,25654,Bandal (158),बांदल(158),Kupvi(Sub-District) / Shimla(District) / Himachal Pradesh(State),01847200,025654,N,,,,
172,25066,Bandli (113),बाँदली(113),Theog(Sub-District) / Shimla(District) / Himachal Pradesh(State),01803300,025066,N,,,,
173,26319,Bandli (155),बण्डली(155),Kotkhai(Sub-District) / Shimla(District) / Himachal Pradesh(State),01907700,026319,N,,,,
174,25357,Baneha (19),बनेहा (19),Deha(Sub-District) / Shimla(District) / Himachal Pradesh(State),01830800,025357,N,,,,
175,25093,Banewal (128),बनेवल(128),Theog(Sub-District) / Shimla(District) / Himachal Pradesh(State),01806000,025093,N,,,,
176,24233,Bangera (7),बंगैरा(7),Dhami(Sub-District) / Shimla(District) / Himachal Pradesh(State),01729600,024233,N,,,,
177,26178,Bani,उप-महाल बाडी,Kotkhai(Sub-District) / Shimla(District) / Himachal Pradesh(State),01896200,026178,N,,,,
178,23769,Bani Basa (21),बनीबासा(21),Nankhari(Sub-District) / Shimla(District) / Himachal Pradesh(State),01683200,023769,N,,,,
179,25245,Banjari(222),बन्जड़ी(222),Theog(Sub-District) / Shimla(District) / Himachal Pradesh(State),01820800,025245,N,,,,
180,24716,Banke-Ka-Dwar (277),बांके का डवार (277),Shimla ( Rural )(Sub-District) / Shimla(District) / Himachal Pradesh(State),01771900,024716,N,,,,
181,25225,Banni(359),बन्नी(359),Theog(Sub-District) / Shimla(District) / Himachal Pradesh(State),01818900,025225,N,,,,
182,26301,Banogra (176),बनोगडा(176),Kotkhai(Sub-District) / Shimla(District) / Himachal Pradesh(State),01906000,026301,N,,,,
183,23912,Banot (15),बनोट(15),Kotgarh(Sub-District) / Shimla(District) / Himachal Pradesh(State),01697500,023912,N,,,,
184,26587,Banoti(1/1),बनोटी (1/1),Jangla(Sub-District) / Shimla(District) / Himachal Pradesh(State),01933200,026587,N,,,,
185,24274,Banoun (47),बनौण(47),Dhami(Sub-District) / Shimla(District) / Himachal Pradesh(State),01733700,024274,N,,,,
186,24712,Banreri (276),बनरेडी (276),Shimla ( Rural )(Sub-District) / Shimla(District) / Himachal Pradesh(State),01771500,024712,N,,,,
187,24667,Banreru (335),बनरेडू (335),Shimla ( Rural )(Sub-District) / Shimla(District) / Himachal Pradesh(State),01767100,024667,N,,,,
188,24176,Banuna (28),बनूना(28),Jalog(Sub-District) / Shimla(District) / Himachal Pradesh(State),01723900,024176,N,,,,
189,24922,Banyana,बनयाना,Theog(Sub-District) / Shimla(District) / Himachal Pradesh(State),01791100,024922,N,,,,
190,23541,Baonda (59),बौंडा(59),Sarahan(Sub-District) / Shimla(District) / Himachal Pradesh(State),01660400,023541,N,,,,
191,26454,Barada(77),बराडा(77),Rohru(Sub-District) / Shimla(District) / Himachal Pradesh(State),01920000,026454,N,,,,
192,23812,Bara Gaon (136),बड़ागांव(136),Kumarsain(Sub-District) / Shimla(District) / Himachal Pradesh(State),01687500,023812,N,,,,
193,24781,Barah(350),बड़ाह (350),Shimla ( Rural )(Sub-District) / Shimla(District) / Himachal Pradesh(State),01778000,024781,N,,,,
194,25191,Barail (248),बडैल(248),Theog(Sub-District) / Shimla(District) / Himachal Pradesh(State),01815500,025191,N,,,,
195,25805,Baraila(116),बडेइला (116),Nerwa(Sub-District) / Shimla(District) / Himachal Pradesh(State),01861200,025805,N,eSignGOFile662648_19_02_2025_14_49_10.pdf,,,
196,26305,Baramu (172),ब्रामु(172),Kotkhai(Sub-District) / Shimla(District) / Himachal Pradesh(State),01906300,026305,N,,,,
197,24954,Barar (187),बराड़(187),Theog(Sub-District) / Shimla(District) / Himachal Pradesh(State),01793500,024954,N,,,,
198,25024,Barawan (155),बड़ावन (155),Theog(Sub-District) / Shimla(District) / Himachal Pradesh(State),01799200,025024,N,,,,
199,26222,Bareon (72),बडैव(72),Kotkhai(Sub-District) / Shimla(District) / Himachal Pradesh(State),01899600,026222,N,,,,
200,23813,Bargal (135),बरगाल (135),Kumarsain(Sub-District) / Shimla(District) / Himachal Pradesh(State),01687600,023813,N,,,,
201,25552,Barhich,उप महाल बडीच,Chaupal(Sub-District) / Shimla(District) / Himachal Pradesh(State),01842600,025552,N,,,,
202,24506,Bari (377),बाड़ी (377),Shimla ( Rural )(Sub-District) / Shimla(District) / Himachal Pradesh(State),01754000,024506,N,,,,
203,23673,Barkal (139),बरकल(139),Taklech(Sub-District) / Shimla(District) / Himachal Pradesh(State),01673700,023673,N,,,,
204,23627,Barkeli (180),बरकेली(180),Rampur(Sub-District) / Shimla(District) / Himachal Pradesh(State),01669100,023627,N,,,,
205,25497,Barkoli (92),बरकोली(92),Chaupal(Sub-District) / Shimla(District) / Himachal Pradesh(State),01840100,025497,N,,,,
206,24665,Barmu (333),बरमू(333),Shimla ( Rural )(Sub-District) / Shimla(District) / Himachal Pradesh(State),01766900,024665,N,,,,
207,24416,Barog (16/188),बरोग (16/188),Shimla ( Rural )(Sub-District) / Shimla(District) / Himachal Pradesh(State),01745700,024416,N,,,,
208,25371,Barog (2),बडोग(2),Deha(Sub-District) / Shimla(District) / Himachal Pradesh(State),01831900,025371,N,,,,
209,25167,Barog (224),बड़ोग(224),Theog(Sub-District) / Shimla(District) / Himachal Pradesh(State),01813300,025167,N,,,,
210,24706,Barog (286),बडोग (286),Shimla ( Rural )(Sub-District) / Shimla(District) / Himachal Pradesh(State),01770900,024706,N,,,,
211,25200,Barog (343),बड़ोग(343),Theog(Sub-District) / Shimla(District) / Himachal Pradesh(State),01816400,025200,N,,,,
212,23728,Barog (53),बड़ोग(53),Nankhari(Sub-District) / Shimla(District) / Himachal Pradesh(State),01679100,023728,N,,,,
213,24365,Barog Barmani (14/158),बरोग बरमाणी,Dhami(Sub-District) / Shimla(District) / Himachal Pradesh(State),01740900,024365,N,,,,
214,23884,Barogi (93),बडोगी(93),Kumarsain(Sub-District) / Shimla(District) / Himachal Pradesh(State),01694700,023884,N,,,,
215,26185,Barohn (20-1),उप-महाल बडोण (20/1),Kalbog(Sub-District) / Shimla(District) / Himachal Pradesh(State),01896800,026185,N,,,,
216,23835,Barori (146),बरोरी(146),Kumarsain(Sub-District) / Shimla(District) / Himachal Pradesh(State),01689800,023835,N,,,,
217,25370,Baroth (5),बडोठ (5),Deha(Sub-District) / Shimla(District) / Himachal Pradesh(State),01831800,025370,N,,,,
218,26669,Barshil (94),बरशील (94),Dhamwari(Sub-District) / Shimla(District) / Himachal Pradesh(State),01941400,026669,N,eSignGOFile662648_25_03_2026_15_00_03.pdf,,,
219,26025,Barthata (78),बरथाटा(78),Jubbal(Sub-District) / Shimla(District) / Himachal Pradesh(State),01883200,026025,N,,,,
220,23916,Barubagh (13),बारूबाग(13),Kotgarh(Sub-District) / Shimla(District) / Himachal Pradesh(State),01697900,023916,N,,,,
221,25124,Barugarbi (295),बडू गरबी(295),Theog(Sub-District) / Shimla(District) / Himachal Pradesh(State),01809100,025124,N,,,,
222,25123,Baru Sharki (294),बडू शरकी,Theog(Sub-District) / Shimla(District) / Himachal Pradesh(State),01809000,025123,N,,,,
223,26343,Barwi (88),बड़वी (88),Kotkhai(Sub-District) / Shimla(District) / Himachal Pradesh(State),01909400,026343,N,,,,
224,25090,Basa Bagain (98),बासा ठियोग(131),Theog(Sub-District) / Shimla(District) / Himachal Pradesh(State),01805700,025090,N,,,,
225,911098,Basadhar(6),बासाधार(6),Deha(Sub-District) / Shimla(District) / Himachal Pradesh(State),,000000,N,,,,
226,25078,Basahat Palana(102),बासाहाट पलाना (102),Theog(Sub-District) / Shimla(District) / Himachal Pradesh(State),01804500,025078,N,,,,
227,25080,Basahat Parala (326),बासाहाट पराला (326),Theog(Sub-District) / Shimla(District) / Himachal Pradesh(State),01804700,025080,N,,,,
228,23553,Basahra(95),बसाहरा(95),Rampur(Sub-District) / Shimla(District) / Himachal Pradesh(State),01661700,023553,N,,,,
229,25050,Basa Mavag (139),बासा मावग (139),Theog(Sub-District) / Shimla(District) / Himachal Pradesh(State),01801700,025050,N,,,,
230,24111,Basantpur (119),बसंतपुर(119),Sunni(Sub-District) / Shimla(District) / Himachal Pradesh(State),01717400,024111,N,,,,
231,23612,Basari (120),बेसड़ी(120),Rampur(Sub-District) / Shimla(District) / Himachal Pradesh(State),01667600,023612,N,,,,
232,25311,Basha Bagain (98),बासा बगैण (98),Theog(Sub-District) / Shimla(District) / Himachal Pradesh(State),01826400,025311,N,,,,
233,24026,Bashailri-II (196),बशैलडी दोयम(196),Sunni(Sub-District) / Shimla(District) / Himachal Pradesh(State),01708900,024026,N,,,,
234,24052,Bashalari Abal (182),बशालड़ी अव्वल (182),Sunni(Sub-District) / Shimla(District) / Himachal Pradesh(State),01711500,024052,N,,,,
235,26445,Bashla (72),बशला(72),Rohru(Sub-District) / Shimla(District) / Himachal Pradesh(State),01919100,026445,N,,,,
236,24042,Bashol (156),बशौल(156),Dhami(Sub-District) / Shimla(District) / Himachal Pradesh(State),01710500,024042,N,,,,
237,24328,Bashol (84),बशौल(84),Dhami(Sub-District) / Shimla(District) / Himachal Pradesh(State),01737500,024328,N,,,,
238,23652,Bashri (193),भषड़ी(193),Taklech(Sub-District) / Shimla(District) / Himachal Pradesh(State),01671600,023652,N,,,,
239,25075,Basmol (100),बसमोल(100),Theog(Sub-District) / Shimla(District) / Himachal Pradesh(State),01804200,025075,N,,,,
240,25910,Basra (154),बासरा(154),Nerwa(Sub-District) / Shimla(District) / Himachal Pradesh(State),01871700,025910,N,,,,
241,26364,Batara (12),बटाडा(12),Tikar(Sub-District) / Shimla(District) / Himachal Pradesh(State),01911000,026364,N,,,,
242,23982,Batara (66),बटाड़ा(66),Kumarsain(Sub-District) / Shimla(District) / Himachal Pradesh(State),01704500,023982,N,,,,
243,25866,Batewari(134),वटेवडी(134),Nerwa(Sub-District) / Shimla(District) / Himachal Pradesh(State),01867300,025866,N,,,,
244,25430,Batewari-II,बटेवडी द्वतीय,Chaupal(Sub-District) / Shimla(District) / Himachal Pradesh(State),01835900,025430,N,,,,
245,25429,Batewri I (40),बटेवडी प्रथम(40),Chaupal(Sub-District) / Shimla(District) / Himachal Pradesh(State),01835900,025429,N,,,,
246,23669,Batheda (125),बठैडा (125),Rampur(Sub-District) / Shimla(District) / Himachal Pradesh(State),01673300,023669,N,,,,
247,25168,Bathlaog (225),बथलावग(225),Theog(Sub-District) / Shimla(District) / Himachal Pradesh(State),01813400,025168,N,,,,
248,24151,Bathora (12),बठौरा(12),Jalog(Sub-District) / Shimla(District) / Himachal Pradesh(State),01721400,024151,N,,,,
249,24493,Bathun (394),बठूह(394),Shimla ( Rural )(Sub-District) / Shimla(District) / Himachal Pradesh(State),01752700,024493,N,,,,
250,25194,Batiura (355),बतीऊड़ा(355),Theog(Sub-District) / Shimla(District) / Himachal Pradesh(State),01815800,025194,N,,,,
251,24510,Batlana (381),बटलाना (381),Shimla ( Rural )(Sub-District) / Shimla(District) / Himachal Pradesh(State),01754400,024510,N,,,,
252,25188,Batlar (356),बतलाड़ (356),Theog(Sub-District) / Shimla(District) / Himachal Pradesh(State),01815200,025188,N,,,,
253,25145,Batog (285),बतोग(285),Theog(Sub-District) / Shimla(District) / Himachal Pradesh(State),01811100,025145,N,,,,
254,24601,Batol (3/31),बटोल (3/31),Shimla ( Rural )(Sub-District) / Shimla(District) / Himachal Pradesh(State),01761800,024601,N,,,,
255,24697,Bauntlu (306),बोंटलू (306),Shimla ( Rural )(Sub-District) / Shimla(District) / Himachal Pradesh(State),01770000,024697,N,,,,
256,25648,Baura (153),बौरा(153),Kupvi(Sub-District) / Shimla(District) / Himachal Pradesh(State),01846700,025648,N,,,,
257,26049,Bauti (121/4),उप-महाल बाऊटी(121/4),Sarawati Nagar(Sub-District) / Shimla(District) / Himachal Pradesh(State),01885600,026049,N,,,,
258,25812,Bavara (92),बावडा,Nerwa(Sub-District) / Shimla(District) / Himachal Pradesh(State),01861900,025812,N,,,,
259,25677,Bawat (166),बावत9166),Kupvi(Sub-District) / Shimla(District) / Himachal Pradesh(State),01848600,025677,N,,,,
260,24411,Bawin (16/196),बांवी (16/196),Shimla ( Rural )(Sub-District) / Shimla(District) / Himachal Pradesh(State),01745200,024411,N,,,,
261,23929,Baza (46/4),बाजा(46/4),Kotgarh(Sub-District) / Shimla(District) / Himachal Pradesh(State),01699200,023929,N,,,,
262,939792,Bazar Ward Bara Shimla,बाजार वार्ड बडा शिमला,Shimla (Urban)(Sub-District) / Shimla(District) / Himachal Pradesh(State),,000000,N,,,,
263,939814,Bazar Ward Bolieauganj,बाजार वार्ड बालूगंज,Shimla (Urban)(Sub-District) / Shimla(District) / Himachal Pradesh(State),,000000,N,,,,
264,939826,Bazar Ward Chotta Shimla,बाजार वार्ड छोटा शिमला,Shimla (Urban)(Sub-District) / Shimla(District) / Himachal Pradesh(State),,000000,N,,,,
265,939796,Bazar Ward Kainthu,बाजार वार्ड कैथू,Shimla (Urban)(Sub-District) / Shimla(District) / Himachal Pradesh(State),,000000,N,,,,
266,939787,Bazarward Lakkar Bazar,बाजार वार्ड लक्कड़ बाजार,Shimla (Urban)(Sub-District) / Shimla(District) / Himachal Pradesh(State),,000000,N,,,,
267,24003,Beed Ki Jayan(226),बीड की जायण(226),Dhami(Sub-District) / Shimla(District) / Himachal Pradesh(State),01706600,024003,N,,,,
268,24973,Beel (190),बील(190),Theog(Sub-District) / Shimla(District) / Himachal Pradesh(State),01794900,024973,N,,,,
269,25428,Belag (39),बेलग(39),Chaupal(Sub-District) / Shimla(District) / Himachal Pradesh(State),01835800,025428,N,,,,
270,25584,Berag (50),बेरग(50),Chaupal(Sub-District) / Shimla(District) / Himachal Pradesh(State),01844800,025584,N,,,,
271,24002,Berti (227),बैरटी(227),Dhami(Sub-District) / Shimla(District) / Himachal Pradesh(State),01706500,024002,N,,,,
272,23720,Bewat (11/2),बैवट(11-2),Nankhari(Sub-District) / Shimla(District) / Himachal Pradesh(State),01678300,023720,N,,,,
273,24526,Bhad (122),भाड (122),Shimla ( Rural )(Sub-District) / Shimla(District) / Himachal Pradesh(State),01756000,024526,N,,,,
274,24941,Bhadeog (203),भड़ैवग (203),Theog(Sub-District) / Shimla(District) / Himachal Pradesh(State),01792400,024941,N,,,,
275,23624,Bhadrash(177/2),भदराश(177/2),Rampur(Sub-District) / Shimla(District) / Himachal Pradesh(State),01668800,023624,N,,,,
276,24946,Bhagaor (186),भगैवड़(186),Theog(Sub-District) / Shimla(District) / Himachal Pradesh(State),01792800,024946,N,,,,
277,23585,Bhagaot(67),भगावट(67),Sarahan(Sub-District) / Shimla(District) / Himachal Pradesh(State),01664900,023585,N,,,,
278,25992,Bhagoli (14),भगोली(14),Jubbal(Sub-District) / Shimla(District) / Himachal Pradesh(State),01879900,025992,N,,,,
279,24561,Bhagwati Nagar,भगवती नगर,Shimla ( Rural )(Sub-District) / Shimla(District) / Himachal Pradesh(State),01758100,024561,N,,,,
280,25248,Bhajashara (217),भजाशड़ा (217),Theog(Sub-District) / Shimla(District) / Himachal Pradesh(State),01821100,025248,N,,,,
281,26052,Bhakan (124/3),उप-महाल भकान(124/3),Sarawati Nagar(Sub-District) / Shimla(District) / Himachal Pradesh(State),01885900,026052,N,,,,
282,26441,Bhalada(13),भलाडा (13),Rohru(Sub-District) / Shimla(District) / Himachal Pradesh(State),01918700,026441,N,,,,
283,24872,Bhala Gaon (164),भलागांव(164),Junga(Sub-District) / Shimla(District) / Himachal Pradesh(State),01786900,024872,N,,,,
284,25277,Bhalai (29),भलाई (29),Theog(Sub-District) / Shimla(District) / Himachal Pradesh(State),01823500,025277,N,,,,
285,23898,Bhalari (16),भलाडी(16),Kotgarh(Sub-District) / Shimla(District) / Himachal Pradesh(State),01696100,023898,N,,,,
286,25253,Bhalari (214),भलाड़ी (214),Theog(Sub-District) / Shimla(District) / Himachal Pradesh(State),01821500,025253,N,,,,
287,24876,Bhalawag (158),भलावग(158),Junga(Sub-District) / Shimla(District) / Himachal Pradesh(State),01787300,024876,N,,,,
288,25057,Bhalayana(121),भलयाणा(121),Theog(Sub-District) / Shimla(District) / Himachal Pradesh(State),01802400,025057,N,,,,
289,24925,Bhalewat (219),भलेवत(219),Theog(Sub-District) / Shimla(District) / Himachal Pradesh(State),01791400,024925,N,,,,
290,25213,Bhaliyana (335),भलयाणा(335),Theog(Sub-District) / Shimla(District) / Himachal Pradesh(State),01817700,025213,N,,,,
291,24334,Bhalogari (73),भलोगडी (73),Dhami(Sub-District) / Shimla(District) / Himachal Pradesh(State),01738000,024334,N,,,,
292,24553,Bhaloh (100),भलोह (100),Shimla ( Rural )(Sub-District) / Shimla(District) / Himachal Pradesh(State),01757900,024553,N,,,,
293,25610,Bhaloo(135),भालू(135),Kupvi(Sub-District) / Shimla(District) / Himachal Pradesh(State),01845600,025610,N,,,,
294,26407,Bhaloon(36),भलून(36),Rohru(Sub-District) / Shimla(District) / Himachal Pradesh(State),01915300,026407,N,,,,
295,26463,Bhamnala (65),भमनाला(65),Rohru(Sub-District) / Shimla(District) / Himachal Pradesh(State),01920900,026463,N,,,,
296,23773,Bhamnoli (24),भमनोली(24),Nankhari(Sub-District) / Shimla(District) / Himachal Pradesh(State),01683600,023773,N,,,,
297,26415,Bhamnoli (30),भमनोली(30),Rohru(Sub-District) / Shimla(District) / Himachal Pradesh(State),01916100,026415,N,,,,
298,26261,Bhamta Parali(100),भामटा पराली(104),Kotkhai(Sub-District) / Shimla(District) / Himachal Pradesh(State),01902600,026261,N,,,,
299,26264,Bhamta Shila(104),भामटा शिला(100),Kotkhai(Sub-District) / Shimla(District) / Himachal Pradesh(State),01902800,026264,N,,,,
300,26592,Bhamwari (6),भमवाडी(6),Jangla(Sub-District) / Shimla(District) / Himachal Pradesh(State),01933700,026592,N,,,,
301,25557,Bhanal (127),भानल(127),Chaupal(Sub-District) / Shimla(District) / Himachal Pradesh(State),01842700,025557,N,,,,
302,23894,Bhanana (29),भनाना(29),Kotgarh(Sub-District) / Shimla(District) / Himachal Pradesh(State),01695700,023894,N,,,,
303,26685,Bhangara (130),भंगारा(130),Jangla(Sub-District) / Shimla(District) / Himachal Pradesh(State),01943000,026685,N,,,,
304,24598,Bhanko (3/33),भांको (3/33),Shimla ( Rural )(Sub-District) / Shimla(District) / Himachal Pradesh(State),01761500,024598,N,,,,
305,26057,Bhanwa (123/2),उप-महाल भंवा(123/2),Sarawati Nagar(Sub-District) / Shimla(District) / Himachal Pradesh(State),01886400,026057,N,,,,
306,26704,Bharadasar Dhar (16),भराड़ासर धार (16),Dodra Kwar(Sub-District) / Shimla(District) / Himachal Pradesh(State),01944900,026704,N,,,,
307,24912,Bharana (209),भराणा(209),Theog(Sub-District) / Shimla(District) / Himachal Pradesh(State),01790500,024912,N,,,,
308,24826,Bharandi (153),भरांडी(153),Junga(Sub-District) / Shimla(District) / Himachal Pradesh(State),01782400,024826,N,,,,
309,25134,Bharara (262),भराड़ा(262),Theog(Sub-District) / Shimla(District) / Himachal Pradesh(State),01810000,025134,N,,,,
310,24121,Bharara (45),भराडा(45),Sunni(Sub-District) / Shimla(District) / Himachal Pradesh(State),01718400,024121,N,,,,
311,23882,Bharara (94),भराड़ा(94),Kumarsain(Sub-District) / Shimla(District) / Himachal Pradesh(State),01694500,023882,N,,,,
312,939798,Bharari,भराडी,Shimla (Urban)(Sub-District) / Shimla(District) / Himachal Pradesh(State),,000000,N,,,,
313,23910,Bharasa (5),भडांसा(5),Kotgarh(Sub-District) / Shimla(District) / Himachal Pradesh(State),01697300,023910,N,,,,
314,24362,Bharawan (139),भरावण(139),Dhami(Sub-District) / Shimla(District) / Himachal Pradesh(State),01740600,024362,N,,,,
315,24853,Bharech (139),भड़ेच(139),Junga(Sub-District) / Shimla(District) / Himachal Pradesh(State),01785100,024853,N,,,,
316,26187,Bharech (17),भडेच(17),Kotkhai(Sub-District) / Shimla(District) / Himachal Pradesh(State),01897000,026187,N,,,,
317,24715,Bharech (280),भडेच (280),Shimla ( Rural )(Sub-District) / Shimla(District) / Himachal Pradesh(State),01771800,024715,N,,,,
318,24581,Bharech (4/58),भडेच (4/580,Shimla ( Rural )(Sub-District) / Shimla(District) / Himachal Pradesh(State),01759900,024581,N,,,,
319,23827,Bhareri (127),भरेड़ी(127),Kumarsain(Sub-District) / Shimla(District) / Himachal Pradesh(State),01689000,023827,N,,,,
320,26477,Bharetli (58),भरेटली(58),Rohru(Sub-District) / Shimla(District) / Himachal Pradesh(State),01922300,026477,N,,,,
321,24053,Bhargan (198),भरगण(198),Sunni(Sub-District) / Shimla(District) / Himachal Pradesh(State),01711600,024053,N,,,,
322,23908,Bhargaon (2),भडगाँव(2),Kotgarh(Sub-District) / Shimla(District) / Himachal Pradesh(State),01697100,023908,N,,,,
323,25261,Bhargari (210),भरगैड़ी(210),Theog(Sub-District) / Shimla(District) / Himachal Pradesh(State),01822300,025261,N,,,,
324,24522,Bharob (124),भरोब (124),Shimla ( Rural )(Sub-District) / Shimla(District) / Himachal Pradesh(State),01755600,024522,N,,,,
325,24582,Bharoi (4/61),भरोई (4/61),Shimla ( Rural )(Sub-District) / Shimla(District) / Himachal Pradesh(State),01760000,024582,N,,,,
326,25423,Bharola (37),बडौला(37),Chaupal(Sub-District) / Shimla(District) / Himachal Pradesh(State),01835500,025423,N,,,,
327,26537,Bharoli (102),भडोली(102),Rohru(Sub-District) / Shimla(District) / Himachal Pradesh(State),01928200,026537,N,,,,
328,26047,Bharot (121/5),भौलाड(121-5),Sarawati Nagar(Sub-District) / Shimla(District) / Himachal Pradesh(State),01885400,026047,N,,,,
329,26309,Bharot (164),भडोत(164),Kotkhai(Sub-District) / Shimla(District) / Himachal Pradesh(State),01906700,026309,N,,,,
330,25869,Bhartaun (13),भरटों(13),Nerwa(Sub-District) / Shimla(District) / Himachal Pradesh(State),01867600,025869,N,,,,
331,24449,Bharyal (6/87),भरयाल (6/87),Shimla ( Rural )(Sub-District) / Shimla(District) / Himachal Pradesh(State),01748600,024449,N,,,,
332,25132,Bharyana (264),भड़याना(264),Theog(Sub-District) / Shimla(District) / Himachal Pradesh(State),01809800,025132,N,,,,
333,23662,Bhata Newal (163),भाटा नेवल(163),Taklech(Sub-District) / Shimla(District) / Himachal Pradesh(State),01672600,023662,N,,,,
334,25881,Bhatgarh(17),भराणू(17),Nerwa(Sub-District) / Shimla(District) / Himachal Pradesh(State),01868800,025881,N,,,,
335,25833,Bhatgarh (183),भाटगढ(183),Nerwa(Sub-District) / Shimla(District) / Himachal Pradesh(State),01864000,025833,N,,,,
336,24698,Bhatla (302),भाटला (302),Shimla ( Rural )(Sub-District) / Shimla(District) / Himachal Pradesh(State),01770100,024698,N,,,,
337,24270,Bhatmana (44),बठमाणा(44),Dhami(Sub-District) / Shimla(District) / Himachal Pradesh(State),01733300,024270,N,,,,
338,25537,Bhatna (119),भाटना(119),Chaupal(Sub-District) / Shimla(District) / Himachal Pradesh(State),01841500,025537,N,,,,
339,26077,Bhattar (92),भटाड(92),Sarawati Nagar(Sub-District) / Shimla(District) / Himachal Pradesh(State),01888400,026077,N,,,,
340,26626,Bhatwa (135),बठुआ (135),Jangla(Sub-District) / Shimla(District) / Himachal Pradesh(State),01937100,026626,N,,,,
341,26604,Bhatwari (141),भटवाड़ी(141),Jangla(Sub-District) / Shimla(District) / Himachal Pradesh(State),01934900,026604,N,,,,
342,26655,Bhatwari (84),भटबाडी (84),Dhamwari(Sub-District) / Shimla(District) / Himachal Pradesh(State),01940000,026655,N,eSignGOFile662648_25_03_2026_15_00_03.pdf,,,
343,25543,Bhaulanu (107),भौलानू(107),Chaupal(Sub-District) / Shimla(District) / Himachal Pradesh(State),01842100,025543,N,,,,
344,25097,Bhaut (328),भौत (328),Theog(Sub-District) / Shimla(District) / Himachal Pradesh(State),01806400,025097,N,,,,
345,26205,Bhawana (138),भवाना(138),Kotkhai(Sub-District) / Shimla(District) / Himachal Pradesh(State),01898500,026205,N,,,,
346,24656,Bhawana (321),भवाना (321),Shimla ( Rural )(Sub-District) / Shimla(District) / Himachal Pradesh(State),01766000,024656,N,,,,
347,24430,Bhawana (333),भवाना (333),Shimla ( Rural )(Sub-District) / Shimla(District) / Himachal Pradesh(State),01747100,024430,N,,,,
348,25161,Bhekhalti(353),भेखलटी(353),Theog(Sub-District) / Shimla(District) / Himachal Pradesh(State),01812700,025161,N,,,,
349,26565,Bhetyani (44),भेतयाणी (44),Chirgaon(Sub-District) / Shimla(District) / Himachal Pradesh(State),01931000,026565,N,,,,
350,25063,Bhirgarh (168),भीरगढ़(168),Theog(Sub-District) / Shimla(District) / Himachal Pradesh(State),01803000,025063,N,,,,
351,24521,Bhog (125),भोग (125),Shimla ( Rural )(Sub-District) / Shimla(District) / Himachal Pradesh(State),01755500,024521,N,,,,
352,26307,Bhog (151),भोग(151),Kotkhai(Sub-District) / Shimla(District) / Himachal Pradesh(State),01906500,026307,N,,,,
353,24920,Bhog (215),भोग(215),Theog(Sub-District) / Shimla(District) / Himachal Pradesh(State),01791000,024920,N,,,,
354,24918,Bhogra (214),भोगड़ा (214),Theog(Sub-District) / Shimla(District) / Himachal Pradesh(State),01790800,024918,N,,,,
355,26058,Bholar (123/1),भौलाड(123/1),Sarawati Nagar(Sub-District) / Shimla(District) / Himachal Pradesh(State),01886500,026058,N,,,,
356,26467,Bhooth(55),भूठ(55),Rohru(Sub-District) / Shimla(District) / Himachal Pradesh(State),01921300,026467,N,,,,
357,25529,Bhooth Dhokna(115),भूठ ढोकना(115),Chaupal(Sub-District) / Shimla(District) / Himachal Pradesh(State),01841100,025529,N,,,,
358,25042,Bhot (251),भोट(251),Theog(Sub-District) / Shimla(District) / Himachal Pradesh(State),01800900,025042,N,,,,
359,25473,Bhot (82),भोठ(82),Chaupal(Sub-District) / Shimla(District) / Himachal Pradesh(State),01838800,025473,N,,,,
360,24098,Bhoura(163),भौरा(163),Sunni(Sub-District) / Shimla(District) / Himachal Pradesh(State),01716100,024098,N,,,,
361,26208,Bhuila (68),भूईला(68),Kotkhai(Sub-District) / Shimla(District) / Himachal Pradesh(State),01898800,026208,N,,,,
362,25314,Bhuin (96),भुँई(96),Theog(Sub-District) / Shimla(District) / Himachal Pradesh(State),01826600,025314,N,,,,
363,24284,Bhukho (50),भूखो (50),Shimla ( Rural )(Sub-District) / Shimla(District) / Himachal Pradesh(State),01734500,024284,N,,,,
364,23953,Bhuna (165),भूणा(165),Kumarsain(Sub-District) / Shimla(District) / Himachal Pradesh(State),01701600,023953,N,,,,
365,24603,Bhung (3/30),भूंग (3/30),Shimla ( Rural )(Sub-District) / Shimla(District) / Himachal Pradesh(State),01762000,024603,N,,,,
366,23817,Bhuth (145),भूठ(145),Kumarsain(Sub-District) / Shimla(District) / Himachal Pradesh(State),01688000,023817,N,,,,
367,23907,Bhutti (3),भुटटी(3),Kotgarh(Sub-District) / Shimla(District) / Himachal Pradesh(State),01697000,023907,N,,,,
368,24317,Bhutwa (68),भुटूवा (68),Shimla ( Rural )(Sub-District) / Shimla(District) / Himachal Pradesh(State),01736600,024317,N,,,,
369,24276,Bigri (89),बिगडी(89),Dhami(Sub-District) / Shimla(District) / Himachal Pradesh(State),01733900,024276,N,,,,
370,24560,Bihar (104),बिहार (104),Shimla ( Rural )(Sub-District) / Shimla(District) / Himachal Pradesh(State),01758100,024560,N,,,,
371,25442,Bijar Bharal (27),बिजर भडाल(27),Chaupal(Sub-District) / Shimla(District) / Himachal Pradesh(State),01836700,025442,N,,,,
372,24467,Bijili (33/368),बिजली (33/368),Shimla ( Rural )(Sub-District) / Shimla(District) / Himachal Pradesh(State),01750100,024467,N,,,,
373,26491,Bijori(134),बिजोरी(134),Rohru(Sub-District) / Shimla(District) / Himachal Pradesh(State),01923700,026491,N,,,,
374,24811,Binchar (402),बिन्चड(402),Shimla ( Rural )(Sub-District) / Shimla(District) / Himachal Pradesh(State),01780900,024811,N,,,,
375,24253,Binu (26),बीणू (26),Dhami(Sub-District) / Shimla(District) / Himachal Pradesh(State),01731600,024253,N,,,,
376,25085,Bishnog (132),बिशनोग(132),Theog(Sub-District) / Shimla(District) / Himachal Pradesh(State),01805200,025085,N,,,,
377,25028,Bishri (153),बिशड़ी(153),Theog(Sub-District) / Shimla(District) / Himachal Pradesh(State),01799600,025028,N,,,,
378,24595,Biunt (3/51),बियुंट (3/51),Shimla ( Rural )(Sub-District) / Shimla(District) / Himachal Pradesh(State),01761200,024595,N,,,,
379,25586,Bodna (48),बोधना(48),Chaupal(Sub-District) / Shimla(District) / Himachal Pradesh(State),01844900,025586,N,,,,
380,24788,Boh (358),बौह (358),Shimla ( Rural )(Sub-District) / Shimla(District) / Himachal Pradesh(State),01778600,024788,N,,,,
381,24749,Bohag (254),बोहग (254),Shimla ( Rural )(Sub-District) / Shimla(District) / Himachal Pradesh(State),01775200,024749,N,,,,
382,25839,Bohar (187),वौहर(187),Nerwa(Sub-District) / Shimla(District) / Himachal Pradesh(State),01864600,025839,N,,,,
383,24271,Bohli (45),बोहली(45),Dhami(Sub-District) / Shimla(District) / Himachal Pradesh(State),01733400,024271,N,,,,
384,26082,Bohrar (91),बोहराड(91),Sarawati Nagar(Sub-District) / Shimla(District) / Himachal Pradesh(State),01888900,026082,N,,,,
385,26639,Bosari (71),बोसारी (71),Dhamwari(Sub-District) / Shimla(District) / Himachal Pradesh(State),01938400,026639,N,eSignGOFile662648_25_03_2026_15_00_03.pdf,,,
386,23482,Bounsdhar(26),डी पी एफ बागाधार (26),Rampur(Sub-District) / Shimla(District) / Himachal Pradesh(State),01654500,023482,N,,,,
387,26539,Bral(105),बराल(105),Rohru(Sub-District) / Shimla(District) / Himachal Pradesh(State),01928400,026539,N,,,,
388,23661,Brandli (196/1),ब्रान्दली(196/1),Taklech(Sub-District) / Shimla(District) / Himachal Pradesh(State),01672500,023661,N,,,,
389,26458,Brasali(127),बरासली(127),Rohru(Sub-District) / Shimla(District) / Himachal Pradesh(State),01920400,026458,N,,,,
390,25034,Bundo (248),बुण्डो (248),Theog(Sub-District) / Shimla(District) / Himachal Pradesh(State),01800100,025034,N,,,,
391,25697,Burch (44),वुडच(44),Nerwa(Sub-District) / Shimla(District) / Himachal Pradesh(State),01850400,025697,N,,,,
392,26481,Buthara (61),बुठारा(61),Rohru(Sub-District) / Shimla(District) / Himachal Pradesh(State),01922700,026481,N,,,,
393,26195,Byon (1),ब्यौण(1),Kotkhai(Sub-District) / Shimla(District) / Himachal Pradesh(State),01897800,026195,N,,,,
394,23740,Byunthal(70),बियुन्थल(70),Rampur(Sub-District) / Shimla(District) / Himachal Pradesh(State),01680300,023740,N,,,,
395,24786,Catchment Area (369),कैचमेंट एरिया (369),Shimla ( Rural )(Sub-District) / Shimla(District) / Himachal Pradesh(State),01778400,024786,N,,,,
396,24072,Chaba (110),चाबा(110),Sunni(Sub-District) / Shimla(District) / Himachal Pradesh(State),01713500,024072,N,,,,
397,25158,Chabtu (281),चाबटू(281),Theog(Sub-District) / Shimla(District) / Himachal Pradesh(State),01812400,025158,N,,,,
398,24847,Chacheiyan Pandli(136),चचैंया पान्दली (136),Junga(Sub-District) / Shimla(District) / Himachal Pradesh(State),01784500,024847,N,,,,
399,23555,Chadali (90/1),चदाली(90/1),Rampur(Sub-District) / Shimla(District) / Himachal Pradesh(State),01661900,023555,N,,,,
400,24523,Chadau (121),चडाऊ (121),Shimla ( Rural )(Sub-District) / Shimla(District) / Himachal Pradesh(State),01755700,024523,N,,,,
401,26182,Chadiyana-,चडयाना-1(140),Kotkhai(Sub-District) / Shimla(District) / Himachal Pradesh(State),01896600,026182,N,,,,
402,24528,Chadoli (120),चडोली(120),Shimla ( Rural )(Sub-District) / Shimla(District) / Himachal Pradesh(State),01756200,024528,N,,,,
403,26181,Chadyana-II(141),चडयाना-II(141,Kotkhai(Sub-District) / Shimla(District) / Himachal Pradesh(State),01896500,026181,N,,,,
404,25544,Chaflah(106),चफलाँ(106),Chaupal(Sub-District) / Shimla(District) / Himachal Pradesh(State),01842200,025544,N,,,,
405,25184,Chaili (367),चैली(367),Theog(Sub-District) / Shimla(District) / Himachal Pradesh(State),01814800,025184,N,,,,
406,24536,Chaili Chaula (382),चैली चौला (382),Shimla ( Rural )(Sub-District) / Shimla(District) / Himachal Pradesh(State),01756700,024536,N,,,,
407,24569,Chaily Kalan (5/76),चायली कलां (5/76),Shimla ( Rural )(Sub-District) / Shimla(District) / Himachal Pradesh(State),01758800,024569,N,,,,
408,24576,Chaily Khurd (5/75),चायली खुर्द (5/75),Shimla ( Rural )(Sub-District) / Shimla(District) / Himachal Pradesh(State),01759400,024576,N,,,,
409,26263,Chaindel,उप-महाल चैन्दल,Kotkhai(Sub-District) / Shimla(District) / Himachal Pradesh(State),01902700,026263,N,,,,
410,25180,Chaird(387),चेयड़ (387),Theog(Sub-District) / Shimla(District) / Himachal Pradesh(State),01814500,025180,N,,,,
411,26326,Chaithla(117),चैथला(117),Kotkhai(Sub-District) / Shimla(District) / Himachal Pradesh(State),01908400,026326,N,,,,
412,24685,Chaiwan (313),चेवण(313),Shimla ( Rural )(Sub-District) / Shimla(District) / Himachal Pradesh(State),01768800,024685,N,,,,
413,24286,Chaiwan (93),चेवण(93),Shimla ( Rural )(Sub-District) / Shimla(District) / Himachal Pradesh(State),01734700,024286,N,,,,
414,26339,Chajoli (96),चजौली(96),Kotkhai(Sub-District) / Shimla(District) / Himachal Pradesh(State),01909000,026339,N,,,,
415,25376,Chakhna (1),चाखना (1),Deha(Sub-District) / Shimla(District) / Himachal Pradesh(State),01832200,025376,N,,,,
416,26289,Chakrot (167),चकरौत(167),Kotkhai(Sub-District) / Shimla(District) / Himachal Pradesh(State),01904800,026289,N,,,,
417,23715,Chakti (51/3),चख्टी(51/3),Nankhari(Sub-District) / Shimla(District) / Himachal Pradesh(State),01677800,023715,N,,,,
418,24222,Chakyana(72),चकयाणा(72),Sunni(Sub-District) / Shimla(District) / Himachal Pradesh(State),01728500,024222,N,,,,
419,24032,Chalahal (192),चलाहल(192),Dhami(Sub-District) / Shimla(District) / Himachal Pradesh(State),01709500,024032,N,,,,
420,24247,Chalahat Beed(17),चलाहट बीड(17),Dhami(Sub-District) / Shimla(District) / Himachal Pradesh(State),01731000,024247,N,,,,
421,24239,Chalahat Sita (16),चलाहट सीता(16),Dhami(Sub-District) / Shimla(District) / Himachal Pradesh(State),01730200,024239,N,,,,
422,26216,Chalali,उप-महाल चलाली,Kotkhai(Sub-District) / Shimla(District) / Himachal Pradesh(State),01899000,026216,N,,,,
423,23858,Chalan (103),चलान(103),Kumarsain(Sub-District) / Shimla(District) / Himachal Pradesh(State),01692100,023858,N,,,,
424,25129,Chalaog (265),चलावग(265),Theog(Sub-District) / Shimla(District) / Himachal Pradesh(State),01809500,025129,N,,,,
425,25169,Chalavali (228),चलावली (228),Theog(Sub-District) / Shimla(District) / Himachal Pradesh(State),01813500,025169,N,,,,
426,24734,Chalawag (274),चलावग (274),Shimla ( Rural )(Sub-District) / Shimla(District) / Himachal Pradesh(State),01773700,024734,N,,,,
427,26275,Chalnair (115),चलनैर(115),Kotkhai(Sub-District) / Shimla(District) / Himachal Pradesh(State),01903700,026275,N,,,,
428,24313,Chalog (69),चलोग (69),Shimla ( Rural )(Sub-District) / Shimla(District) / Himachal Pradesh(State),01736400,024313,N,,,,
429,24213,Chalog (76),चलोग(76),Sunni(Sub-District) / Shimla(District) / Himachal Pradesh(State),01727600,024213,N,,,,
430,25991,Chamaru (34),चमारू(34),Jubbal(Sub-District) / Shimla(District) / Himachal Pradesh(State),01879800,025991,N,,,,
431,24774,Chamayana (372),चम्याना (372),Shimla ( Rural )(Sub-District) / Shimla(District) / Himachal Pradesh(State),01777500,024774,N,,,,
432,25279,Chambal (31),चम्बल(31),Theog(Sub-District) / Shimla(District) / Himachal Pradesh(State),01823700,025279,N,,,,
433,24859,Chambi (175),चाम्बी(175),Junga(Sub-District) / Shimla(District) / Himachal Pradesh(State),01785700,024859,N,,,,
434,26125,Chambi Dhar,उप-महाल चम्बीधार,Kalbog(Sub-District) / Shimla(District) / Himachal Pradesh(State),01892200,026125,N,,,,
435,25113,Chamhech (313),चमेच(313),Theog(Sub-District) / Shimla(District) / Himachal Pradesh(State),01808000,025113,N,,,,
436,24606,Chammu (3/17),चम्मू (3/17),Shimla ( Rural )(Sub-District) / Shimla(District) / Himachal Pradesh(State),01762300,024606,N,,,,
437,23814,Chamore(143),चमोड़(143),Kumarsain(Sub-District) / Shimla(District) / Himachal Pradesh(State),01687700,023814,N,,,,
438,26054,Chamshu (122/3),उप-महाल चामाशू(122/3),Sarawati Nagar(Sub-District) / Shimla(District) / Himachal Pradesh(State),01886100,026054,N,,,,
439,23841,Chamyala (161),चमयाला(161),Kumarsain(Sub-District) / Shimla(District) / Himachal Pradesh(State),01690400,023841,N,,,,
440,24754,Chanadi(249),चनाडी (249),Shimla ( Rural )(Sub-District) / Shimla(District) / Himachal Pradesh(State),01775700,024754,N,,,,
441,24562,Chanadi (5/77),चनयाड़ी (5/77),Dhami(Sub-District) / Shimla(District) / Himachal Pradesh(State),01758200,024562,N,eSignGOFile662648_28_04_2025_12_09_08.pdf,,,
442,24458,Chanan (340),चनान (340),Shimla ( Rural )(Sub-District) / Shimla(District) / Himachal Pradesh(State),01749400,024458,N,,,,
443,24008,Chanawag (232),चनावग(232),Dhami(Sub-District) / Shimla(District) / Himachal Pradesh(State),01707100,024008,N,,,,
444,26032,Chanderpur (62/3),उप-महाल चन्द्रपूर(62/3),Sarawati Nagar(Sub-District) / Shimla(District) / Himachal Pradesh(State),01883900,026032,N,,,,
445,24838,Chaneya (161),चनैंया(161),Junga(Sub-District) / Shimla(District) / Himachal Pradesh(State),01783600,024838,N,,,,
446,25653,Chanjah(157),चंजाह(157),Kupvi(Sub-District) / Shimla(District) / Himachal Pradesh(State),01847100,025653,N,,,,
447,25440,Chanjal Pul,चंजालपुल,Chaupal(Sub-District) / Shimla(District) / Himachal Pradesh(State),01836500,025440,N,,,,
448,24408,Chanog (16/192),चनोग (16/192),Shimla ( Rural )(Sub-District) / Shimla(District) / Himachal Pradesh(State),01744900,024408,N,,,,
449,25577,Chanpadli (57),चपान्दली(57),Chaupal(Sub-District) / Shimla(District) / Himachal Pradesh(State),01844100,025577,N,,,,
450,26710,Chanshal Dhar (10),चांशल धार (10),Dodra Kwar(Sub-District) / Shimla(District) / Himachal Pradesh(State),01945500,026710,N,,,,
451,26693,Chanshal Dhar -I (98),चांशल धार 1 (98),Dhamwari(Sub-District) / Shimla(District) / Himachal Pradesh(State),01943800,026693,N,eSignGOFile662648_25_03_2026_15_00_03.pdf,,,
452,26673,Chanshal Dhar-II (107),चांशल धार 2 (107),Dhamwari(Sub-District) / Shimla(District) / Himachal Pradesh(State),01941800,026673,N,eSignGOFile662648_25_03_2026_15_00_03.pdf,,,
453,24183,Chaprani (53),चपड़ानी(53),Jalog(Sub-District) / Shimla(District) / Himachal Pradesh(State),01724600,024183,N,,,,
454,24768,Charabara (241),छराबडा (241),Shimla ( Rural )(Sub-District) / Shimla(District) / Himachal Pradesh(State),01777100,024768,N,,,,
455,25232,Charai Bhaila (204),चड़ैल भाईला(204),Theog(Sub-District) / Shimla(District) / Himachal Pradesh(State),01819600,025232,N,,,,
456,25424,Charauli (38),चडौली(38),Chaupal(Sub-District) / Shimla(District) / Himachal Pradesh(State),01835600,025424,N,,,,
457,23755,Chareli(31/2),छड़ैली (31/2),Nankhari(Sub-District) / Shimla(District) / Himachal Pradesh(State),01681800,023755,N,,,,
458,24721,Charen (273),चरेण(273),Shimla ( Rural )(Sub-District) / Shimla(District) / Himachal Pradesh(State),01772400,024721,N,,,,
459,25298,Charen (88),चरैण(88),Theog(Sub-District) / Shimla(District) / Himachal Pradesh(State),01825200,025298,N,,,,
460,26221,Charol (71),चडोल(71),Kotkhai(Sub-District) / Shimla(District) / Himachal Pradesh(State),01899500,026221,N,,,,
461,25631,Charoli(149),चडौली(149),Kupvi(Sub-District) / Shimla(District) / Himachal Pradesh(State),01846200,025631,N,,,,
462,23903,Charonta (20),चरौंटा(20),Kotgarh(Sub-District) / Shimla(District) / Himachal Pradesh(State),01696600,023903,N,,,,
463,26561,Charoti (46),चडोटी (46),Chirgaon(Sub-District) / Shimla(District) / Himachal Pradesh(State),01930600,026561,N,,,,
464,24387,Charund (13/122),चरूंड (13/122),Shimla ( Rural )(Sub-District) / Shimla(District) / Himachal Pradesh(State),01742900,024387,N,,,,
465,26041,Chatnol (128/2),उप-महाल चतनोल,Sarawati Nagar(Sub-District) / Shimla(District) / Himachal Pradesh(State),01884800,026041,N,,,,
466,25255,Chatog (205),चटोग(205),Theog(Sub-District) / Shimla(District) / Himachal Pradesh(State),01821700,025255,N,,,,
467,24091,Chatyar (145),चटयाड(145),Sunni(Sub-District) / Shimla(District) / Himachal Pradesh(State),01715400,024091,N,,,,
468,26132,Chaugan,उप-महाल चौगन,Kalbog(Sub-District) / Shimla(District) / Himachal Pradesh(State),01892500,026132,N,,,,
469,23904,Chauhan(19),चौहान(19),Kotgarh(Sub-District) / Shimla(District) / Himachal Pradesh(State),01696700,023904,N,,,,
470,23646,Chauka (169),चौका(169),Taklech(Sub-District) / Shimla(District) / Himachal Pradesh(State),01671000,023646,N,,,,
471,24849,Chaunri (144),चौंरी(144),Junga(Sub-District) / Shimla(District) / Himachal Pradesh(State),01784700,024849,N,,,,
472,26130,Chaunri(162),चौंरी(162),Kotkhai(Sub-District) / Shimla(District) / Himachal Pradesh(State),01892500,026130,N,eSignGOFile662648_19_02_2025_14_29_54.pdf,,,
473,24405,Chavag (10/104),चावग (10/104),Shimla ( Rural )(Sub-District) / Shimla(District) / Himachal Pradesh(State),01744600,024405,N,,,,
474,939817,Chawag,चावग,Shimla (Urban)(Sub-District) / Shimla(District) / Himachal Pradesh(State),,000000,N,,,,
475,24118,Chebri (105),चेबडी(105),Sunni(Sub-District) / Shimla(District) / Himachal Pradesh(State),01718100,024118,N,,,,
476,23756,Chebri (30),चेबड़ी(30),Nankhari(Sub-District) / Shimla(District) / Himachal Pradesh(State),01681900,023756,N,,,,
477,26083,Cheing-Dharmana(89),चींग धरमाण(89),Sarawati Nagar(Sub-District) / Shimla(District) / Himachal Pradesh(State),01889000,026083,N,,,,
478,23834,Chekul (155),चेकुल(155),Kumarsain(Sub-District) / Shimla(District) / Himachal Pradesh(State),01689700,023834,N,,,,
479,26183,Chemera(21),चमैरा (21),Kalbog(Sub-District) / Shimla(District) / Himachal Pradesh(State),01896700,026183,N,,,,
480,24655,Cheri (329),चैडी (329),Shimla ( Rural )(Sub-District) / Shimla(District) / Himachal Pradesh(State),01765900,024655,N,,,,
481,26338,Chewar (95),चेवर(95),Kotkhai(Sub-District) / Shimla(District) / Himachal Pradesh(State),01908900,026338,N,,,,
482,24855,Chewra (137),चेवडा(137),Junga(Sub-District) / Shimla(District) / Himachal Pradesh(State),01785300,024855,N,,,,
483,24745,Chhabalri (252),छबालडी (252),Shimla ( Rural )(Sub-District) / Shimla(District) / Himachal Pradesh(State),01774800,024745,N,,,,
484,939928,Chhai Dhala(273),छैई धाला(273),Theog(Sub-District) / Shimla(District) / Himachal Pradesh(State),,000000,N,,,,
485,24777,Chhakrail (352),छकडायल (352),Shimla ( Rural )(Sub-District) / Shimla(District) / Himachal Pradesh(State),01777600,024777,N,,,,
486,24960,Chhamrot (176),चमरौत(176),Theog(Sub-District) / Shimla(District) / Himachal Pradesh(State),01794100,024960,N,,,,
487,24695,Chhanawat (308),छनावट(308),Shimla ( Rural )(Sub-District) / Shimla(District) / Himachal Pradesh(State),01769800,024695,N,,,,
488,24389,Chharah (13/119),छडाह (13/119),Shimla ( Rural )(Sub-District) / Shimla(District) / Himachal Pradesh(State),01743100,024389,N,,,,
489,26251,Chhatri (63),छतरी(63),Kotkhai(Sub-District) / Shimla(District) / Himachal Pradesh(State),01901800,026251,N,,,,
490,25898,Chhinog (151),छिनोग(151),Nerwa(Sub-District) / Shimla(District) / Himachal Pradesh(State),01870500,025898,N,,,,
491,939934,Chhol(129),छोल(129),Kotkhai(Sub-District) / Shimla(District) / Himachal Pradesh(State),,000000,N,,,,
492,26500,Chhupari (140),छुपाडी(140),Rohru(Sub-District) / Shimla(District) / Himachal Pradesh(State),01924500,026500,N,,,,
493,25199,Chichi (322),चीची(322),Theog(Sub-District) / Shimla(District) / Himachal Pradesh(State),01816300,025199,N,,,,
494,26544,Chichwari (53),चिचबाडी (53),Chirgaon(Sub-District) / Shimla(District) / Himachal Pradesh(State),01928900,026544,N,,,,
495,24887,Chikhar (197),चिखर(197),Junga(Sub-District) / Shimla(District) / Himachal Pradesh(State),01788400,024887,N,,,,
496,25035,Chikkhar (249),चिखड़(249),Theog(Sub-District) / Shimla(District) / Himachal Pradesh(State),01800200,025035,N,,,,
497,23596,Chiksa (130),चिकसा(130),Taklech(Sub-District) / Shimla(District) / Himachal Pradesh(State),01666000,023596,N,,,,
498,23992,Chila (209),चिला(209),Sunni(Sub-District) / Shimla(District) / Himachal Pradesh(State),01705500,023992,N,,,,
499,25578,Chila (59),चिला(59),Chaupal(Sub-District) / Shimla(District) / Himachal Pradesh(State),01844200,025578,N,,,,
500,26569,Chilala (39),चिलाला (39),Chirgaon(Sub-District) / Shimla(District) / Himachal Pradesh(State),01931400,026569,N,,,,
501,25328,Chilla (73),चिला (73),Deha(Sub-District) / Shimla(District) / Himachal Pradesh(State),01828000,025328,N,,,,
502,25663,Chind (141),चींद(141),Kupvi(Sub-District) / Shimla(District) / Himachal Pradesh(State),01847900,025663,N,,,,
503,26629,Chirgaon (64),चढगांव (64),Chirgaon(Sub-District) / Shimla(District) / Himachal Pradesh(State),01937400,026629,N,,,,
504,25531,Chiuna (117),चिऊना(117),Chaupal(Sub-District) / Shimla(District) / Himachal Pradesh(State),01841300,025531,N,,,,
505,24905,Chivandi (206),चिंवड़ी(206),Theog(Sub-District) / Shimla(District) / Himachal Pradesh(State),01790100,024905,N,,,,
506,25960,Chiwa (44),चीवा(44),Jubbal(Sub-District) / Shimla(District) / Himachal Pradesh(State),01876700,025960,N,,,,
507,25454,Chiwna Badlaog(76),चिऊना बदलावग(76),Chaupal(Sub-District) / Shimla(District) / Himachal Pradesh(State),01837500,025454,N,,,,
508,25235,Chiyog (378),चियोग(378),Theog(Sub-District) / Shimla(District) / Himachal Pradesh(State),01819900,025235,N,,,,
509,25590,Chopal,चौपाल,Chaupal(Sub-District) / Shimla(District) / Himachal Pradesh(State),01844900,025590,N,eSignGOFile662648_18_02_2025_13_49_08.pdf,,,
510,939828,Chotta Shimla Dehat,छोटा  शिमला देहात,Shimla (Urban)(Sub-District) / Shimla(District) / Himachal Pradesh(State),,000000,N,,,,
511,26067,Chounri(115/2),चौंरी(115/2),Sarawati Nagar(Sub-District) / Shimla(District) / Himachal Pradesh(State),01887400,026067,N,,,,
512,24335,Chouri(70),चौंरी(70),Dhami(Sub-District) / Shimla(District) / Himachal Pradesh(State),01738100,024335,N,,,,
513,24124,Chowki(102),चौकी(102),Sunni(Sub-District) / Shimla(District) / Himachal Pradesh(State),01718700,024124,N,,,,
514,26135,Chuila (40),चुईला(40),Kalbog(Sub-District) / Shimla(District) / Himachal Pradesh(State),01892800,026135,N,,,,
515,26214,Chuni,उप-महाल चुन्नी,Kotkhai(Sub-District) / Shimla(District) / Himachal Pradesh(State),01899000,026214,N,,,,
516,23628,Chunja (179),चुन्जा(179),Rampur(Sub-District) / Shimla(District) / Himachal Pradesh(State),01669200,023628,N,,,,
517,26520,Chunjar (93),चुन्जर(93),Rohru(Sub-District) / Shimla(District) / Himachal Pradesh(State),01926500,026520,N,,,,
518,25965,Chuntara(31),चुन्टाड़ा(31),Jubbal(Sub-District) / Shimla(District) / Himachal Pradesh(State),01877200,025965,N,,,,
519,23943,Churath (38),चुरठ (38),Kotgarh(Sub-District) / Shimla(District) / Himachal Pradesh(State),01700600,023943,N,,,,
520,25674,Churayan(164),चुरायण(164),Kupvi(Sub-District) / Shimla(District) / Himachal Pradesh(State),01848500,025674,N,,,,
521,24592,Chyawala (3/53),च्यावला (3/53),Shimla ( Rural )(Sub-District) / Shimla(District) / Himachal Pradesh(State),01760900,024592,N,,,,
522,26703,Dabrati Dhar (20),डबराती धार (20),Dodra Kwar(Sub-District) / Shimla(District) / Himachal Pradesh(State),01944800,026703,N,,,,
523,25107,Dabrog(316),डबरोग (316),Theog(Sub-District) / Shimla(District) / Himachal Pradesh(State),01807400,025107,N,,,,
524,25217,Dadas (375),ददास(375),Theog(Sub-District) / Shimla(District) / Himachal Pradesh(State),01818100,025217,N,,,,
525,23712,Dadhara (51/2),ढढारा(51-2),Nankhari(Sub-District) / Shimla(District) / Himachal Pradesh(State),01677500,023712,N,,,,
526,24049,Dadhewag(185),डढेवग(185),Sunni(Sub-District) / Shimla(District) / Himachal Pradesh(State),01711200,024049,N,,,,
527,25983,Dadoti (21),डडोटी(21),Jubbal(Sub-District) / Shimla(District) / Himachal Pradesh(State),01879000,025983,N,,,,
528,23529,Dadwi Dhar(42),जंगल डिबरीगाड (42),Rampur(Sub-District) / Shimla(District) / Himachal Pradesh(State),01659200,023529,N,,,,
529,24310,Dafawag (65),डफावग (65),Shimla ( Rural )(Sub-District) / Shimla(District) / Himachal Pradesh(State),01736100,024310,N,,,,
530,23964,Dagroth (173),दगड़ोत(173),Kumarsain(Sub-District) / Shimla(District) / Himachal Pradesh(State),01702700,023964,N,,,,
531,24231,Dagyana(5),डगयाणा(5),Dhami(Sub-District) / Shimla(District) / Himachal Pradesh(State),01729400,024231,N,,,,
532,26177,Dakahal (59),डकाहल(59),Kotkhai(Sub-District) / Shimla(District) / Himachal Pradesh(State),01896200,026177,N,,,,
533,25006,Dakana (161),डकाणा(161),Theog(Sub-District) / Shimla(District) / Himachal Pradesh(State),01797600,025006,N,,,,
534,25971,Dakehar (33),ड़केहड(33),Jubbal(Sub-District) / Shimla(District) / Himachal Pradesh(State),01877800,025971,N,,,,
535,23966,Dakolu (175),डकोलू(175),Kumarsain(Sub-District) / Shimla(District) / Himachal Pradesh(State),01702900,023966,N,,,,
536,23977,Dakoon (61),डकून(61),Kumarsain(Sub-District) / Shimla(District) / Himachal Pradesh(State),01704000,023977,N,,,,
537,25681,Dak Sharad(170),डाक शराड(170),Kupvi(Sub-District) / Shimla(District) / Himachal Pradesh(State),01848900,025681,N,,,,
538,25242,Dalaiya (224),दलैंया(224),Theog(Sub-District) / Shimla(District) / Himachal Pradesh(State),01820500,025242,N,,,,
539,23893,Dalan (28),दलान(28),Kotgarh(Sub-District) / Shimla(District) / Himachal Pradesh(State),01695600,023893,N,,,,
540,24199,Dalana (81),दलाणा(81),Sunni(Sub-District) / Shimla(District) / Himachal Pradesh(State),01726200,024199,N,,,,
541,26478,Dalgaaon(56),दलगांव(56),Rohru(Sub-District) / Shimla(District) / Himachal Pradesh(State),01922400,026478,N,,,,
542,24254,Dalhot (28),डलहोटt (28),Dhami(Sub-District) / Shimla(District) / Himachal Pradesh(State),01731700,024254,N,,,,
543,26621,Dali (125),दली(125),Jangla(Sub-District) / Shimla(District) / Himachal Pradesh(State),01936600,026621,N,,,,
544,939821,Dalni,दलनी,Shimla (Urban)(Sub-District) / Shimla(District) / Himachal Pradesh(State),,000000,N,,,,
545,23653,Dalog (192),दलोग(192),Taklech(Sub-District) / Shimla(District) / Himachal Pradesh(State),01671700,023653,N,,,,
546,26229,Dalsar (123),दलसार(123),Kotkhai(Sub-District) / Shimla(District) / Himachal Pradesh(State),01900200,026229,N,,,,
547,23984,Damorh (72),डमौड़(72),Kumarsain(Sub-District) / Shimla(District) / Himachal Pradesh(State),01704700,023984,N,,,,
548,23663,Damrali (160/2),डमराली (160/2),Taklech(Sub-District) / Shimla(District) / Himachal Pradesh(State),01672700,023663,N,,,,
549,25309,Damyana (95),डमयाणा(95),Theog(Sub-District) / Shimla(District) / Himachal Pradesh(State),01826200,025309,N,,,,
550,24879,Danalta (166),दनालटा(166),Junga(Sub-District) / Shimla(District) / Himachal Pradesh(State),01787600,024879,N,,,,
551,24194,Dandi Bag (58),दान्दीबाग(58),Sunni(Sub-District) / Shimla(District) / Himachal Pradesh(State),01725700,024194,N,,,,
552,23510,Dandku Dhar(2),दंडकु धार (2),Rampur(Sub-District) / Shimla(District) / Himachal Pradesh(State),01657300,023510,N,,,,
553,23754,Danewati (29),दनेवटी(29),Nankhari(Sub-District) / Shimla(District) / Himachal Pradesh(State),01681700,023754,N,,,,
554,25014,Daniwal (257),दनीवल(257),Theog(Sub-District) / Shimla(District) / Himachal Pradesh(State),01798200,025014,N,,,,
555,23593,Daran (79),दारन(79),Rampur(Sub-District) / Shimla(District) / Himachal Pradesh(State),01665700,023593,N,,,,
556,25347,Darbar Balson(52),दरबार बलसन(52),Deha(Sub-District) / Shimla(District) / Himachal Pradesh(State),01829800,025347,N,,,,
557,24821,Darbhog (202),दरभोग (202),Shimla ( Rural )(Sub-District) / Shimla(District) / Himachal Pradesh(State),01781900,024821,N,,,,
558,25051,Dargaut(150),दरगौत(150),Theog(Sub-District) / Shimla(District) / Himachal Pradesh(State),01801800,025051,N,,,,
559,25288,Darghot (39),दरघोट(39),Deha(Sub-District) / Shimla(District) / Himachal Pradesh(State),01824300,025288,N,,,,
560,24028,Dargi (221),दाडगी(221),Dhami(Sub-District) / Shimla(District) / Himachal Pradesh(State),01709100,024028,N,,,,
561,24275,Dargot (48),दरगोट(48),Dhami(Sub-District) / Shimla(District) / Himachal Pradesh(State),01733800,024275,N,,,,
562,24994,Darjoli Dhar (175),दरजोली धार(175),Theog(Sub-District) / Shimla(District) / Himachal Pradesh(State),01796500,024994,N,,,,
563,23694,Darkali (151/1),दरकाली 151/1,Taklech(Sub-District) / Shimla(District) / Himachal Pradesh(State),01675800,023694,N,,,,
564,23974,Daro (56),दारो(56),Kumarsain(Sub-District) / Shimla(District) / Himachal Pradesh(State),01703700,023974,N,,,,
565,26391,Daroti (40),दरोटी(40),Tikar(Sub-District) / Shimla(District) / Himachal Pradesh(State),01913700,026391,N,,,,
566,25250,Darounl (219),डरौंल (219),Theog(Sub-District) / Shimla(District) / Himachal Pradesh(State),01821300,025250,N,,,,
567,23599,Darshai(107),दरशाई(107),Rampur(Sub-District) / Shimla(District) / Himachal Pradesh(State),01666300,023599,N,,,,
568,23668,Darshal (126),दरशाल(126),Taklech(Sub-District) / Shimla(District) / Himachal Pradesh(State),01673200,023668,N,,,,
569,24001,Darwakot (228),दाडवाकोट(228),Dhami(Sub-District) / Shimla(District) / Himachal Pradesh(State),01706400,024001,N,,,,
570,25310,Dasana (94),दसाणा (94),Theog(Sub-District) / Shimla(District) / Himachal Pradesh(State),01826300,025310,N,,,,
571,25384,Dasholi (14),दशोली(14),Chaupal(Sub-District) / Shimla(District) / Himachal Pradesh(State),01832800,025384,N,,,,
572,24074,Datyar (121),दत्यार(121),Sunni(Sub-District) / Shimla(District) / Himachal Pradesh(State),01713700,024074,N,,,,
573,25795,Dauchi (105),दौछी (105),Nerwa(Sub-District) / Shimla(District) / Himachal Pradesh(State),01860200,025795,N,,,,
574,23630,Dawada (182),दवाडा(182),Rampur(Sub-District) / Shimla(District) / Himachal Pradesh(State),01669400,023630,N,,,,
575,23979,Dawala (64),दवाला(64),Kumarsain(Sub-District) / Shimla(District) / Himachal Pradesh(State),01704200,023979,N,,,,
576,25244,Dawan (225),दवाँ(225),Theog(Sub-District) / Shimla(District) / Himachal Pradesh(State),01820700,025244,N,,,,
577,24851,Dawaroo(140),डवारु(140),Junga(Sub-District) / Shimla(District) / Himachal Pradesh(State),01784900,024851,N,,,,
578,24007,Dawaroo(231),डवारू(231),Dhami(Sub-District) / Shimla(District) / Himachal Pradesh(State),01707000,024007,N,,,,
579,24057,Dawarsu(178),डवारसु(178),Sunni(Sub-District) / Shimla(District) / Himachal Pradesh(State),01712000,024057,N,,,,
580,24095,Dayala(139),दायला(139),Sunni(Sub-District) / Shimla(District) / Himachal Pradesh(State),01715800,024095,N,,,,
581,24217,Dayangal(68),दयांगल(68),Sunni(Sub-District) / Shimla(District) / Himachal Pradesh(State),01728000,024217,N,,,,
582,23883,Deeb (92),डीब(92),Kumarsain(Sub-District) / Shimla(District) / Himachal Pradesh(State),01694600,023883,N,,,,
583,25975,Deem(24/1),डीम(24/1),Jubbal(Sub-District) / Shimla(District) / Himachal Pradesh(State),01878200,025975,N,,,,
584,25350,Deha (47),देहा(47),Deha(Sub-District) / Shimla(District) / Himachal Pradesh(State),01830100,025350,N,,,,
585,25220,Dehna (370),दैहना (370),Theog(Sub-District) / Shimla(District) / Himachal Pradesh(State),01818400,025220,N,,,,
586,24862,Dehra Dohai (174),देहरा दोहाई(174),Junga(Sub-District) / Shimla(District) / Himachal Pradesh(State),01785900,024862,N,,,,
587,25683,Dehran (169),देहरां(169),Kupvi(Sub-District) / Shimla(District) / Himachal Pradesh(State),01849100,025683,N,,,,
588,25022,Dekoli (247),डकोली(247),Theog(Sub-District) / Shimla(District) / Himachal Pradesh(State),01799000,025022,N,,,,
589,24265,Delag (34),दीलग (34),Dhami(Sub-District) / Shimla(District) / Himachal Pradesh(State),01732800,024265,N,,,,
590,23704,Delath (2),देलठ(2),Nankhari(Sub-District) / Shimla(District) / Himachal Pradesh(State),01676700,023704,N,,,,
591,25477,Delmu(85),देलमू (85),Chaupal(Sub-District) / Shimla(District) / Himachal Pradesh(State),01839000,025477,N,eSignGOFile662648_19_02_2025_14_35_53.pdf,,,
592,26644,Denwari (65),देनवाडी (65),Chirgaon(Sub-District) / Shimla(District) / Himachal Pradesh(State),01938900,026644,N,,,,
593,26660,Deodi (82),दियूदी (82),Dhamwari(Sub-District) / Shimla(District) / Himachal Pradesh(State),01940500,026660,N,eSignGOFile662648_25_03_2026_15_00_03.pdf,,,
594,24216,Deola (66),देवला(66),Sunni(Sub-District) / Shimla(District) / Himachal Pradesh(State),01727900,024216,N,,,,
595,25086,Deori (123),देवरी(123),Theog(Sub-District) / Shimla(District) / Himachal Pradesh(State),01805300,025086,N,,,,
596,25147,Deori Ghat (278),देवरीघाट(278),Theog(Sub-District) / Shimla(District) / Himachal Pradesh(State),01811300,025147,N,,,,
597,23672,Deothi (131/1),देवठी (131/1),Taklech(Sub-District) / Shimla(District) / Himachal Pradesh(State),01673600,023672,N,,,,
598,25362,Deothi (14),देवठी (14),Deha(Sub-District) / Shimla(District) / Himachal Pradesh(State),01831100,025362,N,,,,
599,24751,Deothi (250),देवठी (250),Shimla ( Rural )(Sub-District) / Shimla(District) / Himachal Pradesh(State),01775400,024751,N,,,,
600,24224,Deothi (70),देवठी(70),Sunni(Sub-District) / Shimla(District) / Himachal Pradesh(State),01728700,024224,N,,,,
601,25320,Deothi (71),देवठी (71),Deha(Sub-District) / Shimla(District) / Himachal Pradesh(State),01827200,025320,N,,,,
602,25484,Deothi (88),देवठी(88),Chaupal(Sub-District) / Shimla(District) / Himachal Pradesh(State),01839400,025484,N,,,,
603,23864,Dethal (100),देथल(100),Kumarsain(Sub-District) / Shimla(District) / Himachal Pradesh(State),01692700,023864,N,,,,
604,23808,Devali Dhar (129),देवलीधार(129),Kumarsain(Sub-District) / Shimla(District) / Himachal Pradesh(State),01687100,023808,N,,,,
605,25313,Devathi (97),देवठी(97),Theog(Sub-District) / Shimla(District) / Himachal Pradesh(State),01826500,025313,N,,,,
606,26582,Devi Dhar (21),देवीधार(21),Jangla(Sub-District) / Shimla(District) / Himachal Pradesh(State),01932700,026582,N,,,,
607,23985,Devridhar (74),देवरीधार(74),Kumarsain(Sub-District) / Shimla(District) / Himachal Pradesh(State),01704800,023985,N,,,,
608,26160,Dewag (19),देवाग (19),Kalbog(Sub-District) / Shimla(District) / Himachal Pradesh(State),01895200,026160,N,,,,
609,25431,Dewat (41),देवत(41),Chaupal(Sub-District) / Shimla(District) / Himachal Pradesh(State),01836000,025431,N,,,,
610,25562,Dhabas,उप महाल धबास,Chaupal(Sub-District) / Shimla(District) / Himachal Pradesh(State),01843000,025562,N,,,,
611,26055,Dhadi (122/1),ढाडी(122/1),Sarawati Nagar(Sub-District) / Shimla(District) / Himachal Pradesh(State),01886200,026055,N,,,,
612,26076,Dhadi Rawat (96),ढाडी-रावत(96),Sarawati Nagar(Sub-District) / Shimla(District) / Himachal Pradesh(State),01888300,026076,N,,,,
613,24419,Dhadol (9/98),डढोल (9/98),Shimla ( Rural )(Sub-District) / Shimla(District) / Himachal Pradesh(State),01746000,024419,N,,,,
614,25787,Dhadu (94),ढाडू (94),Nerwa(Sub-District) / Shimla(District) / Himachal Pradesh(State),01859400,025787,N,,,,
615,25278,Dhagali (30),धगाली(30),Theog(Sub-District) / Shimla(District) / Himachal Pradesh(State),01823600,025278,N,,,,
616,24694,Dhagog (305),धगोग (305),Shimla ( Rural )(Sub-District) / Shimla(District) / Himachal Pradesh(State),01769700,024694,N,,,,
617,26555,Dhagoli (48),धगोली (48),Chirgaon(Sub-District) / Shimla(District) / Himachal Pradesh(State),01930000,026555,N,,,,
618,24350,Dhaila (147),धायला (147),Dhami(Sub-District) / Shimla(District) / Himachal Pradesh(State),01739500,024350,N,,,,
619,24563,Dhaindha (5/80),ढेंढा (5/80),Shimla ( Rural )(Sub-District) / Shimla(District) / Himachal Pradesh(State),01758300,024563,N,,,,
620,26613,Dhakgaon (121),ढाकगांव(121),Jangla(Sub-District) / Shimla(District) / Himachal Pradesh(State),01935800,026613,N,,,,
621,25744,Dhakoli (61),डकोली(61),Nerwa(Sub-District) / Shimla(District) / Himachal Pradesh(State),01855100,025744,N,,,,
622,24273,Dhalaya(46),धलाया(46),Dhami(Sub-District) / Shimla(District) / Himachal Pradesh(State),01733600,024273,N,,,,
623,25767,Dhalewna (79),ढलेवना(79),Nerwa(Sub-District) / Shimla(District) / Himachal Pradesh(State),01857400,025767,N,,,,
624,25100,Dhali (331),धाली(331),Theog(Sub-District) / Shimla(District) / Himachal Pradesh(State),01806700,025100,N,,,,
625,26179,Dhali (60),धाली(60),Kotkhai(Sub-District) / Shimla(District) / Himachal Pradesh(State),01896300,026179,N,,,,
626,23872,Dhali (86),धाली(86),Kumarsain(Sub-District) / Shimla(District) / Himachal Pradesh(State),01693500,023872,N,,,,
627,23811,Dhalla(132),धाला(132),Kumarsain(Sub-District) / Shimla(District) / Himachal Pradesh(State),01687400,023811,N,,,,
628,25077,Dhalour (101),ढलौहर(101),Theog(Sub-District) / Shimla(District) / Himachal Pradesh(State),01804400,025077,N,,,,
629,24848,Dhalyana (143),ढलयाणा(143),Junga(Sub-District) / Shimla(District) / Himachal Pradesh(State),01784600,024848,N,,,,
630,24418,Dhamun (9/160),धमून (9/160),Shimla ( Rural )(Sub-District) / Shimla(District) / Himachal Pradesh(State),01745900,024418,N,,,,
631,24579,Dhanail (5/69),धनायल (5/69),Shimla ( Rural )(Sub-District) / Shimla(District) / Himachal Pradesh(State),01759700,024579,N,,,,
632,23845,Dhanal (113),धनाल(113),Kumarsain(Sub-District) / Shimla(District) / Himachal Pradesh(State),01690800,023845,N,,,,
633,25917,Dhanat (156),धनत(156),Nerwa(Sub-District) / Shimla(District) / Himachal Pradesh(State),01872400,025917,N,,,,
634,25127,Dhanaut (269),धनौत(269),Theog(Sub-District) / Shimla(District) / Himachal Pradesh(State),01809300,025127,N,,,,
635,26707,Dhandarwari (8),धन्दरवाडी(8),Dodra Kwar(Sub-District) / Shimla(District) / Himachal Pradesh(State),01945200,026707,N,,,,
636,25055,Dhanewal (145),धनेवल(145),Theog(Sub-District) / Shimla(District) / Himachal Pradesh(State),01802200,025055,N,,,,
637,25558,Dhanewri (126),धनेवरी(126),Chaupal(Sub-District) / Shimla(District) / Himachal Pradesh(State),01842800,025558,N,,,,
638,26287,Dhangwi Kalan (145),ढांगवी कलां (145),Kotkhai(Sub-District) / Shimla(District) / Himachal Pradesh(State),01904600,026287,N,,,,
639,26292,Dhangwi Khurd (144),ढांगवी खुर्द (144),Kotkhai(Sub-District) / Shimla(District) / Himachal Pradesh(State),01905100,026292,N,,,,
640,24679,Dhanhen (344),धनैन (344),Shimla ( Rural )(Sub-District) / Shimla(District) / Himachal Pradesh(State),01768200,024679,N,,,,
641,24675,Dhani (345),ढानी (345),Shimla ( Rural )(Sub-District) / Shimla(District) / Himachal Pradesh(State),01767800,024675,N,,,,
642,25073,Dhano (111),धानो(111),Theog(Sub-District) / Shimla(District) / Himachal Pradesh(State),01804000,025073,N,,,,
643,24456,Dhanokhar (345),दनोखर (345),Shimla ( Rural )(Sub-District) / Shimla(District) / Himachal Pradesh(State),01749200,024456,N,,,,
644,24471,Dhanool (33/366),धनूल (33/366),Shimla ( Rural )(Sub-District) / Shimla(District) / Himachal Pradesh(State),01750500,024471,N,,,,
645,26370,Dhanoti (13),धनोटी(13),Tikar(Sub-District) / Shimla(District) / Himachal Pradesh(State),01911600,026370,N,,,,
646,25593,Dhanout,उप महाल धनोट,Chaupal(Sub-District) / Shimla(District) / Himachal Pradesh(State),01845000,025593,N,,,,
647,26225,Dhanroti (132),धनरोटी(132),Kotkhai(Sub-District) / Shimla(District) / Himachal Pradesh(State),01899900,026225,N,,,,
648,26068,Dhansar (117/1),धानसर(117/1),Sarawati Nagar(Sub-District) / Shimla(District) / Himachal Pradesh(State),01887500,026068,N,,,,
649,25779,Dhansari (78),धनसाडी(78),Nerwa(Sub-District) / Shimla(District) / Himachal Pradesh(State),01858600,025779,N,,,,
650,23731,Dhansha (80),धान्शा(80),Nankhari(Sub-District) / Shimla(District) / Himachal Pradesh(State),01679400,023731,N,,,,
651,939802,Dhar,धार,Shimla (Urban)(Sub-District) / Shimla(District) / Himachal Pradesh(State),,000000,N,,,,
652,23569,Dhar (103),धार (103),Rampur(Sub-District) / Shimla(District) / Himachal Pradesh(State),01663300,023569,N,,,,
653,23610,Dhar (121),धार (121),Rampur(Sub-District) / Shimla(District) / Himachal Pradesh(State),01667400,023610,N,,,,
654,25865,Dhar (125),धार(125),Nerwa(Sub-District) / Shimla(District) / Himachal Pradesh(State),01867200,025865,N,,,,
655,24892,Dhar (125),धार(125),Theog(Sub-District) / Shimla(District) / Himachal Pradesh(State),01788900,024892,N,,,,
656,25680,Dhar (165),धार(165),Kupvi(Sub-District) / Shimla(District) / Himachal Pradesh(State),01848800,025680,N,,,,
657,24877,Dhar (165),धार(165),Junga(Sub-District) / Shimla(District) / Himachal Pradesh(State),01787400,024877,N,,,,
658,24987,Dhar (172),धार(172),Theog(Sub-District) / Shimla(District) / Himachal Pradesh(State),01796100,024987,N,,,,
659,24735,Dhar (264),धार (264),Shimla ( Rural )(Sub-District) / Shimla(District) / Himachal Pradesh(State),01773800,024735,N,,,,
660,24683,Dhar (314),धार (314),Shimla ( Rural )(Sub-District) / Shimla(District) / Himachal Pradesh(State),01768600,024683,N,,,,
661,26014,Dhar (68/1),धार (68/1),Jubbal(Sub-District) / Shimla(District) / Himachal Pradesh(State),01882100,026014,N,,,,
662,25315,Dhar (70),धार(71),Deha(Sub-District) / Shimla(District) / Himachal Pradesh(State),01826700,025315,N,,,,
663,24312,Dhar (80),धार (80),Shimla ( Rural )(Sub-District) / Shimla(District) / Himachal Pradesh(State),01736300,024312,N,,,,
664,26510,Dhara (114),धारा(114),Rohru(Sub-District) / Shimla(District) / Himachal Pradesh(State),01925500,026510,N,,,,
665,25974,Dharai (23),धराई(23),Jubbal(Sub-District) / Shimla(District) / Himachal Pradesh(State),01878100,025974,N,,,,
666,26362,Dharal (9),धराल(9),Tikar(Sub-District) / Shimla(District) / Himachal Pradesh(State),01910800,026362,N,,,,
667,23540,Dharali (52),धराली(52),Sarahan(Sub-District) / Shimla(District) / Himachal Pradesh(State),01660300,023540,N,,,,
668,24935,Dharampur (218),धर्मपुर(218),Theog(Sub-District) / Shimla(District) / Himachal Pradesh(State),01791900,024935,N,,,,
669,25563,Dharan,उप महाल धरन,Chaupal(Sub-District) / Shimla(District) / Himachal Pradesh(State),01843000,025563,N,,,,
670,23719,Dharan (12),ढारण(12),Nankhari(Sub-District) / Shimla(District) / Himachal Pradesh(State),01678200,023719,N,,,,
671,26200,Dharat (134),धारठ(134),Kotkhai(Sub-District) / Shimla(District) / Himachal Pradesh(State),01898300,026200,N,,,,
672,26611,Dhar Banithach(148),धार बणीथाच (148),Jangla(Sub-District) / Shimla(District) / Himachal Pradesh(State),01935600,026611,N,,,,
673,25664,Dharchhadi(140),धारछडी(140),Kupvi(Sub-District) / Shimla(District) / Himachal Pradesh(State),01848000,025664,N,,,,
674,26542,Dhar Chhalti (86),धार छालती (86),Dhamwari(Sub-District) / Shimla(District) / Himachal Pradesh(State),01928700,026542,N,eSignGOFile662648_25_03_2026_15_00_03.pdf,,,
675,25251,Dharech (215),धरेच(215),Theog(Sub-District) / Shimla(District) / Himachal Pradesh(State),01821400,025251,N,,,,
676,25170,Dharech Gwech (227),धरेच-गवेच(227),Theog(Sub-District) / Shimla(District) / Himachal Pradesh(State),01813600,025170,N,,,,
677,26610,Dhar Gawas (149),धार गवास (149),Jangla(Sub-District) / Shimla(District) / Himachal Pradesh(State),01935500,026610,N,,,,
678,24501,Dhari Bageri (372),धारी बगैरी(372),Shimla ( Rural )(Sub-District) / Shimla(District) / Himachal Pradesh(State),01753500,024501,N,,,,
679,24504,Dhari Ghat (375),धारी घाट (375),Shimla ( Rural )(Sub-District) / Shimla(District) / Himachal Pradesh(State),01753800,024504,N,,,,
680,26649,Dhar Jabal (56),धार जाबल (56),Chirgaon(Sub-District) / Shimla(District) / Himachal Pradesh(State),01939400,026649,N,,,,
681,26651,Dhar Khashaini,धार खशेणी (93),Dhamwari(Sub-District) / Shimla(District) / Himachal Pradesh(State),01939600,026651,N,eSignGOFile662648_25_03_2026_15_00_03.pdf,,,
682,24839,Dhar Kuffar(159),धार कुफर(159),Junga(Sub-District) / Shimla(District) / Himachal Pradesh(State),01783700,024839,N,,,,
683,25117,Dharmai (308),धरमाई(308),Theog(Sub-District) / Shimla(District) / Himachal Pradesh(State),01808400,025117,N,,,,
684,24167,Dharogra (16),धरोगड़ा(16),Jalog(Sub-District) / Shimla(District) / Himachal Pradesh(State),01723000,024167,N,,,,
685,26522,Dharoot(96),धरोट(96),Rohru(Sub-District) / Shimla(District) / Himachal Pradesh(State),01926700,026522,N,,,,
686,26545,Dhar Rohal (55),धार रोहल (55),Chirgaon(Sub-District) / Shimla(District) / Himachal Pradesh(State),01929000,026545,N,,,,
687,25333,Dhar Tarpunu(77),धार-तरपूनु(77),Deha(Sub-District) / Shimla(District) / Himachal Pradesh(State),01828500,025333,N,,,,
688,24322,Dharth (64),धारठ (64),Shimla ( Rural )(Sub-District) / Shimla(District) / Himachal Pradesh(State),01736900,024322,N,,,,
689,23746,Dharunja (66),धडुन्जा(66),Nankhari(Sub-District) / Shimla(District) / Himachal Pradesh(State),01680900,023746,N,,,,
690,25739,Dhawandli (57),धवान्दली(57),Nerwa(Sub-District) / Shimla(District) / Himachal Pradesh(State),01854600,025739,N,,,,
691,23757,Dhawati (37),धावटी(37),Nankhari(Sub-District) / Shimla(District) / Himachal Pradesh(State),01682000,023757,N,,,,
692,24394,Dhayala (11/108),धायला (11/108),Shimla ( Rural )(Sub-District) / Shimla(District) / Himachal Pradesh(State),01743600,024394,N,,,,
693,24999,Dhelogar (149),ढेलोगाड(149),Theog(Sub-District) / Shimla(District) / Himachal Pradesh(State),01797000,024999,N,,,,
694,23860,Dhinguli(108),ढिंगुली(108),Kumarsain(Sub-District) / Shimla(District) / Himachal Pradesh(State),01692300,023860,N,,,,
695,26147,Dhola (28),ढोला(28),Kalbog(Sub-District) / Shimla(District) / Himachal Pradesh(State),01894000,026147,N,,,,
696,25617,Dhotali(137),धौताली(137),Kupvi(Sub-District) / Shimla(District) / Himachal Pradesh(State),01845800,025617,N,,,,
697,23750,Dhragala (55/2),धरागला(55/2),Nankhari(Sub-District) / Shimla(District) / Himachal Pradesh(State),01681300,023750,N,,,,
698,26324,Dhronk(149),धरोन्क(149),Kotkhai(Sub-District) / Shimla(District) / Himachal Pradesh(State),01908200,026324,N,,,,
699,23975,Dhrurhi(59),धरुड़ी(59),Kumarsain(Sub-District) / Shimla(District) / Himachal Pradesh(State),01703800,023975,N,,,,
700,25781,Diandli (90),दयान्डली(90),Nerwa(Sub-District) / Shimla(District) / Himachal Pradesh(State),01858800,025781,N,,,,
701,24402,Diashri (12/115),डैशडी (12/115),Shimla ( Rural )(Sub-District) / Shimla(District) / Himachal Pradesh(State),01744300,024402,N,,,,
702,26315,Didi (159),डीडी(159),Kotkhai(Sub-District) / Shimla(District) / Himachal Pradesh(State),01907300,026315,N,,,,
703,25141,Didi (283),डीडी(283),Theog(Sub-District) / Shimla(District) / Himachal Pradesh(State),01810700,025141,N,,,,
704,25604,Digah (133),दिगाह(133),Kupvi(Sub-District) / Shimla(District) / Himachal Pradesh(State),01845400,025604,N,,,,
705,24793,Digath (370),दिगठ (370),Shimla ( Rural )(Sub-District) / Shimla(District) / Himachal Pradesh(State),01779100,024793,N,,,,
706,25471,Digun (81),दिलमु(81),Chaupal(Sub-District) / Shimla(District) / Himachal Pradesh(State),01838600,025471,N,,,,
707,26219,Dilwi(69),डिलवी(69),Kotkhai(Sub-District) / Shimla(District) / Himachal Pradesh(State),01899300,026219,N,,,,
708,25542,Dimon (108),डिमो(108),Chaupal(Sub-District) / Shimla(District) / Himachal Pradesh(State),01842000,025542,N,,,,
709,25138,Dipra (297),दीपड़ा(297),Theog(Sub-District) / Shimla(District) / Himachal Pradesh(State),01810400,025138,N,,,,
710,24030,Dishti(193),दिश्ती(193),Dhami(Sub-District) / Shimla(District) / Himachal Pradesh(State),01709300,024030,N,,,,
711,26620,Diswani. (131),डिस्वाणी (131),Jangla(Sub-District) / Shimla(District) / Himachal Pradesh(State),01936500,026620,N,,,,
712,25660,Dochi (145),दोची(145),Kupvi(Sub-District) / Shimla(District) / Himachal Pradesh(State),01847600,025660,N,,,,
713,24346,Dochnu(155),दोछनू(155),Dhami(Sub-District) / Shimla(District) / Himachal Pradesh(State),01739100,024346,N,,,,
714,24936,Dodra (211),डोडरा(211),Theog(Sub-District) / Shimla(District) / Himachal Pradesh(State),01792000,024936,N,,,,
715,26712,Dodra Awal (11),डोडरा अब्वल(11),Dodra Kwar(Sub-District) / Shimla(District) / Himachal Pradesh(State),01945700,026712,N,,,,
716,26713,Dodra Doam (12),डोडरा दोयम(12,Dodra Kwar(Sub-District) / Shimla(District) / Himachal Pradesh(State),01945800,026713,N,,,,
717,23580,Dofda(80),दोफदा(80),Rampur(Sub-District) / Shimla(District) / Himachal Pradesh(State),01664400,023580,N,,,,
718,25649,Dofta (154),दोफता(154),Kupvi(Sub-District) / Shimla(District) / Himachal Pradesh(State),01846800,025649,N,,,,
719,23852,Dogri (121),दोगरी(121),Kumarsain(Sub-District) / Shimla(District) / Himachal Pradesh(State),01691500,023852,N,,,,
720,24348,Dohchhna (156),दोछना(156),Dhami(Sub-District) / Shimla(District) / Himachal Pradesh(State),01739300,024348,N,,,,
721,23629,Doi (178/3),डोई(178/3),Rampur(Sub-District) / Shimla(District) / Himachal Pradesh(State),01669300,023629,N,,,,
722,23941,Doja (42),दोजा (42),Kotgarh(Sub-District) / Shimla(District) / Himachal Pradesh(State),01700400,023941,N,,,,
723,24757,Doji Dhaar (248),दोजी धार (248),Shimla ( Rural )(Sub-District) / Shimla(District) / Himachal Pradesh(State),01776000,024757,N,,,,
724,25903,Dokhra (141),डौखरा(141),Nerwa(Sub-District) / Shimla(District) / Himachal Pradesh(State),01871000,025903,N,,,,
725,24130,Domehar(64),डूमैहर(64),Jalog(Sub-District) / Shimla(District) / Himachal Pradesh(State),01719300,024130,N,,,,
726,24473,Dooh (33/361),डूह(33/361),Shimla ( Rural )(Sub-District) / Shimla(District) / Himachal Pradesh(State),01750700,024473,N,,,,
727,25945,D.P.F.17 Jharag (53),जंगल मैहदूदा मैहफूजा 17 झड़ग(53),Jubbal(Sub-District) / Shimla(District) / Himachal Pradesh(State),01875200,025945,N,,,,
728,25935,D.P.F.18B Jharag (52),D.P.F 18 झड़ग(52),Jubbal(Sub-District) / Shimla(District) / Himachal Pradesh(State),01874200,025935,N,,,,
729,25946,D.P.F 19 Jharag (54),जंगल मैहदूदा मैहफूजा 19 झड़ग(54),Jubbal(Sub-District) / Shimla(District) / Himachal Pradesh(State),01875300,025946,N,,,,
730,26017,D.P.F. 1A Giri (80),D.P.F 1 ए गिरी(80),Jubbal(Sub-District) / Shimla(District) / Himachal Pradesh(State),01882400,026017,N,,,,
731,26020,D.P.F. 1B Giri (81),D.P.F 1बी गिरी(81),Jubbal(Sub-District) / Shimla(District) / Himachal Pradesh(State),01882700,026020,N,,,,
732,26022,D.P.F. 1C Giri (82),D.P.F 1सी गिरी(82),Jubbal(Sub-District) / Shimla(District) / Himachal Pradesh(State),01882900,026022,N,,,,
733,25997,D.P.F. 2A Giri (10),D.P.F.2 ए गिरी(10),Jubbal(Sub-District) / Shimla(District) / Himachal Pradesh(State),01880400,025997,N,,,,
734,26018,D.P.F. 2B Giri (9),D.P.F.2 बी गिरी(9),Jubbal(Sub-District) / Shimla(District) / Himachal Pradesh(State),01882500,026018,N,,,,
735,26019,D.P.F. 2C Giri (8),D.P.F.2 सी गिरी(8),Jubbal(Sub-District) / Shimla(District) / Himachal Pradesh(State),01882600,026019,N,,,,
736,25985,D.P.F. 3A Giri (15),D.P.F 3ए गिरी(15),Jubbal(Sub-District) / Shimla(District) / Himachal Pradesh(State),01879200,025985,N,,,,
737,25987,D.P.F. 3B Giri (16),D.P.F 3 बी गिरी(16),Jubbal(Sub-District) / Shimla(District) / Himachal Pradesh(State),01879400,025987,N,,,,
738,25986,D.P.F. 4A Giri (3),D.P.F 4ए गिरी(3),Jubbal(Sub-District) / Shimla(District) / Himachal Pradesh(State),01879300,025986,N,,,,
739,25989,D.P.F. 4B Giri (2),D.P.F 4बी गिरी(2),Jubbal(Sub-District) / Shimla(District) / Himachal Pradesh(State),01879600,025989,N,,,,
740,25995,D.P.F. 5A Giri (7),D.P.F 5ए गिरी(7),Jubbal(Sub-District) / Shimla(District) / Himachal Pradesh(State),01880200,025995,N,,,,
741,25996,D.P.F. 5B Giri (6),D.P.F 5 बी गिरी(6),Jubbal(Sub-District) / Shimla(District) / Himachal Pradesh(State),01880300,025996,N,,,,
742,25988,D.P.F. 5C Giri (5),D.P.F 5सी गिरी(5),Jubbal(Sub-District) / Shimla(District) / Himachal Pradesh(State),01879500,025988,N,,,,
743,25979,D.P.F. 5D Giri (4),D.P.F 5 डी गिरी(4),Jubbal(Sub-District) / Shimla(District) / Himachal Pradesh(State),01878600,025979,N,,,,
744,26450,D.P.F Adhal(73),डी0पी0एफ0 अढाल(73),Rohru(Sub-District) / Shimla(District) / Himachal Pradesh(State),01919600,026450,N,,,,
745,23665,D.P.F. Aga Dhar (161),डी. पी. एफ. आगाधार (161),Taklech(Sub-District) / Shimla(District) / Himachal Pradesh(State),01672900,023665,N,,,,
746,25619,D.P.F. Akaar,जंगल मैहफूजा मैहदूदा आकार,Kupvi(Sub-District) / Shimla(District) / Himachal Pradesh(State),01845900,025619,N,,,,
747,26661,D.P.F. Ambot (80),जं.मै.मै.अम्बोट (80),Dhamwari(Sub-District) / Shimla(District) / Himachal Pradesh(State),01940600,026661,N,eSignGOFile662648_25_03_2026_15_00_03.pdf,,,
748,25737,D.P.F. Ambral (55),जंगल अम्बराल(55),Nerwa(Sub-District) / Shimla(District) / Himachal Pradesh(State),01854400,025737,N,,,,
749,25514,Dpf Amta -I,जंगल मैहदूदा मैहफूजा आमटा प्रथम,Chaupal(Sub-District) / Shimla(District) / Himachal Pradesh(State),01840700,025514,N,,,,
750,25515,Dpf Amta -II,जंगल मैहदूदा मैहफूजा आमटा द्वितीय,Chaupal(Sub-District) / Shimla(District) / Himachal Pradesh(State),01840700,025515,N,,,,
751,25516,Dpf Amta -III,जंगल मैहदूदा मैहफूजा आमटा तृतीय,Chaupal(Sub-District) / Shimla(District) / Himachal Pradesh(State),01840700,025516,N,,,,
752,25688,D.P.F.Arua (42),जंगल आरवां(42),Nerwa(Sub-District) / Shimla(District) / Himachal Pradesh(State),01849500,025688,N,,,,
753,24299,D.P.F Baag Ka Naal Dwitiya,डी.पी.एफ बाग़ का नाल II,Shimla ( Rural )(Sub-District) / Shimla(District) / Himachal Pradesh(State),01735400,024299,N,,,,
754,24321,D.P.F Baag Ka Naal Pratham,डी.पी.एफ बाग़ का नाल I,Shimla ( Rural )(Sub-District) / Shimla(District) / Himachal Pradesh(State),01736800,024321,N,,,,
755,24302,D.P.F Bada Pandish,डी.पी.एफ बड़ा पंडिश,Shimla ( Rural )(Sub-District) / Shimla(District) / Himachal Pradesh(State),01735500,024302,N,,,,
756,939852,D. P. F. Badehari First,डी.पी.ऍफ़. बड़ेहरी प्रथम,Shimla ( Rural )(Sub-District) / Shimla(District) / Himachal Pradesh(State),,000000,N,,,,
757,939851,D. P. F. Badehari Second,डी.पी.ऍफ़. बड़ेहरी द्वितीय,Shimla ( Rural )(Sub-District) / Shimla(District) / Himachal Pradesh(State),,000000,N,,,,
758,26012,D.P.F Badhal (76),जंगल मैहदूदा मैहफूजा बढ़ाल(76),Jubbal(Sub-District) / Shimla(District) / Himachal Pradesh(State),01881900,026012,N,,,,
759,23500,Dpf Bagadhar(40),डी पी एफ बागाधार (40),Rampur(Sub-District) / Shimla(District) / Himachal Pradesh(State),01656300,023500,N,,,,
760,26027,D.P.F. Bagain (71),जंगल मैहदूदा मैहफूजा बगैंण(71),Jubbal(Sub-District) / Shimla(District) / Himachal Pradesh(State),01883400,026027,N,,,,
761,23785,D.P.F. Bagalti (41),डी पी एफ बगलती(41),Nankhari(Sub-District) / Shimla(District) / Himachal Pradesh(State),01684800,023785,N,,,,
762,26124,D.P.F. Baghal (185),जंगल बघाल(18,Kalbog(Sub-District) / Shimla(District) / Himachal Pradesh(State),01892200,026124,N,,,,
763,26118,D.P.F. Baghi,डी0पी0एफ0 बाघी,Kalbog(Sub-District) / Shimla(District) / Himachal Pradesh(State),01891900,026118,N,,,,
764,26605,D.P.F. Bagi Doyam (147),जंगल मैहफूजा मैहदूदा बागी दोयम (147),Jangla(Sub-District) / Shimla(District) / Himachal Pradesh(State),01935000,026605,N,,,,
765,26607,D.P.F. Bagi III (140),जंगल मैहफूजा मैहदूदा बागी-III (140),Jangla(Sub-District) / Shimla(District) / Himachal Pradesh(State),01935200,026607,N,,,,
766,25709,D.P.F Bagna (33),जंगल बागना(33),Nerwa(Sub-District) / Shimla(District) / Himachal Pradesh(State),01851600,025709,N,,,,
767,25614,D.P.F. Bahal,जंगल मैहफूजा मैहदूदा बाहल,Kupvi(Sub-District) / Shimla(District) / Himachal Pradesh(State),01845600,025614,N,,,,
768,23799,D.P.F. Bahali (87),डी पी एफ बाहली(87),Nankhari(Sub-District) / Shimla(District) / Himachal Pradesh(State),01686200,023799,N,,,,
769,23680,D.P.F. Bahli (186),जंगल बाहली(186),Taklech(Sub-District) / Shimla(District) / Himachal Pradesh(State),01674400,023680,N,,,,
770,23620,D.P.F Bahli (69),डी0पी0ऐफ0 बाहली(69),Sarahan(Sub-District) / Shimla(District) / Himachal Pradesh(State),01668400,023620,N,eSignGOFile662648_19_02_2025_21_22_09.pdf,,,
771,23800,D.P.F. Bai (85),डी पी एफ बैई(85),Nankhari(Sub-District) / Shimla(District) / Himachal Pradesh(State),01686300,023800,N,,,,
772,25616,D.P.F. Bainal,जंगल मैहफूजा मैहदूदा बाईनाल,Kupvi(Sub-District) / Shimla(District) / Himachal Pradesh(State),01845700,025616,N,,,,
773,25807,D.P.F. Bajathal-1 (110),जंगल बजाथल-1,Nerwa(Sub-District) / Shimla(District) / Himachal Pradesh(State),01861400,025807,N,,,,
774,25808,D.P.F. Bajathal-2 (111),जंगल बजाथल-2,Nerwa(Sub-District) / Shimla(District) / Himachal Pradesh(State),01861500,025808,N,,,,
775,25809,D.P.F. Bajathal-3 (112),जंगल बजाथल-3,Nerwa(Sub-District) / Shimla(District) / Himachal Pradesh(State),01861600,025809,N,,,,
776,26424,D.P.F. Bajeshal (2),डी0पी0एफ0 बजैशल(2,Rohru(Sub-District) / Shimla(District) / Himachal Pradesh(State),01917000,026424,N,,,,
777,24283,D.P.F Baledi (49/1),डी.पी.एफ. बलेडी (49/1),Shimla ( Rural )(Sub-District) / Shimla(District) / Himachal Pradesh(State),01734400,024283,N,,,,
778,25410,Dpf Bamta,जंगल मैहदूदा मैहफजा बम्टा,Chaupal(Sub-District) / Shimla(District) / Himachal Pradesh(State),01834800,025410,N,,,,
779,25624,D.P.F. Banah,जंगल मैहफूजा मैहदूदा बनाह,Kupvi(Sub-District) / Shimla(District) / Himachal Pradesh(State),01846100,025624,N,,,,
780,23796,Dpf Banala(83),डी.पी.एफ बनाला (83),Nankhari(Sub-District) / Shimla(District) / Himachal Pradesh(State),01685900,023796,N,,,,
781,26266,D.P.F. Bani,जंगल मै.मै.बणी,Kotkhai(Sub-District) / Shimla(District) / Himachal Pradesh(State),01902900,026266,N,,,,
782,25294,D.P.F. Banu(40),जंगल बनू  (40),Deha(Sub-District) / Shimla(District) / Himachal Pradesh(State),01824800,025294,N,,,,
783,26453,D.P.F Barada Pratham(76),डी पी एफ  बराडा प्रथम(76),Rohru(Sub-District) / Shimla(District) / Himachal Pradesh(State),01919900,026453,N,,,,
784,26457,D.P.F Barada Tritya(75),डी पी एफ  बराडा तृतीय(75),Rohru(Sub-District) / Shimla(District) / Himachal Pradesh(State),01920300,026457,N,,,,
785,25613,D.P.F. Barchadi,जंगल मैहफूजा मैहदूदा बरचाडी,Kupvi(Sub-District) / Shimla(District) / Himachal Pradesh(State),01845600,025613,N,,,,
786,26557,D.P.F. Bari (35),जं.मै.मै.बारी (35),Chirgaon(Sub-District) / Shimla(District) / Himachal Pradesh(State),01930200,026557,N,,,,
787,25348,D.P.F. Barog (51),जंगल बडोग(51),Deha(Sub-District) / Shimla(District) / Himachal Pradesh(State),01829900,025348,N,,,,
788,26444,D.P.F. Bashla (14),डी0पी0एफ0 बशला(14),Rohru(Sub-District) / Shimla(District) / Himachal Pradesh(State),01919000,026444,N,,,,
789,26711,D.P.F. Batri Gaad (9),डी.पी.एफ. बातरीगाड(9),Dodra Kwar(Sub-District) / Shimla(District) / Himachal Pradesh(State),01945600,026711,N,,,,
790,25585,Dpf Berag,जंगल मैहदूदा मैहफूजा बेरग,Chaupal(Sub-District) / Shimla(District) / Himachal Pradesh(State),01844800,025585,N,,,,
791,23783,D.P.F. Bghat (39),डी पी एफ बघाट(39),Nankhari(Sub-District) / Shimla(District) / Himachal Pradesh(State),01684600,023783,N,,,,
792,23787,D.P.F. Bhadral (43),डी पी एफ भदराल(43),Nankhari(Sub-District) / Shimla(District) / Himachal Pradesh(State),01685000,023787,N,,,,
793,23586,D.P.F. Bhagaoht(73),डी0पी0ऐफ0 भगावट(73),Sarahan(Sub-District) / Shimla(District) / Himachal Pradesh(State),01665000,023586,N,,,,
794,25334,D.P.F. Bhagroa (81),जंगल भगरोआ (81),Deha(Sub-District) / Shimla(District) / Himachal Pradesh(State),01828600,025334,N,,,,
795,26437,D.P.F. Bhalara (9),डी0पी0एफ0 भलाडा(9),Rohru(Sub-District) / Shimla(District) / Himachal Pradesh(State),01918300,026437,N,,,,
796,24871,D.P.F. Bhalawag (157),डी.पी.एफ. भलवाग (157),Junga(Sub-District) / Shimla(District) / Himachal Pradesh(State),01786800,024871,N,,,,
797,24856,D.P.F. Bhalawag (160),डी.पी.एफ. भलवाग (160),Junga(Sub-District) / Shimla(District) / Himachal Pradesh(State),01785400,024856,N,,,,
798,25611,D.P.F. Bhaloo,जंगल मैहफूजा मैहदूदा भालू,Kupvi(Sub-District) / Shimla(District) / Himachal Pradesh(State),01845600,025611,N,,,,
799,26406,D.P.F Bhaloon Dwitiye(35),डी पी एफ  भलून द्वितीय (35),Rohru(Sub-District) / Shimla(District) / Himachal Pradesh(State),01915200,026406,N,,,,
800,26410,D.P.F Bhaloon Pratham(33),डी पी एफ  भलूून प्रथम(33),Rohru(Sub-District) / Shimla(District) / Himachal Pradesh(State),01915600,026410,N,,,,
801,26416,D.P.F. Bhamnoli (25),डी पी एफ  भमनोली (25),Rohru(Sub-District) / Shimla(District) / Himachal Pradesh(State),01916200,026416,N,,,,
802,26563,Dpf Bhamphar (34),जं.मै.मै.भम्फड(34),Chirgaon(Sub-District) / Shimla(District) / Himachal Pradesh(State),01930800,026563,N,,,,
803,23651,Dpf Bhamrada (190),जंगल भमराडा(190),Taklech(Sub-District) / Shimla(District) / Himachal Pradesh(State),01671500,023651,N,,,,
804,25882,Dpf Bharanu(18),जंगल भराणू(18),Nerwa(Sub-District) / Shimla(District) / Himachal Pradesh(State),01868900,025882,N,,,,
805,26476,Dpf Bharetly Doyam(57),डीoपीoएफo भरेटली दोयम(57),Rohru(Sub-District) / Shimla(District) / Himachal Pradesh(State),01922200,026476,N,eSignGOFile662648_19_02_2025_21_23_40.pdf,,,
806,939856,D. P. F. Bhayali,जंगल मै. मै. भायली,Shimla ( Rural )(Sub-District) / Shimla(District) / Himachal Pradesh(State),,000000,N,,,,
807,25504,Dpf Bherog,जंगल मैहदूदा मैहफूजा भैरोग,Chaupal(Sub-District) / Shimla(District) / Himachal Pradesh(State),01840400,025504,N,,,,
808,23751,D.P.F. Bhorja (46),डी पी एफ भोरजा(46),Nankhari(Sub-District) / Shimla(District) / Himachal Pradesh(State),01681400,023751,N,,,,
809,24295,D.P.F Bhor Ka Dhak (54/2),डी.पी.एफ भौर का (54/2)ढांक,Shimla ( Rural )(Sub-District) / Shimla(District) / Himachal Pradesh(State),01735200,024295,N,,,,
810,25474,Dpf Bhot,जंगल मैहदूदा मैहफूजा भोट,Chaupal(Sub-District) / Shimla(District) / Himachal Pradesh(State),01838800,025474,N,,,,
811,23588,D.P.F. Bhuji Dhar (68),डी0पी0ऐफ0 भुझी धार(68),Sarahan(Sub-District) / Shimla(District) / Himachal Pradesh(State),01665200,023588,N,,,,
812,25600,D.P.F. Bijadi,जंगल मैहफूजा मैहदूदा बिजाडी,Kupvi(Sub-District) / Shimla(District) / Himachal Pradesh(State),01845200,025600,N,,,,
813,25524,Dpf Bijai,जंगल मैहदूदा मैहफूजा बिजाई,Chaupal(Sub-District) / Shimla(District) / Himachal Pradesh(State),01840800,025524,N,,,,
814,25686,D.P.F. Bijhol (39),जंगल विझौल(39),Nerwa(Sub-District) / Shimla(District) / Himachal Pradesh(State),01849300,025686,N,,,,
815,25720,D.P.F. Birda (2),जंगल विरडा(2),Nerwa(Sub-District) / Shimla(District) / Himachal Pradesh(State),01852700,025720,N,,,,
816,25916,D.P.F. Bog (155),जंगल बोग(155),Nerwa(Sub-District) / Shimla(District) / Himachal Pradesh(State),01872300,025916,N,,,,
817,23528,Dpf Boiadhar(16),जंगल बोइया धार (16),Rampur(Sub-District) / Shimla(District) / Himachal Pradesh(State),01659100,023528,N,,,,
818,26540,D.P.F Bral(103),डी0पी0एफ0 बराल(103),Rohru(Sub-District) / Shimla(District) / Himachal Pradesh(State),01928500,026540,N,,,,
819,26459,D.P.F Brasli(126),डी पी एफ  बरासली(126),Rohru(Sub-District) / Shimla(District) / Himachal Pradesh(State),01920500,026459,N,,,,
820,26490,D.P.F. Buthara (62),डी पी एफ  बुठारा(62),Rohru(Sub-District) / Shimla(District) / Himachal Pradesh(State),01923600,026490,N,,,,
821,23647,D.P.F. Byunthal (189),जंगल ब्यूथल(189),Taklech(Sub-District) / Shimla(District) / Himachal Pradesh(State),01671100,023647,N,,,,
822,23565,Dpf Chadali Kartot(93),जंगल मैहo मैहo चदाली करतोट(93),Rampur(Sub-District) / Shimla(District) / Himachal Pradesh(State),01662900,023565,N,,,,
823,25331,D.P.F. Chadrien(69),जंगल चद्रेन (69),Deha(Sub-District) / Shimla(District) / Himachal Pradesh(State),01828300,025331,N,,,,
824,23533,D.P.F. Chalari -I (37),जंगल मैहo मैहoचलाडी-I,Rampur(Sub-District) / Shimla(District) / Himachal Pradesh(State),01659600,023533,N,,,,
825,23531,D.P.F. Chalari-Ii (36),जंग मैहo मैहoचलाडी-II(36),Rampur(Sub-District) / Shimla(District) / Himachal Pradesh(State),01659400,023531,N,,,,
826,23519,D.P.F. Chalari-Iii (38),जंगल मैहo मैहoचलाडी-III(38),Rampur(Sub-District) / Shimla(District) / Himachal Pradesh(State),01658200,023519,N,,,,
827,23532,D.P.F. Chalari-Iv (39),जंगल मैहo मैहoचलाडी(39)-IV,Rampur(Sub-District) / Shimla(District) / Himachal Pradesh(State),01659500,023532,N,,,,
828,25377,Dpf Chambi(15),जंगल मैहदूदा मैहफजा चम्बी(15),Chaupal(Sub-District) / Shimla(District) / Himachal Pradesh(State),01832300,025377,N,,,,
829,25322,D.P.F. Chambi (64),जंगल मैहदूदा मैहफजा चम्बी(63),Deha(Sub-District) / Shimla(District) / Himachal Pradesh(State),01827400,025322,N,,,,
830,26705,D.P.F. Chanaun (15),डी.पी.एफ.चनौण,Dodra Kwar(Sub-District) / Shimla(District) / Himachal Pradesh(State),01945000,026705,N,,,,
831,25353,D.P.F. Chandni (46),जंगल चांदनी (46),Deha(Sub-District) / Shimla(District) / Himachal Pradesh(State),01830400,025353,N,,,,
832,25626,D.P.F. Chandrayan,जंगल मैहफूजा मैहदूदा छन्दरायण,Kupvi(Sub-District) / Shimla(District) / Himachal Pradesh(State),01846100,025626,N,,,,
833,24185,D.P.F. Chaprani (54),जंगल चपड़ानी(54),Jalog(Sub-District) / Shimla(District) / Himachal Pradesh(State),01724800,024185,N,,,,
834,25451,Dpf Charbotla,जंगल मैहदूदा मैहफजा छरबोटला,Chaupal(Sub-District) / Shimla(District) / Himachal Pradesh(State),01837200,025451,N,,,,
835,26562,D.P.F. Charoti (45),जं.मै.मै.चडोटी (45),Chirgaon(Sub-District) / Shimla(District) / Himachal Pradesh(State),01930700,026562,N,,,,
836,25383,Dpf Chauhag(16),जंगल मैहदूदा मैहफजा चौहाग(16),Chaupal(Sub-District) / Shimla(District) / Himachal Pradesh(State),01832700,025383,N,,,,
837,26090,D.P.F. Chhajpur(102),डी0पी0एफ0 छाजपूर(102),Sarawati Nagar(Sub-District) / Shimla(District) / Himachal Pradesh(State),01889700,026090,N,,,,
838,25897,D.P.F. Chhinog (150),जंगल छिनोग(150),Nerwa(Sub-District) / Shimla(District) / Himachal Pradesh(State),01870400,025897,N,,,,
839,26501,D.P.F. Chhupari (139),डी पी एफ  छुपाडी(139),Rohru(Sub-District) / Shimla(District) / Himachal Pradesh(State),01924600,026501,N,,,,
840,25700,D.P.F. Chila (43),जंगल चिल्ला(43),Nerwa(Sub-District) / Shimla(District) / Himachal Pradesh(State),01850700,025700,N,,,,
841,25330,D.P.F. Chila (72),जंगल चिल्ला(72),Deha(Sub-District) / Shimla(District) / Himachal Pradesh(State),01828200,025330,N,,,,
842,25792,D.P.F. Chilrana (100),जंगल चलराना(100),Nerwa(Sub-District) / Shimla(District) / Himachal Pradesh(State),01859900,025792,N,,,,
843,25535,Dpf Chiuna -4,जंगल मैहदूदा मैहफूजा चिवना चतुर्थ,Chaupal(Sub-District) / Shimla(District) / Himachal Pradesh(State),01841300,025535,N,,,,
844,25532,Dpf Chiuna -I,जंगल मैहदूदा मैहफूजा चिवना प्रथम,Chaupal(Sub-District) / Shimla(District) / Himachal Pradesh(State),01841300,025532,N,,,,
845,25533,Dpf Chiuna -II,जंगल मैहदूदा मैहफूजा चिवना द्वितीय,Chaupal(Sub-District) / Shimla(District) / Himachal Pradesh(State),01841300,025533,N,,,,
846,25534,Dpf Chiuna -III,जंगल मैहदूदा मैहफूजा चिवना तृतीय,Chaupal(Sub-District) / Shimla(District) / Himachal Pradesh(State),01841300,025534,N,,,,
847,23989,Dpf-Chorotinal(49),जंगल चरोटीनाल,Kotgarh(Sub-District) / Shimla(District) / Himachal Pradesh(State),01705200,023989,N,,,,
848,24301,D.P.F Chota Pandish,डी.पी.एफ छोटा पंडिश,Shimla ( Rural )(Sub-District) / Shimla(District) / Himachal Pradesh(State),01735500,024301,N,,,,
849,26070,D.P.F. Chounri Ser(116),डी0पी0एफ0 चौंरी सेर,Sarawati Nagar(Sub-District) / Shimla(District) / Himachal Pradesh(State),01887700,026070,N,,,,
850,25338,Dpf Chudah (61),जंगल चुदाह (61),Deha(Sub-District) / Shimla(District) / Himachal Pradesh(State),01829000,025338,N,,,,
851,25754,D.P.F. Chunjar (51),जंगल चुन्जर(51),Nerwa(Sub-District) / Shimla(District) / Himachal Pradesh(State),01856100,025754,N,,,,
852,25627,D.P.F. Churath,जंगल मैहफूजा मैहदूदा चुरठ,Kupvi(Sub-District) / Shimla(District) / Himachal Pradesh(State),01846100,025627,N,,,,
853,25675,D.P.F. Churayan,जंगल मैहफूजा मैहदूदा चुरायण,Kupvi(Sub-District) / Shimla(District) / Himachal Pradesh(State),01848500,025675,N,,,,
854,25403,Dpf Churtha(3),जंगल मैहदूदा मैहफजा चुडथा(3),Chaupal(Sub-District) / Shimla(District) / Himachal Pradesh(State),01834300,025403,N,,,,
855,939854,D. P. F. Chyawala,जंगल मै. मै. च्यावला,Shimla ( Rural )(Sub-District) / Shimla(District) / Himachal Pradesh(State),,000000,N,,,,
856,25335,D.P.F Dabar (76),जंगल डाबर(7),Deha(Sub-District) / Shimla(District) / Himachal Pradesh(State),01828700,025335,N,,,,
857,25736,Dpf Dach(53),जंगल दाछ(53),Nerwa(Sub-District) / Shimla(District) / Himachal Pradesh(State),01854300,025736,N,,,,
858,26616,D.P.F. Dali (124),जंगल मैँ. मैँ.दली(124),Jangla(Sub-District) / Shimla(District) / Himachal Pradesh(State),01936100,026616,N,,,,
859,24292,D.P.F. Dalimu,डी.पी.एफ दलिमू,Shimla ( Rural )(Sub-District) / Shimla(District) / Himachal Pradesh(State),01735100,024292,N,,,,
860,23594,D.P.F. Daran (78),डी०पी०एफ० दारन(78),Rampur(Sub-District) / Shimla(District) / Himachal Pradesh(State),01665800,023594,N,,,,
861,23692,D.P.F. Darkali Dhar (158),जंगल दरकाली धार(158),Taklech(Sub-District) / Shimla(District) / Himachal Pradesh(State),01675600,023692,N,,,,
862,23667,D P F Darshal (127),जंगल दरशाल(127),Taklech(Sub-District) / Shimla(District) / Himachal Pradesh(State),01673100,023667,N,,,,
863,26062,D.P.F. Dedar(132),डी0पी0एफ0 डेडर(132),Sarawati Nagar(Sub-District) / Shimla(District) / Himachal Pradesh(State),01886900,026062,N,,,,
864,25352,D.P.F Deha (49),जंगल देहा(49),Deha(Sub-District) / Shimla(District) / Himachal Pradesh(State),01830300,025352,N,,,,
865,25803,D.P.F. Deiya (108),जंगल देईया(108),Nerwa(Sub-District) / Shimla(District) / Himachal Pradesh(State),01861000,025803,N,,,,
866,25478,Dpf Delmu,जंगल मैहदूदा मैहफूजा देलमू,Chaupal(Sub-District) / Shimla(District) / Himachal Pradesh(State),01839000,025478,N,,,,
867,25485,Dpf Deothi,जंगल मैहदूदा मैहफूजा देवठी,Chaupal(Sub-District) / Shimla(District) / Himachal Pradesh(State),01839400,025485,N,,,,
868,26581,D.P.F.Devandhar (4),जंगल मैँ.मैँ. देवनधार,Jangla(Sub-District) / Shimla(District) / Himachal Pradesh(State),01932600,026581,N,,,,
869,23926,Dpf-Devargarh(47),जंगल देवरगाढ़(47),Kotgarh(Sub-District) / Shimla(District) / Himachal Pradesh(State),01698900,023926,N,,,,
870,26075,D.P.F. Dhadi Rawat (98),डी0पी0एफ0 ढाडी-रावत(98),Sarawati Nagar(Sub-District) / Shimla(District) / Himachal Pradesh(State),01888200,026075,N,,,,
871,26614,D.P.F. Dhakgoan (122),जंगल मै. मै. ढाकगांव (122),Jangla(Sub-District) / Shimla(District) / Himachal Pradesh(State),01935900,026614,N,,,,
872,25448,Dpf Dhaniya(64),जँगल धनिय़ा(64),Chaupal(Sub-District) / Shimla(District) / Himachal Pradesh(State),01837100,025448,N,,,,
873,939881,D. P. F. Dhanool,डी.पी.ऍफ़. धनूल,Shimla ( Rural )(Sub-District) / Shimla(District) / Himachal Pradesh(State),,000000,N,,,,
874,26369,D.P.F. Dhanoti (12),डी.पी.एफ धनोटी(12),Tikar(Sub-District) / Shimla(District) / Himachal Pradesh(State),01911500,026369,N,,,,
875,25665,D.P.F. Dharchhadi,जंगल मैहफूजा मैहदूदा धारछडी,Kupvi(Sub-District) / Shimla(District) / Himachal Pradesh(State),01848000,025665,N,,,,
876,26466,D.P.F Dharshal(67),डी पी एफ  धरशाल(67),Rohru(Sub-District) / Shimla(District) / Himachal Pradesh(State),01921200,026466,N,,,,
877,25491,Dpf Dharta Suli,जंगल मैहदूदा मैहफूजा धारटा सुली,Chaupal(Sub-District) / Shimla(District) / Himachal Pradesh(State),01839600,025491,N,,,,
878,23695,D P F Dibri Dansa (150),जंगल डीवरी डानसा(150),Taklech(Sub-District) / Shimla(District) / Himachal Pradesh(State),01675900,023695,N,,,,
879,23530,D.P.F. Dilpa (47),जंगल मैहo मैहoदिल्पा(47),Rampur(Sub-District) / Shimla(District) / Himachal Pradesh(State),01659300,023530,N,,,,
880,26618,D.P.F Diswani (132),जंगल मैँ.मैँ. डिस्वाणी (132),Jangla(Sub-District) / Shimla(District) / Himachal Pradesh(State),01936300,026618,N,,,,
881,26657,D.P.F Diudi (83),जं.मै.मै.दिउदी (83),Dhamwari(Sub-District) / Shimla(District) / Himachal Pradesh(State),01940200,026657,N,eSignGOFile662648_25_03_2026_15_00_03.pdf,,,
882,25342,D.P.F Doba (54),जंगल डोबा (54),Deha(Sub-District) / Shimla(District) / Himachal Pradesh(State),01829300,025342,N,,,,
883,25345,Dpf Dochah,जंगल दौचाह(56),Deha(Sub-District) / Shimla(District) / Himachal Pradesh(State),01829600,025345,N,,,,
884,26697,D.P.F. Dodu (5),डी.पी.एफ. डोडू(5),Dodra Kwar(Sub-District) / Shimla(District) / Himachal Pradesh(State),01944200,026697,N,,,,
885,23579,Dpf Dofda(81),डी०पी०एफ० दोफदा(81),Rampur(Sub-District) / Shimla(District) / Himachal Pradesh(State),01664300,023579,N,,,,
886,26691,D.P.F. Dogra (112),जं.मै.मैं. दोगडा (112),Chirgaon(Sub-District) / Shimla(District) / Himachal Pradesh(State),01943600,026691,N,,,,
887,23587,D.P.F. Dogri Dhar (70),डी0पी0ऐफ0 डोखरी धार,Sarahan(Sub-District) / Shimla(District) / Himachal Pradesh(State),01665100,023587,N,,,,
888,24131,D.P.F. Domehar (95),जंगल डूमैहर(95),Jalog(Sub-District) / Shimla(District) / Himachal Pradesh(State),01719400,024131,N,,,,
889,24142,D.P.F. Drabala (44),जंगल द्राबला(44),Jalog(Sub-District) / Shimla(District) / Himachal Pradesh(State),01720500,024142,N,,,,
890,24621,D.P.F Dudhali,डी.पी.एफ दुधली,Shimla ( Rural )(Sub-District) / Shimla(District) / Himachal Pradesh(State),01763600,024621,N,,,,
891,26060,D.P.F. Dullu (125),डी0पी0एफ0 डुलू(125),Sarawati Nagar(Sub-District) / Shimla(District) / Himachal Pradesh(State),01886700,026060,N,,,,
892,26558,D.P.F Dunana (36),जं.मै.मै.दुनणा (36),Chirgaon(Sub-District) / Shimla(District) / Himachal Pradesh(State),01930300,026558,N,,,,
893,26421,D.P.F Dunga Dovel(29),डी पी एफ  डुंगाडोवल(29),Rohru(Sub-District) / Shimla(District) / Himachal Pradesh(State),01916700,026421,N,,,,
894,23505,D.P.F. Fancha (18),जंगल फांचा(18),Rampur(Sub-District) / Shimla(District) / Himachal Pradesh(State),01656800,023505,N,,,,
895,23571,D.P.F. Fanoty (101),जंगल मैहo मैहo फनोटी(101),Rampur(Sub-District) / Shimla(District) / Himachal Pradesh(State),01663500,023571,N,,,,
896,26361,D.P.F. Farog (10),डी.पी.एफ. फरोग (10),Tikar(Sub-District) / Shimla(District) / Himachal Pradesh(State),01910700,026361,N,,,,
897,939848,D.P.F.Fatechi,डी.पी.एफ.फतेची,Shimla ( Rural )(Sub-District) / Shimla(District) / Himachal Pradesh(State),,000000,N,,,,
898,26382,D.P.F Friunkoti(30),डी.पी.एफ फ्रिउकोटी(30),Tikar(Sub-District) / Shimla(District) / Himachal Pradesh(State),01912800,026382,N,,,,
899,939846,D. P. F. Gadwag,जंगल मै.मै. गडावग,Shimla ( Rural )(Sub-District) / Shimla(District) / Himachal Pradesh(State),,000000,N,,,,
900,23775,D.P.F. Gahan (32),डी.पी.एफ. गाहण (32),Nankhari(Sub-District) / Shimla(District) / Himachal Pradesh(State),01683800,023775,N,,,,
901,939935,D. P. F. Gahan Jarei,जंगल मै.मै.गाहन जरई,Kotkhai(Sub-District) / Shimla(District) / Himachal Pradesh(State),,000000,N,,,,
902,23684,D.P.F. Gandla Seri (154),डी. पी. एफ. गान्दला सेरी (154),Taklech(Sub-District) / Shimla(District) / Himachal Pradesh(State),01674800,023684,N,,,,
903,26521,D.P.F. Ganga Nagar (94),डी पी एफ  गंगानगर(94),Rohru(Sub-District) / Shimla(District) / Himachal Pradesh(State),01926600,026521,N,,,,
904,23804,Dpf Garasu(60),डी.पी.एफ. गड़ासू (60),Nankhari(Sub-District) / Shimla(District) / Himachal Pradesh(State),01686700,023804,N,,,,
905,25824,D.P.F. Gatu (121),जंगल गातू(121),Nerwa(Sub-District) / Shimla(District) / Himachal Pradesh(State),01863100,025824,N,,,,
906,25879,Dpf Gauncha(12),जंगल गौंचा(12),Nerwa(Sub-District) / Shimla(District) / Himachal Pradesh(State),01868600,025879,N,,,,
907,25609,D.P.F. Gaunchadi,जंगल मैहफूजा मैहदूदा गौंचडी,Kupvi(Sub-District) / Shimla(District) / Himachal Pradesh(State),01845500,025609,N,,,,
908,26488,D.P.F Gawana(64),डी पी एफ  गांवणा(64),Rohru(Sub-District) / Shimla(District) / Himachal Pradesh(State),01923400,026488,N,,,,
909,26609,D.P.F. Gawas (144),धार गवास (149),Jangla(Sub-District) / Shimla(District) / Himachal Pradesh(State),01935400,026609,N,,,,
910,26412,D.P.F Gharema(32),डी पी एफ  घ्रेमा(32),Rohru(Sub-District) / Shimla(District) / Himachal Pradesh(State),01915800,026412,N,,,,
911,25393,Dpf Gharin(23),जंगल मैहदूदा मैहफजा घडीन(23),Chaupal(Sub-District) / Shimla(District) / Himachal Pradesh(State),01833500,025393,N,,,,
912,25638,D.P.F. Gheral,जंगल मैहफूजा मैहदूदा घेरल,Kupvi(Sub-District) / Shimla(District) / Himachal Pradesh(State),01846200,025638,N,,,,
913,23483,Dpf Ghishu Pishu Dhar(25),जंगल घिशु पिशु धार (25),Rampur(Sub-District) / Shimla(District) / Himachal Pradesh(State),01654600,023483,N,,,,
914,25465,Dpf Ghyalat,जंगल मैहदूदा मैहफूजा घयालठ,Chaupal(Sub-District) / Shimla(District) / Himachal Pradesh(State),01838200,025465,N,,,,
915,939845,D. P. F. Girv,जंगल गिरब,Shimla ( Rural )(Sub-District) / Shimla(District) / Himachal Pradesh(State),,000000,N,,,,
916,26663,D.P.F. Gokswari (77),जं.मै.मै.गोक्सवाडी (77),Dhamwari(Sub-District) / Shimla(District) / Himachal Pradesh(State),01940800,026663,N,eSignGOFile662648_25_03_2026_15_00_03.pdf,,,
917,25716,D.P.F. Gorar (6),जंगल गोरार(6),Nerwa(Sub-District) / Shimla(District) / Himachal Pradesh(State),01852300,025716,N,,,,
918,25714,D.P.F. Gotari (86),जंगल गोटाडी(86),Nerwa(Sub-District) / Shimla(District) / Himachal Pradesh(State),01852100,025714,N,,,,
919,26553,D.P.F. Hadwani (29),जं.मै.मै.हडवाणी (29),Chirgaon(Sub-District) / Shimla(District) / Himachal Pradesh(State),01929800,026553,N,,,,
920,25853,Dpf Halau(177),जंगल हलाउ(177),Nerwa(Sub-District) / Shimla(District) / Himachal Pradesh(State),01866000,025853,N,,,,
921,23797,D.P.F. Handela (84),डी पी एफ हन्डेला(84),Nankhari(Sub-District) / Shimla(District) / Himachal Pradesh(State),01686000,023797,N,,,,
922,26366,D.P.F. Hanstari (16),डी.पी.एफ हंस्टाडी(16),Tikar(Sub-District) / Shimla(District) / Himachal Pradesh(State),01911200,026366,N,,,,
923,25643,D.P.F. Hida,जंगल मैहफूजा मैहदूदा हीडा,Kupvi(Sub-District) / Shimla(District) / Himachal Pradesh(State),01846300,025643,N,,,,
924,939837,D.P.F. Ichhaser I,डी.पी.एफ इछासेर -I,Shimla ( Rural )(Sub-District) / Shimla(District) / Himachal Pradesh(State),,000000,N,,,,
925,939838,D.P.F. Ichhaser II,डी.पी.एफ इछासेर -II,Shimla ( Rural )(Sub-District) / Shimla(District) / Himachal Pradesh(State),,000000,N,,,,
926,26648,Dpf Jabal (57),जं. मै.मै. जाबल (57),Chirgaon(Sub-District) / Shimla(District) / Himachal Pradesh(State),01939300,026648,N,,,,
927,24574,D.P.F Jablog,डी.पी.ऍफ़. जबलोग,Shimla ( Rural )(Sub-District) / Shimla(District) / Himachal Pradesh(State),01759200,024574,N,,,,
928,25463,Dpf Jabna,जंगल मैहदूदा मैहफजा जबना,Chaupal(Sub-District) / Shimla(District) / Himachal Pradesh(State),01838100,025463,N,,,,
929,25982,D.P.F. Jachali(19),जंगल मैहदूदा मैहफूजा जाचली(19),Jubbal(Sub-District) / Shimla(District) / Himachal Pradesh(State),01878900,025982,N,,,,
930,26127,D.P.F. Jadot (179),जंगल मै.मै. जडोट (179),Kotkhai(Sub-District) / Shimla(District) / Himachal Pradesh(State),01892300,026127,N,,,,
931,26378,D.P.F. Jagterli -I (24),डी.पी.एफ जगटेरली-I(24),Tikar(Sub-District) / Shimla(District) / Himachal Pradesh(State),01912400,026378,N,,,,
932,26380,D.P.F. Jagterli-Ii (28),डी.पी.एफ जगटेरली-II(28),Tikar(Sub-District) / Shimla(District) / Himachal Pradesh(State),01912600,026380,N,,,,
933,25399,Dpf Jaili,जंगल मैहदूदा मैहफजा जायली(5),Chaupal(Sub-District) / Shimla(District) / Himachal Pradesh(State),01833900,025399,N,,,,
934,24584,D.P.F. Jajhiya Ichaser-1,जंगल मैहफूजा मैहदूदा झाझिया इछासेर -I,Shimla ( Rural )(Sub-District) / Shimla(District) / Himachal Pradesh(State),01760100,024584,N,,,,
935,26700,D.P.F. Jakha (18),डी.पी.एफ. जाखा(18),Dodra Kwar(Sub-District) / Shimla(District) / Himachal Pradesh(State),01944500,026700,N,,,,
936,25990,D.P.F. Jakhala (1),जंगल मैहदूदा मैहफूजा जखाला(1),Jubbal(Sub-District) / Shimla(District) / Himachal Pradesh(State),01879700,025990,N,,,,
937,26690,D.P.F. Jakhi (117),जं.मै.मै.जाखी (117),Chirgaon(Sub-District) / Shimla(District) / Himachal Pradesh(State),01943500,026690,N,,,,
938,26061,D.P.F. Jakhi (131),डी0पी0एफ0 जाखी(131),Sarawati Nagar(Sub-District) / Shimla(District) / Himachal Pradesh(State),01886800,026061,N,,,,
939,26559,D.P.F. Jakhnoti (31),जं.मै.मै.जखनोटी (31),Chirgaon(Sub-District) / Shimla(District) / Himachal Pradesh(State),01930400,026559,N,,,,
940,25746,D.P.F. Jaman (65),जंगल जामन (65),Nerwa(Sub-District) / Shimla(District) / Himachal Pradesh(State),01855300,025746,N,,,,
941,26099,D.P.F. Jangal Sharan (112),डी0पी0एफ0 शरण(112),Sarawati Nagar(Sub-District) / Shimla(District) / Himachal Pradesh(State),01890600,026099,N,,,,
942,26409,D.P.F Jauli(37),डी0पी0एफ0 जौंली(37),Rohru(Sub-District) / Shimla(District) / Himachal Pradesh(State),01915500,026409,N,,,,
943,26028,D.P.F. Jaund(72),D.P.F जौण्ड(72),Jubbal(Sub-District) / Shimla(District) / Himachal Pradesh(State),01883500,026028,N,,,,
944,25527,Dpf Jhakad -II,जंगल मैहदूदा मैहफूजा झाकड द्वितीय,Chaupal(Sub-District) / Shimla(District) / Himachal Pradesh(State),01840900,025527,N,,,,
945,25673,D.P.F. Jhal,जंगल मैहफूजा मैहदूदा झाल,Kupvi(Sub-District) / Shimla(District) / Himachal Pradesh(State),01848400,025673,N,,,,
946,25802,Dpf Jhaldi(115),जंगल झाल्डी(115),Nerwa(Sub-District) / Shimla(District) / Himachal Pradesh(State),01860900,025802,N,,,,
947,25964,D.P.F. Jhalri (27),जंगल मैहदूदा मैहफूजा झालड़ी(27),Jubbal(Sub-District) / Shimla(District) / Himachal Pradesh(State),01877100,025964,N,,,,
948,23937,Dpf Jhamunda(54),जंगल झमुण्डा (50),Kotgarh(Sub-District) / Shimla(District) / Himachal Pradesh(State),01700000,023937,N,,,,
949,25470,Dpf Jhina,जंगल मैहदूदा मैहफूजा झीना,Chaupal(Sub-District) / Shimla(District) / Himachal Pradesh(State),01838500,025470,N,,,,
950,23574,Dpf Jhoomkarai-II(102),जंगल मैहo मैहo झूमकराई दोयम,Rampur(Sub-District) / Shimla(District) / Himachal Pradesh(State),01663800,023574,N,,,,
951,26624,D.P.F. Jitata (126),जं.मै.मै.जिटाटा (126),Chirgaon(Sub-District) / Shimla(District) / Himachal Pradesh(State),01936900,026624,N,,,,
952,25599,D.P.F. Jokhar,जंगल मैहफूजा मैहदूदा झोकड,Kupvi(Sub-District) / Shimla(District) / Himachal Pradesh(State),01845200,025599,N,,,,
953,25391,Dpf Jubbar(22),जंगल मैहदूदा मैहफजा जुब्ब़ड(22),Chaupal(Sub-District) / Shimla(District) / Himachal Pradesh(State),01833300,025391,N,,,,
954,25793,Dpf Juwalnoo(109),जंगल ज्वालनू(109),Nerwa(Sub-District) / Shimla(District) / Himachal Pradesh(State),01860000,025793,N,,,,
955,25229,Dpf Kadharan (385),जंगल कढारन(385),Deha(Sub-District) / Shimla(District) / Himachal Pradesh(State),01819300,025229,N,,,,
956,26355,D.P.F. Kadiwan (1),डी.पी.एफ कडिवन(1),Tikar(Sub-District) / Shimla(District) / Himachal Pradesh(State),01910100,026355,N,,,,
957,25961,D.P.F. Kaina (49),जंगल मैहदूदा मैहफूजा कायना(49),Jubbal(Sub-District) / Shimla(District) / Himachal Pradesh(State),01876800,025961,N,,,,
958,939859,D.P.F. Kajail,जंगल मै. मै. कजैल,Shimla ( Rural )(Sub-District) / Shimla(District) / Himachal Pradesh(State),,000000,N,,,,
959,26434,D.P.F. Kakoi Basa (7),डी पी एफ  ककोईबासा(7),Rohru(Sub-District) / Shimla(District) / Himachal Pradesh(State),01918000,026434,N,,,,
960,26129,D.P.F. Kalaila,जंगल मै.मै. कलाला,Kotkhai(Sub-District) / Shimla(District) / Himachal Pradesh(State),01892400,026129,N,,,,
961,25726,D.P.F. Kalala (4),जंगल कलाला(4),Nerwa(Sub-District) / Shimla(District) / Himachal Pradesh(State),01853300,025726,N,,,,
962,23741,Dpf Kaleda(72),जंगल मैहo मैहo कलेडा(72),Rampur(Sub-District) / Shimla(District) / Himachal Pradesh(State),01680400,023741,N,,,,
963,26533,D.P.F Kalgaaon(90),डी पी एफ  कलागांव(9 ),Rohru(Sub-District) / Shimla(District) / Himachal Pradesh(State),01927800,026533,N,,,,
964,25998,D.P.F. Kalontha (40),जंगल मैहदूदा मैहफूजा कलौंथा(40),Jubbal(Sub-District) / Shimla(District) / Himachal Pradesh(State),01880500,025998,N,,,,
965,24623,D.P.F. Kamyana,डी.पी.एफ कमयाना,Shimla ( Rural )(Sub-District) / Shimla(District) / Himachal Pradesh(State),01763700,024623,N,,,,
966,25672,D.P.F.Kanah,जंगल मैहफूजा मैहदूदा खनार,Kupvi(Sub-District) / Shimla(District) / Himachal Pradesh(State),01848400,025672,N,,,,
967,25622,D.P.F. Kanda,जंगल मैहफूजा मैहदूदा काण्डा,Kupvi(Sub-District) / Shimla(District) / Himachal Pradesh(State),01846000,025622,N,,,,
968,25706,D.P.F. Kanda (32),जंगल काण्डा(32),Nerwa(Sub-District) / Shimla(District) / Himachal Pradesh(State),01851300,025706,N,,,,
969,25925,D.P.F. Kandakhai (161),जंगल काण्डाखाई(161),Nerwa(Sub-District) / Shimla(District) / Himachal Pradesh(State),01873200,025925,N,,,,
970,25605,D.P.F. Kandrali,जंगल मैहफूजा मैहदूदा कन्दराली,Kupvi(Sub-District) / Shimla(District) / Himachal Pradesh(State),01845400,025605,N,,,,
971,23742,D.P.F. Kandreri (79),डी पी एफ कन्दरेड़ी(79),Nankhari(Sub-District) / Shimla(District) / Himachal Pradesh(State),01680500,023742,N,,,,
972,25717,D.P.F. Kangar (8),जंगल कांगर(8),Nerwa(Sub-District) / Shimla(District) / Himachal Pradesh(State),01852400,025717,N,,,,
973,24615,D.P.F. Karaand (28/1),डी.पी.एफ. करांद (28/1),Shimla ( Rural )(Sub-District) / Shimla(District) / Himachal Pradesh(State),01763100,024615,N,,,,
974,23489,D.P.F. Karai (30),जंगल कराई(30),Rampur(Sub-District) / Shimla(District) / Himachal Pradesh(State),01655200,023489,N,,,,
975,23686,Dpf Karapra(162),डी.पी.एफ करापड़ा,Taklech(Sub-District) / Shimla(District) / Himachal Pradesh(State),01675000,023686,N,,,,
976,949806,D.P.F. Karedu,D.P.F. Karedu,Shimla ( Rural )(Sub-District) / Shimla(District) / Himachal Pradesh(State),,000000,N,eSignGOFile662648_11_02_2025_12_44_38.pdf,,,
977,24133,D.P.F. Karyali(51),जंगल करयाली(51),Jalog(Sub-District) / Shimla(District) / Himachal Pradesh(State),01719600,024133,N,,,,
978,25422,Dpf Kashah,जंगल मैहदूदा मैहफजा कशाह,Chaupal(Sub-District) / Shimla(District) / Himachal Pradesh(State),01835400,025422,N,,,,
979,25932,D.P.F. Kashak (163),जंगल काशक(163),Nerwa(Sub-District) / Shimla(District) / Himachal Pradesh(State),01873900,025932,N,,,,
980,26367,D.P.F. Kashani(1,डी.पी.एफ कशैणी(18),Tikar(Sub-District) / Shimla(District) / Himachal Pradesh(State),01911300,026367,N,,,,
981,26093,D.P.F. Kashta(111),डी0पी0एफ0 काष्टा(111),Sarawati Nagar(Sub-District) / Shimla(District) / Himachal Pradesh(State),01890000,026093,N,,,,
982,23749,Dpf Katardhar(59),डी पी एफ कटारधार(59),Nankhari(Sub-District) / Shimla(District) / Himachal Pradesh(State),01681200,023749,N,,,,
983,26471,D.P.F Katehdi(46),डी0पी0एफ0 कटेहडी(46,Rohru(Sub-District) / Shimla(District) / Himachal Pradesh(State),01921700,026471,N,,,,
984,25723,Dpf Kavay(21),जंगल कवांए(21),Nerwa(Sub-District) / Shimla(District) / Himachal Pradesh(State),01853000,025723,N,,,,
985,26556,D.P.F. Kawalta (32),जं.मै.मै.कवालटा (32),Chirgaon(Sub-District) / Shimla(District) / Himachal Pradesh(State),01930100,026556,N,,,,
986,26617,D.P.F. Kayani(143),जंगल क्याणी(143),Jangla(Sub-District) / Shimla(District) / Himachal Pradesh(State),01936200,026617,N,,,,
987,23774,D.P.F. Kayoli Garh (22),डी पी एफ कयोलीगाड़ (22),Nankhari(Sub-District) / Shimla(District) / Himachal Pradesh(State),01683700,023774,N,,,,
988,23934,D.P.F. Kelonal (48),जंगल केलोनाल(48),Kotgarh(Sub-District) / Shimla(District) / Himachal Pradesh(State),01699700,023934,N,,,,
989,25608,D.P.F. Kelvi,जंगल मैहफूजा मैहदूदा केलवी,Kupvi(Sub-District) / Shimla(District) / Himachal Pradesh(State),01845500,025608,N,,,,
990,26417,D.P.F Keoli(23),डी0पी0एफ0 केवली(23),Rohru(Sub-District) / Shimla(District) / Himachal Pradesh(State),01916300,026417,N,,,,
991,25860,D.P.F. Kerag (138),जंगल केडग(138),Nerwa(Sub-District) / Shimla(District) / Himachal Pradesh(State),01866700,025860,N,,,,
992,26638,D.P.F. Khabal (67),जं.मै.मै.खाबल (67),Chirgaon(Sub-District) / Shimla(District) / Himachal Pradesh(State),01938300,026638,N,,,,
993,25554,Dpf Khadar -I,जंगल मैहदूदा मैहफूजा खदर प्रथम,Chaupal(Sub-District) / Shimla(District) / Himachal Pradesh(State),01842600,025554,N,,,,
994,25555,Dpf Khadar -II,जंगल मैहदूदा मैहफूजा खदर द्वितीय,Chaupal(Sub-District) / Shimla(District) / Himachal Pradesh(State),01842600,025555,N,,,,
995,25556,Dpf Khadar -III,जंगल मैहदूदा मैहफूजा खदर तृतीय,Chaupal(Sub-District) / Shimla(District) / Himachal Pradesh(State),01842600,025556,N,,,,
996,25475,Dpf Khadrali,जंगल मैहदूदा मैहफूजा खदराली,Chaupal(Sub-District) / Shimla(District) / Himachal Pradesh(State),01838800,025475,N,,,,
997,25564,Dpf Khagna -I,जंगल मैहदूदा मैहफूजा खगना प्रथम,Chaupal(Sub-District) / Shimla(District) / Himachal Pradesh(State),01843000,025564,N,,,,
998,25565,Dpf Khagna -II,जंगल मैहदूदा मैहफूजा खगना द्वीतीय,Chaupal(Sub-District) / Shimla(District) / Himachal Pradesh(State),01843000,025565,N,,,,
999,26375,D.P.F. Khalai (7),डी.पी.एफ खलाई(7),Tikar(Sub-District) / Shimla(District) / Himachal Pradesh(State),01912100,026375,N,,,,
1000,26359,D.P.F Khalger(4),डी.पी.एफ खलगर(4),Tikar(Sub-District) / Shimla(District) / Himachal Pradesh(State),01910500,026359,N,,,,
1001,939870,D.P.F Khalini (105),डी.पी.एफ खलीनी(105),Shimla ( Rural )(Sub-District) / Shimla(District) / Himachal Pradesh(State),,000000,N,,,,
1002,23803,D.P.F Khamotidhar (56),डी पी एफ खमोटीधार(56),Nankhari(Sub-District) / Shimla(District) / Himachal Pradesh(State),01686600,023803,N,,,,
1003,25676,D.P.F. Khanar,जंगल मैहफूजा मैहदूदा खनार,Kupvi(Sub-District) / Shimla(District) / Himachal Pradesh(State),01848500,025676,N,,,,
1004,25920,D.P.F. Khandain (158),जंगल खण्डायण(158),Nerwa(Sub-District) / Shimla(District) / Himachal Pradesh(State),01872700,025920,N,,,,
1005,26427,D.P.F Khangtehdi(4),डी पी एफ  खंगटेहडी(4),Rohru(Sub-District) / Shimla(District) / Himachal Pradesh(State),01917300,026427,N,,,,
1006,24290,D.P.F Khanhoi (91/1),डी.पी.एफ खन्होई(91-1),Shimla ( Rural )(Sub-District) / Shimla(District) / Himachal Pradesh(State),01735000,024290,N,,,,
1007,26469,D.P.F Khanola(52),डी पी एफ  खनोला(52),Rohru(Sub-District) / Shimla(District) / Himachal Pradesh(State),01921500,026469,N,,,,
1008,23639,D.P.F. Khanortu (168),डी.पी.एफ. खनोरटू(168),Taklech(Sub-District) / Shimla(District) / Himachal Pradesh(State),01670300,023639,N,,,,
1009,25821,Dpf Khanti(118),जंगल खान्टी(118),Nerwa(Sub-District) / Shimla(District) / Himachal Pradesh(State),01862800,025821,N,,,,
1010,24294,D.P.F. Khanyol,डी.पी.एफ खन्योल,Shimla ( Rural )(Sub-District) / Shimla(District) / Himachal Pradesh(State),01735200,024294,N,,,,
1011,26680,D.P.F. Kharshali (103),जं.मै.मै.खरशाली(103),Chirgaon(Sub-District) / Shimla(District) / Himachal Pradesh(State),01942500,026680,N,,,,
1012,25435,Dpf Kharu,जंगल मैहदूदा मैहफूजा खारु,Chaupal(Sub-District) / Shimla(District) / Himachal Pradesh(State),01836300,025435,N,,,,
1013,24400,D.P.F. Kharyad (112/1),डी.पी.एफ. खरयाद (112/1),Shimla ( Rural )(Sub-District) / Shimla(District) / Himachal Pradesh(State),01744100,024400,N,,,,
1014,26688,Dpf Khashdhar (113),जं.मै.मै.खशधार (113),Chirgaon(Sub-District) / Shimla(District) / Himachal Pradesh(State),01943300,026688,N,,,,
1015,25629,D.P.F. Khauhrali,जंगल मैहफूजा मैहदूदा खौहराली,Kupvi(Sub-District) / Shimla(District) / Himachal Pradesh(State),01846100,025629,N,,,,
1016,25768,D.P.F. Khauoo -1 (86),जंगल काऊ-1,Nerwa(Sub-District) / Shimla(District) / Himachal Pradesh(State),01857500,025768,N,,,,
1017,25769,D.P.F. Khauoo -2 (85),जंगल काऊ-2,Nerwa(Sub-District) / Shimla(District) / Himachal Pradesh(State),01857600,025769,N,,,,
1018,25770,D.P.F. Khauoo -3 (84),जंगल काऊ-3,Nerwa(Sub-District) / Shimla(District) / Himachal Pradesh(State),01857700,025770,N,,,,
1019,25771,D.P.F. Khauoo -4 (83),जंगल काऊ-4,Nerwa(Sub-District) / Shimla(District) / Himachal Pradesh(State),01857800,025771,N,,,,
1020,25772,D.P.F. Khauoo -5 (82),जंगल काऊ-5,Nerwa(Sub-District) / Shimla(District) / Himachal Pradesh(State),01857900,025772,N,,,,
1021,25773,D.P.F. Khauoo -6 (81),जंगल काऊ-6,Nerwa(Sub-District) / Shimla(District) / Himachal Pradesh(State),01858000,025773,N,,,,
1022,939932,D. P. F. Khauoo V I I,जंगल काऊ-7,Nerwa(Sub-District) / Shimla(District) / Himachal Pradesh(State),,000000,N,,,,
1023,25735,D.P.F. Khilar (48),जंगल खिलार(48),Nerwa(Sub-District) / Shimla(District) / Himachal Pradesh(State),01854200,025735,N,,,,
1024,24307,D.P.F Khill (59/1),डी.पी.एफ खील (59-1),Shimla ( Rural )(Sub-District) / Shimla(District) / Himachal Pradesh(State),01735800,024307,N,,,,
1025,23497,D.P.F. Khiuncha - I (46),जंगल मैहo मैहo खीऊंचा-I(46),Rampur(Sub-District) / Shimla(District) / Himachal Pradesh(State),01656000,023497,N,,,,
1026,23494,D.P.F. Khiuncha-Ii (45),जंगल मैहo मैहo खीऊंचा-II(45),Rampur(Sub-District) / Shimla(District) / Himachal Pradesh(State),01655700,023494,N,,,,
1027,25891,D.P.F. Khora (10),जंगल खौडाह(10),Nerwa(Sub-District) / Shimla(District) / Himachal Pradesh(State),01869800,025891,N,,,,
1028,25761,D.P.F. Khurach (71),जंगल खुराच(71),Nerwa(Sub-District) / Shimla(District) / Himachal Pradesh(State),01856800,025761,N,,,,
1029,25759,D.P.F Kihri (72),जंगल किहरी(72),Nerwa(Sub-District) / Shimla(District) / Himachal Pradesh(State),01856600,025759,N,,,,
1030,26446,Dpf Koti(71),डीoपीoएफo कोटी(71),Rohru(Sub-District) / Shimla(District) / Himachal Pradesh(State),01919200,026446,N,eSignGOFile662648_19_02_2025_21_24_50.pdf,,,
1031,26432,D.P.F Koti Dwitiya(16),डी पी एफ  कोटी द्वितीय(16),Rohru(Sub-District) / Shimla(District) / Himachal Pradesh(State),01917800,026432,N,,,,
1032,26439,D.P.F Koti Tritya(18),डी पी एफ  कोटी तृतीय(18),Rohru(Sub-District) / Shimla(District) / Himachal Pradesh(State),01918500,026439,N,,,,
1033,23643,D.P.F. Kuban (164),डी.पी.एफ. कुबन(164),Taklech(Sub-District) / Shimla(District) / Himachal Pradesh(State),01670700,023643,N,,,,
1034,26072,D.P.F. Kuddu (94),डी0पी0एफ0 कुडडू(94),Sarawati Nagar(Sub-District) / Shimla(District) / Himachal Pradesh(State),01887900,026072,N,,,,
1035,24944,Dpf Kufta (57),जंगल कुफटा(195),Deha(Sub-District) / Shimla(District) / Himachal Pradesh(State),01792600,024944,N,,,,
1036,25547,Dpf Kuhal -I,जंगल मैहदूदा मैहफूजा कुहल प्रथम,Chaupal(Sub-District) / Shimla(District) / Himachal Pradesh(State),01842300,025547,N,,,,
1037,25548,Dpf Kuhal -II,जंगल मैहदूदा मैहफूजा कुहल द्वितीय,Chaupal(Sub-District) / Shimla(District) / Himachal Pradesh(State),01842300,025548,N,,,,
1038,26430,D.P.F Kui Dwitiya(20),डी पी एफ  कुई द्वितीय(2),Rohru(Sub-District) / Shimla(District) / Himachal Pradesh(State),01917600,026430,N,,,,
1039,26433,D.P.F Kui Pratham(21),डी पी एफ  कुई प्रथम(21),Rohru(Sub-District) / Shimla(District) / Himachal Pradesh(State),01917900,026433,N,,,,
1040,25597,D.P.F. Kujahu,जंगल मैहफूजा मैहदूदा कुजाहू,Kupvi(Sub-District) / Shimla(District) / Himachal Pradesh(State),01845100,025597,N,,,,
1041,23689,D.P.F. Kukhi -Darkali (152),जंगल कुखी दरकाली(152),Taklech(Sub-District) / Shimla(District) / Himachal Pradesh(State),01675300,023689,N,,,,
1042,23526,Dpfkunda Kiun(31),जंगल कुण्डा कीऊ (31),Rampur(Sub-District) / Shimla(District) / Himachal Pradesh(State),01658900,023526,N,,,,
1043,25707,D.P.F. Kundan (30),जंगल कुन्दन(30),Nerwa(Sub-District) / Shimla(District) / Himachal Pradesh(State),01851400,025707,N,,,,
1044,25436,Dpf Kungunali-I,जंगल मैहदूदा मैहफजा कुंगुनाली प्रथम,Chaupal(Sub-District) / Shimla(District) / Himachal Pradesh(State),01836300,025436,N,,,,
1045,25437,Dpf Kungunali-II,जंगल मैहदूदा मैहफजा कुंगुनाली द्वितीय,Chaupal(Sub-District) / Shimla(District) / Himachal Pradesh(State),01836300,025437,N,,,,
1046,25644,D.P.F. Kupvi,जंगल मैहफूजा मैहदूदा कुपवी,Kupvi(Sub-District) / Shimla(District) / Himachal Pradesh(State),01846300,025644,N,,,,
1047,26354,D.P.F. Kuthari Aval (3),डी.पी. एफ. कुठाडी अव्वल (3),Tikar(Sub-District) / Shimla(District) / Himachal Pradesh(State),01910000,026354,N,,,,
1048,26358,D.P.F. Kuthari Doyam (6),डीी.पी.एफ. कुठाडी दोयम (6),Tikar(Sub-District) / Shimla(District) / Himachal Pradesh(State),01910400,026358,N,,,,
1049,939857,D. P. F. Kwali,जंगल मै. मै. कवाली,Shimla ( Rural )(Sub-District) / Shimla(District) / Himachal Pradesh(State),,000000,N,,,,
1050,26036,D.P.F. Kyala(127),डी0पी0एफ0 क्याला(127),Sarawati Nagar(Sub-District) / Shimla(District) / Himachal Pradesh(State),01884300,026036,N,,,,
1051,25687,D.P.F.Laidhar (40),जंगल लईधार(40),Nerwa(Sub-District) / Shimla(District) / Himachal Pradesh(State),01849400,025687,N,,,,
1052,25691,D.P.F. Lalon (29),जंगल लालों(29),Nerwa(Sub-District) / Shimla(District) / Himachal Pradesh(State),01849800,025691,N,,,,
1053,25490,Dpf Lihat,जंगल मैहदूदा मैहफूजा लिहाट,Chaupal(Sub-District) / Shimla(District) / Himachal Pradesh(State),01839600,025490,N,,,,
1054,26506,D.P.F Lowerkoti(119),डी पी एफ  लोअरकोटी(119),Rohru(Sub-District) / Shimla(District) / Himachal Pradesh(State),01925100,026506,N,,,,
1055,23944,Dpf-Madhuvan(40),जंगल मधावन(40),Kotgarh(Sub-District) / Shimla(District) / Himachal Pradesh(State),01700700,023944,N,,,,
1056,23576,Dpf Maghara(82),डी०पी०एफ० मघारा(82),Rampur(Sub-District) / Shimla(District) / Himachal Pradesh(State),01664000,023576,N,,,,
1057,23589,D.P.F. Maglad (71),डी0पी0ऐफ0 मगलाड़(71),Sarahan(Sub-District) / Shimla(District) / Himachal Pradesh(State),01665300,023589,N,,,,
1058,25801,D.P.F. Maheshund (107),जंगल मैहशुन्ड,Nerwa(Sub-District) / Shimla(District) / Himachal Pradesh(State),01860800,025801,N,,,,
1059,25640,D.P.F. Majhoan,जंगल मैहफूजा मैहदूदा मझोण,Kupvi(Sub-District) / Shimla(District) / Himachal Pradesh(State),,025640,N,,,,
1060,25669,D.P.F Malat,जंगल मैहफूजा मैहदूदा मालत,Kupvi(Sub-District) / Shimla(District) / Himachal Pradesh(State),01848200,025669,N,,,,
1061,26442,D.P.F Malkhoon(10),डी पी एफ  मलखून(1),Rohru(Sub-District) / Shimla(District) / Himachal Pradesh(State),01918800,026442,N,,,,
1062,25414,Dpf Mamvi,जंगल मैहदूदा मैहफजा ममवी,Chaupal(Sub-District) / Shimla(District) / Himachal Pradesh(State),01835000,025414,N,,,,
1063,24625,D.P.F. Manaav,डी.पी.एफ. मणाव,Shimla ( Rural )(Sub-District) / Shimla(District) / Himachal Pradesh(State),01763700,024625,N,,,,
1064,25947,D.P.F. Mandhol (51),जंगल मैहदूदा मैहफूजा मंढोल(51),Jubbal(Sub-District) / Shimla(District) / Himachal Pradesh(State),01875400,025947,N,,,,
1065,939884,D. P. F. Mangaltu Abal,आरक्षित जंगल मंगालटू,Shimla ( Rural )(Sub-District) / Shimla(District) / Himachal Pradesh(State),,000000,N,,,,
1066,939883,D. P. F. Mangaltu Doyam,जंगल मै.मै. मंगालटू दोयम,Shimla ( Rural )(Sub-District) / Shimla(District) / Himachal Pradesh(State),,000000,N,,,,
1067,23763,D.P.F. Maniknoon (15),डी पी एफ मनीकनुन(15),Nankhari(Sub-District) / Shimla(District) / Himachal Pradesh(State),01682600,023763,N,,,,
1068,23509,D.P.F. Manj Kalan (5),डी०पी०एफ० मंजकला((5)5),Rampur(Sub-District) / Shimla(District) / Himachal Pradesh(State),01657200,023509,N,,,,
1069,23936,D.P.F. Marni (55),जंगल मरनी(55),Kotgarh(Sub-District) / Shimla(District) / Himachal Pradesh(State),01699900,023936,N,,,,
1070,25385,Dpf Maroag(17),जंगल मैहदूदा मैहफजा मडावग(17),Chaupal(Sub-District) / Shimla(District) / Himachal Pradesh(State),01832900,025385,N,,,,
1071,25630,D.P.F. Mauhrali,जंगल मैहफूजा मैहदूदा मौहराली,Kupvi(Sub-District) / Shimla(District) / Himachal Pradesh(State),01846100,025630,N,,,,
1072,26659,Dpf Mayla (90),जं.मै.मै.मायला (90),Dhamwari(Sub-District) / Shimla(District) / Himachal Pradesh(State),01940400,026659,N,eSignGOFile662648_25_03_2026_15_00_03.pdf,,,
1073,26109,D.P.F. Mel - I A,डी0पी0एफ0 मेल,Kalbog(Sub-District) / Shimla(District) / Himachal Pradesh(State),01891100,026109,N,,,,
1074,26529,D.P.F Melthi(89),डी पी एफ  मेलठी(89),Rohru(Sub-District) / Shimla(District) / Himachal Pradesh(State),01927400,026529,N,,,,
1075,26005,D.P.F. Mihana (67),D.P.F मिहाना(67),Jubbal(Sub-District) / Shimla(District) / Himachal Pradesh(State),01881200,026005,N,,,,
1076,25650,D.P.F. Mulno,जंगल मैहफूजा मैहदूदा मुलनो,Kupvi(Sub-District) / Shimla(District) / Himachal Pradesh(State),01846800,025650,N,,,,
1077,25596,D.P.F. Munalag,जंगल मैहफूजा मैहदूदा मुनालग,Kupvi(Sub-District) / Shimla(District) / Himachal Pradesh(State),01845100,025596,N,,,,
1078,23802,D.P.F. Mundar (62),डी पी एफ  मुन्दर(62),Nankhari(Sub-District) / Shimla(District) / Himachal Pradesh(State),01686500,023802,N,,,,
1079,23681,D P Fmunish Pashchmi (141),जंगल मुनिश पश्चिमी,Taklech(Sub-District) / Shimla(District) / Himachal Pradesh(State),01674500,023681,N,,,,
1080,23683,Dpf Munish -Purvi (142),जंगल मुनिश पूर्वी,Taklech(Sub-District) / Shimla(District) / Himachal Pradesh(State),01674700,023683,N,,,,
1081,26026,D.P.F. Mural (73),D.P.F मुरल(73),Jubbal(Sub-District) / Shimla(District) / Himachal Pradesh(State),01883300,026026,N,,,,
1082,26169,D.P.F. Nag Ka Rela (184),जंगल मै.मै. नाग का रैला (184),Kotkhai(Sub-District) / Shimla(District) / Himachal Pradesh(State),01895700,026169,N,,,,
1083,23918,D.P.F. Nagkelo (11),जंगल नागकलो(11),Kotgarh(Sub-District) / Shimla(District) / Himachal Pradesh(State),01698100,023918,N,,,,
1084,23923,D.P.F. Nagkelo (35),जंगल नागकलो(35),Kotgarh(Sub-District) / Shimla(District) / Himachal Pradesh(State),01698600,023923,N,,,,
1085,26268,D.P.F. Nagteer,जंगल मै.मै. नागटीर,Kotkhai(Sub-District) / Shimla(District) / Himachal Pradesh(State),01903000,026268,N,,,,
1086,26526,D.P.F Nahal(91),डी0पी0एफ0 नाहल(91),Rohru(Sub-District) / Shimla(District) / Himachal Pradesh(State),01927100,026526,N,,,,
1087,25959,D.P.F. Nainal (50),जंगल मैहदूदा मैहफूजा नईनाल(50),Jubbal(Sub-District) / Shimla(District) / Himachal Pradesh(State),01876600,025959,N,,,,
1088,26379,D.P.F. Naksetli (22),डीी.पी.एफ. नकसेटली (22),Tikar(Sub-District) / Shimla(District) / Himachal Pradesh(State),01912500,026379,N,,,,
1089,26034,D.P.F. Naliban (61),जंगल मैहदूदा मैहफूजा नालीवन(61),Jubbal(Sub-District) / Shimla(District) / Himachal Pradesh(State),01884100,026034,N,,,,
1090,26676,D.P.F. Nalku (105),जं.मै.मै.नलकू(105),Chirgaon(Sub-District) / Shimla(District) / Himachal Pradesh(State),01942100,026676,N,,,,
1091,23753,D.P.F. Nankhari (48),डी.पी.एफ.ननखड़ी (48),Nankhari(Sub-District) / Shimla(District) / Himachal Pradesh(State),01681600,023753,N,,,,
1092,23486,D.P.F. Nanti Pat (21),जंगल नन्तीपाट(21),Rampur(Sub-District) / Shimla(District) / Himachal Pradesh(State),01654900,023486,N,,,,
1093,25495,Dpf Naoni,जंगल मैहदूदा मैहफूजा  नावनी,Chaupal(Sub-District) / Shimla(District) / Himachal Pradesh(State),01839900,025495,N,,,,
1094,26398,D.P.F. Narain (44),डी.पी.एफ नरैण(44),Tikar(Sub-District) / Shimla(District) / Himachal Pradesh(State),01914400,026398,N,,,,
1095,26473,D.P.F. Nasari (48),डी0पी0एफ0 नसारी(48),Rohru(Sub-District) / Shimla(District) / Himachal Pradesh(State),01921900,026473,N,,,,
1096,23939,D.P.F. Nehri (44),जंगल नैहरी(44),Kotgarh(Sub-District) / Shimla(District) / Himachal Pradesh(State),01700200,023939,N,,,,
1097,939855,D. P. F. Neri,जंगल मै. मै. नेरी,Shimla ( Rural )(Sub-District) / Shimla(District) / Himachal Pradesh(State),,000000,N,,,,
1098,26603,D.P.F. Nirja (139),जंगल निरजा(139),Jangla(Sub-District) / Shimla(District) / Himachal Pradesh(State),01934800,026603,N,,,,
1099,24597,Dpf Niun (3/34),डी.पी.एफ. नियून (3/34),Shimla ( Rural )(Sub-District) / Shimla(District) / Himachal Pradesh(State),01761400,024597,N,,,,
1100,23931,D.P.F. Nun -I (52),जंगल नूंण-1(52),Kotgarh(Sub-District) / Shimla(District) / Himachal Pradesh(State),01699400,023931,N,,,,
1101,23933,D.P.F. Nun-Ii (53),जंगल नूंण-11(53),Kotgarh(Sub-District) / Shimla(District) / Himachal Pradesh(State),01699600,023933,N,,,,
1102,24642,D.P.F. Obna,डी.पी.एफ. ओबना,Shimla ( Rural )(Sub-District) / Shimla(District) / Himachal Pradesh(State),01764800,024642,N,,,,
1103,26071,D.P.F. Odi (97),डी0पी0एफ0 ओडी(97),Sarawati Nagar(Sub-District) / Shimla(District) / Himachal Pradesh(State),01887800,026071,N,,,,
1104,25450,Dpf Pabas,जंगल मैहदूदा मैहफजा पबास,Chaupal(Sub-District) / Shimla(District) / Himachal Pradesh(State),01837200,025450,N,,,,
1105,25790,D.P.F. Paiya (98),जंगल पईया(98),Nerwa(Sub-District) / Shimla(District) / Himachal Pradesh(State),01859700,025790,N,,,,
1106,25703,D.P.F. Panach (34),जंगल पनाहच(34),Nerwa(Sub-District) / Shimla(District) / Himachal Pradesh(State),01851000,025703,N,,,,
1107,26701,D.P.F. Pandar (17),डी.पी.एफ. पंडार(17),Dodra Kwar(Sub-District) / Shimla(District) / Himachal Pradesh(State),01944600,026701,N,,,,
1108,939853,D. P. F. Panog,जंगल मै. मै. पनोग,Shimla ( Rural )(Sub-District) / Shimla(District) / Himachal Pradesh(State),,000000,N,,,,
1109,26507,D.P.F Parasa(117),डी0पी0एफ0 पारसा (117),Rohru(Sub-District) / Shimla(District) / Himachal Pradesh(State),01925200,026507,N,,,,
1110,23573,Dpf Pashada(109),जंगल मैहo मैहo(109),Rampur(Sub-District) / Shimla(District) / Himachal Pradesh(State),01663700,023573,N,,,,
1111,25522,Dpf Pashan,जंगल मैहदूदा मैहफूजा पाशन,Chaupal(Sub-District) / Shimla(District) / Himachal Pradesh(State),01840800,025522,N,,,,
1112,26696,D.P.F. Pawa (4),डी.पी.एफ. पावा(4),Dodra Kwar(Sub-District) / Shimla(District) / Himachal Pradesh(State),01944100,026696,N,,,,
1113,25712,D.P.F Pawna (25),जंगल पौना(25),Nerwa(Sub-District) / Shimla(District) / Himachal Pradesh(State),01851900,025712,N,,,,
1114,23779,D.P.F. Payojan (34),डी पी एफ पयोजन(34),Nankhari(Sub-District) / Shimla(District) / Himachal Pradesh(State),01684200,023779,N,,,,
1115,25482,Dpf Pihach,जंगल मैहदूदा मैहफूजा पिहाच,Chaupal(Sub-District) / Shimla(District) / Himachal Pradesh(State),01839200,025482,N,,,,
1116,26381,D.P.F. Pujarli (33),डी.पी.एफ पुजारली(33),Tikar(Sub-District) / Shimla(District) / Himachal Pradesh(State),01912700,026381,N,,,,
1117,26567,D.P.F. Pujarli (42),जं.मै.मै.पुजारली (42),Chirgaon(Sub-District) / Shimla(District) / Himachal Pradesh(State),01931200,026567,N,,,,
1118,23788,D.P.F. Punan (42),डी पी एफ पुनन(42),Nankhari(Sub-District) / Shimla(District) / Himachal Pradesh(State),01685100,023788,N,,,,
1119,25692,D.P.F. Rainja (28),जंगल रईजां(28),Nerwa(Sub-District) / Shimla(District) / Himachal Pradesh(State),01849900,025692,N,,,,
1120,23637,Dpf Rajpura(170),जंगल मैहo मैहo राजपुरा(170),Rampur(Sub-District) / Shimla(District) / Himachal Pradesh(State),01670100,023637,N,,,,
1121,25967,D.P.F. Rampuri (29),जंगल मैहदूदा मैहफूजा रामपुरी(29),Jubbal(Sub-District) / Shimla(District) / Himachal Pradesh(State),01877400,025967,N,,,,
1122,25702,D.P.F. Ranash (54),जंगल रानश(54),Nerwa(Sub-District) / Shimla(District) / Himachal Pradesh(State),01850900,025702,N,,,,
1123,23495,D.P.F. Rangcha (149),जंगल रांगचा,Taklech(Sub-District) / Shimla(District) / Himachal Pradesh(State),01655800,023495,N,,,,
1124,26170,D.P.F. Rasalan (181),जंगल मै.मै.रसालन (181),Kotkhai(Sub-District) / Shimla(District) / Himachal Pradesh(State),01895800,026170,N,,,,
1125,23701,D.P.F. Ravancha(44),जंगल मैहo मैहo रवांचा(44),Rampur(Sub-District) / Shimla(District) / Himachal Pradesh(State),01676500,023701,N,eSignGOFile662648_19_02_2025_16_57_40.pdf,,,
1126,25513,Dpf Rawag,जंगल मैहदूदा मैहफूजा रावग,Chaupal(Sub-District) / Shimla(District) / Himachal Pradesh(State),01840700,025513,N,,,,
1127,25823,D.P.F. Reoshti (119),जंगल रैवशटी(119),Nerwa(Sub-District) / Shimla(District) / Himachal Pradesh(State),01863000,025823,N,,,,
1128,26622,D.P.F. Rikshal (129),जंगल मैँ. मैँ रिकशाल(129),Jangla(Sub-District) / Shimla(District) / Himachal Pradesh(State),01936700,026622,N,,,,
1129,25783,D.P.F. Rinjat-1 ( 97),जंगल रिन्जट-1(97),Nerwa(Sub-District) / Shimla(District) / Himachal Pradesh(State),01859000,025783,N,,,,
1130,25784,D.P.F. Rinjat-2 (95),जंगल रिन्जट-2(95),Nerwa(Sub-District) / Shimla(District) / Himachal Pradesh(State),01859100,025784,N,,,,
1131,25785,D.P.F. Rinjat-3 (96),जंगल रिन्जट-3(96),Nerwa(Sub-District) / Shimla(District) / Himachal Pradesh(State),01859200,025785,N,,,,
1132,939875,D. P. F. Rouri,डी.पी.एफ़. रौडी,Shimla ( Rural )(Sub-District) / Shimla(District) / Himachal Pradesh(State),,000000,N,,,,
1133,25603,D.P.F Runah,जंगल मैहफूजा मैहदूदा रूनाह,Kupvi(Sub-District) / Shimla(District) / Himachal Pradesh(State),01845300,025603,N,,,,
1134,23591,D.P.F. Runpu (75),डी पी एफ रूणपू(75),Sarahan(Sub-District) / Shimla(District) / Himachal Pradesh(State),01665500,023591,N,,,,
1135,23508,Dpf Sainchi(6),डी०पी०एफ० सैंची(6),Rampur(Sub-District) / Shimla(District) / Himachal Pradesh(State),01657100,023508,N,,,,
1136,26098,D.P.F. Sainj (110),डी0पी0एफ0 सैंज(110),Sarawati Nagar(Sub-District) / Shimla(District) / Himachal Pradesh(State),01890500,026098,N,,,,
1137,24280,D.P.F Salaun(90/1),जंगल मै.मै सलोण(90/1),Dhami(Sub-District) / Shimla(District) / Himachal Pradesh(State),01734200,024280,N,,,,
1138,26612,D.P.F. Saldhar (119),जंगल मैँ.मैँ. सलढार (119),Jangla(Sub-District) / Shimla(District) / Himachal Pradesh(State),01935700,026612,N,,,,
1139,26257,D.P.F. Salyana D 173,डी.पी.एफ. सलयाणा डी-173,Kotkhai(Sub-District) / Shimla(District) / Himachal Pradesh(State),01902300,026257,N,,,,
1140,24450,D.P.F. Sandal,डी.पी.एफ. सन्दल,Shimla ( Rural )(Sub-District) / Shimla(District) / Himachal Pradesh(State),01748600,024450,N,,,,
1141,23488,Dpf Sandolinal(29),जंगल संधोली नाल (29),Rampur(Sub-District) / Shimla(District) / Himachal Pradesh(State),01655100,023488,N,,,,
1142,24298,D.P.F Sanghech,डी.पी.एफ संघेच,Shimla ( Rural )(Sub-District) / Shimla(District) / Himachal Pradesh(State),01735400,024298,N,,,,
1143,25738,D.P.F Sarahn (56),जंगल सरांह(56),Nerwa(Sub-District) / Shimla(District) / Himachal Pradesh(State),01854500,025738,N,,,,
1144,25607,D.P.F. Sarahu,जंगल मैहफूजा मैहदूदा सराहू,Kupvi(Sub-District) / Shimla(District) / Himachal Pradesh(State),01845500,025607,N,,,,
1145,25518,Dpf Sarain -II,जंगल मैहदूदा मैहफूजा सरांहा द्वितीय,Chaupal(Sub-District) / Shimla(District) / Himachal Pradesh(State),01840700,025518,N,,,,
1146,25519,Dpf Sarain -III,जंगल मैहदूदा मैहफूजा सरांहा तृतीय,Chaupal(Sub-District) / Shimla(District) / Himachal Pradesh(State),01840700,025519,N,,,,
1147,23584,D.P.F. Sardhar (72),डी0पी0ऐफ0 सारधार(72),Sarahan(Sub-District) / Shimla(District) / Himachal Pradesh(State),01664800,023584,N,,,,
1148,25718,D.P.F. Sarhach (1),जंगल शडाच(1),Nerwa(Sub-District) / Shimla(District) / Himachal Pradesh(State),01852500,025718,N,,,,
1149,25487,Dpf Sari,जंगल मैहदूदा मैहफूजा सरी,Chaupal(Sub-District) / Shimla(District) / Himachal Pradesh(State),01839500,025487,N,,,,
1150,23515,D.P.F. Sarpara (4),डी०पी०एफ०सरपारा (4),Rampur(Sub-District) / Shimla(District) / Himachal Pradesh(State),01657800,023515,N,,,,
1151,23691,D.P.F. Satmai Dhar (148),जंगल सतमाई धार,Taklech(Sub-District) / Shimla(District) / Himachal Pradesh(State),01675500,023691,N,,,,
1152,25827,D.P.F. Sawra (176),जंगल सावडां(176),Nerwa(Sub-District) / Shimla(District) / Himachal Pradesh(State),01863400,025827,N,,,,
1153,23485,Dpf Sengta Dhar(23),जंगल सेंगटा धार(23),Rampur(Sub-District) / Shimla(District) / Himachal Pradesh(State),01654800,023485,N,,,,
1154,26475,D.P.F. Seri (44),डी0पी0एफ0 सेरी(44),Rohru(Sub-District) / Shimla(District) / Himachal Pradesh(State),01922100,026475,N,,,,
1155,23688,D.P.F. Seri Majhali (157),डी.पी.एफ. सेरी-मझाली (157),Taklech(Sub-District) / Shimla(District) / Himachal Pradesh(State),01675200,023688,N,,,,
1156,25667,D.P.F. Serti,जंगल मैहफूजा मैहदूदा सेरटी,Kupvi(Sub-District) / Shimla(District) / Himachal Pradesh(State),01848100,025667,N,,,,
1157,26422,D.P.F Shakli(27),डी पी एफ  शाकली(27),Rohru(Sub-District) / Shimla(District) / Himachal Pradesh(State),01916800,026422,N,,,,
1158,25826,D.P.F. Shalan (175),जंगल शलन(175),Nerwa(Sub-District) / Shimla(District) / Himachal Pradesh(State),01863300,025826,N,,,,
1159,26527,D.P.F Shalan(85),डी0पी0एफ0 शलान(85,Rohru(Sub-District) / Shimla(District) / Himachal Pradesh(State),01927200,026527,N,,,,
1160,25639,D.P.F. Shanglawag,जंगल मैहफूजा मैहदूदा शगलावग,Kupvi(Sub-District) / Shimla(District) / Himachal Pradesh(State),01846200,025639,N,,,,
1161,25412,Dpf Shangroli,जंगल मैहदूदा मैहफजा शन्गडौली,Chaupal(Sub-District) / Shimla(District) / Himachal Pradesh(State),01834900,025412,N,,,,
1162,24305,D.P.F Shanog,डी.पी.एफ शनोग,Shimla ( Rural )(Sub-District) / Shimla(District) / Himachal Pradesh(State),01735700,024305,N,,,,
1163,23534,Dpf Sharan Gad Daxnni(19),जंगलदक्षिणी शरण गाड(19),Rampur(Sub-District) / Shimla(District) / Himachal Pradesh(State),01659700,023534,N,,,,
1164,23535,Dpf Sharan Gad Utri(20),जंगल शरण गाड उतरी,Rampur(Sub-District) / Shimla(District) / Himachal Pradesh(State),01659800,023535,N,,,,
1165,26401,D.P.F Sharmali Dwitiya(42),डी पी एफ  शरमाली द्वितीय(42),Rohru(Sub-District) / Shimla(District) / Himachal Pradesh(State),01914700,026401,N,,,,
1166,26405,D.P.F Sharmali Pratham(39),डी पी एफ  शरमाली प्रथम(39),Rohru(Sub-District) / Shimla(District) / Himachal Pradesh(State),01915100,026405,N,,,,
1167,939843,D.P.F Sharog,डी.पी.एफ शडोग,Shimla ( Rural )(Sub-District) / Shimla(District) / Himachal Pradesh(State),,000000,N,,,,
1168,26449,D.P.F Sharog(78),डी0पी0एफ0 शरोग(78,Rohru(Sub-District) / Shimla(District) / Himachal Pradesh(State),01919500,026449,N,,,,
1169,26394,D.P.F. Sharontha (23),डी.पी.एफ शरौंथा(23),Tikar(Sub-District) / Shimla(District) / Himachal Pradesh(State),01914000,026394,N,,,,
1170,26094,D.P.F. Shashan (106),डी0पी0एफ0 शाशन(106),Sarawati Nagar(Sub-District) / Shimla(District) / Himachal Pradesh(State),01890100,026094,N,,,,
1171,25855,D.P.F. Shatal (170),जंगल शटल(170),Nerwa(Sub-District) / Shimla(District) / Himachal Pradesh(State),01866200,025855,N,,,,
1172,26523,D.P.F Sheel(97),डी0पी0एफ0 शील(97),Rohru(Sub-District) / Shimla(District) / Himachal Pradesh(State),01926800,026523,N,,,,
1173,26502,D.P.F. Shekhal (110),डी पी एफ  शेखल(11),Rohru(Sub-District) / Shimla(District) / Himachal Pradesh(State),01924700,026502,N,,,,
1174,25457,Dpf Shila Badlaog,जंगल मैहदूदा मैहफजा शिला बदलावग,Chaupal(Sub-District) / Shimla(District) / Himachal Pradesh(State),01837600,025457,N,,,,
1175,25508,Dpf Shilan -I,जंगल मैहदूदा मैहफूजा शिलान प्रथम,Chaupal(Sub-District) / Shimla(District) / Himachal Pradesh(State),01840600,025508,N,,,,
1176,25509,Dpf Shilan -II,जंगल मैहदूदा मैहफूजा शिलान द्वितीय,Chaupal(Sub-District) / Shimla(District) / Himachal Pradesh(State),01840600,025509,N,,,,
1177,25498,Dpf Shila Sarau,जंगल मैहदूदा मैहफूजा शिल्ला सराऊ,Chaupal(Sub-District) / Shimla(District) / Himachal Pradesh(State),01840100,025498,N,,,,
1178,25444,Dpf Shilikayan,जंगल मैहदूदा मैहफजा शिलीकायन,Chaupal(Sub-District) / Shimla(District) / Himachal Pradesh(State),01836800,025444,N,,,,
1179,25628,D.P.F. Shilikui,जंगल मैहफूजा मैहदूदा शिलीकुई,Kupvi(Sub-District) / Shimla(District) / Himachal Pradesh(State),01846100,025628,N,,,,
1180,25892,Dpf Shilla(11),जंगल शिल्ला(11),Nerwa(Sub-District) / Shimla(District) / Himachal Pradesh(State),01869900,025892,N,,,,
1181,23780,Dpf Shilla(35),डी पी एफ शिला(35),Nankhari(Sub-District) / Shimla(District) / Himachal Pradesh(State),01684300,023780,N,,,,
1182,25378,Dpf Shirgul(12),जंगल मैहदूदा मैहफजा शिरगुल(12),Chaupal(Sub-District) / Shimla(District) / Himachal Pradesh(State),01832400,025378,N,,,,
1183,26597,D.P.F Shiroli (8),जंगल शिरोली(8),Jangla(Sub-District) / Shimla(District) / Himachal Pradesh(State),01934200,026597,N,,,,
1184,23729,D.P.F. Sholi (54),डी पी एफ शोली(54),Nankhari(Sub-District) / Shimla(District) / Himachal Pradesh(State),01679200,023729,N,,,,
1185,23484,Dpf Shrikhand Dhar(24),जंगल सिरिखण्ड धार (24),Rampur(Sub-District) / Shimla(District) / Himachal Pradesh(State),01654700,023484,N,,,,
1186,23765,D.P.F. Sidhpur (20),डी पी एफ सिधपुर(20),Nankhari(Sub-District) / Shimla(District) / Himachal Pradesh(State),01682800,023765,N,,,,
1187,23935,D.P.F. Sidhpur (50),जंगल सिद्धपुर(54),Kotgarh(Sub-District) / Shimla(District) / Himachal Pradesh(State),01699800,023935,N,,,,
1188,26640,D.P.F. Sindasli (73),जं.मै.मै.सिन्दासली (73),Dhamwari(Sub-District) / Shimla(District) / Himachal Pradesh(State),01938500,026640,N,eSignGOFile662648_25_03_2026_15_00_03.pdf,,,
1189,26108,D.P.F.Sona Batola,डी0पी0एफ0 सोना बटौला,Kalbog(Sub-District) / Shimla(District) / Himachal Pradesh(State),01891100,026108,N,,,,
1190,23511,Dpf Sukacho(3),डी०पी०एफ० सुकाचो (3),Rampur(Sub-District) / Shimla(District) / Himachal Pradesh(State),01657400,023511,N,,,,
1191,25401,Dpf Sunni(10),जंगल मैहदूदा मैहफजा सुन्नी(10),Chaupal(Sub-District) / Shimla(District) / Himachal Pradesh(State),01834100,025401,N,,,,
1192,23736,D.P.F. Surad North (75),डी पी एफ सुरड़ दक्षिणी(75),Nankhari(Sub-District) / Shimla(District) / Himachal Pradesh(State),01679900,023736,N,,,,
1193,23735,D.P.F. Surad South (76),डी पी एफ सुरड़ दक्षिणी(76),Nankhari(Sub-District) / Shimla(District) / Himachal Pradesh(State),01679800,023735,N,,,,
1194,23644,D.P.F. Taklech (159),डी.पी.एफ तकलेच,Taklech(Sub-District) / Shimla(District) / Himachal Pradesh(State),01670800,023644,N,,,,
1195,939850,D. P. F. Talgiri Doyam,जंगल दोयम तालगिरी,Shimla ( Rural )(Sub-District) / Shimla(District) / Himachal Pradesh(State),,000000,N,,,,
1196,26244,D.P.F. Tamdu,जंगल मै.मै.तुमडु,Kotkhai(Sub-District) / Shimla(District) / Himachal Pradesh(State),01901200,026244,N,,,,
1197,25602,D.P.F. Tandai,जंगल मैहफूजा मैहदूदा टण्डाई,Kupvi(Sub-District) / Shimla(District) / Himachal Pradesh(State),01845300,025602,N,,,,
1198,25637,D.P.F. Tanga,जंगल मैहफूजा मैहदूदा टांगा,Kupvi(Sub-District) / Shimla(District) / Himachal Pradesh(State),01846200,025637,N,,,,
1199,23767,D.P.F. Taprog (19),डी पी एफ टपरोग(19),Nankhari(Sub-District) / Shimla(District) / Himachal Pradesh(State),01683000,023767,N,,,,
1200,26684,D.P.F Telga 1(111),जं.मै.मै.तेलगा प्रथम (111),Chirgaon(Sub-District) / Shimla(District) / Himachal Pradesh(State),01942900,026684,N,,,,
1201,26678,D.P.F Telga 2 (114),जं.मै.मै.तेलगा दिव्तीय (114),Chirgaon(Sub-District) / Shimla(District) / Himachal Pradesh(State),01942300,026678,N,,,,
1202,26677,D.P.F Telga 3 (115),जं.मै.मै.तेलगा तृतीय(115),Chirgaon(Sub-District) / Shimla(District) / Himachal Pradesh(State),01942200,026677,N,,,,
1203,23713,D.P.F. Thaili-Chakti (50),डी पी एफ थैली चख्टी(50),Nankhari(Sub-District) / Shimla(District) / Himachal Pradesh(State),01677600,023713,N,,,,
1204,25715,D.P.F. Thanal (3),जंगल थनाल(3),Nerwa(Sub-District) / Shimla(District) / Himachal Pradesh(State),01852200,025715,N,,,,
1205,23642,D.P.F. Theda (191),डी. पीे. एफ. थेडा (191),Taklech(Sub-District) / Shimla(District) / Himachal Pradesh(State),01670600,023642,N,,,,
1206,25704,D.P.F. Thiara (36),जंगल थियारा(36),Nerwa(Sub-District) / Shimla(District) / Himachal Pradesh(State),01851100,025704,N,,,,
1207,25481,Dpf Thundal,जंगल मैहदूदा मैहफूजा थुन्दल,Chaupal(Sub-District) / Shimla(District) / Himachal Pradesh(State),01839200,025481,N,,,,
1208,939885,D. P. F. Tibba Jarasi,जंगल टिब्बा जरासी,Shimla ( Rural )(Sub-District) / Shimla(District) / Himachal Pradesh(State),,000000,N,,,,
1209,23491,Dpf Tikkar(28),जंगल टिक्कर(28),Rampur(Sub-District) / Shimla(District) / Himachal Pradesh(State),01655400,023491,N,,,,
1210,25731,D.P.F. Timvi (50),जंगल टिम्वी(50),Nerwa(Sub-District) / Shimla(District) / Himachal Pradesh(State),01853800,025731,N,,,,
1211,25446,Dpf Tipra,जंगल मैहदूदा मैहफजा टिपरा,Chaupal(Sub-District) / Shimla(District) / Himachal Pradesh(State),01836900,025446,N,,,,
1212,26576,D.P.F. Todsa (17),जंगल टोडसा(17),Jangla(Sub-District) / Shimla(District) / Himachal Pradesh(State),01932100,026576,N,,,,
1213,26674,D.P.F Topijasan (106),जं.मै.मै.टोपीजसन (106),Chirgaon(Sub-District) / Shimla(District) / Himachal Pradesh(State),01941900,026674,N,,,,
1214,25620,D.P.F.Topla,जंगल मैहफूजा मैहदूदा टोपला,Kupvi(Sub-District) / Shimla(District) / Himachal Pradesh(State),01845900,025620,N,,,,
1215,939873,D.P.F Tutikandi (103),डी.पी.एफ टूटीकंडी (103),Shimla ( Rural )(Sub-District) / Shimla(District) / Himachal Pradesh(State),,000000,N,,,,
1216,24141,Drabala (42),द्राबला(42),Jalog(Sub-District) / Shimla(District) / Himachal Pradesh(State),01720400,024141,N,,,,
1217,24136,Drawl (48),ड्रौल(48),Jalog(Sub-District) / Shimla(District) / Himachal Pradesh(State),01719900,024136,N,,,,
1218,24868,Dubloo(180),डुबलू(180),Junga(Sub-District) / Shimla(District) / Himachal Pradesh(State),01786500,024868,N,,,,
1219,24503,Dul (373),डोल(373),Shimla ( Rural )(Sub-District) / Shimla(District) / Himachal Pradesh(State),01753700,024503,N,,,,
1220,24803,Dumaihar (398),डुमैहर (398),Shimla ( Rural )(Sub-District) / Shimla(District) / Himachal Pradesh(State),01780100,024803,N,,,,
1221,26254,Dumehar (118),डुमैहर(118),Kotkhai(Sub-District) / Shimla(District) / Himachal Pradesh(State),01902100,026254,N,,,,
1222,25230,Dumehar (380),डुमैहर(380),Theog(Sub-District) / Shimla(District) / Himachal Pradesh(State),01819400,025230,N,,,,
1223,24797,Dum Ka Dhak (367),डूम का ढांक,Shimla ( Rural )(Sub-District) / Shimla(District) / Himachal Pradesh(State),01779500,024797,N,,,,
1224,24630,Dummi (43),डूम्मी (43),Shimla ( Rural )(Sub-District) / Shimla(District) / Himachal Pradesh(State),01764100,024630,N,,,,
1225,26589,Dumreda (3),दुमरेड़ा (3),Jangla(Sub-District) / Shimla(District) / Himachal Pradesh(State),01933400,026589,N,,,,
1226,26568,Dunana (43),दुनणा (43),Chirgaon(Sub-District) / Shimla(District) / Himachal Pradesh(State),01931300,026568,N,,,,
1227,26564,Dungiyani (37),डूंग्याणी (37),Chirgaon(Sub-District) / Shimla(District) / Himachal Pradesh(State),01930900,026564,N,,,,
1228,24105,Durgapur (134),दुर्गापुर(134),Sunni(Sub-District) / Shimla(District) / Himachal Pradesh(State),01716800,024105,N,,,,
1229,23623,Duttnagar (177/1),दतनगर(177),Rampur(Sub-District) / Shimla(District) / Himachal Pradesh(State),01668700,023623,N,,,,
1230,24445,Dwath (6/82),दवाठ (6/82),Shimla ( Rural )(Sub-District) / Shimla(District) / Himachal Pradesh(State),01748300,024445,N,,,,
1231,25227,Fagu (386),फागू(386),Theog(Sub-District) / Shimla(District) / Himachal Pradesh(State),01819100,025227,N,,,,
1232,25466,Falauna,फलौना(68),Chaupal(Sub-District) / Shimla(District) / Himachal Pradesh(State),01838300,025466,N,,,,
1233,26157,Fanail (24),फनैल(24),Kalbog(Sub-District) / Shimla(District) / Himachal Pradesh(State),01894900,026157,N,,,,
1234,23504,Fancha (17/1),फांचा(17/1),Rampur(Sub-District) / Shimla(District) / Himachal Pradesh(State),01656700,023504,N,,,,
1235,23506,Fancha Kanda (17/2),फांचा काण्डा(17/2),Rampur(Sub-District) / Shimla(District) / Himachal Pradesh(State),01656900,023506,N,,,,
1236,24835,Fanewat (191),फनेवट(191),Junga(Sub-District) / Shimla(District) / Himachal Pradesh(State),01783300,024835,N,,,,
1237,24863,Fanewati (172),फनेवटी(172),Junga(Sub-District) / Shimla(District) / Himachal Pradesh(State),01786000,024863,N,,,,
1238,26363,Farog (11),फरोग(11),Tikar(Sub-District) / Shimla(District) / Himachal Pradesh(State),01910900,026363,N,,,,
1239,24564,Fatechi (5/63),फतेची (5/63),Shimla ( Rural )(Sub-District) / Shimla(District) / Himachal Pradesh(State),01758400,024564,N,,,,
1240,24435,Fatenchi (7/89),फतनेची (7/89),Shimla ( Rural )(Sub-District) / Shimla(District) / Himachal Pradesh(State),01747400,024435,N,,,,
1241,25894,Fawla (147),फावला(147),Nerwa(Sub-District) / Shimla(District) / Himachal Pradesh(State),01870100,025894,N,,,,
1242,23970,Firnoo(73),फिरनू(73),Kumarsain(Sub-District) / Shimla(District) / Himachal Pradesh(State),01703300,023970,N,,,,
1243,24196,Frinda (67),फरीन्डा  (67),Sunni(Sub-District) / Shimla(District) / Himachal Pradesh(State),01725900,024196,N,,,,
1244,26383,Friunkoti(31),फ्रिउकोटी(31),Tikar(Sub-District) / Shimla(District) / Himachal Pradesh(State),01912900,026383,N,,,,
1245,23563,Funja (86),फून्जा (86),Rampur(Sub-District) / Shimla(District) / Himachal Pradesh(State),01662700,023563,N,eSignGOFile662648_19_02_2025_21_25_53.pdf,,,
1246,26536,Gaad(100),गाड(100),Rohru(Sub-District) / Shimla(District) / Himachal Pradesh(State),01928100,026536,N,,,,
1247,24178,Gadahu (34),गडाहू(34),Jalog(Sub-District) / Shimla(District) / Himachal Pradesh(State),01724100,024178,N,,,,
1248,24570,Gadaog (5/78),गडावग(5/78),Shimla ( Rural )(Sub-District) / Shimla(District) / Himachal Pradesh(State),01758900,024570,N,,,,
1249,26134,Gadawag(41),गडावग(41),Kalbog(Sub-District) / Shimla(District) / Himachal Pradesh(State),01892700,026134,N,,,,
1250,25185,Gadeog (369),गदेवग(369),Theog(Sub-District) / Shimla(District) / Himachal Pradesh(State),01814900,025185,N,,,,
1251,24911,Gadhah(202),गड़ाह(202),Theog(Sub-District) / Shimla(District) / Himachal Pradesh(State),01790400,024911,N,,,,
1252,24175,Gadheri (26),गढेरी(26),Jalog(Sub-District) / Shimla(District) / Himachal Pradesh(State),01723800,024175,N,,,,
1253,25305,Gadheri(84),गढेड़ी(84),Theog(Sub-District) / Shimla(District) / Himachal Pradesh(State),01825800,025305,N,,,,
1254,25576,Gadhral (58),गदराल(58),Chaupal(Sub-District) / Shimla(District) / Himachal Pradesh(State),01844000,025576,N,,,,
1255,24443,Gag (7/93),गाग (7/93),Shimla ( Rural )(Sub-District) / Shimla(District) / Himachal Pradesh(State),01748100,024443,N,,,,
1256,25452,Gagna (74),गागना(74),Chaupal(Sub-District) / Shimla(District) / Himachal Pradesh(State),01837300,025452,N,,,,
1257,939809,Gahan,गाहन,Shimla (Urban)(Sub-District) / Shimla(District) / Himachal Pradesh(State),,000000,N,,,,
1258,23777,Gahan (33/1),गाहण(33/1),Nankhari(Sub-District) / Shimla(District) / Himachal Pradesh(State),01684000,023777,N,,,,
1259,25782,Gain (88),गंई(88),Nerwa(Sub-District) / Shimla(District) / Himachal Pradesh(State),01858900,025782,N,,,,
1260,24256,Gainchari (30),गैंचडी(30),Dhami(Sub-District) / Shimla(District) / Himachal Pradesh(State),01731900,024256,N,,,,
1261,24195,Gainda (61),गैंडा(61),Sunni(Sub-District) / Shimla(District) / Himachal Pradesh(State),01725800,024195,N,,,,
1262,25095,Gajeri (322),गजैड़ी (322),Theog(Sub-District) / Shimla(District) / Himachal Pradesh(State),01806200,025095,N,,,,
1263,25101,Gajout(329),गजौत(329),Theog(Sub-District) / Shimla(District) / Himachal Pradesh(State),01806800,025101,N,,,,
1264,26267,Gajta (107),गाजटा(107),Kotkhai(Sub-District) / Shimla(District) / Himachal Pradesh(State),01903000,026267,N,,,,
1265,26665,Gajyani (70),गजयाणी (70),Dhamwari(Sub-District) / Shimla(District) / Himachal Pradesh(State),01941000,026665,N,eSignGOFile662648_25_03_2026_15_00_03.pdf,,,
1266,24171,Galah (22),गलाह(22),Jalog(Sub-District) / Shimla(District) / Himachal Pradesh(State),01723400,024171,N,,,,
1267,25116,Galanag (309),गलानग (309),Theog(Sub-District) / Shimla(District) / Himachal Pradesh(State),01808300,025116,N,,,,
1268,25176,Gallu Khurd(392),गलू खर्द(392),Theog(Sub-District) / Shimla(District) / Himachal Pradesh(State),01814100,025176,N,,,,
1269,24398,Galot (11/117),गलोट(11/117),Shimla ( Rural )(Sub-District) / Shimla(District) / Himachal Pradesh(State),01744000,024398,N,,,,
1270,24190,Galtu (90),गलटू(90),Sunni(Sub-District) / Shimla(District) / Himachal Pradesh(State),01725300,024190,N,,,,
1271,25177,Galu Kalan (393),गलू कलाँ(393),Theog(Sub-District) / Shimla(District) / Himachal Pradesh(State),01814200,025177,N,,,,
1272,23819,Ganewag (149),गनेवग(149),Kumarsain(Sub-District) / Shimla(District) / Himachal Pradesh(State),01688200,023819,N,,,,
1273,24287,Ganewag (53),गनेवग(53),Shimla ( Rural )(Sub-District) / Shimla(District) / Himachal Pradesh(State),01734800,024287,N,,,,
1274,26525,Ganga Nagar (95),गंगानगर(95,Rohru(Sub-District) / Shimla(District) / Himachal Pradesh(State),01927000,026525,N,,,,
1275,26455,Gangtoli Dehat(123),गंगटोली देहात(123),Rohru(Sub-District) / Shimla(District) / Himachal Pradesh(State),01920100,026455,N,,,,
1276,24508,Ganheri (382),गनैडी (382),Shimla ( Rural )(Sub-District) / Shimla(District) / Himachal Pradesh(State),01754200,024508,N,,,,
1277,26541,Ganighaat(104),गणीघाट(104),Rohru(Sub-District) / Shimla(District) / Himachal Pradesh(State),01928600,026541,N,,,,
1278,24543,Ganoti (377),गनोटी (377),Shimla ( Rural )(Sub-District) / Shimla(District) / Himachal Pradesh(State),01757300,024543,N,,,,
1279,24507,Ganperi (378),गनपैरी (378),Shimla ( Rural )(Sub-District) / Shimla(District) / Himachal Pradesh(State),01754100,024507,N,,,,
1280,23525,Ganwi (35),गानवी (35),Rampur(Sub-District) / Shimla(District) / Himachal Pradesh(State),01658800,023525,N,,,,
1281,25878,Gaoncha (16),गौंचा(16),Nerwa(Sub-District) / Shimla(District) / Himachal Pradesh(State),01868500,025878,N,,,,
1282,26550,Gaonsari (50),गाँवसारी (50),Chirgaon(Sub-District) / Shimla(District) / Himachal Pradesh(State),01929500,026550,N,,,,
1283,23791,Garasu(61),गड़ासू (61),Nankhari(Sub-District) / Shimla(District) / Himachal Pradesh(State),01685400,023791,N,,,,
1284,26353,Garei (91),गरेई (91),Kotkhai(Sub-District) / Shimla(District) / Himachal Pradesh(State),01909900,026353,N,,,,
1285,26429,Garhai (12),गडैई(12),Rohru(Sub-District) / Shimla(District) / Himachal Pradesh(State),01917500,026429,N,,,,
1286,25389,Garhin (20),घडींन(20),Chaupal(Sub-District) / Shimla(District) / Himachal Pradesh(State),01833100,025389,N,,,,
1287,24211,Garkahan (86),गडकाहन(86),Sunni(Sub-District) / Shimla(District) / Himachal Pradesh(State),01727400,024211,N,,,,
1288,24783,Garog (351),गडोग (351),Shimla ( Rural )(Sub-District) / Shimla(District) / Himachal Pradesh(State),01778100,024783,N,,,,
1289,25257,Garpaina (208),गरपैंया(208),Theog(Sub-District) / Shimla(District) / Himachal Pradesh(State),01821900,025257,N,,,,
1290,23550,Gaso (97),गसो(97),Rampur(Sub-District) / Shimla(District) / Himachal Pradesh(State),01661300,023550,N,,,,
1291,25701,Gastari (46),गस्टाडी(46),Nerwa(Sub-District) / Shimla(District) / Himachal Pradesh(State),01850800,025701,N,,,,
1292,25825,Gatu (120),गातू(120),Nerwa(Sub-District) / Shimla(District) / Himachal Pradesh(State),01863200,025825,N,,,,
1293,23570,Gaura (104),गौरा(104),Rampur(Sub-District) / Shimla(District) / Himachal Pradesh(State),01663400,023570,N,,,,
1294,24787,Gawahi (360),गवाही (360),Shimla ( Rural )(Sub-District) / Shimla(District) / Himachal Pradesh(State),01778500,024787,N,,,,
1295,24377,Gawahi Kalan (141),गवाही कलां(141),Dhami(Sub-District) / Shimla(District) / Himachal Pradesh(State),01742100,024377,N,,,,
1296,24352,Gawahi Khurd(137),गवाही खुर्द(137),Dhami(Sub-District) / Shimla(District) / Himachal Pradesh(State),01739700,024352,N,,,,
1297,25023,Gawai (137),गवाई(137),Theog(Sub-District) / Shimla(District) / Himachal Pradesh(State),01799100,025023,N,,,,
1298,25685,Gawai (171),गवाए,Kupvi(Sub-District) / Shimla(District) / Himachal Pradesh(State),01849200,025685,N,,,,
1299,26148,Gawalath(27),गवालठ(27),Kalbog(Sub-District) / Shimla(District) / Himachal Pradesh(State),01894100,026148,N,,,,
1300,26489,Gawana(63),गांवणा(63),Rohru(Sub-District) / Shimla(District) / Himachal Pradesh(State),01923500,026489,N,,,,
1301,26608,Gawas145),गवास(145),Jangla(Sub-District) / Shimla(District) / Himachal Pradesh(State),01935300,026608,N,,,,
1302,24515,Geha (131),गेहा(131),Shimla ( Rural )(Sub-District) / Shimla(District) / Himachal Pradesh(State),01754900,024515,N,,,,
1303,939933,Gehar(124),गैहर(124),Kotkhai(Sub-District) / Shimla(District) / Himachal Pradesh(State),,000000,N,,,,
1304,24831,Ghadot(151),घडौत(151),Junga(Sub-District) / Shimla(District) / Himachal Pradesh(State),01782900,024831,N,,,,
1305,25804,Ghala (102),घाला(102),Nerwa(Sub-District) / Shimla(District) / Himachal Pradesh(State),01861100,025804,N,,,,
1306,25361,Ghalana(15),गलाह(15),Deha(Sub-District) / Shimla(District) / Himachal Pradesh(State),01831000,025361,N,,,,
1307,26141,Ghaleha(54),गलैहा(54),Kalbog(Sub-District) / Shimla(District) / Himachal Pradesh(State),01893400,026141,N,,,,
1308,26252,Ghalera(121),घलेरा(121),Kotkhai(Sub-District) / Shimla(District) / Himachal Pradesh(State),01901900,026252,N,,,,
1309,24324,Ghandal (85),घण्डल(85),Dhami(Sub-District) / Shimla(District) / Himachal Pradesh(State),01737100,024324,N,,,,
1310,24756,Gharach (231),घरेच (231),Shimla ( Rural )(Sub-District) / Shimla(District) / Himachal Pradesh(State),01775900,024756,N,,,,
1311,23891,Gharal (26),घराल(26),Kotgarh(Sub-District) / Shimla(District) / Himachal Pradesh(State),01695400,023891,N,,,,
1312,24357,Ghararoo (136),घराडू(136),Dhami(Sub-District) / Shimla(District) / Himachal Pradesh(State),01740100,024357,N,,,,
1313,26411,Gharema(31),घ्रेमा(31),Rohru(Sub-District) / Shimla(District) / Himachal Pradesh(State),01915700,026411,N,,,,
1314,23876,Gharewat (83),घडेवत(83),Kumarsain(Sub-District) / Shimla(District) / Himachal Pradesh(State),01693900,023876,N,,,,
1315,24291,Gharog (92),घरोग(92),Shimla ( Rural )(Sub-District) / Shimla(District) / Himachal Pradesh(State),01735100,024291,N,,,,
1316,26588,Gharshal (1/2),घरशाल(1/2),Jangla(Sub-District) / Shimla(District) / Himachal Pradesh(State),01933300,026588,N,,,,
1317,24747,Gharshi (255),घडशी(255),Shimla ( Rural )(Sub-District) / Shimla(District) / Himachal Pradesh(State),01775000,024747,N,,,,
1318,24056,Gharyana(179),घरयाणा(179),Sunni(Sub-District) / Shimla(District) / Himachal Pradesh(State),01711900,024056,N,,,,
1319,26232,Ghasi Gaon (76),घासीगांव(76),Kotkhai(Sub-District) / Shimla(District) / Himachal Pradesh(State),01900500,026232,N,,,,
1320,24255,Ghat (29),घाट(29),Dhami(Sub-District) / Shimla(District) / Himachal Pradesh(State),01731800,024255,N,,,,
1321,23738,Ghat (73),घाट(73),Rampur(Sub-District) / Shimla(District) / Himachal Pradesh(State),01680100,023738,N,,,,
1322,24038,Ghatru (204),घाटडू(160),Dhami(Sub-District) / Shimla(District) / Himachal Pradesh(State),01710100,024038,N,,,,
1323,24701,Ghatti (301),घाटी (301),Shimla ( Rural )(Sub-District) / Shimla(District) / Himachal Pradesh(State),01770400,024701,N,,,,
1324,24364,Ghech (145),घेच(145),Dhami(Sub-District) / Shimla(District) / Himachal Pradesh(State),01740800,024364,N,,,,
1325,25390,Ghichna (21),घिचना(21),Chaupal(Sub-District) / Shimla(District) / Himachal Pradesh(State),01833200,025390,N,,,,
1326,26709,Ghodmund Dhar (14),घोडमुंड धार (14),Dodra Kwar(Sub-District) / Shimla(District) / Himachal Pradesh(State),01945400,026709,N,,,,
1327,25346,Ghog (10),घोग  (10),Deha(Sub-District) / Shimla(District) / Himachal Pradesh(State),01829700,025346,N,,,,
1328,25302,Ghoond(85),घूण्ड(85),Theog(Sub-District) / Shimla(District) / Himachal Pradesh(State),01825500,025302,N,,,,
1329,23955,Ghughuvi(166),घुघवी (166),Kumarsain(Sub-District) / Shimla(District) / Himachal Pradesh(State),01701800,023955,N,,,,
1330,24252,Ghulan (41),घुलण(41),Dhami(Sub-District) / Shimla(District) / Himachal Pradesh(State),01731500,024252,N,,,,
1331,24738,Ghumru (259),घुमरू (259),Shimla ( Rural )(Sub-District) / Shimla(District) / Himachal Pradesh(State),01774100,024738,N,,,,
1332,26192,Ghunda (10),घुण्डा(10),Kotkhai(Sub-District) / Shimla(District) / Himachal Pradesh(State),01897500,026192,N,,,,
1333,26053,Ghunsa (122/2),उप-महाल घुन्सा(122/2),Sarawati Nagar(Sub-District) / Shimla(District) / Himachal Pradesh(State),01886000,026053,N,,,,
1334,25420,Ghurla (30),घूरला(30),Chaupal(Sub-District) / Shimla(District) / Himachal Pradesh(State),01835300,025420,N,,,,
1335,25553,Giau,उप महाल ग्याउ,Chaupal(Sub-District) / Shimla(District) / Himachal Pradesh(State),01842600,025553,N,,,,
1336,26064,Giltari (118),गिल्टाडी(118),Sarawati Nagar(Sub-District) / Shimla(District) / Himachal Pradesh(State),01887100,026064,N,,,,
1337,24572,Girab Kalan (5/66),गिरब कलां (5/66),Shimla ( Rural )(Sub-District) / Shimla(District) / Himachal Pradesh(State),01759100,024572,N,,,,
1338,24571,Girab Khurd (5/65),गिरब खुर्द (5/65),Shimla ( Rural )(Sub-District) / Shimla(District) / Himachal Pradesh(State),01759000,024571,N,,,,
1339,25240,Girenj (227),ग्रैंज(227),Theog(Sub-District) / Shimla(District) / Himachal Pradesh(State),01820300,025240,N,,,,
1340,26143,Gobinderpur(50),गोविन्दपुर(50),Kalbog(Sub-District) / Shimla(District) / Himachal Pradesh(State),01893600,026143,N,,,,
1341,25016,Godhan (256),गोधन(256),Theog(Sub-District) / Shimla(District) / Himachal Pradesh(State),01798400,025016,N,,,,
1342,26114,Gohach(45),गोहाच(45),Kalbog(Sub-District) / Shimla(District) / Himachal Pradesh(State),01891600,026114,N,,,,
1343,26664,Gokswari (78),गोक्सवाडी (78),Dhamwari(Sub-District) / Shimla(District) / Himachal Pradesh(State),01940900,026664,N,eSignGOFile662648_25_03_2026_15_00_03.pdf,,,
1344,23997,Golan (213),गोलन(213),Sunni(Sub-District) / Shimla(District) / Himachal Pradesh(State),01706000,023997,N,,,,
1345,24611,Golchha (19),गोलछा(19),Shimla ( Rural )(Sub-District) / Shimla(District) / Himachal Pradesh(State),01762800,024611,N,,,,
1346,26146,Golo(31),गोलो(31),Kalbog(Sub-District) / Shimla(District) / Himachal Pradesh(State),01893900,026146,N,,,,
1347,23566,Gopalpur (92),गोपालपुर(92),Rampur(Sub-District) / Shimla(District) / Himachal Pradesh(State),01663000,023566,N,,,,
1348,25386,Gorli (18),गोरली(18),Chaupal(Sub-District) / Shimla(District) / Himachal Pradesh(State),01833000,025386,N,,,,
1349,24511,Goro Kanavn (126),गोरो कनावण(126),Shimla ( Rural )(Sub-District) / Shimla(District) / Himachal Pradesh(State),01754500,024511,N,,,,
1350,26548,Goskwari (26),गोस्कवाडी (26),Chirgaon(Sub-District) / Shimla(District) / Himachal Pradesh(State),01929300,026548,N,,,,
1351,25713,Gotari (24),गोटाडी(24),Nerwa(Sub-District) / Shimla(District) / Himachal Pradesh(State),01852000,025713,N,,,,
1352,25087,Grahani (124),ग्रहणी (124),Theog(Sub-District) / Shimla(District) / Himachal Pradesh(State),01805400,025087,N,,,,
1353,24155,Graihana(10),ग्रैहणा(10),Jalog(Sub-District) / Shimla(District) / Himachal Pradesh(State),01721800,024155,N,,,,
1354,24122,Graon (47),ग्राओं(47),Jalog(Sub-District) / Shimla(District) / Himachal Pradesh(State),01718500,024122,N,,,,
1355,26392,Gujandali(39),गुजान्दली(39),Tikar(Sub-District) / Shimla(District) / Himachal Pradesh(State),01913800,026392,N,,,,
1356,25091,Gulo (130),गुल्लों(130),Theog(Sub-District) / Shimla(District) / Himachal Pradesh(State),01805800,025091,N,,,,
1357,24219,Gulthani(77),गुलथानी(77),Sunni(Sub-District) / Shimla(District) / Himachal Pradesh(State),01728200,024219,N,,,,
1358,26681,Gumma (101),गुम्मा (101),Dhamwari(Sub-District) / Shimla(District) / Himachal Pradesh(State),01942600,026681,N,eSignGOFile662648_25_03_2026_15_00_03.pdf,,,
1359,25841,Gumma(186),गुम्मा(186),Nerwa(Sub-District) / Shimla(District) / Himachal Pradesh(State),01864800,025841,N,,,,
1360,24741,Gumma (262),गुम्मा (262),Shimla ( Rural )(Sub-District) / Shimla(District) / Himachal Pradesh(State),01774400,024741,N,,,,
1361,26293,Gumma(8),गुम्मा(8),Kotkhai(Sub-District) / Shimla(District) / Himachal Pradesh(State),01905200,026293,N,,,,
1362,26580,Gumna (22),गुमणा(22),Jangla(Sub-District) / Shimla(District) / Himachal Pradesh(State),01932500,026580,N,,,,
1363,25766,Gunsa (80),घुन्सा(80),Nerwa(Sub-District) / Shimla(District) / Himachal Pradesh(State),01857300,025766,N,,,,
1364,23809,Gunthla (126),गुंथला(126),Kumarsain(Sub-District) / Shimla(District) / Himachal Pradesh(State),01687200,023809,N,,,,
1365,26002,Guntu (38),गुन्तु (38),Jubbal(Sub-District) / Shimla(District) / Himachal Pradesh(State),01880900,026002,N,,,,
1366,25088,Guri (125),गुड़ी(125),Theog(Sub-District) / Shimla(District) / Himachal Pradesh(State),01805500,025088,N,,,,
1367,24448,Gurshali (6/83),गुडशाली(6/83),Shimla ( Rural )(Sub-District) / Shimla(District) / Himachal Pradesh(State),01748500,024448,N,,,,
1368,24534,Gusan (117),गुसान(117),Shimla ( Rural )(Sub-District) / Shimla(District) / Himachal Pradesh(State),01756600,024534,N,,,,
1369,24991,Guthan Khas (174),गुठाण खास (174),Theog(Sub-District) / Shimla(District) / Himachal Pradesh(State),01796400,024991,N,,,,
1370,25464,Gyalat (69),उप महाल जयगढ(69),Chaupal(Sub-District) / Shimla(District) / Himachal Pradesh(State),01838200,025464,N,,,,
1371,26633,Gyari (61),ग्यारी (61),Chirgaon(Sub-District) / Shimla(District) / Himachal Pradesh(State),01937800,026633,N,,,,
1372,26554,Hadwani (30),हडवाणी (30),Chirgaon(Sub-District) / Shimla(District) / Himachal Pradesh(State),01929900,026554,N,,,,
1373,26270,Halai (101),हलई(101),Kotkhai(Sub-District) / Shimla(District) / Himachal Pradesh(State),01903200,026270,N,,,,
1374,25047,Halai (142),हलाई(142),Theog(Sub-District) / Shimla(District) / Himachal Pradesh(State),01801400,025047,N,,,,
1375,26318,Halaila (154),हलाईला(154),Kotkhai(Sub-District) / Shimla(District) / Himachal Pradesh(State),01907600,026318,N,,,,
1376,25829,Halau (172),हलाऊ(172),Nerwa(Sub-District) / Shimla(District) / Himachal Pradesh(State),01863600,025829,N,,,,
1377,24261,Halog (40),हलोग(40),Dhami(Sub-District) / Shimla(District) / Himachal Pradesh(State),01732400,024261,N,,,,
1378,24090,Halot (146),हलोट(146),Sunni(Sub-District) / Shimla(District) / Himachal Pradesh(State),01715300,024090,N,,,,
1379,23901,Halyana (18),हल्याणा(18),Kotgarh(Sub-District) / Shimla(District) / Himachal Pradesh(State),01696400,023901,N,,,,
1380,25550,Hanal (129),हनल(129),Chaupal(Sub-District) / Shimla(District) / Himachal Pradesh(State),01842500,025550,N,,,,
1381,26368,Hanstari (19),हंस्टाडी(19),Tikar(Sub-District) / Shimla(District) / Himachal Pradesh(State),01911400,026368,N,,,,
1382,26365,Hanstari Teer (17),हंस्टाडी टीर(17),Tikar(Sub-District) / Shimla(District) / Himachal Pradesh(State),01911100,026365,N,,,,
1383,24587,Haron (55),हड़ो (55),Shimla ( Rural )(Sub-District) / Shimla(District) / Himachal Pradesh(State),01760400,024587,N,,,,
1384,23954,Hathiya (151),हथिया(151),Kumarsain(Sub-District) / Shimla(District) / Himachal Pradesh(State),01701700,023954,N,,,,
1385,26011,Hatkoti (60),हाटकोटी(60),Sarawati Nagar(Sub-District) / Shimla(District) / Himachal Pradesh(State),01881800,026011,N,,,,
1386,26227,Hatli (131),हाटली(131),Kotkhai(Sub-District) / Shimla(District) / Himachal Pradesh(State),01900000,026227,N,,,,
1387,26552,Haunchali (28),हाँउचली (28),Chirgaon(Sub-District) / Shimla(District) / Himachal Pradesh(State),01929700,026552,N,,,,
1388,26059,Himnagri (123/3),उप-महाल हिमनगरी(124/4),Sarawati Nagar(Sub-District) / Shimla(District) / Himachal Pradesh(State),01886600,026059,N,,,,
1389,26189,Himri (11),हिमरी(11),Kotkhai(Sub-District) / Shimla(District) / Himachal Pradesh(State),01897200,026189,N,,,,
1390,24180,Himri (37),हिमरी(37),Jalog(Sub-District) / Shimla(District) / Himachal Pradesh(State),01724300,024180,N,,,,
1391,26546,Hingori (52),हिंगोरी (52),Chirgaon(Sub-District) / Shimla(District) / Himachal Pradesh(State),01929100,026546,N,,,,
1392,25641,Hira (148),हीडा(148),Kupvi(Sub-District) / Shimla(District) / Himachal Pradesh(State),01846300,025641,N,,,,
1393,24025,Hiranali (184),हिरानाली(184),Sunni(Sub-District) / Shimla(District) / Himachal Pradesh(State),01708800,024025,N,,,,
1394,24469,Hiun (33/363),हिंऊँ (33/363),Shimla ( Rural )(Sub-District) / Shimla(District) / Himachal Pradesh(State),01750300,024469,N,,,,
1395,24604,Hiun (5/72),हियूण (5/72),Shimla ( Rural )(Sub-District) / Shimla(District) / Himachal Pradesh(State),01762100,024604,N,,,,
1396,24202,Hiwan(82),हिवण(82),Sunni(Sub-District) / Shimla(District) / Himachal Pradesh(State),01726500,024202,N,,,,
1397,24048,Hiwan Abal(187/1),हिवण अब्बल(187/1),Sunni(Sub-District) / Shimla(District) / Himachal Pradesh(State),01711100,024048,N,,,,
1398,24047,Hiwan Doyam(187/2),हिवण दोयम(187/2),Sunni(Sub-District) / Shimla(District) / Himachal Pradesh(State),01711000,024047,N,,,,
1399,26035,Hiwuna (121/2),उप-महाल हिऊणा(121/2),Sarawati Nagar(Sub-District) / Shimla(District) / Himachal Pradesh(State),01884200,026035,N,,,,
1400,25747,Hud (62),हुड(62),Nerwa(Sub-District) / Shimla(District) / Himachal Pradesh(State),01855400,025747,N,,,,
1401,25142,Hulga (287),हुल्गा(287),Theog(Sub-District) / Shimla(District) / Himachal Pradesh(State),01810800,025142,N,,,,
1402,26299,Hulli(5),हुली(5),Kotkhai(Sub-District) / Shimla(District) / Himachal Pradesh(State),01905800,026299,N,,,,
1403,24583,Ichaser (4/60),इच्छासेर (4/60),Shimla ( Rural )(Sub-District) / Shimla(District) / Himachal Pradesh(State),01760100,024583,N,,,,
1404,26619,Illakakyani(142),इलाकाक्याणी(142),Jangla(Sub-District) / Shimla(District) / Himachal Pradesh(State),01936400,026619,N,,,,
1405,25110,Ilmi (319),ईलमी(319),Theog(Sub-District) / Shimla(District) / Himachal Pradesh(State),01807700,025110,N,,,,
1406,26695,Indersain Dhar (1),इन्द्रासेन धार (1),Dodra Kwar(Sub-District) / Shimla(District) / Himachal Pradesh(State),01944000,026695,N,,,,
1407,25895,Irra (146),आरा(146),Nerwa(Sub-District) / Shimla(District) / Himachal Pradesh(State),01870200,025895,N,,,,
1408,26647,Jabal (58),जाबल (58),Chirgaon(Sub-District) / Shimla(District) / Himachal Pradesh(State),01939200,026647,N,,,,
1409,24573,Jablog (5/62),जबलोग (5/62),Shimla ( Rural )(Sub-District) / Shimla(District) / Himachal Pradesh(State),01759200,024573,N,,,,
1410,25462,Jabna (67),जबना(67),Chaupal(Sub-District) / Shimla(District) / Himachal Pradesh(State),01838100,025462,N,,,,
1411,25981,Jachli (18/1),जाचली(18/1),Jubbal(Sub-District) / Shimla(District) / Himachal Pradesh(State),01878800,025981,N,,,,
1412,25033,Jadeog (135),जदेवग (135),Theog(Sub-District) / Shimla(District) / Himachal Pradesh(State),01800000,025033,N,,,,
1413,24433,Jadheni (336),जदेहणी(336),Shimla ( Rural )(Sub-District) / Shimla(District) / Himachal Pradesh(State),01747200,024433,N,,,,
1414,24336,Jadhog (72),जधोग  (72),Dhami(Sub-District) / Shimla(District) / Himachal Pradesh(State),01738200,024336,N,,,,
1415,24472,Jadhyal (33/365),जधयाल  (33/365),Shimla ( Rural )(Sub-District) / Shimla(District) / Himachal Pradesh(State),01750600,024472,N,,,,
1416,24498,Jadiana (374),जडयाना(374),Shimla ( Rural )(Sub-District) / Shimla(District) / Himachal Pradesh(State),01753200,024498,N,,,,
1417,23981,Jadoon (63),जदूण(63),Kumarsain(Sub-District) / Shimla(District) / Himachal Pradesh(State),01704400,023981,N,,,,
1418,24938,Jadun (199),जदूण(199),Theog(Sub-District) / Shimla(District) / Himachal Pradesh(State),01792200,024938,N,,,,
1419,24828,Jagedibag (188),जगेडीबाग(188,Junga(Sub-District) / Shimla(District) / Himachal Pradesh(State),01782600,024828,N,,,,
1420,24040,Jagehdi (155),जघेडी(155),Dhami(Sub-District) / Shimla(District) / Himachal Pradesh(State),01710300,024040,N,,,,
1421,25146,Jageri (277),जघेड़ी(277),Theog(Sub-District) / Shimla(District) / Himachal Pradesh(State),01811200,025146,N,,,,
1422,25218,Jagora (371),जगोड़ा(371),Theog(Sub-District) / Shimla(District) / Himachal Pradesh(State),01818200,025218,N,,,,
1423,26625,Jagoti (134),जगोटी (134),Jangla(Sub-District) / Shimla(District) / Himachal Pradesh(State),01937000,026625,N,,,,
1424,26465,Jagoti(54),जगोठी(54),Rohru(Sub-District) / Shimla(District) / Himachal Pradesh(State),01921100,026465,N,,,,
1425,26377,Jagterli (25),जगटेरली(25),Tikar(Sub-District) / Shimla(District) / Himachal Pradesh(State),01912300,026377,N,,,,
1426,24722,Jagyalru (269),जगैलडू (269),Shimla ( Rural )(Sub-District) / Shimla(District) / Himachal Pradesh(State),01772500,024722,N,,,,
1427,24106,Jahndar (118),जान्डर(118),Sunni(Sub-District) / Shimla(District) / Himachal Pradesh(State),01716900,024106,N,,,,
1428,26302,Jahru (179),जाहरु(179),Kotkhai(Sub-District) / Shimla(District) / Himachal Pradesh(State),01906100,026302,N,,,,
1429,23761,Jahu(16/1),जाहु(16/1),Nankhari(Sub-District) / Shimla(District) / Himachal Pradesh(State),01682400,023761,N,,,,
1430,25072,Jai (107),ज़ई(107),Theog(Sub-District) / Shimla(District) / Himachal Pradesh(State),01803900,025072,N,,,,
1431,25587,Jai Garh,उप महाल जयगढ,Chaupal(Sub-District) / Shimla(District) / Himachal Pradesh(State),01844900,025587,N,,,,
1432,25406,Jaili,जाईली,Chaupal(Sub-District) / Shimla(District) / Himachal Pradesh(State),01834500,025406,N,,,,
1433,24097,Jaili Dhar (143),जैलीधार(143),Sunni(Sub-District) / Shimla(District) / Himachal Pradesh(State),01716000,024097,N,,,,
1434,26575,Jailot (18),जयलोट(18),Jangla(Sub-District) / Shimla(District) / Himachal Pradesh(State),01932000,026575,N,,,,
1435,25112,Jais (321),जैस(321),Theog(Sub-District) / Shimla(District) / Himachal Pradesh(State),01807900,025112,N,,,,
1436,24120,Jaishi (46),जैशी(46),Sunni(Sub-District) / Shimla(District) / Himachal Pradesh(State),01718300,024120,N,,,,
1437,24186,Jajehar(93),जजेहड़ (93),Sunni(Sub-District) / Shimla(District) / Himachal Pradesh(State),01724900,024186,N,,,,
1438,26698,Jakha (3),जाखा(3),Dodra Kwar(Sub-District) / Shimla(District) / Himachal Pradesh(State),01944300,026698,N,,,,
1439,26667,Jakhali (95),जाखली (95),Dhamwari(Sub-District) / Shimla(District) / Himachal Pradesh(State),01941200,026667,N,eSignGOFile662648_25_03_2026_15_00_03.pdf,,,
1440,26492,Jakhar(132),जखार (132),Rohru(Sub-District) / Shimla(District) / Himachal Pradesh(State),01923800,026492,N,,,,
1441,26689,Jakhi (118),जाखी (118),Chirgaon(Sub-District) / Shimla(District) / Himachal Pradesh(State),01943400,026689,N,,,,
1442,26560,Jakhnoti (33),जखनोटी (33),Chirgaon(Sub-District) / Shimla(District) / Himachal Pradesh(State),01930500,026560,N,,,,
1443,26045,Jakhor-Pujarli(126-1),जखोड-पुजारली(126/1),Sarawati Nagar(Sub-District) / Shimla(District) / Himachal Pradesh(State),01885200,026045,N,,,,
1444,24331,Jakhri Nichli (74),झाखडी निचली(74),Dhami(Sub-District) / Shimla(District) / Himachal Pradesh(State),01737700,024331,N,,,,
1445,24329,Jakhri Uperli (75),झाखडी उपरली(75),Dhami(Sub-District) / Shimla(District) / Himachal Pradesh(State),01737600,024329,N,,,,
1446,23973,Jal (57),जल(57),Kumarsain(Sub-District) / Shimla(District) / Himachal Pradesh(State),01703600,023973,N,,,,
1447,24207,Jalag (80),जलाग(80),Sunni(Sub-District) / Shimla(District) / Himachal Pradesh(State),01727000,024207,N,,,,
1448,26331,Jalath (98),जालठ(98),Kotkhai(Sub-District) / Shimla(District) / Himachal Pradesh(State),01908600,026331,N,,,,
1449,24505,Jalel (379),जलैल (379),Shimla ( Rural )(Sub-District) / Shimla(District) / Himachal Pradesh(State),01753900,024505,N,,,,
1450,24537,Jalf (383),जालफ़ (383),Shimla ( Rural )(Sub-District) / Shimla(District) / Himachal Pradesh(State),01756800,024537,N,,,,
1451,26278,Jaltahar (116),जलटाहर(116),Kotkhai(Sub-District) / Shimla(District) / Himachal Pradesh(State),01903900,026278,N,,,,
1452,24499,Jamati (384),जमाटी (384),Shimla ( Rural )(Sub-District) / Shimla(District) / Himachal Pradesh(State),01753300,024499,N,,,,
1453,23634,Jamgal Katheri(174),जंगल कथैरी,Rampur(Sub-District) / Shimla(District) / Himachal Pradesh(State),01669800,023634,N,,,,
1454,24344,Jamlog (154),जमलोग (154),Dhami(Sub-District) / Shimla(District) / Himachal Pradesh(State),01738900,024344,N,,,,
1455,24451,Jamlog (6/85),जमलोग(6/85),Shimla ( Rural )(Sub-District) / Shimla(District) / Himachal Pradesh(State),01748700,024451,N,,,,
1456,24004,Jammu(224),जम्मू(224),Dhami(Sub-District) / Shimla(District) / Himachal Pradesh(State),01706700,024004,N,,,,
1457,24022,Jamog (200),जमोग(200),Sunni(Sub-District) / Shimla(District) / Himachal Pradesh(State),01708500,024022,N,,,,
1458,24023,Jamogra (183),जमोगडा(183),Sunni(Sub-District) / Shimla(District) / Himachal Pradesh(State),01708600,024023,N,,,,
1459,25327,Janahan (75),जनाहन (75),Deha(Sub-District) / Shimla(District) / Himachal Pradesh(State),01827900,025327,N,,,,
1460,23949,Jangal Ahar (156),जंगल आहर(156),Kumarsain(Sub-District) / Shimla(District) / Himachal Pradesh(State),01701200,023949,N,,,,
1461,24158,Jangal Aisha (2),जंगल ऐशा(2),Jalog(Sub-District) / Shimla(District) / Himachal Pradesh(State),01722100,024158,N,,,,
1462,24654,Jangal Anu (327),जंगल अणु,Shimla ( Rural )(Sub-District) / Shimla(District) / Himachal Pradesh(State),01765800,024654,N,,,,
1463,24161,Jangal Anu (4),जंगल अणु (4),Jalog(Sub-District) / Shimla(District) / Himachal Pradesh(State),01722400,024161,N,,,,
1464,26280,Jangal Arakshit Chambi Kupad - II A,जंगल चम्बी कुपड़  दोयम अ.,Kotkhai(Sub-District) / Shimla(District) / Himachal Pradesh(State),01904000,026280,N,,,,
1465,26327,Jangal Arakshit Chambi Kupad II III IV,जंगल चम्बी कुपड़  2 3 4,Kotkhai(Sub-District) / Shimla(District) / Himachal Pradesh(State),01908400,026327,N,,,,
1466,24626,Jangal Awal Manav,जंगल अव्वल मणाव,Shimla ( Rural )(Sub-District) / Shimla(District) / Himachal Pradesh(State),01763700,024626,N,,,,
1467,24812,Jangal Awal Manoon (413),जंगल मै0 मनून(413),Shimla ( Rural )(Sub-District) / Shimla(District) / Himachal Pradesh(State),01781000,024812,N,,,,
1468,25366,Jangal Babar (11),जंगल बाबर(11),Deha(Sub-District) / Shimla(District) / Himachal Pradesh(State),01831400,025366,N,,,,
1469,24663,Jangal Badfar-I (336),जंगल बडफर I(336),Shimla ( Rural )(Sub-District) / Shimla(District) / Himachal Pradesh(State),01766700,024663,N,,,,
1470,24668,Jangal Badfar-II (340),जंगल बडफर II(340),Shimla ( Rural )(Sub-District) / Shimla(District) / Himachal Pradesh(State),01767200,024668,N,,,,
1471,24733,Jangal Barhog Sheel (298),जंगल भ्रोग शील (298),Shimla ( Rural )(Sub-District) / Shimla(District) / Himachal Pradesh(State),01773600,024733,N,,,,
1472,24666,Jangal Barmu (334),जंगल बरमू(334),Shimla ( Rural )(Sub-District) / Shimla(District) / Himachal Pradesh(State),01767000,024666,N,,,,
1473,23560,Jangal Bashal Dhar (65),जंगल मै.मै. बशला धार(65),Sarahan(Sub-District) / Shimla(District) / Himachal Pradesh(State),01662400,023560,N,,,,
1474,25131,Jangal Bhadyana (275),जंगल भड़याणा (275),Theog(Sub-District) / Shimla(District) / Himachal Pradesh(State),01809700,025131,N,,,,
1475,25044,Jangal Bhalech(133),जंगल भलेच (133),Theog(Sub-District) / Shimla(District) / Himachal Pradesh(State),01801100,025044,N,,,,
1476,26312,Jangal Biran (174),जंगल बीरन(174),Kotkhai(Sub-District) / Shimla(District) / Himachal Pradesh(State),01907000,026312,N,,,,
1477,23823,Jangal Chalah (138),जंगल चलाह(138),Kumarsain(Sub-District) / Shimla(District) / Himachal Pradesh(State),01688600,023823,N,,,,
1478,23636,Jangal Chalali (171),जंगल चलाली(171),Rampur(Sub-District) / Shimla(District) / Himachal Pradesh(State),01670000,023636,N,,,,
1479,26348,Jangal Chambi Kupad - 12 (Ab),जंगल चम्बी कुपड़ 12 अ. ब,Kotkhai(Sub-District) / Shimla(District) / Himachal Pradesh(State),01909500,026348,N,,,,
1480,26337,"Jangal Chambi Kupad - 12 (Dc),13 (A)",जंगल चम्बी कुपड़ 12 द. स 13 अ,Kotkhai(Sub-District) / Shimla(District) / Himachal Pradesh(State),01908800,026337,N,,,,
1481,26347,"Jangal Chambi Kupad -13 (B,C,D)",जंगल चम्बी कुपड़ 13 ब.द.स,Kotkhai(Sub-District) / Shimla(District) / Himachal Pradesh(State),01909500,026347,N,,,,
1482,26335,Jangal Chambi Kupad 8.9.A.B,जंगल चम्बी कुपड़ 8.9. अ.ब,Kotkhai(Sub-District) / Shimla(District) / Himachal Pradesh(State),01908800,026335,N,,,,
1483,26276,Jangal Chambi Kupad - VII Ab,जंगल चम्बी कुपड़  7अ. ब,Kotkhai(Sub-District) / Shimla(District) / Himachal Pradesh(State),01903700,026276,N,,,,
1484,26344,Jangal Chambi Kupad - VII C,जंगल चम्बी कुपड़ 7.स,Kotkhai(Sub-District) / Shimla(District) / Himachal Pradesh(State),01909400,026344,N,,,,
1485,26329,Jangal Chambi Kupad - V VI,जंगल चम्बी कुपड़ 5 6,Kotkhai(Sub-District) / Shimla(District) / Himachal Pradesh(State),01908500,026329,N,,,,
1486,26336,Jangal Chambi Kupar -11 Bc,जंगल चम्बी कुपड़ 11 ब.स,Kotkhai(Sub-District) / Shimla(District) / Himachal Pradesh(State),01908800,026336,N,,,,
1487,25190,Jangal Chawai (350),जंगल चवाई (350),Theog(Sub-District) / Shimla(District) / Himachal Pradesh(State),01815400,025190,N,,,,
1488,23948,Jangal Chhichhd(78),जंगल छिछड़(78),Kumarsain(Sub-District) / Shimla(District) / Himachal Pradesh(State),01701100,023948,N,,,,
1489,25234,Jangal Chiyog (381),जंगल चियोग(381),Theog(Sub-District) / Shimla(District) / Himachal Pradesh(State),01819800,025234,N,,,,
1490,25591,Jangal Chopal,जंगल चौपाल,Chaupal(Sub-District) / Shimla(District) / Himachal Pradesh(State),01844900,025591,N,,,,
1491,24173,Jangal Dabka (21),जंगल दबका(21,Jalog(Sub-District) / Shimla(District) / Himachal Pradesh(State),01723600,024173,N,,,,
1492,25523,Jangal Dakrona,जंगल मैहदूदा मैहफूजा डकरौंन,Chaupal(Sub-District) / Shimla(District) / Himachal Pradesh(State),01840800,025523,N,,,,
1493,23980,Jangal Dawala (65),जंगल दवाला(65),Kumarsain(Sub-District) / Shimla(District) / Himachal Pradesh(State),01704300,023980,N,,,,
1494,24177,Jangal Dehati Banuna (35),जंगल देहाती बनूना(35),Jalog(Sub-District) / Shimla(District) / Himachal Pradesh(State),01724000,024177,N,,,,
1495,26284,Jangal Devranal (166),जंगल देवरानाल (166),Kotkhai(Sub-District) / Shimla(District) / Himachal Pradesh(State),01904300,026284,N,,,,
1496,24693,Jangal Dhagog (304),जंगल धगोग (304),Shimla ( Rural )(Sub-District) / Shimla(District) / Himachal Pradesh(State),01769600,024693,N,,,,
1497,23520,Jangal Dibrigad (13),जंगल डिबरीगाड (13),Rampur(Sub-District) / Shimla(District) / Himachal Pradesh(State),01658300,023520,N,,,,
1498,24802,Jangal Doyam Dumaihar (397),जंगल दोयम डुमैहर (397),Shimla ( Rural )(Sub-District) / Shimla(District) / Himachal Pradesh(State),01780000,024802,N,,,,
1499,24819,Jangal Doyam Kag (408),जंगल दोयम काग (408),Shimla ( Rural )(Sub-District) / Shimla(District) / Himachal Pradesh(State),01781700,024819,N,,,,
1500,24814,Jangal Doyam Mod Parari (410),जंगल दोयम मोड़ पराडी (410),Shimla ( Rural )(Sub-District) / Shimla(District) / Himachal Pradesh(State),01781200,024814,N,,,,
1501,24804,Jangal Doyam Nala Kacchat(400),जंगल दोयम नाला काछट (400),Shimla ( Rural )(Sub-District) / Shimla(District) / Himachal Pradesh(State),01780200,024804,N,,,,
1502,26321,Jangal Drawala (152),जंगल दरावला (152),Kotkhai(Sub-District) / Shimla(District) / Himachal Pradesh(State),01907900,026321,N,,,,
1503,24174,Jangal Fula Galani (23),जंगल फूला गलानी(23),Jalog(Sub-District) / Shimla(District) / Himachal Pradesh(State),01723700,024174,N,,,,
1504,24172,Jangal Galah (20),जंगल गलाह(20),Jalog(Sub-District) / Shimla(District) / Himachal Pradesh(State),01723500,024172,N,,,,
1505,25239,Jangal Gharoli Dhar (374),जंगल घड़ोली धार(374),Theog(Sub-District) / Shimla(District) / Himachal Pradesh(State),01820200,025239,N,,,,
1506,25303,Jangal Ghoond (83),जंगल घूण्ड़(83),Theog(Sub-District) / Shimla(District) / Himachal Pradesh(State),01825600,025303,N,,,,
1507,25349,Jangal Ghorna (58),जंगल घोड़ना (58),Deha(Sub-District) / Shimla(District) / Himachal Pradesh(State),01830000,025349,N,,,,
1508,24669,Jangal Godi Ka Nal (332),जंगल गोदी का नाल (332),Shimla ( Rural )(Sub-District) / Shimla(District) / Himachal Pradesh(State),01767300,024669,N,,,,
1509,24990,Jangal Guthan (171),जंगल गुठाण (171),Theog(Sub-District) / Shimla(District) / Himachal Pradesh(State),01796300,024990,N,,,,
1510,26142,Jangal Gwalidhar(183),जंगल गवालीधार (183),Kotkhai(Sub-District) / Shimla(District) / Himachal Pradesh(State),01893500,026142,N,,,,
1511,24000,Jangal Hashkar (211),जंगल हश्कर(211),Dhami(Sub-District) / Shimla(District) / Himachal Pradesh(State),01706300,024000,N,,,,
1512,23976,Jangal Hatu (60),जंगल हाटू(60),Kumarsain(Sub-District) / Shimla(District) / Himachal Pradesh(State),01703900,023976,N,,,,
1513,23945,Jangal Hawan(79),जंगल हावन(79),Kumarsain(Sub-District) / Shimla(District) / Himachal Pradesh(State),01700800,023945,N,,,,
1514,24181,Jangal Himri (38),जंगल हिमरी(38),Jalog(Sub-District) / Shimla(District) / Himachal Pradesh(State),01724400,024181,N,,,,
1515,24266,Jangal Hiri Ki Beshak (33),जंगल हीरी की बेश्क,Dhami(Sub-District) / Shimla(District) / Himachal Pradesh(State),01732900,024266,N,,,,
1516,25000,Jangal Ishta (167),जंगल ईष्टा(167),Theog(Sub-District) / Shimla(District) / Himachal Pradesh(State),01797100,025000,N,,,,
1517,24829,Jangal Jagedibag(155),जंगल जगेडीबाग (155),Junga(Sub-District) / Shimla(District) / Himachal Pradesh(State),01782700,024829,N,,,,
1518,23502,Jangal Jaghori Dhar (27),जंगल जघोरी धार (27),Rampur(Sub-District) / Shimla(District) / Himachal Pradesh(State),01656500,023502,N,,,,
1519,24937,Jangal Jalsar (201),जंगल जलसर (201),Theog(Sub-District) / Shimla(District) / Himachal Pradesh(State),01792100,024937,N,,,,
1520,24652,Jangal Janog (319),जंगल जनोग (319),Shimla ( Rural )(Sub-District) / Shimla(District) / Himachal Pradesh(State),01765600,024652,N,,,,
1521,26138,Jangal Jarai (39),जंगल जराई (39),Kalbog(Sub-District) / Shimla(District) / Himachal Pradesh(State),01893100,026138,N,,,,
1522,24810,Jangal Jatol (403),जंगल दोयम जटोल (403),Shimla ( Rural )(Sub-District) / Shimla(District) / Himachal Pradesh(State),01780800,024810,N,,,,
1523,25341,Jangal Jerna (9),जंगल जैरना(9),Deha(Sub-District) / Shimla(District) / Himachal Pradesh(State),01829200,025341,N,,,,
1524,25526,Jangal Jhakar I,जंगल मैहदूदा मैहफूजा झाकड प्रथम,Chaupal(Sub-District) / Shimla(District) / Himachal Pradesh(State),01840900,025526,N,,,,
1525,23867,Jangal Jogsha (98),जंगल जोगशा(98,Kumarsain(Sub-District) / Shimla(District) / Himachal Pradesh(State),01693000,023867,N,,,,
1526,24129,Jangal Kadharghat (96),जंगल कढारघाट,Jalog(Sub-District) / Shimla(District) / Himachal Pradesh(State),01719200,024129,N,,,,
1527,25344,Jangal Kadhrab (385),जंगल कढ़रब (385),Theog(Sub-District) / Shimla(District) / Himachal Pradesh(State),01829500,025344,N,,,,
1528,23825,Jangal Kaladi (141),जंगल कलाड़ी(141,Kumarsain(Sub-District) / Shimla(District) / Himachal Pradesh(State),01688800,023825,N,,,,
1529,26171,Jangal Kalala (182),जंगल कलाला (182),Kotkhai(Sub-District) / Shimla(District) / Himachal Pradesh(State),01895900,026171,N,,,,
1530,25084,Jangal Kaleri (122),जंगल कलैड़ी(122),Theog(Sub-District) / Shimla(District) / Himachal Pradesh(State),01805100,025084,N,,,,
1531,25317,Jangal Kalna (68),जंगल कालना(68),Deha(Sub-District) / Shimla(District) / Himachal Pradesh(State),01826900,025317,N,,,,
1532,24684,Jangal Kamhali (315),जंगल कम्हाली (315),Shimla ( Rural )(Sub-District) / Shimla(District) / Himachal Pradesh(State),01768700,024684,N,,,,
1533,25030,Jangal Kanag -I(141),जंगल कनाग-1 (141),Theog(Sub-District) / Shimla(District) / Himachal Pradesh(State),01799700,025030,N,,,,
1534,25048,Jangal Kanag-II (151),जंगल कनाग-2 (151),Theog(Sub-District) / Shimla(District) / Himachal Pradesh(State),01801500,025048,N,,,,
1535,23986,Jangal Kandyali (67),जंगल कण्डयाली(67),Kumarsain(Sub-District) / Shimla(District) / Himachal Pradesh(State),01704900,023986,N,,,,
1536,25175,Jangal Kangar (391),जंगल काँगर(391),Theog(Sub-District) / Shimla(District) / Himachal Pradesh(State),01814000,025175,N,,,,
1537,25402,Jangal Kangar (8),जँगल काँगर(8),Chaupal(Sub-District) / Shimla(District) / Himachal Pradesh(State),01834200,025402,N,,,,
1538,24058,Jangal Kanwalpur (177),जंगल कंवलपुर (177),Sunni(Sub-District) / Shimla(District) / Himachal Pradesh(State),01712100,024058,N,,,,
1539,23666,Jangal Kareri(133),जंगल करेरी(13),Taklech(Sub-District) / Shimla(District) / Himachal Pradesh(State),01673000,023666,N,,,,
1540,23487,Jangal Katawri (22),जंगल कटवरी,Rampur(Sub-District) / Shimla(District) / Himachal Pradesh(State),01655000,023487,N,,,,
1541,26314,Jangal Katheem (158),जंगल कथीम(158),Kotkhai(Sub-District) / Shimla(District) / Himachal Pradesh(State),01907200,026314,N,,,,
1542,24162,Jangal Kayalu (17),जंगल क्यालू(17),Jalog(Sub-District) / Shimla(District) / Himachal Pradesh(State),01722500,024162,N,,,,
1543,25337,Jangal Khagna (60),जंगल खगना (60),Deha(Sub-District) / Shimla(District) / Himachal Pradesh(State),01828900,025337,N,,,,
1544,25241,Jangal Khanivar (226),जंगल खनीवड़ (226),Theog(Sub-District) / Shimla(District) / Himachal Pradesh(State),01820400,025241,N,,,,
1545,25189,Jangal Khatmehal (354),जंगल खटमैहल(354),Theog(Sub-District) / Shimla(District) / Himachal Pradesh(State),01815300,025189,N,,,,
1546,24192,Jangal Khatrali (57),जंगल खतंरयाली (57),Sunni(Sub-District) / Shimla(District) / Himachal Pradesh(State),01725500,024192,N,,,,
1547,23967,Jangal Khudlu (77),जंगल खुडलू(77),Kumarsain(Sub-District) / Shimla(District) / Himachal Pradesh(State),01703000,023967,N,,,,
1548,25510,Jangal Kiari,जंगल मैहदूदा मैहफूजा क्यारी,Chaupal(Sub-District) / Shimla(District) / Himachal Pradesh(State),01840600,025510,N,,,,
1549,24832,Jangal Kohan (150),जंगल कोहान (150),Junga(Sub-District) / Shimla(District) / Himachal Pradesh(State),01783000,024832,N,,,,
1550,25321,Jangal Kolu Nala (65),   जंगल कोलू नाला(66),Deha(Sub-District) / Shimla(District) / Himachal Pradesh(State),01827300,025321,N,,,,
1551,24966,Jangal Kot Bari (186),जंगल कोट बाड़ी (186),Theog(Sub-District) / Shimla(District) / Himachal Pradesh(State),01794400,024966,N,,,,
1552,26304,Jangal Koti (175),जंगल कोटी(175),Kotkhai(Sub-District) / Shimla(District) / Himachal Pradesh(State),01906200,026304,N,,,,
1553,25343,Jangal Kufta (195),जंगल कुफटा (195),Theog(Sub-District) / Shimla(District) / Himachal Pradesh(State),01829400,025343,N,,,,
1554,23539,Jangal Kunda Chhonda(51),जंगल कुण्डा छोंडा(51),Sarahan(Sub-District) / Shimla(District) / Himachal Pradesh(State),01660200,023539,N,,,,
1555,25545,Jangal Kurarhi,जंगल मैहदूदा मैहफूजा कुहराडी,Chaupal(Sub-District) / Shimla(District) / Himachal Pradesh(State),01842200,025545,N,,,,
1556,23697,Jangal Lagral Kotla(144),जंगल लगराल कोटला,Taklech(Sub-District) / Shimla(District) / Himachal Pradesh(State),01676100,023697,N,,,,
1557,25323,Jangal Lakhoti (62),जंगल लखोटी(62),Deha(Sub-District) / Shimla(District) / Himachal Pradesh(State),01827500,025323,N,,,,
1558,24169,Jangal Lambi Dhar (24),जंंगल लम्बीधार(24),Jalog(Sub-District) / Shimla(District) / Himachal Pradesh(State),01723200,024169,N,,,,
1559,25318,Jangal Lohala (63),  जंगल लोहाला(65),Deha(Sub-District) / Shimla(District) / Himachal Pradesh(State),01827000,025318,N,,,,
1560,24956,Jangal Majhogra (177),जंगल मझोगड़ा(177),Theog(Sub-District) / Shimla(District) / Himachal Pradesh(State),01793700,024956,N,,,,
1561,25329,Jangal Majhoulia (74),जंगल मंझैलिय(74),Deha(Sub-District) / Shimla(District) / Himachal Pradesh(State),01828100,025329,N,,,,
1562,24861,Jangal Malansheel(176),जंगल मालनशील (176),Junga(Sub-District) / Shimla(District) / Himachal Pradesh(State),01785800,024861,N,,,,
1563,24149,Jangal Malgi (27),जंगल मालगी(27),Jalog(Sub-District) / Shimla(District) / Himachal Pradesh(State),01721200,024149,N,,,,
1564,24152,Jangal Mandal (14),जंगल मान्दल(14),Jalog(Sub-District) / Shimla(District) / Himachal Pradesh(State),01721500,024152,N,,,,
1565,25003,Jangal Mavag (159),जंगल मावग(159),Theog(Sub-District) / Shimla(District) / Himachal Pradesh(State),01797300,025003,N,,,,
1566,24881,Jangal Mehduda Chanai(186),जंगल मै0 चनाई (186),Junga(Sub-District) / Shimla(District) / Himachal Pradesh(State),01787800,024881,N,,,,
1567,24834,Jangal Mehduda Fanewat(190),जंगल मै0 फनेवट (190),Junga(Sub-District) / Shimla(District) / Himachal Pradesh(State),01783200,024834,N,,,,
1568,24827,Jangal Mehduda Manoon(154),जंगल मै0 मनून (154),Junga(Sub-District) / Shimla(District) / Himachal Pradesh(State),01782500,024827,N,,,,
1569,24822,Jangal M. M. Kanda Undla (201),जंगल मै. मै. कंडा उंडला (201),Shimla ( Rural )(Sub-District) / Shimla(District) / Himachal Pradesh(State),01782000,024822,N,,,,
1570,24886,Jangal M.M. Karoli(196),जंगल मै0मै0 करोली(196),Junga(Sub-District) / Shimla(District) / Himachal Pradesh(State),01788300,024886,N,,,,
1571,24880,Jangal M.M. Taunru(163),जंगल मै0 मै0 टौंरु (163),Junga(Sub-District) / Shimla(District) / Himachal Pradesh(State),01787700,024880,N,,,,
1572,24980,Jangal Mohal (193),जंगल मोहल (193),Theog(Sub-District) / Shimla(District) / Himachal Pradesh(State),01795500,024980,N,,,,
1573,24112,Jangal Mohranal (120),मोहरानाल(120),Sunni(Sub-District) / Shimla(District) / Himachal Pradesh(State),01717500,024112,N,,,,
1574,24897,Jangal Narainti (127),जंगल नरैन्टी(127),Theog(Sub-District) / Shimla(District) / Himachal Pradesh(State),01789400,024897,N,,,,
1575,24902,Jangal Narainti (193),जंगल नरैन्टी(193),Theog(Sub-District) / Shimla(District) / Himachal Pradesh(State),01789800,024902,N,,,,
1576,25569,Jangal Naurathalan,जँगल नौहरा थलन,Chaupal(Sub-District) / Shimla(District) / Himachal Pradesh(State),01843300,025569,N,,,,
1577,24101,Jangal Neen(133),जंगल नीन(133),Sunni(Sub-District) / Shimla(District) / Himachal Pradesh(State),01716400,024101,N,,,,
1578,24883,Jangal Neen (193),जंगल नीन (193),Junga(Sub-District) / Shimla(District) / Himachal Pradesh(State),01788000,024883,N,,,,
1579,25415,Jangal Oielan,जंगल मैहदूदा मैहफजा ओईलन,Chaupal(Sub-District) / Shimla(District) / Himachal Pradesh(State),01835000,025415,N,,,,
1580,25488,Jangal Paliana,जंगल मैहदूदा मैहफूजा पलियाना,Chaupal(Sub-District) / Shimla(District) / Himachal Pradesh(State),01839500,025488,N,,,,
1581,24940,Jangal Paneli (204),जंगल पनेली (204),Theog(Sub-District) / Shimla(District) / Himachal Pradesh(State),01792300,024940,N,,,,
1582,25036,Jangal Paph (250),जंगल पाफ(250),Theog(Sub-District) / Shimla(District) / Himachal Pradesh(State),01800300,025036,N,,,,
1583,24792,Jangal Patgher (363),जंगल पटगैर(363),Shimla ( Rural )(Sub-District) / Shimla(District) / Himachal Pradesh(State),01779000,024792,N,,,,
1584,23696,Jangal Puner(143),जंगल पुनर(143),Taklech(Sub-District) / Shimla(District) / Himachal Pradesh(State),01676000,023696,N,,,,
1585,24908,Jangal Rainal,जंगल रईनाल,Theog(Sub-District) / Shimla(District) / Himachal Pradesh(State),01790300,024908,N,,,,
1586,26283,Jangal Rantu,जंगल मैं.मै.रन्टू,Kotkhai(Sub-District) / Shimla(District) / Himachal Pradesh(State),01904200,026283,N,,,,
1587,25417,Jangal Rapari,जंगल मैहदूदा मैहफजा रुपाडी,Chaupal(Sub-District) / Shimla(District) / Himachal Pradesh(State),01835100,025417,N,,,,
1588,24840,Jangal Rathmu (156),जंगल रठमू (156),Junga(Sub-District) / Shimla(District) / Himachal Pradesh(State),01783800,024840,N,,,,
1589,25045,Jangal Rohru (270),जंगल रौहरू(270),Theog(Sub-District) / Shimla(District) / Himachal Pradesh(State),01801200,025045,N,,,,
1590,24166,Jangal Sainj (8),जंगल सैन्ज(8),Jalog(Sub-District) / Shimla(District) / Himachal Pradesh(State),01722900,024166,N,,,,
1591,24984,Jangal Salku (197),जंगल सलकू(197),Theog(Sub-District) / Shimla(District) / Himachal Pradesh(State),01795800,024984,N,,,,
1592,25027,Jangal Sandhu (154),जंगल संधू(154),Theog(Sub-District) / Shimla(District) / Himachal Pradesh(State),01799500,025027,N,,,,
1593,25517,Jangal Sarahan - I,जंगल मैहदूदा मैहफूजा सरांहा प्रथम,Chaupal(Sub-District) / Shimla(District) / Himachal Pradesh(State),01840700,025517,N,,,,
1594,24170,Jangal Saraya (19),जंगल सरैया(19),Jalog(Sub-District) / Shimla(District) / Himachal Pradesh(State),01723300,024170,N,,,,
1595,24036,Jangal Shahli(198),जंगल शाहलीi(198),Dhami(Sub-District) / Shimla(District) / Himachal Pradesh(State),01709900,024036,N,,,,
1596,26101,Jangal Shalantu (108),डी0पी0एफ0 शलान्टू(108),Sarawati Nagar(Sub-District) / Shimla(District) / Himachal Pradesh(State),01890800,026101,N,,,,
1597,23659,Jangal Sharan Jarashi (198),जंगल शरण जराशी,Taklech(Sub-District) / Shimla(District) / Himachal Pradesh(State),01672300,023659,N,,,,
1598,24958,Jangal Shari (179),जंगल शड़ी(179),Theog(Sub-District) / Shimla(District) / Himachal Pradesh(State),01793900,024958,N,,,,
1599,25005,Jangal Shila Gadhol (152),जंगल शिला गढ़ोल(152),Theog(Sub-District) / Shimla(District) / Himachal Pradesh(State),01797500,025005,N,,,,
1600,24164,Jangal Shintu (18),जंगल शिन्टू(18,Jalog(Sub-District) / Shimla(District) / Himachal Pradesh(State),01722700,024164,N,,,,
1601,26313,Jangal Shirgul (156),जंगल शिरगुल(156),Kotkhai(Sub-District) / Shimla(District) / Himachal Pradesh(State),01907100,026313,N,,,,
1602,23822,Jangal Shiwan (148),जंगल शिवान(148),Kumarsain(Sub-District) / Shimla(District) / Himachal Pradesh(State),01688500,023822,N,,,,
1603,25319,Jangal Sujna (64),जंगल सुजना(64),Deha(Sub-District) / Shimla(District) / Himachal Pradesh(State),01827100,025319,N,,,,
1604,23957,Jangal Thah (172),जंगल ठाह(172),Kumarsain(Sub-District) / Shimla(District) / Himachal Pradesh(State),01702000,023957,N,,,,
1605,23968,Jangal Thalgorh(70),जंगल थलगोड़(70),Kumarsain(Sub-District) / Shimla(District) / Himachal Pradesh(State),01703100,023968,N,,,,
1606,26122,Jangal Tharu(186),जंगल ठारू(186),Kalbog(Sub-District) / Shimla(District) / Himachal Pradesh(State),01892000,026122,N,,,,
1607,25149,Jangal Tungla (260),जंगल तुंगला(260),Theog(Sub-District) / Shimla(District) / Himachal Pradesh(State),01811500,025149,N,,,,
1608,24858,Jangla Kamaali(169),जंगल कमाली (169),Junga(Sub-District) / Shimla(District) / Himachal Pradesh(State),01785600,024858,N,,,,
1609,26311,Jangle Kadai(173),जंगल कदाई (173),Kotkhai(Sub-District) / Shimla(District) / Himachal Pradesh(State),01906900,026311,N,,,,
1610,26652,Janglikh (89),जाँगलिख (89),Dhamwari(Sub-District) / Shimla(District) / Himachal Pradesh(State),01939700,026652,N,eSignGOFile662648_25_03_2026_15_00_03.pdf,,,
1611,26159,Jangroli (16),झंगरोली (16),Kotkhai(Sub-District) / Shimla(District) / Himachal Pradesh(State),01895100,026159,N,,,,
1612,24228,Janiya (2),जनिया (2),Dhami(Sub-District) / Shimla(District) / Himachal Pradesh(State),01729100,024228,N,,,,
1613,23842,Janjelly(160),जंजैली(160),Kumarsain(Sub-District) / Shimla(District) / Himachal Pradesh(State),01690500,023842,N,,,,
1614,23516,Jan. Mehd. Mehf.Kandri (14),डी पी एफ कान्दरी (14),Rampur(Sub-District) / Shimla(District) / Himachal Pradesh(State),01657900,023516,N,,,,
1615,25208,Jannu (342),जनूं(342),Theog(Sub-District) / Shimla(District) / Himachal Pradesh(State),01817200,025208,N,,,,
1616,25900,Janog (145),जनोग(145),Nerwa(Sub-District) / Shimla(District) / Himachal Pradesh(State),01870700,025900,N,,,,
1617,25125,Janog Abbal(291),जनोग अब्बल(291),Theog(Sub-District) / Shimla(District) / Himachal Pradesh(State),01809200,025125,N,,,,
1618,24798,Janokhar (364),जनोखर (364),Shimla ( Rural )(Sub-District) / Shimla(District) / Himachal Pradesh(State),01779600,024798,N,,,,
1619,26152,Janol (23),जनौल(23),Kalbog(Sub-District) / Shimla(District) / Himachal Pradesh(State),01894400,026152,N,,,,
1620,25015,Janol (245),जनौल(245),Theog(Sub-District) / Shimla(District) / Himachal Pradesh(State),01798300,025015,N,,,,
1621,24586,Janol (4/57),जनोल (4/57),Shimla ( Rural )(Sub-District) / Shimla(District) / Himachal Pradesh(State),01760300,024586,N,,,,
1622,25615,Janoo (138),जाणू(138),Kupvi(Sub-District) / Shimla(District) / Himachal Pradesh(State),01845700,025615,N,,,,
1623,25204,Janoti (300),जनोटी(300),Theog(Sub-District) / Shimla(District) / Himachal Pradesh(State),01816800,025204,N,,,,
1624,25173,Jao (390),जाऊ(390),Theog(Sub-District) / Shimla(District) / Himachal Pradesh(State),01813800,025173,N,,,,
1625,25212,Jarashi Khanali (336),जराशी खनाली(336),Theog(Sub-District) / Shimla(District) / Himachal Pradesh(State),01817600,025212,N,,,,
1626,23658,Jarasi (197/2),जराशी(197/2),Taklech(Sub-District) / Shimla(District) / Himachal Pradesh(State),01672200,023658,N,,,,
1627,23552,Jarind(99),जड़ीड(99),Rampur(Sub-District) / Shimla(District) / Himachal Pradesh(State),01661600,023552,N,,,,
1628,26675,Jarkot (104),जडकोट (104),Chirgaon(Sub-District) / Shimla(District) / Himachal Pradesh(State),01942000,026675,N,,,,
1629,26175,Jashla,उप-महाल जाशला,Kotkhai(Sub-District) / Shimla(District) / Himachal Pradesh(State),01896100,026175,N,,,,
1630,26699,Jaskun (6),जसकून(6),Dodra Kwar(Sub-District) / Shimla(District) / Himachal Pradesh(State),01944400,026699,N,,,,
1631,25143,Jataihan (286),जतैहण(286),Theog(Sub-District) / Shimla(District) / Himachal Pradesh(State),01810900,025143,N,,,,
1632,25963,Jatari (28),जटाड़ी(28),Jubbal(Sub-District) / Shimla(District) / Himachal Pradesh(State),01877000,025963,N,,,,
1633,25219,Jathai (379),जठाई(379),Theog(Sub-District) / Shimla(District) / Himachal Pradesh(State),01818300,025219,N,,,,
1634,949441,Jatog,जतोग,Shimla ( Rural )(Sub-District) / Shimla(District) / Himachal Pradesh(State),,000000,N,,,,
1635,24809,Jatol (404),जटोल (404),Shimla ( Rural )(Sub-District) / Shimla(District) / Himachal Pradesh(State),01780700,024809,N,,,,
1636,23781,Jatral (36),जतराल(36),Nankhari(Sub-District) / Shimla(District) / Himachal Pradesh(State),01684400,023781,N,,,,
1637,26351,Jauni (90),जौणी (90),Kotkhai(Sub-District) / Shimla(District) / Himachal Pradesh(State),01909700,026351,N,,,,
1638,26408,Jaunli (38),जौंली(38),Rohru(Sub-District) / Shimla(District) / Himachal Pradesh(State),01915400,026408,N,,,,
1639,24497,Jawag (385),जावग (385),Shimla ( Rural )(Sub-District) / Shimla(District) / Himachal Pradesh(State),01753100,024497,N,,,,
1640,24436,Jawag (7/90),जावग (7/90),Shimla ( Rural )(Sub-District) / Shimla(District) / Himachal Pradesh(State),01747500,024436,N,,,,
1641,25499,Jawag (94),जावग(94),Chaupal(Sub-District) / Shimla(District) / Himachal Pradesh(State),01840200,025499,N,,,,
1642,24338,Jejad (133),जेजड(133),Dhami(Sub-District) / Shimla(District) / Himachal Pradesh(State),01738400,024338,N,,,,
1643,23938,Jelthi (45-3),जैलठी(45/3),Kotgarh(Sub-District) / Shimla(District) / Himachal Pradesh(State),01700100,023938,N,,,,
1644,24808,Jhagog (405),इच्छासेर (405),Shimla ( Rural )(Sub-District) / Shimla(District) / Himachal Pradesh(State),01780600,024808,N,,,,
1645,26038,Jhagtan (119/1),झगटान(119/1),Sarawati Nagar(Sub-District) / Shimla(District) / Himachal Pradesh(State),01884500,026038,N,,,,
1646,24406,Jhakari (9/108),झाखड़ी(9/108),Shimla ( Rural )(Sub-District) / Shimla(District) / Himachal Pradesh(State),01744700,024406,N,,,,
1647,23702,Jhakri (105),झाखड़ी,Rampur(Sub-District) / Shimla(District) / Himachal Pradesh(State),01661400,023702,N,,,,
1648,25046,Jhakri (120),झाखड़ी(120),Theog(Sub-District) / Shimla(District) / Himachal Pradesh(State),01801300,025046,N,,,,
1649,25094,Jhalli (129),झल्ली(129),Theog(Sub-District) / Shimla(District) / Himachal Pradesh(State),01806100,025094,N,,,,
1650,25973,Jhalri (26),झालड़ी(26),Jubbal(Sub-District) / Shimla(District) / Himachal Pradesh(State),01878000,025973,N,,,,
1651,26081,Jhalri Kanot (100),झालडी-कनोट(100),Sarawati Nagar(Sub-District) / Shimla(District) / Himachal Pradesh(State),01888800,026081,N,,,,
1652,26065,Jhalta (115/1),झाल्टा(115/1),Sarawati Nagar(Sub-District) / Shimla(District) / Himachal Pradesh(State),01887200,026065,N,,,,
1653,24690,Jhalti (307),झाल्टी (307),Shimla ( Rural )(Sub-District) / Shimla(District) / Himachal Pradesh(State),01769300,024690,N,,,,
1654,26594,Jhalwari (9),झलवाडी(9),Jangla(Sub-District) / Shimla(District) / Himachal Pradesh(State),01933900,026594,N,,,,
1655,23810,Jhamol (131),झमोल(131),Kumarsain(Sub-District) / Shimla(District) / Himachal Pradesh(State),01687300,023810,N,,,,
1656,26260,Jhandoli (102),झंडौली 102,Kotkhai(Sub-District) / Shimla(District) / Himachal Pradesh(State),01902500,026260,N,,,,
1657,25904,Jhandua (142),झान्डुआ(142),Nerwa(Sub-District) / Shimla(District) / Himachal Pradesh(State),01871100,025904,N,,,,
1658,26645,Jhanjwani (60),जंझवाणी (60),Chirgaon(Sub-District) / Shimla(District) / Himachal Pradesh(State),01939000,026645,N,,,,
1659,25936,Jharag (55/1),झड़ग(55/1),Jubbal(Sub-District) / Shimla(District) / Himachal Pradesh(State),01874300,025936,N,,,,
1660,26040,Jharashli(129),झडाशली(129),Sarawati Nagar(Sub-District) / Shimla(District) / Himachal Pradesh(State),01884700,026040,N,,,,
1661,26602,Jhatwadi(138),झटवाड़ी(138),Jangla(Sub-District) / Shimla(District) / Himachal Pradesh(State),01934700,026602,N,,,,
1662,25203,Jheta Gaon(290),झेटा गाँव(290),Theog(Sub-District) / Shimla(District) / Himachal Pradesh(State),01816700,025203,N,,,,
1663,23716,Jhijhnu (51/4),झिझनु(51/4),Nankhari(Sub-District) / Shimla(District) / Himachal Pradesh(State),01677900,023716,N,,,,
1664,25426,Jhikni Pul,झिकनीपुल,Chaupal(Sub-District) / Shimla(District) / Himachal Pradesh(State),01835700,025426,N,,,,
1665,25468,Jhina (80),झीना(80),Chaupal(Sub-District) / Shimla(District) / Himachal Pradesh(State),01838500,025468,N,,,,
1666,24635,Jholo Ka Jubbar (44),झोलो का जुब्बड (44),Shimla ( Rural )(Sub-District) / Shimla(District) / Himachal Pradesh(State),01764500,024635,N,,,,
1667,23838,Jhujan(152),झूंजन(152),Kumarsain(Sub-District) / Shimla(District) / Himachal Pradesh(State),01690100,023838,N,,,,
1668,24326,Jhundla (82),झुण्डला(82),Dhami(Sub-District) / Shimla(District) / Himachal Pradesh(State),01737300,024326,N,,,,
1669,23983,Jimmu(69),जिंमू(69),Kumarsain(Sub-District) / Shimla(District) / Himachal Pradesh(State),01704600,023983,N,,,,
1670,26623,Jitata (127),जिटाटा (127),Chirgaon(Sub-District) / Shimla(District) / Himachal Pradesh(State),01936800,026623,N,,,,
1671,24281,Jojvi (87),जोजवी(87),Dhami(Sub-District) / Shimla(District) / Himachal Pradesh(State),01734300,024281,N,,,,
1672,25598,Jokhar (131),झोकड(131),Kupvi(Sub-District) / Shimla(District) / Himachal Pradesh(State),01845200,025598,N,,,,
1673,26210,Jol,जोल,Kotkhai(Sub-District) / Shimla(District) / Himachal Pradesh(State),01898900,026210,N,,,,
1674,911148,Jorna,जोडना,Chaupal(Sub-District) / Shimla(District) / Himachal Pradesh(State),,000000,N,,,,
1675,24699,Jotlu (303),जोटलू (303),Shimla ( Rural )(Sub-District) / Shimla(District) / Himachal Pradesh(State),01770200,024699,N,,,,
1676,25969,Jubbal (36),जुब्बल(36),Jubbal(Sub-District) / Shimla(District) / Himachal Pradesh(State),01877600,025969,N,,,,
1677,24104,Jubbar(135),जुब्बड(135),Sunni(Sub-District) / Shimla(District) / Himachal Pradesh(State),01716700,024104,N,,,,
1678,25392,Jubbar (25),जुब्बड(25),Chaupal(Sub-District) / Shimla(District) / Himachal Pradesh(State),01833400,025392,N,,,,
1679,24293,Jubbar (54),जुब्बड(54),Shimla ( Rural )(Sub-District) / Shimla(District) / Himachal Pradesh(State),01735200,024293,N,,,,
1680,25659,Jubbli (161),जुब्बली(161),Kupvi(Sub-District) / Shimla(District) / Himachal Pradesh(State),01847500,025659,N,,,,
1681,24006,Judloo(230),जुडलू(230),Dhami(Sub-District) / Shimla(District) / Himachal Pradesh(State),01706900,024006,N,,,,
1682,24724,Jug (267),जुग(267),Shimla ( Rural )(Sub-District) / Shimla(District) / Himachal Pradesh(State),01772700,024724,N,,,,
1683,24824,Jugar (211),जुगर (211),Shimla ( Rural )(Sub-District) / Shimla(District) / Himachal Pradesh(State),01782200,024824,N,,,,
1684,25154,Jugo (233),जुगो(233),Theog(Sub-District) / Shimla(District) / Himachal Pradesh(State),01812000,025154,N,,,,
1685,23523,Julikot (9),जुलीकोट(9),Rampur(Sub-District) / Shimla(District) / Himachal Pradesh(State),01658600,023523,N,,,,
1686,24844,Junga (146),जुन्गा(146),Junga(Sub-District) / Shimla(District) / Himachal Pradesh(State),01784200,024844,N,,,,
1687,24080,Jungal Ambari(130),जंगल ऐम्बरी(130),Sunni(Sub-District) / Shimla(District) / Himachal Pradesh(State),01714300,024080,N,,,,
1688,25156,Jungal Aud(279),जंगल औड़(279),Theog(Sub-District) / Shimla(District) / Himachal Pradesh(State),01812200,025156,N,,,,
1689,24910,Jungal Bachlon,जंगल बच्छलौन,Theog(Sub-District) / Shimla(District) / Himachal Pradesh(State),01790300,024910,N,,,,
1690,24069,Jungal Bag(164),जंगल बाग(164),Sunni(Sub-District) / Shimla(District) / Himachal Pradesh(State),01713200,024069,N,,,,
1691,24193,Jungal Bani Jalag(59),जंगल बणी जलाग(59),Sunni(Sub-District) / Shimla(District) / Himachal Pradesh(State),01725600,024193,N,,,,
1692,24927,Jungal Bhalewat,जंगल भलेवत,Theog(Sub-District) / Shimla(District) / Himachal Pradesh(State),01791400,024927,N,,,,
1693,24184,Jungal Biru Tikkar(55),जंगल बीरु टिक्कर(55),Sunni(Sub-District) / Shimla(District) / Himachal Pradesh(State),01724700,024184,N,,,,
1694,24903,Jungal Chhichar(189),जंगल छिछड़(189),Theog(Sub-District) / Shimla(District) / Himachal Pradesh(State),01789900,024903,N,,,,
1695,24127,Jungal Dehati(109),जंगल देहाती(109),Sunni(Sub-District) / Shimla(District) / Himachal Pradesh(State),01719000,024127,N,,,,
1696,24899,Jungal Dharali,जंगल धराली,Theog(Sub-District) / Shimla(District) / Himachal Pradesh(State),01789500,024899,N,,,,
1697,24542,Jungal Ganoti (380),जंगल गनोटी (380),Shimla ( Rural )(Sub-District) / Shimla(District) / Himachal Pradesh(State),01757200,024542,N,,,,
1698,24439,Jungal Hathini Ki Dhar,जंगल हथनी की धार,Shimla ( Rural )(Sub-District) / Shimla(District) / Himachal Pradesh(State),01747700,024439,N,,,,
1699,24046,Jungal Hiwan(186),जंगल हिवण(186),Sunni(Sub-District) / Shimla(District) / Himachal Pradesh(State),01710900,024046,N,,,,
1700,24955,Jungal Kaljair(188),जंगल कलजैर(188),Theog(Sub-District) / Shimla(District) / Himachal Pradesh(State),01793600,024955,N,,,,
1701,23996,Jungal Kandola(212),जंगल कण्डौला(212),Sunni(Sub-District) / Shimla(District) / Himachal Pradesh(State),01705900,023996,N,,,,
1702,24203,Jungal Khatnol(79),जंगल खटनोल(79),Sunni(Sub-District) / Shimla(District) / Himachal Pradesh(State),01726600,024203,N,,,,
1703,24926,Jungal Kuhal,जंगल कूहल,Theog(Sub-District) / Shimla(District) / Himachal Pradesh(State),01791400,024926,N,,,,
1704,24016,Jungal Masha(215),जंगल माशा (215),Sunni(Sub-District) / Shimla(District) / Himachal Pradesh(State),01707900,024016,N,,,,
1705,25031,Jungal Nirguni (138),जंगल निरगुणी (138),Theog(Sub-District) / Shimla(District) / Himachal Pradesh(State),01799800,025031,N,,,,
1706,24917,Jungal Rachai,जंगल रछैई,Theog(Sub-District) / Shimla(District) / Himachal Pradesh(State),01790700,024917,N,,,,
1707,24191,Jungal Shali(56),जंगल शाली(56),Sunni(Sub-District) / Shimla(District) / Himachal Pradesh(State),01725400,024191,N,,,,
1708,24916,Jungal Shali Teer,जंगल शाली टीर,Theog(Sub-District) / Shimla(District) / Himachal Pradesh(State),01790700,024916,N,,,,
1709,24904,Jungal Shilla Jubber(183),जंगल शिला जुब्बड़(183),Theog(Sub-District) / Shimla(District) / Himachal Pradesh(State),01790000,024904,N,,,,
1710,25178,Jungal Teer Mahasu (394),जंगल टीर महासू(394),Theog(Sub-District) / Shimla(District) / Himachal Pradesh(State),01814300,025178,N,,,,
1711,24220,Jungal Thaila(74),जंगल ठैला(74),Sunni(Sub-District) / Shimla(District) / Himachal Pradesh(State),01728300,024220,N,,,,
1712,24624,Jungle Awal Badharu,जंगल अव्वल बडारू,Shimla ( Rural )(Sub-District) / Shimla(District) / Himachal Pradesh(State),01763700,024624,N,,,,
1713,24631,Jungle Awal Dummi,जंगल अवल डूम्मी,Shimla ( Rural )(Sub-District) / Shimla(District) / Himachal Pradesh(State),01764100,024631,N,,,,
1714,24637,Jungle Awal Kalaun,जंगल अवल कलौण,Shimla ( Rural )(Sub-District) / Shimla(District) / Himachal Pradesh(State),01764600,024637,N,,,,
1715,24638,Jungle Awal Poabo (24/1),जंगल अवल प़वाबो (24/1),Shimla ( Rural )(Sub-District) / Shimla(District) / Himachal Pradesh(State),01764600,024638,N,,,,
1716,24801,Jungle Awal Rajinder Rakh-I (395),जंगल अव्वल राजिंदर रख प्रथम,Shimla ( Rural )(Sub-District) / Shimla(District) / Himachal Pradesh(State),01779900,024801,N,,,,
1717,939878,Jungle Awal Rajinder Rakh-II,जंगल अव्वल राजिंदर रख द्वितीय,Shimla ( Rural )(Sub-District) / Shimla(District) / Himachal Pradesh(State),,000000,N,,,,
1718,24316,Jungle Badua,जंगल बडूआ,Shimla ( Rural )(Sub-District) / Shimla(District) / Himachal Pradesh(State),01736500,024316,N,,,,
1719,26325,Jungle Bedar(150),जंगल बेडर (150),Kotkhai(Sub-District) / Shimla(District) / Himachal Pradesh(State),01908300,026325,N,,,,
1720,24384,Jungle Doyam Dalata (13/124/1),जंगल दोयम दलाटा (13/124/1),Shimla ( Rural )(Sub-District) / Shimla(District) / Himachal Pradesh(State),01742700,024384,N,,,,
1721,26112,Jungle Gohach(47),जंगल गोहाच(4,Kalbog(Sub-District) / Shimla(District) / Himachal Pradesh(State),01891400,026112,N,,,,
1722,26320,Jungle Hararatha(153),जंगल हरारठा,Kotkhai(Sub-District) / Shimla(District) / Himachal Pradesh(State),01907800,026320,N,,,,
1723,24906,Jungle Jhalru Kalari(207),जंगल झालडू कलाड़ी (207),Theog(Sub-District) / Shimla(District) / Himachal Pradesh(State),01790200,024906,N,,,,
1724,26323,Jungle Kamhali(146),जंगल कम्हाली (146),Kotkhai(Sub-District) / Shimla(District) / Himachal Pradesh(State),01908100,026323,N,,,,
1725,26332,Jungle Katach(147),जंगल कटाच (147),Kotkhai(Sub-District) / Shimla(District) / Himachal Pradesh(State),01908700,026332,N,,,,
1726,24764,Jungle Kufri Charabara (240),जंगल कुफरी छराबडा (240),Shimla ( Rural )(Sub-District) / Shimla(District) / Himachal Pradesh(State),01776700,024764,N,,,,
1727,24681,Jungle Mashobra (247),जंगल मशोबरा (247),Shimla ( Rural )(Sub-District) / Shimla(District) / Himachal Pradesh(State),01768400,024681,N,,,,
1728,24753,Jungle Matyad (236),जंगल मटयाड (236),Shimla ( Rural )(Sub-District) / Shimla(District) / Himachal Pradesh(State),01775600,024753,N,,,,
1729,24767,Jungle Mehduda Mehfuja Mulkoti (238),जंगल मै. मै. मूलकोटी (238),Shimla ( Rural )(Sub-District) / Shimla(District) / Himachal Pradesh(State),01777000,024767,N,,,,
1730,949440,Jungle Mehfuza Mehduda Raikot,जंगल महफूज़ा महदूदा रायकोट,Shimla ( Rural )(Sub-District) / Shimla(District) / Himachal Pradesh(State),,000000,N,,,,
1731,26149,Jungle Mihani(26),जंगल मिहाणी(2,Kalbog(Sub-District) / Shimla(District) / Himachal Pradesh(State),01894200,026149,N,,,,
1732,24311,Jungle M.M.Kamala (81),जंगल मै. मै.कमाला (81),Shimla ( Rural )(Sub-District) / Shimla(District) / Himachal Pradesh(State),01736200,024311,N,,,,
1733,24512,Jungle Mundlu (129),जंगल मुन्दलु (129),Shimla ( Rural )(Sub-District) / Shimla(District) / Himachal Pradesh(State),01754600,024512,N,,,,
1734,26188,Jungle Nagonali(15),जंगल नागानाली (15),Kotkhai(Sub-District) / Shimla(District) / Himachal Pradesh(State),01897100,026188,N,,,,
1735,24714,Jungle Naldehra (278),जंगल नालदेहरा (278),Shimla ( Rural )(Sub-District) / Shimla(District) / Himachal Pradesh(State),01771700,024714,N,,,,
1736,24651,Jungle Pagog (322),जंगल पगोग (322),Shimla ( Rural )(Sub-District) / Shimla(District) / Himachal Pradesh(State),01765500,024651,N,,,,
1737,24739,Jungle Paniyali (294),जंगल पन्याली (294),Shimla ( Rural )(Sub-District) / Shimla(District) / Himachal Pradesh(State),01774200,024739,N,,,,
1738,24729,Jungle Paniyartu (265),जंगल पन्यारटू(265),Shimla ( Rural )(Sub-District) / Shimla(District) / Himachal Pradesh(State),01773200,024729,N,,,,
1739,26322,Jungle Pohal(148),जंगल पोल (148),Kotkhai(Sub-District) / Shimla(District) / Himachal Pradesh(State),01908000,026322,N,,,,
1740,26128,Jungle Raila(180),जंगल रैला(180),Kotkhai(Sub-District) / Shimla(District) / Himachal Pradesh(State),01892400,026128,N,,,,
1741,24272,Jungle Satotha (43),जंगल सतोथा (43),Dhami(Sub-District) / Shimla(District) / Himachal Pradesh(State),01733500,024272,N,,,,
1742,24659,Jungle Sharawag (326),जंगल शरावग (326),Shimla ( Rural )(Sub-District) / Shimla(District) / Himachal Pradesh(State),01766300,024659,N,,,,
1743,24752,Jungle Sipur (244),जंगल सीपुर (244),Shimla ( Rural )(Sub-District) / Shimla(District) / Himachal Pradesh(State),01775500,024752,N,,,,
1744,24719,Jungle Swankyar (270),जंगल स्वांक्यार (270),Shimla ( Rural )(Sub-District) / Shimla(District) / Himachal Pradesh(State),01772200,024719,N,,,,
1745,24518,Jungle Tarav (97),जंगल मै. मै.तारब (97),Shimla ( Rural )(Sub-District) / Shimla(District) / Himachal Pradesh(State),01755200,024518,N,,,,
1746,23762,Juni (14),जुनी(14),Nankhari(Sub-District) / Shimla(District) / Himachal Pradesh(State),01682500,023762,N,,,,
1747,24018,Juni Kalan (205),जुणी कलां(205),Sunni(Sub-District) / Shimla(District) / Himachal Pradesh(State),01708100,024018,N,,,,
1748,24019,Juni Khurd (202),जुणी खुर्द(202),Sunni(Sub-District) / Shimla(District) / Himachal Pradesh(State),01708200,024019,N,,,,
1749,24066,Juni Panihar(166),जूणी पनिहार(166),Sunni(Sub-District) / Shimla(District) / Himachal Pradesh(State),01712900,024066,N,,,,
1750,25618,Juru Shilal (136),जुडू शिलाल(136),Kupvi(Sub-District) / Shimla(District) / Himachal Pradesh(State),01845900,025618,N,,,,
1751,24612,Kabi (20),कावी (20),Shimla ( Rural )(Sub-District) / Shimla(District) / Himachal Pradesh(State),01762900,024612,N,,,,
1752,24806,Kacchat (401),काछट (401),Shimla ( Rural )(Sub-District) / Shimla(District) / Himachal Pradesh(State),01780400,024806,N,,,,
1753,23879,Kacheri (91),कचेडी(91),Kumarsain(Sub-District) / Shimla(District) / Himachal Pradesh(State),01694200,023879,N,,,,
1754,25118,Kachhaur (312),कच्छौर(312),Theog(Sub-District) / Shimla(District) / Himachal Pradesh(State),01808500,025118,N,,,,
1755,25007,Kachhi (196),काछी(196),Theog(Sub-District) / Shimla(District) / Himachal Pradesh(State),01797700,025007,N,,,,
1756,24830,Kadaur(152),कडौर(152),Junga(Sub-District) / Shimla(District) / Himachal Pradesh(State),01782800,024830,N,,,,
1757,26190,Kadehal (13),कडैहल (13),Kotkhai(Sub-District) / Shimla(District) / Himachal Pradesh(State),01897300,026190,N,,,,
1758,25163,Kadeog (230),कडैवग(230),Theog(Sub-District) / Shimla(District) / Himachal Pradesh(State),01812900,025163,N,,,,
1759,25228,Kadharab (384),कढ़रब(384),Theog(Sub-District) / Shimla(District) / Himachal Pradesh(State),01819200,025228,N,,,,
1760,25339,Kadharan (55),कढारन(55),Deha(Sub-District) / Shimla(District) / Himachal Pradesh(State),01829100,025339,N,,,,
1761,24126,Kadharghat (108),कढारघाट(108),Jalog(Sub-District) / Shimla(District) / Himachal Pradesh(State),01718900,024126,N,,,,
1762,26357,Kadiwan (2),कडिवन(2),Tikar(Sub-District) / Shimla(District) / Himachal Pradesh(State),01910300,026357,N,,,,
1763,24110,Kadog (114),कदोग(114),Sunni(Sub-District) / Shimla(District) / Himachal Pradesh(State),01717300,024110,N,,,,
1764,26535,Kadoli (99),कदौली (99),Rohru(Sub-District) / Shimla(District) / Himachal Pradesh(State),01928000,026535,N,,,,
1765,24417,Kaflaid (16/187),कफलेड (16/187),Shimla ( Rural )(Sub-District) / Shimla(District) / Himachal Pradesh(State),01745800,024417,N,,,,
1766,24243,Kaflog (25),कफलोग(25),Dhami(Sub-District) / Shimla(District) / Himachal Pradesh(State),01730600,024243,N,,,,
1767,24820,Kag (409),काग (409),Shimla ( Rural )(Sub-District) / Shimla(District) / Himachal Pradesh(State),01781800,024820,N,,,,
1768,24976,Kaila(194),कैला (194),Theog(Sub-District) / Shimla(District) / Himachal Pradesh(State),01795200,024976,N,,,,
1769,24736,Kailu (266),केलू (266),Shimla ( Rural )(Sub-District) / Shimla(District) / Himachal Pradesh(State),01773900,024736,N,,,,
1770,24593,Kaina (4/53),कायना (4/53),Shimla ( Rural )(Sub-District) / Shimla(District) / Himachal Pradesh(State),01761000,024593,N,,,,
1771,25962,Kaina (48/1),कायना(48/1),Jubbal(Sub-District) / Shimla(District) / Himachal Pradesh(State),01876900,025962,N,,,,
1772,25159,Kainth Ser(351),कैंथ सेर (351),Theog(Sub-District) / Shimla(District) / Himachal Pradesh(State),01812500,025159,N,,,,
1773,24594,Kajail (4/55),कजैल (4/55),Shimla ( Rural )(Sub-District) / Shimla(District) / Himachal Pradesh(State),01761100,024594,N,,,,
1774,24643,Kakar Bagora (39),काकर बगोरा (39),Shimla ( Rural )(Sub-District) / Shimla(District) / Himachal Pradesh(State),01764900,024643,N,,,,
1775,26435,Kakoi (8),ककोई (8),Rohru(Sub-District) / Shimla(District) / Himachal Pradesh(State),01918100,026435,N,,,,
1776,24476,Kakret (360),ककरेट(360),Shimla ( Rural )(Sub-District) / Shimla(District) / Himachal Pradesh(State),01751000,024476,N,,,,
1777,25064,Kalahar (115),कलाहर(115),Theog(Sub-District) / Shimla(District) / Himachal Pradesh(State),01803100,025064,N,,,,
1778,24780,Kalali (356),कल्हाली (356),Shimla ( Rural )(Sub-District) / Shimla(District) / Himachal Pradesh(State),01777900,024780,N,,,,
1779,23611,Kalana(118/2),कलना (118/2),Rampur(Sub-District) / Shimla(District) / Himachal Pradesh(State),01667500,023611,N,,,,
1780,23709,Kalanti(7/2),कलन्ती(7/2),Nankhari(Sub-District) / Shimla(District) / Himachal Pradesh(State),01677200,023709,N,,,,
1781,24981,Kalantu(196),कलाण्टू(196),Theog(Sub-District) / Shimla(District) / Himachal Pradesh(State),01795600,024981,N,,,,
1782,25368,Kalawan (8),कलावन(8),Deha(Sub-District) / Shimla(District) / Himachal Pradesh(State),01831600,025368,N,,,,
1783,24580,Kalawat (5/70),कलावट(5/70),Shimla ( Rural )(Sub-District) / Shimla(District) / Himachal Pradesh(State),01759800,024580,N,,,,
1784,23737,Kaleda (71),कलेडा(71),Rampur(Sub-District) / Shimla(District) / Himachal Pradesh(State),01680000,023737,N,,,,
1785,24950,Kaleenda (191),कलीण्डा(191),Theog(Sub-District) / Shimla(District) / Himachal Pradesh(State),01793200,024950,N,,,,
1786,26340,Kalemu (97),कलैमू (97),Kotkhai(Sub-District) / Shimla(District) / Himachal Pradesh(State),01909100,026340,N,,,,
1787,26519,Kalgaaon(88),कलगांव(88),Rohru(Sub-District) / Shimla(District) / Himachal Pradesh(State),01926400,026519,N,,,,
1788,26650,Kalga Patan (75),कालगापट्टन (75),Chirgaon(Sub-District) / Shimla(District) / Himachal Pradesh(State),01939500,026650,N,,,,
1789,24875,Kalhot (167),कलोहत(167),Junga(Sub-District) / Shimla(District) / Himachal Pradesh(State),01787200,024875,N,,,,
1790,24743,Kalian Pur (261),कल्याणपुर (261),Shimla ( Rural )(Sub-District) / Shimla(District) / Himachal Pradesh(State),01774600,024743,N,,,,
1791,24376,Kaliawan (14/143),कलेऊं(14/14),Dhami(Sub-District) / Shimla(District) / Himachal Pradesh(State),01742000,024376,N,,,,
1792,24428,Kalimoo (335),कलीमू(335),Shimla ( Rural )(Sub-District) / Shimla(District) / Himachal Pradesh(State),01746900,024428,N,,,,
1793,24989,Kalind (173),कलीण्ड(173),Theog(Sub-District) / Shimla(District) / Himachal Pradesh(State),01796200,024989,N,,,,
1794,24952,Kaljer (185),कलजैर (185),Theog(Sub-District) / Shimla(District) / Himachal Pradesh(State),01793400,024952,N,,,,
1795,24915,Kalju (213),कलजू(213),Theog(Sub-District) / Shimla(District) / Himachal Pradesh(State),01790700,024915,N,,,,
1796,23721,Kalmog (11/1),कलमोग(11/1),Nankhari(Sub-District) / Shimla(District) / Himachal Pradesh(State),01678400,023721,N,,,,
1797,23846,Kalmu (115),कलमू(115),Kumarsain(Sub-District) / Shimla(District) / Himachal Pradesh(State),01690900,023846,N,,,,
1798,25316,Kalna (67),कालना(67),Deha(Sub-District) / Shimla(District) / Himachal Pradesh(State),01826800,025316,N,,,,
1799,26217,Kalneta (66),कलनेटा (66),Kotkhai(Sub-District) / Shimla(District) / Himachal Pradesh(State),01899100,026217,N,,,,
1800,26004,Kalontha (39),कलौंथा(39),Jubbal(Sub-District) / Shimla(District) / Himachal Pradesh(State),01881100,026004,N,,,,
1801,26601,Kaloti (136),कलोटी(136),Jangla(Sub-District) / Shimla(District) / Himachal Pradesh(State),01934600,026601,N,,,,
1802,25472,Kalun (79),कलुण(79),Chaupal(Sub-District) / Shimla(District) / Himachal Pradesh(State),01838700,025472,N,,,,
1803,24107,Kalvi (131),कल्वी(131),Sunni(Sub-District) / Shimla(District) / Himachal Pradesh(State),01717000,024107,N,,,,
1804,939822,Kalyana,कल्याणा,Shimla (Urban)(Sub-District) / Shimla(District) / Himachal Pradesh(State),,000000,N,,,,
1805,25186,Kamali (368),कमाली(368),Theog(Sub-District) / Shimla(District) / Himachal Pradesh(State),01815000,025186,N,,,,
1806,24731,Kamalti (300),कमालटी (300),Shimla ( Rural )(Sub-District) / Shimla(District) / Himachal Pradesh(State),01773400,024731,N,,,,
1807,25076,Kamanah (105),कमाँह(105),Theog(Sub-District) / Shimla(District) / Himachal Pradesh(State),01804300,025076,N,,,,
1808,24541,Kamhali (379),कम्हाली(379),Shimla ( Rural )(Sub-District) / Shimla(District) / Himachal Pradesh(State),01757100,024541,N,,,,
1809,26218,Kamhali (62),कमहाली (62),Kotkhai(Sub-District) / Shimla(District) / Himachal Pradesh(State),01899200,026218,N,,,,
1810,24622,Kamiyana (22),कमियाणा (22),Shimla ( Rural )(Sub-District) / Shimla(District) / Himachal Pradesh(State),01763700,024622,N,,,,
1811,24077,Kamla Dungri (127),कमला डुगंरी(127),Sunni(Sub-District) / Shimla(District) / Himachal Pradesh(State),01714000,024077,N,,,,
1812,23619,Kamlahu (175),कमलाहू(175),Rampur(Sub-District) / Shimla(District) / Himachal Pradesh(State),01668300,023619,N,,,,
1813,26627,Kamraun(133),कमरौण(133),Jangla(Sub-District) / Shimla(District) / Himachal Pradesh(State),01937200,026627,N,,,,
1814,25671,Kanah (163),कनाह(163),Kupvi(Sub-District) / Shimla(District) / Himachal Pradesh(State),01848400,025671,N,,,,
1815,25259,Kanashi (207),कनाशी(207),Theog(Sub-District) / Shimla(District) / Himachal Pradesh(State),01822100,025259,N,,,,
1816,25372,Kanauri (3),कनौड़ी(3),Deha(Sub-District) / Shimla(District) / Himachal Pradesh(State),01832000,025372,N,,,,
1817,24393,Kanda (11/109),कंडा (11/109),Shimla ( Rural )(Sub-District) / Shimla(District) / Himachal Pradesh(State),01743500,024393,N,,,,
1818,25525,Kanda(112),कान्डा(112),Chaupal(Sub-District) / Shimla(District) / Himachal Pradesh(State),01840900,025525,N,,,,
1819,25621,Kanda (150),काण्डा(150),Kupvi(Sub-District) / Shimla(District) / Himachal Pradesh(State),01846000,025621,N,,,,
1820,23818,Kanda (150/2),कण्डा(150/2),Kumarsain(Sub-District) / Shimla(District) / Himachal Pradesh(State),01688100,023818,N,,,,
1821,23899,Kanda (23),कण्डा(23),Kotgarh(Sub-District) / Shimla(District) / Himachal Pradesh(State),01696200,023899,N,,,,
1822,24759,Kanda (235),कंडा (235),Shimla ( Rural )(Sub-District) / Shimla(District) / Himachal Pradesh(State),01776200,024759,N,,,,
1823,24742,Kanda (257),कंडा (257),Shimla ( Rural )(Sub-District) / Shimla(District) / Himachal Pradesh(State),01774500,024742,N,,,,
1824,24737,Kanda (263),कंडा (263),Shimla ( Rural )(Sub-District) / Shimla(District) / Himachal Pradesh(State),01774000,024737,N,,,,
1825,26447,Kanda (74/3),कान्डा(74/3),Rohru(Sub-District) / Shimla(District) / Himachal Pradesh(State),01919300,026447,N,,,,
1826,23517,Kandari(15),कान्दरी (15),Rampur(Sub-District) / Shimla(District) / Himachal Pradesh(State),01658000,023517,N,,,,
1827,23995,Kandaula (207),कंडौला(207),Sunni(Sub-District) / Shimla(District) / Himachal Pradesh(State),01705800,023995,N,,,,
1828,23513,Kandhar (8/2),कंधार (8/2),Rampur(Sub-District) / Shimla(District) / Himachal Pradesh(State),01657600,023513,N,,,,
1829,23699,Kandi (146),कंण्डी(146),Taklech(Sub-District) / Shimla(District) / Himachal Pradesh(State),01676300,023699,N,,,,
1830,24687,Kandi (312),कंडी (312),Shimla ( Rural )(Sub-District) / Shimla(District) / Himachal Pradesh(State),01769000,024687,N,,,,
1831,25160,Kandi Ser (352),कण्ड़ीसेर(352),Theog(Sub-District) / Shimla(District) / Himachal Pradesh(State),01812600,025160,N,,,,
1832,24033,Kandrenn (195),कदरैण(195),Dhami(Sub-District) / Shimla(District) / Himachal Pradesh(State),01709600,024033,N,,,,
1833,23743,Kandreri (78),कन्दरेड़ी(78),Nankhari(Sub-District) / Shimla(District) / Himachal Pradesh(State),01680600,023743,N,,,,
1834,26436,Kandroda(5),कन्द्रोडा(5),Rohru(Sub-District) / Shimla(District) / Himachal Pradesh(State),01918200,026436,N,,,,
1835,23987,Kandyali (68),कण्डयाली(68),Kumarsain(Sub-District) / Shimla(District) / Himachal Pradesh(State),01705000,023987,N,,,,
1836,26462,Kaneora (69),कनेवरा(69),Rohru(Sub-District) / Shimla(District) / Himachal Pradesh(State),01920800,026462,N,,,,
1837,23956,Kangal (170),कांगल(170),Kumarsain(Sub-District) / Shimla(District) / Himachal Pradesh(State),01701900,023956,N,,,,
1838,24064,Kangar (170),कांगर(170),Sunni(Sub-District) / Shimla(District) / Himachal Pradesh(State),01712700,024064,N,,,,
1839,24059,Kangri (169),कांगरी(169),Sunni(Sub-District) / Shimla(District) / Himachal Pradesh(State),01712200,024059,N,,,,
1840,24514,Kanhechi (130),कन्हेची (130),Shimla ( Rural )(Sub-District) / Shimla(District) / Himachal Pradesh(State),01754800,024514,N,,,,
1841,24289,Kanhoi (91),खन्होई(91),Shimla ( Rural )(Sub-District) / Shimla(District) / Himachal Pradesh(State),01735000,024289,N,,,,
1842,939819,Kanlog,कनलोग,Shimla (Urban)(Sub-District) / Shimla(District) / Himachal Pradesh(State),,000000,N,,,,
1843,23542,Kanne (60),कनै(60),Sarahan(Sub-District) / Shimla(District) / Himachal Pradesh(State),01660500,023542,N,,,,
1844,24257,Kanori(39),कनौडी(39),Dhami(Sub-District) / Shimla(District) / Himachal Pradesh(State),01732000,024257,N,,,,
1845,26631,Kanthli (47),कान्थली (47),Chirgaon(Sub-District) / Shimla(District) / Himachal Pradesh(State),01937600,026631,N,,,,
1846,25070,Kaprol (108),कपरोल (108),Theog(Sub-District) / Shimla(District) / Himachal Pradesh(State),01803700,025070,N,,,,
1847,24614,Karaand (28),करान्द (28),Shimla ( Rural )(Sub-District) / Shimla(District) / Himachal Pradesh(State),01763100,024614,N,,,,
1848,23556,Karai(90/2),कराई(90/2),Rampur(Sub-District) / Shimla(District) / Himachal Pradesh(State),01662000,023556,N,,,,
1849,25061,Karaili (116),करैली(116),Theog(Sub-District) / Shimla(District) / Himachal Pradesh(State),01802800,025061,N,,,,
1850,26153,Karal (32),कराल(32),Kalbog(Sub-District) / Shimla(District) / Himachal Pradesh(State),01894500,026153,N,,,,
1851,26483,Karalash (128),करालश(128),Rohru(Sub-District) / Shimla(District) / Himachal Pradesh(State),01922900,026483,N,,,,
1852,26265,Karali(106),कराली (106),Kotkhai(Sub-District) / Shimla(District) / Himachal Pradesh(State),01902900,026265,N,eSignGOFile662648_19_02_2025_14_24_31.pdf,,,
1853,23603,Karali (116),कराली(116),Rampur(Sub-District) / Shimla(District) / Himachal Pradesh(State),01666700,023603,N,,,,
1854,25037,Karali (255),करैली(255),Theog(Sub-District) / Shimla(District) / Himachal Pradesh(State),01800400,025037,N,,,,
1855,24784,Karali (355),कराली(355),Shimla ( Rural )(Sub-District) / Shimla(District) / Himachal Pradesh(State),01778200,024784,N,,,,
1856,23723,Karangla (9),करान्गला(9),Nankhari(Sub-District) / Shimla(District) / Himachal Pradesh(State),01678600,023723,N,,,,
1857,24945,Karani (181),कराणी(181),Theog(Sub-District) / Shimla(District) / Himachal Pradesh(State),01792700,024945,N,,,,
1858,26514,Karasa(107),करासा(107),Rohru(Sub-District) / Shimla(District) / Himachal Pradesh(State),01925900,026514,N,,,,
1859,24245,Karaunri (21),करौडी(21),Dhami(Sub-District) / Shimla(District) / Himachal Pradesh(State),01730800,024245,N,,,,
1860,24785,Karel (359),करेल (359),Shimla ( Rural )(Sub-District) / Shimla(District) / Himachal Pradesh(State),01778300,024785,N,,,,
1861,23675,Kareri (134),कराई(134),Taklech(Sub-District) / Shimla(District) / Himachal Pradesh(State),01673900,023675,N,,,,
1862,939816,Kareru,करेडू,Shimla (Urban)(Sub-District) / Shimla(District) / Himachal Pradesh(State),,000000,N,,,,
1863,23874,Karewat(82),करेवत(82),Kumarsain(Sub-District) / Shimla(District) / Himachal Pradesh(State),01693700,023874,N,,,,
1864,25293,Kargoli (37),करगोली(35),Deha(Sub-District) / Shimla(District) / Himachal Pradesh(State),01824700,025293,N,,,,
1865,24382,Karhech (13/123),कडेच (13/123),Shimla ( Rural )(Sub-District) / Shimla(District) / Himachal Pradesh(State),01742600,024382,N,,,,
1866,24590,Karhechi (49),कडेची (49),Shimla ( Rural )(Sub-District) / Shimla(District) / Himachal Pradesh(State),01760700,024590,N,,,,
1867,25040,Karial (252),करैल(252),Theog(Sub-District) / Shimla(District) / Himachal Pradesh(State),01800700,025040,N,,,,
1868,24278,Kariali (86),करयाली (86),Dhami(Sub-District) / Shimla(District) / Himachal Pradesh(State),01734100,024278,N,,,,
1869,24932,Karna Khas (198),कड़ाणा खास(198),Theog(Sub-District) / Shimla(District) / Himachal Pradesh(State),01791800,024932,N,,,,
1870,24609,Karog (3/15),कडोग (3/15),Shimla ( Rural )(Sub-District) / Shimla(District) / Himachal Pradesh(State),01762600,024609,N,,,,
1871,23745,Karoli (81/1),करोली(81/1),Nankhari(Sub-District) / Shimla(District) / Himachal Pradesh(State),01680800,023745,N,,,,
1872,23657,Karsholi (196/2),करशोली(196/2),Taklech(Sub-District) / Shimla(District) / Himachal Pradesh(State),01672100,023657,N,,,,
1873,23554,Kartot (94),करतोट(94),Rampur(Sub-District) / Shimla(District) / Himachal Pradesh(State),01661800,023554,N,,,,
1874,25053,Karuth (147),कडूठ(147),Theog(Sub-District) / Shimla(District) / Himachal Pradesh(State),01802000,025053,N,,,,
1875,24799,Karyal (366),करयाल (366),Shimla ( Rural )(Sub-District) / Shimla(District) / Himachal Pradesh(State),01779700,024799,N,,,,
1876,24898,Karyali (194),करयाली(194),Theog(Sub-District) / Shimla(District) / Himachal Pradesh(State),01789500,024898,N,,,,
1877,24596,Karyali (3/36),करयाली (3/36),Shimla ( Rural )(Sub-District) / Shimla(District) / Himachal Pradesh(State),01761300,024596,N,,,,
1878,24138,Karyali(40),करयाली(40),Jalog(Sub-District) / Shimla(District) / Himachal Pradesh(State),01720100,024138,N,,,,
1879,939892,Kasba Bazar Rampur 2nd(112-3),क़स्बा बाज़ार रामपुर  (12/3),Rampur(Sub-District) / Shimla(District) / Himachal Pradesh(State),,000000,N,,,,
1880,24462,Kasba Bazar Rampur- I (112-2),क़स्बा बाज़ार रामपुर प्रथम (112/2),Rampur(Sub-District) / Shimla(District) / Himachal Pradesh(State),01749800,024462,N,,,,
1881,23700,Kasha (147),काशा(147),Taklech(Sub-District) / Shimla(District) / Himachal Pradesh(State),01676400,023700,N,,,,
1882,25421,Kashah (29),कशाह(29),Chaupal(Sub-District) / Shimla(District) / Himachal Pradesh(State),01835400,025421,N,,,,
1883,24288,Kashah (52),कशाह(52),Shimla ( Rural )(Sub-District) / Shimla(District) / Himachal Pradesh(State),01734900,024288,N,,,,
1884,25931,Kashak (164/1),काशक(164/1),Nerwa(Sub-District) / Shimla(District) / Himachal Pradesh(State),01873800,025931,N,,,,
1885,26389,Kashani(36),कशैणी(36),Tikar(Sub-District) / Shimla(District) / Himachal Pradesh(State),01913500,026389,N,,,,
1886,24337,Kashar (71),कशाड (71),Dhami(Sub-District) / Shimla(District) / Himachal Pradesh(State),01738300,024337,N,,,,
1887,26531,Kashmolta (101),कशमोलटा(101),Rohru(Sub-District) / Shimla(District) / Himachal Pradesh(State),01927600,026531,N,,,,
1888,25270,Kashna (18),काशना(18),Theog(Sub-District) / Shimla(District) / Himachal Pradesh(State),01822900,025270,N,,,,
1889,25068,Kasho (110),काशो(110),Theog(Sub-District) / Shimla(District) / Himachal Pradesh(State),01803500,025068,N,,,,
1890,24725,Kasufar (292),कसुफर (292),Shimla ( Rural )(Sub-District) / Shimla(District) / Himachal Pradesh(State),01772800,024725,N,,,,
1891,939840,Kasumpati Jajhot (112),कसुम्पटी जझोत (112),Shimla ( Rural )(Sub-District) / Shimla(District) / Himachal Pradesh(State),,000000,N,,,,
1892,939841,Kasumpti Chhavroti (378),कसुम्पटी छवरोटी (378),Shimla ( Rural )(Sub-District) / Shimla(District) / Himachal Pradesh(State),,000000,N,,,,
1893,939827,Kasumpti Junga,कसुम्पटी जुन्गा,Shimla (Urban)(Sub-District) / Shimla(District) / Himachal Pradesh(State),,000000,N,,,,
1894,939824,Kasumpti Koti,कसुम्पटी कोटी,Shimla (Urban)(Sub-District) / Shimla(District) / Himachal Pradesh(State),,000000,N,,,,
1895,25789,Katahn (101),कटांह(101),Nerwa(Sub-District) / Shimla(District) / Himachal Pradesh(State),01859600,025789,N,,,,
1896,26470,Katehdi(49),कटेहडी(49),Rohru(Sub-District) / Shimla(District) / Himachal Pradesh(State),01921600,026470,N,,,,
1897,25019,Kathal (242),कथाल(242),Theog(Sub-District) / Shimla(District) / Himachal Pradesh(State),01798700,025019,N,,,,
1898,26033,Kathasu (62/1),कठासू(62/1),Jubbal(Sub-District) / Shimla(District) / Himachal Pradesh(State),01884000,026033,N,,,,
1899,25231,Kathayala (383),कथयाला(383),Theog(Sub-District) / Shimla(District) / Himachal Pradesh(State),01819500,025231,N,,,,
1900,23829,Katheen (120),कठीन(120),Kumarsain(Sub-District) / Shimla(District) / Himachal Pradesh(State),01689200,023829,N,,,,
1901,24226,Kathiana (9),कठियाणा(9),Dhami(Sub-District) / Shimla(District) / Himachal Pradesh(State),01728900,024226,N,,,,
1902,25467,Kathiyana (70),कठीयाना(70),Chaupal(Sub-District) / Shimla(District) / Himachal Pradesh(State),01838400,025467,N,,,,
1903,24825,Katian Majhar (199),कटैया मझार (199),Shimla ( Rural )(Sub-District) / Shimla(District) / Himachal Pradesh(State),01782300,024825,N,,,,
1904,26043,Katinda (120/2),उप-महाल कन्टिडा(120/2),Sarawati Nagar(Sub-District) / Shimla(District) / Himachal Pradesh(State),01885000,026043,N,,,,
1905,24020,Katli (201),काटली(201),Sunni(Sub-District) / Shimla(District) / Himachal Pradesh(State),01708300,024020,N,,,,
1906,24691,Katli (317),कटली (317),Shimla ( Rural )(Sub-District) / Shimla(District) / Himachal Pradesh(State),01769400,024691,N,,,,
1907,24857,Katola (171),कटौला(171),Junga(Sub-District) / Shimla(District) / Himachal Pradesh(State),01785500,024857,N,,,,
1908,25476,Katonth (83),कटौट(83),Chaupal(Sub-District) / Shimla(District) / Himachal Pradesh(State),01838900,025476,N,,,,
1909,25572,Katoti (62),कटोटी(62),Chaupal(Sub-District) / Shimla(District) / Himachal Pradesh(State),01843600,025572,N,,,,
1910,26518,Katsari (84),कटसारी(84),Rohru(Sub-District) / Shimla(District) / Himachal Pradesh(State),01926300,026518,N,,,,
1911,23971,Kaunthru (75),कौंथड़ू(75),Kumarsain(Sub-District) / Shimla(District) / Himachal Pradesh(State),01703400,023971,N,,,,
1912,25326,Kaupara (82),कौपड़(82),Deha(Sub-District) / Shimla(District) / Himachal Pradesh(State),01827800,025326,N,,,,
1913,23855,Kawala (123),कवाला(123),Kumarsain(Sub-District) / Shimla(District) / Himachal Pradesh(State),01691800,023855,N,,,,
1914,26063,Kawalta(130),कवाल्टा(130),Sarawati Nagar(Sub-District) / Shimla(District) / Himachal Pradesh(State),01887000,026063,N,,,,
1915,25182,Kawg (357),कावग(357),Theog(Sub-District) / Shimla(District) / Himachal Pradesh(State),01814600,025182,N,,,,
1916,24163,Kayalu (6),क्यालू(6),Jalog(Sub-District) / Shimla(District) / Himachal Pradesh(State),01722600,024163,N,,,,
1917,24263,Kayanti (36),कायन्तीi (36),Dhami(Sub-District) / Shimla(District) / Himachal Pradesh(State),01732600,024263,N,,,,
1918,24225,Kayar (69),क्यार(69),Sunni(Sub-District) / Shimla(District) / Himachal Pradesh(State),01728800,024225,N,,,,
1919,25162,Kayari (231),क्यारी(231),Theog(Sub-District) / Shimla(District) / Himachal Pradesh(State),01812800,025162,N,,,,
1920,939860,Kayina,कायना,Shimla ( Rural )(Sub-District) / Shimla(District) / Himachal Pradesh(State),,000000,N,,,,
1921,25152,Keet (235),कीट(235),Theog(Sub-District) / Shimla(District) / Himachal Pradesh(State),01811800,025152,N,,,,
1922,26223,Kehmli (133),कैहमली (133),Kotkhai(Sub-District) / Shimla(District) / Himachal Pradesh(State),01899700,026223,N,,,,
1923,23878,Kehri (39),कैहडी(39),Kotgarh(Sub-District) / Shimla(District) / Himachal Pradesh(State),01694100,023878,N,,,,
1924,24234,Kehru (10),कैहरु(10),Dhami(Sub-District) / Shimla(District) / Himachal Pradesh(State),01729700,024234,N,,,,
1925,26163,Keith May Kuftu(56),कीथ मय कुफ्टू(5,Kalbog(Sub-District) / Shimla(District) / Himachal Pradesh(State),01895500,026163,N,,,,
1926,24728,Keli Dhar (297),केली धार (297),Shimla ( Rural )(Sub-District) / Shimla(District) / Himachal Pradesh(State),01773100,024728,N,,,,
1927,26024,Kelvi (75),केलवी(75),Jubbal(Sub-District) / Shimla(District) / Himachal Pradesh(State),01883100,026024,N,,,,
1928,24942,Kelvi Khas (205),केलवी खास (205),Theog(Sub-District) / Shimla(District) / Himachal Pradesh(State),01792500,024942,N,,,,
1929,25379,Kelwi Laona (11),केलवी लौहना(11),Chaupal(Sub-District) / Shimla(District) / Himachal Pradesh(State),01832500,025379,N,,,,
1930,26426,Keoli(22),केवली(22),Rohru(Sub-District) / Shimla(District) / Himachal Pradesh(State),01917200,026426,N,,,,
1931,23890,Kepu (24),केपू(24),Kotgarh(Sub-District) / Shimla(District) / Himachal Pradesh(State),01695300,023890,N,,,,
1932,25861,Kerag (139),केडग(139),Nerwa(Sub-District) / Shimla(District) / Himachal Pradesh(State),01866800,025861,N,,,,
1933,24895,Kevkari (130),कैवकड़ी (130),Theog(Sub-District) / Shimla(District) / Himachal Pradesh(State),01789200,024895,N,,,,
1934,26637,Khabal (68),खाबल (68),Chirgaon(Sub-District) / Shimla(District) / Himachal Pradesh(State),01938200,026637,N,,,,
1935,23760,Khadahan (26),खड़ाहन(26),Nankhari(Sub-District) / Shimla(District) / Himachal Pradesh(State),01682300,023760,N,,,,
1936,26403,Khadapaani(34),खडापानी(34),Rohru(Sub-District) / Shimla(District) / Himachal Pradesh(State),01914900,026403,N,,,,
1937,25551,Khaddar(128),खद्दर(128),Chaupal(Sub-District) / Shimla(District) / Himachal Pradesh(State),01842600,025551,N,,,,
1938,24420,Khadun (9/100),खडून (9/100),Shimla ( Rural )(Sub-District) / Shimla(District) / Himachal Pradesh(State),01746100,024420,N,,,,
1939,26269,Khadyana (103),खडयाना 103,Kotkhai(Sub-District) / Shimla(District) / Himachal Pradesh(State),01903100,026269,N,,,,
1940,25187,Khagaan(365),खगाण (365),Theog(Sub-District) / Shimla(District) / Himachal Pradesh(State),01815100,025187,N,,,,
1941,25568,Khagna (100),खगना(100),Chaupal(Sub-District) / Shimla(District) / Himachal Pradesh(State),01843300,025568,N,,,,
1942,25262,Khagna (212),खगना(212),Theog(Sub-District) / Shimla(District) / Himachal Pradesh(State),01822400,025262,N,,,,
1943,25308,Khahar (91),खाहर(91),Theog(Sub-District) / Shimla(District) / Himachal Pradesh(State),01826100,025308,N,,,,
1944,24119,Khaira (104),खैरा(104),Sunni(Sub-District) / Shimla(District) / Himachal Pradesh(State),01718200,024119,N,,,,
1945,24421,Khairi (9/101),खायरी (9/101),Shimla ( Rural )(Sub-District) / Shimla(District) / Himachal Pradesh(State),01746200,024421,N,,,,
1946,23617,Khakrola(123),खखरोला(123),Rampur(Sub-District) / Shimla(District) / Himachal Pradesh(State),01668100,023617,N,,,,
1947,24422,Khalag (95),खलग(95),Shimla ( Rural )(Sub-District) / Shimla(District) / Himachal Pradesh(State),01746300,024422,N,,,,
1948,26360,Khalai (8),खलाई(8),Tikar(Sub-District) / Shimla(District) / Himachal Pradesh(State),01910600,026360,N,,,,
1949,26137,Khalana (29),खलाना(29),Kalbog(Sub-District) / Shimla(District) / Himachal Pradesh(State),01893000,026137,N,,,,
1950,25172,Khalashi (226),खलाशी(226),Theog(Sub-District) / Shimla(District) / Himachal Pradesh(State),01813700,025172,N,,,,
1951,26372,Khalawan (14),खलावन(14),Tikar(Sub-District) / Shimla(District) / Himachal Pradesh(State),01911800,026372,N,,,,
1952,23771,Khalet (25),खलेट(25),Nankhari(Sub-District) / Shimla(District) / Himachal Pradesh(State),01683400,023771,N,,,,
1953,939872,Khalini,खलीनी,Shimla ( Rural )(Sub-District) / Shimla(District) / Himachal Pradesh(State),,000000,N,,,,
1954,939820,Khalini,खलीनी,Shimla (Urban)(Sub-District) / Shimla(District) / Himachal Pradesh(State),,000000,N,,,,
1955,23744,Khamadi (82),खमाड़ी(82),Nankhari(Sub-District) / Shimla(District) / Himachal Pradesh(State),01680700,023744,N,,,,
1956,23748,Khamnana (86),खमनाना(86),Nankhari(Sub-District) / Shimla(District) / Himachal Pradesh(State),01681100,023748,N,,,,
1957,23786,Khamoti (31/1),खमोटी(31/1),Nankhari(Sub-District) / Shimla(District) / Himachal Pradesh(State),01684900,023786,N,,,,
1958,25269,Khanar (17),खनार(17),Theog(Sub-District) / Shimla(District) / Himachal Pradesh(State),01822800,025269,N,,,,
1959,24206,Khanawag (83),खनावग(83),Sunni(Sub-District) / Shimla(District) / Himachal Pradesh(State),01726900,024206,N,,,,
1960,24391,Khandol (11/110),खंडोल (11/110),Shimla ( Rural )(Sub-District) / Shimla(District) / Himachal Pradesh(State),01743300,024391,N,,,,
1961,23972,Khanehar (58),खनैहर(58),Kumarsain(Sub-District) / Shimla(District) / Himachal Pradesh(State),01703500,023972,N,,,,
1962,23600,Khaneri(106),खनेरी(106),Rampur(Sub-District) / Shimla(District) / Himachal Pradesh(State),01666400,023600,N,,,,
1963,24437,Khanet (7/91),खनेट (7/91),Shimla ( Rural )(Sub-District) / Shimla(District) / Himachal Pradesh(State),01747600,024437,N,,,,
1964,23924,Khaneti (45/1),खनेटी(45/1),Kotgarh(Sub-District) / Shimla(District) / Himachal Pradesh(State),01698700,023924,N,,,,
1965,23621,Khanewali (181/1),खनेवली(181/1),Rampur(Sub-District) / Shimla(District) / Himachal Pradesh(State),01668500,023621,N,,,,
1966,26390,Khangta (38),खांगटा(38),Tikar(Sub-District) / Shimla(District) / Himachal Pradesh(State),01913600,026390,N,,,,
1967,26428,Khangtehdi(6),खंगटेहडी(6),Rohru(Sub-District) / Shimla(District) / Himachal Pradesh(State),01917400,026428,N,,,,
1968,25089,Khaniuri (126),खनीवड़ी(126),Theog(Sub-District) / Shimla(District) / Himachal Pradesh(State),01805600,025089,N,,,,
1969,26468,Khanola(53),खनोला(53),Rohru(Sub-District) / Shimla(District) / Himachal Pradesh(State),01921400,026468,N,,,,
1970,23641,Khanortu (167),खनोरटू (167),Taklech(Sub-District) / Shimla(District) / Himachal Pradesh(State),01670500,023641,N,,,,
1971,25813,Khanti (114),खान्टी(114),Nerwa(Sub-District) / Shimla(District) / Himachal Pradesh(State),01862000,025813,N,,,,
1972,25010,Khanu (241),खणू(241),Theog(Sub-District) / Shimla(District) / Himachal Pradesh(State),01798000,025010,N,,,,
1973,25408,Khaprona (1),खपरौना(1),Chaupal(Sub-District) / Shimla(District) / Himachal Pradesh(State),01834700,025408,N,,,,
1974,25755,Kharachli (66),खराचली(66),Nerwa(Sub-District) / Shimla(District) / Himachal Pradesh(State),01856200,025755,N,,,,
1975,24361,Kharaun(14/129),खडाऊं(14/129),Dhami(Sub-District) / Shimla(District) / Himachal Pradesh(State),01740500,024361,N,,,,
1976,23725,Kharela (13),खड़ैला(13),Nankhari(Sub-District) / Shimla(District) / Himachal Pradesh(State),01678800,023725,N,,,,
1977,26194,Kharki (2),खडकी (2),Kotkhai(Sub-District) / Shimla(District) / Himachal Pradesh(State),01897700,026194,N,,,,
1978,26374,Kharla (23),खारला(23),Tikar(Sub-District) / Shimla(District) / Himachal Pradesh(State),01912000,026374,N,,,,
1979,24468,Kharog (33/367),खरोग (33/367,Shimla ( Rural )(Sub-District) / Shimla(District) / Himachal Pradesh(State),01750200,024468,N,,,,
1980,25404,Kharog (7),खरोग(7),Chaupal(Sub-District) / Shimla(District) / Himachal Pradesh(State),01834400,025404,N,,,,
1981,25289,Kharori (37),खरोड़ी(37),Deha(Sub-District) / Shimla(District) / Himachal Pradesh(State),01824400,025289,N,,,,
1982,26615,Kharot (123).,खरोट (123),Jangla(Sub-District) / Shimla(District) / Himachal Pradesh(State),01936000,026615,N,,,,
1983,26066,Kharshal(114),खरशाल(114),Sarawati Nagar(Sub-District) / Shimla(District) / Himachal Pradesh(State),01887300,026066,N,,,,
1984,26679,Kharshali (102),खरशाली (102),Chirgaon(Sub-District) / Shimla(District) / Himachal Pradesh(State),01942400,026679,N,,,,
1985,25434,Kharu (45),खारु(45),Chaupal(Sub-District) / Shimla(District) / Himachal Pradesh(State),01836300,025434,N,,,,
1986,26687,Khashdhar (120),खशधार (120),Chirgaon(Sub-District) / Shimla(District) / Himachal Pradesh(State),01943200,026687,N,,,,
1987,26479,Khashkandi (59),खशकंडी(59),Rohru(Sub-District) / Shimla(District) / Himachal Pradesh(State),01922500,026479,N,,,,
1988,23871,Khatkar (112),खटकर(112),Kumarsain(Sub-District) / Shimla(District) / Himachal Pradesh(State),01693400,023871,N,,,,
1989,24204,Khatnol (78),खटनोल(78),Sunni(Sub-District) / Shimla(District) / Himachal Pradesh(State),01726700,024204,N,,,,
1990,24212,Khawahal(87),खवाहल(87),Sunni(Sub-District) / Shimla(District) / Himachal Pradesh(State),01727500,024212,N,,,,
1991,24370,Khayari(14/164),खायरी(14/164),Dhami(Sub-District) / Shimla(District) / Himachal Pradesh(State),01741400,024370,N,,,,
1992,24842,Kheel Khajewda(148),खील खजेवडा(14,Junga(Sub-District) / Shimla(District) / Himachal Pradesh(State),01784000,024842,N,,,,
1993,23857,Khekhar (104),खेखर(104),Kumarsain(Sub-District) / Shimla(District) / Himachal Pradesh(State),01692000,023857,N,,,,
1994,24818,Khil Bhaila (203),खील भईला  (203),Shimla ( Rural )(Sub-District) / Shimla(District) / Himachal Pradesh(State),01781600,024818,N,,,,
1995,24306,Khill (59),खील (59),Shimla ( Rural )(Sub-District) / Shimla(District) / Himachal Pradesh(State),01735800,024306,N,,,,
1996,23496,Khiuncha (41),खीऊंचा(41),Rampur(Sub-District) / Shimla(District) / Himachal Pradesh(State),01655900,023496,N,,,,
1997,25058,Khneu (144),खनेऊ(144),Theog(Sub-District) / Shimla(District) / Himachal Pradesh(State),01802500,025058,N,,,,
1998,24128,Khob(97),खोब(97),Jalog(Sub-District) / Shimla(District) / Himachal Pradesh(State),01719100,024128,N,,,,
1999,26482,Khodsu(129),खोडसू(129),Rohru(Sub-District) / Shimla(District) / Himachal Pradesh(State),01922800,026482,N,,,,
2000,26136,Khola (30),खोला(30),Kalbog(Sub-District) / Shimla(District) / Himachal Pradesh(State),01892900,026136,N,,,,
2001,23840,Kholvi(162),खोलवी(162),Kumarsain(Sub-District) / Shimla(District) / Himachal Pradesh(State),01690300,023840,N,,,,
2002,23747,Khori (65),खोड़ी(65),Nankhari(Sub-District) / Shimla(District) / Himachal Pradesh(State),01681000,023747,N,,,,
2003,26197,Khoru (9),खोडु (9),Kotkhai(Sub-District) / Shimla(District) / Himachal Pradesh(State),01898000,026197,N,,,,
2004,26231,Khorwi (78),खोडवी (78),Kotkhai(Sub-District) / Shimla(District) / Himachal Pradesh(State),01900400,026231,N,,,,
2005,23969,Khuhan (71),खूहन(71),Kumarsain(Sub-District) / Shimla(District) / Himachal Pradesh(State),01703200,023969,N,,,,
2006,24137,Khun (49),खून(49),Jalog(Sub-District) / Shimla(District) / Himachal Pradesh(State),01720000,024137,N,,,,
2007,23772,Khunni Panoli(17/1),खुन्नी पनोली(17/1),Nankhari(Sub-District) / Shimla(District) / Himachal Pradesh(State),01683500,023772,N,,,,
2008,24791,Kiali (361),क्याली (361),Shimla ( Rural )(Sub-District) / Shimla(District) / Himachal Pradesh(State),01778900,024791,N,,,,
2009,24610,Kialoo (3/16),क्यालू (3/16),Shimla ( Rural )(Sub-District) / Shimla(District) / Himachal Pradesh(State),01762700,024610,N,,,,
2010,23527,Kiao (48),क्याओ(48),Rampur(Sub-District) / Shimla(District) / Himachal Pradesh(State),01659000,023527,N,,,,
2011,25069,Kiar (109),क्यार(109),Theog(Sub-District) / Shimla(District) / Himachal Pradesh(State),01803600,025069,N,,,,
2012,24692,Kiar (318),क्यार (318),Shimla ( Rural )(Sub-District) / Shimla(District) / Himachal Pradesh(State),01769500,024692,N,,,,
2013,24891,Kiara (129),क्यारा(129),Theog(Sub-District) / Shimla(District) / Himachal Pradesh(State),01788800,024891,N,,,,
2014,24972,Kiara(178),क्यारा(178),Theog(Sub-District) / Shimla(District) / Himachal Pradesh(State),01794800,024972,N,,,,
2015,24605,Kiargiri (5/71),क्यारगिरी (5/71),Shimla ( Rural )(Sub-District) / Shimla(District) / Himachal Pradesh(State),01762200,024605,N,,,,
2016,23991,Kiari (210),क्यारी(210),Sunni(Sub-District) / Shimla(District) / Himachal Pradesh(State),01705400,023991,N,,,,
2017,25968,Kiari(43),क्यारी(43),Jubbal(Sub-District) / Shimla(District) / Himachal Pradesh(State),01877500,025968,N,,,,
2018,25730,Kiarna (49),क्यारना(49),Nerwa(Sub-District) / Shimla(District) / Himachal Pradesh(State),01853700,025730,N,,,,
2019,25054,Kihari (146),किहरी (146),Theog(Sub-District) / Shimla(District) / Himachal Pradesh(State),01802100,025054,N,,,,
2020,25758,Kihri (70-1),किहरी(70-1),Nerwa(Sub-District) / Shimla(District) / Himachal Pradesh(State),01856500,025758,N,,,,
2021,25026,Kilra (162),क्यारल(162),Theog(Sub-District) / Shimla(District) / Himachal Pradesh(State),01799400,025026,N,,,,
2022,23671,Kim (132),कीम(132),Taklech(Sub-District) / Shimla(District) / Himachal Pradesh(State),01673500,023671,N,,,,
2023,25868,Kima Chandrauli (135),किमा चन्दरावली(135),Nerwa(Sub-District) / Shimla(District) / Himachal Pradesh(State),01867500,025868,N,,,,
2024,23859,Kingal (106),किंगल(106),Kumarsain(Sub-District) / Shimla(District) / Himachal Pradesh(State),01692200,023859,N,,,,
2025,23583,Kinnu (66),किन्नू(66),Sarahan(Sub-District) / Shimla(District) / Himachal Pradesh(State),01664700,023583,N,,,,
2026,24481,Kir (352),कीड (352),Shimla ( Rural )(Sub-District) / Shimla(District) / Himachal Pradesh(State),01751500,024481,N,,,,
2027,23888,Kirti (30),किरटी(30),Kotgarh(Sub-District) / Shimla(District) / Himachal Pradesh(State),01695100,023888,N,,,,
2028,25365,Kishaur (12),किशौर(12),Deha(Sub-District) / Shimla(District) / Himachal Pradesh(State),01831300,025365,N,,,,
2029,26706,Kiterwari (7),कितरवाडी (7),Dodra Kwar(Sub-District) / Shimla(District) / Himachal Pradesh(State),01945100,026706,N,,,,
2030,26271,Kiyari (105),क्यारी 105,Kotkhai(Sub-District) / Shimla(District) / Himachal Pradesh(State),01903300,026271,N,,,,
2031,24531,Koara (115),क्वारा (115),Shimla ( Rural )(Sub-District) / Shimla(District) / Himachal Pradesh(State),01756400,024531,N,,,,
2032,23764,Kofar Dhar (16/2),कोफरधार(16/2),Nankhari(Sub-District) / Shimla(District) / Himachal Pradesh(State),01682700,023764,N,,,,
2033,24713,Kog (289),कोग (289),Shimla ( Rural )(Sub-District) / Shimla(District) / Himachal Pradesh(State),01771600,024713,N,,,,
2034,24850,Kohan (149),कोहान(149),Junga(Sub-District) / Shimla(District) / Himachal Pradesh(State),01784800,024850,N,,,,
2035,25496,Kohrala(93),कोहराला(93),Chaupal(Sub-District) / Shimla(District) / Himachal Pradesh(State),01840000,025496,N,,,,
2036,26285,Koku (143),कोकू (143),Kotkhai(Sub-District) / Shimla(District) / Himachal Pradesh(State),01904400,026285,N,,,,
2037,26155,Kolo(35),कोलो(35),Kalbog(Sub-District) / Shimla(District) / Himachal Pradesh(State),01894700,026155,N,,,,
2038,24696,Kolu Jubber (309),कोलू जुब्बड (309),Shimla ( Rural )(Sub-District) / Shimla(District) / Himachal Pradesh(State),01769900,024696,N,,,,
2039,24308,Kolu Ki Kwali (62),कोलू की कवाली (62),Shimla ( Rural )(Sub-District) / Shimla(District) / Himachal Pradesh(State),01735900,024308,N,,,,
2040,23547,Koshgar (88),कोश्गर(88),Rampur(Sub-District) / Shimla(District) / Himachal Pradesh(State),01661000,023547,N,,,,
2041,26277,Kot (119),कोट (119),Kotkhai(Sub-District) / Shimla(District) / Himachal Pradesh(State),01903800,026277,N,,,,
2042,24524,Kot (133),कोट(133),Shimla ( Rural )(Sub-District) / Shimla(District) / Himachal Pradesh(State),01755800,024524,N,,,,
2043,24841,Kot (142),कोट(142),Junga(Sub-District) / Shimla(District) / Himachal Pradesh(State),01783900,024841,N,,,,
2044,23959,Kot (167),कोट(167),Kumarsain(Sub-District) / Shimla(District) / Himachal Pradesh(State),01702200,023959,N,,,,
2045,24961,Kot (185),कोट(185),Theog(Sub-District) / Shimla(District) / Himachal Pradesh(State),01794200,024961,N,,,,
2046,25266,Kot (26),कोट(26),Theog(Sub-District) / Shimla(District) / Himachal Pradesh(State),01822500,025266,N,,,,
2047,24707,Kot (283),कोट(283),Shimla ( Rural )(Sub-District) / Shimla(District) / Himachal Pradesh(State),01771000,024707,N,,,,
2048,25956,Kot (45),कोट(45),Jubbal(Sub-District) / Shimla(District) / Himachal Pradesh(State),01876300,025956,N,,,,
2049,25453,Kot (75),कोट(75),Chaupal(Sub-District) / Shimla(District) / Himachal Pradesh(State),01837400,025453,N,,,,
2050,26538,Kotdu(106),कोटडू(106),Rohru(Sub-District) / Shimla(District) / Himachal Pradesh(State),01928300,026538,N,,,,
2051,23921,Kotgarh (34/1),कोटगढ़(34/1),Kotgarh(Sub-District) / Shimla(District) / Himachal Pradesh(State),01698400,023921,N,,,,
2052,25661,Kothi (144),कोठी(144),Kupvi(Sub-District) / Shimla(District) / Himachal Pradesh(State),01847700,025661,N,,,,
2053,26186,Kothi (18),कोठी(18),Kalbog(Sub-District) / Shimla(District) / Himachal Pradesh(State),01896900,026186,N,,,,
2054,24146,Kothi (29),कोठी(29),Jalog(Sub-District) / Shimla(District) / Himachal Pradesh(State),01720900,024146,N,,,,
2055,24062,Kothi Ser (172),कोठी सेर(172),Sunni(Sub-District) / Shimla(District) / Himachal Pradesh(State),01712500,024062,N,,,,
2056,26039,Kothu (119/2),उप-महाल कोठू(119/2),Sarawati Nagar(Sub-District) / Shimla(District) / Himachal Pradesh(State),01884600,026039,N,,,,
2057,23568,Koti (100),कोटी(100),Rampur(Sub-District) / Shimla(District) / Himachal Pradesh(State),01663200,023568,N,,,,
2058,23962,Koti (174),कोटी(174),Kumarsain(Sub-District) / Shimla(District) / Himachal Pradesh(State),01702500,023962,N,,,,
2059,26296,Koti (178),कोटी (178),Kotkhai(Sub-District) / Shimla(District) / Himachal Pradesh(State),01905500,026296,N,,,,
2060,24833,Koti (189),कोटी(189),Junga(Sub-District) / Shimla(District) / Himachal Pradesh(State),01783100,024833,N,,,,
2061,26431,Koti (19),कोटी(19),Rohru(Sub-District) / Shimla(District) / Himachal Pradesh(State),01917700,026431,N,,,,
2062,25011,Koti (235),कोटी(235),Theog(Sub-District) / Shimla(District) / Himachal Pradesh(State),01798100,025011,N,,,,
2063,26386,Koti (29),कोटी(29),Tikar(Sub-District) / Shimla(District) / Himachal Pradesh(State),01913200,026386,N,,,,
2064,25114,Koti (311),कोटी(311),Theog(Sub-District) / Shimla(District) / Himachal Pradesh(State),01808100,025114,N,,,,
2065,26213,Koti (61),कोटी (61),Kotkhai(Sub-District) / Shimla(District) / Himachal Pradesh(State),01899000,026213,N,,,,
2066,26253,Kotkhai (122),कोटखाई (122),Kotkhai(Sub-District) / Shimla(District) / Himachal Pradesh(State),01902000,026253,N,,,,
2067,23850,Kotla (117),कोटला(117),Kumarsain(Sub-District) / Shimla(District) / Himachal Pradesh(State),01691300,023850,N,,,,
2068,24363,Kotla (14/138),कोटला(14/138),Dhami(Sub-District) / Shimla(District) / Himachal Pradesh(State),01740700,024363,N,,,,
2069,24044,Kotla (161),कोटला(161),Dhami(Sub-District) / Shimla(District) / Himachal Pradesh(State),01710700,024044,N,,,,
2070,24475,Kotla (387),कोटला(387),Shimla ( Rural )(Sub-District) / Shimla(District) / Himachal Pradesh(State),01750900,024475,N,,,,
2071,23545,Kotla (54),कोटला(54),Sarahan(Sub-District) / Shimla(District) / Himachal Pradesh(State),01660800,023545,N,,,,
2072,24837,Kot Madhyad (187),कोट मढाड (187),Junga(Sub-District) / Shimla(District) / Himachal Pradesh(State),01783500,024837,N,,,,
2073,25806,Kounthali (117),कौंथाली(117),Nerwa(Sub-District) / Shimla(District) / Himachal Pradesh(State),01861300,025806,N,,,,
2074,26074,Kuddu(93),कुडडू(93),Sarawati Nagar(Sub-District) / Shimla(District) / Himachal Pradesh(State),01888100,026074,N,,,,
2075,24796,Kufar (368),कुफर (368),Shimla ( Rural )(Sub-District) / Shimla(District) / Himachal Pradesh(State),01779400,024796,N,,,,
2076,26300,Kufar (6),कुफर (6),Kotkhai(Sub-District) / Shimla(District) / Himachal Pradesh(State),01905900,026300,N,,,,
2077,26168,Kufar Bag,कुफर बाग,Kotkhai(Sub-District) / Shimla(District) / Himachal Pradesh(State),01895600,026168,N,,,,
2078,25139,Kufar Jeta (298),कुफर जेटा (298),Theog(Sub-District) / Shimla(District) / Himachal Pradesh(State),01810500,025139,N,,,,
2079,25201,Kufar Khnal (303),कुफर खनाल(303),Theog(Sub-District) / Shimla(District) / Himachal Pradesh(State),01816500,025201,N,,,,
2080,23881,Kufri (95),कुफरी(95),Kumarsain(Sub-District) / Shimla(District) / Himachal Pradesh(State),01694400,023881,N,,,,
2081,24761,Kufri Junga (228),कुफरी जुनगा(228),Shimla ( Rural )(Sub-District) / Shimla(District) / Himachal Pradesh(State),01776400,024761,N,,,,
2082,24763,Kufri Koti (229),कुफरी कोटी (229),Shimla ( Rural )(Sub-District) / Shimla(District) / Himachal Pradesh(State),01776600,024763,N,,,,
2083,26226,Kuftu,कुफटु,Kotkhai(Sub-District) / Shimla(District) / Himachal Pradesh(State),01899900,026226,N,,,,
2084,24670,Kuftu (338),कुफटू(338),Shimla ( Rural )(Sub-District) / Shimla(District) / Himachal Pradesh(State),01767400,024670,N,,,,
2085,25195,Kuftu (346),कुफटू(346),Theog(Sub-District) / Shimla(District) / Himachal Pradesh(State),01815900,025195,N,,,,
2086,25546,Kuhal (123),कुहल(123),Chaupal(Sub-District) / Shimla(District) / Himachal Pradesh(State),01842300,025546,N,,,,
2087,23595,Kuhal Pataina (140),कुहल पटेना(140),Taklech(Sub-District) / Shimla(District) / Himachal Pradesh(State),01665900,023595,N,,,,
2088,23849,Kui (116),कुई(116),Kumarsain(Sub-District) / Shimla(District) / Himachal Pradesh(State),01691200,023849,N,,,,
2089,26438,Kui (17),कुई(17),Rohru(Sub-District) / Shimla(District) / Himachal Pradesh(State),01918400,026438,N,,,,
2090,24297,Kuiru (55),कुईरू (55),Shimla ( Rural )(Sub-District) / Shimla(District) / Himachal Pradesh(State),01735400,024297,N,,,,
2091,25400,Kujvi,कुजवी(9),Chaupal(Sub-District) / Shimla(District) / Himachal Pradesh(State),01834000,025400,N,,,,
2092,23687,Kukhi (153),कुखी(153),Taklech(Sub-District) / Shimla(District) / Himachal Pradesh(State),01675100,023687,N,,,,
2093,25652,Kulag (156),कुलग(156),Kupvi(Sub-District) / Shimla(District) / Himachal Pradesh(State),01847000,025652,N,,,,
2094,25541,Kulandli (113),कुलान्डली(113),Chaupal(Sub-District) / Shimla(District) / Himachal Pradesh(State),01841900,025541,N,,,,
2095,26598,Kulgaon (11),कुलगांव(11),Jangla(Sub-District) / Shimla(District) / Himachal Pradesh(State),01934300,026598,N,,,,
2096,23866,Kumarsain(99),कुमारसैन(99),Kumarsain(Sub-District) / Shimla(District) / Himachal Pradesh(State),01692900,023866,N,,,,
2097,25439,Kumbra(28),कुम्बडा(28),Chaupal(Sub-District) / Shimla(District) / Himachal Pradesh(State),01836500,025439,N,,,,
2098,23618,Kumsu (176),कुमसू(176),Rampur(Sub-District) / Shimla(District) / Himachal Pradesh(State),01668200,023618,N,,,,
2099,25081,Kun (324),कून(324),Theog(Sub-District) / Shimla(District) / Himachal Pradesh(State),01804800,025081,N,,,,
2100,23724,Kunat (10),कुन्ट(10),Nankhari(Sub-District) / Shimla(District) / Himachal Pradesh(State),01678700,023724,N,,,,
2101,25128,Kundli (267),कुन्दली(267),Theog(Sub-District) / Shimla(District) / Himachal Pradesh(State),01809400,025128,N,,,,
2102,26279,Kundly (128),कुन्दली (128),Kotkhai(Sub-District) / Shimla(District) / Himachal Pradesh(State),01904000,026279,N,,,,
2103,23794,Kungal (63/1),कुंगल(63/1),Nankhari(Sub-District) / Shimla(District) / Himachal Pradesh(State),01685700,023794,N,,,,
2104,24760,Kuni (232),कुणी (232),Shimla ( Rural )(Sub-District) / Shimla(District) / Himachal Pradesh(State),01776300,024760,N,,,,
2105,23557,Kuni (55),कुन्नी(55),Sarahan(Sub-District) / Shimla(District) / Himachal Pradesh(State),01662100,023557,N,,,,
2106,24979,Kunjala(192),कुंजला(192),Theog(Sub-District) / Shimla(District) / Himachal Pradesh(State),01795400,024979,N,,,,
2107,26237,Kupri (79),कुपड़ी (79),Kotkhai(Sub-District) / Shimla(District) / Himachal Pradesh(State),01900900,026237,N,,,,
2108,23947,Kupri (81),कुपड़ी(81),Kumarsain(Sub-District) / Shimla(District) / Himachal Pradesh(State),01701000,023947,N,,,,
2109,26532,Kupri (87),कुपडी(87),Rohru(Sub-District) / Shimla(District) / Himachal Pradesh(State),01927700,026532,N,,,,
2110,25119,Kur (307),कूड़(307),Theog(Sub-District) / Shimla(District) / Himachal Pradesh(State),01808600,025119,N,,,,
2111,25394,Kurag (19),कुरग(19),Chaupal(Sub-District) / Shimla(District) / Himachal Pradesh(State),01833600,025394,N,,,,
2112,23562,Kurgu (63),कुरगू(63),Sarahan(Sub-District) / Shimla(District) / Himachal Pradesh(State),01662600,023562,N,,,,
2113,26272,Kuri (110),कुड़ी (110),Kotkhai(Sub-District) / Shimla(District) / Himachal Pradesh(State),01903400,026272,N,,,,
2114,26333,Kuri Mohli (94),कुड़ी मोहली (94),Kotkhai(Sub-District) / Shimla(District) / Himachal Pradesh(State),01908800,026333,N,,,,
2115,23655,Kurnu (194),कुरनू(194),Taklech(Sub-District) / Shimla(District) / Himachal Pradesh(State),01671900,023655,N,,,,
2116,23499,Kut (43),कूट(43),Rampur(Sub-District) / Shimla(District) / Himachal Pradesh(State),01656200,023499,N,,,,
2117,25438,Kutanda (43),कुटांडा(43),Chaupal(Sub-District) / Shimla(District) / Himachal Pradesh(State),01836400,025438,N,,,,
2118,26480,Kutara(60),कुटाडा(60),Rohru(Sub-District) / Shimla(District) / Himachal Pradesh(State),01922600,026480,N,,,,
2119,24442,Kutasni (8/95),कुटासनी (8/95),Shimla ( Rural )(Sub-District) / Shimla(District) / Himachal Pradesh(State),01748000,024442,N,,,,
2120,24395,Kuted (10/107),कुटेड़(10/107),Shimla ( Rural )(Sub-District) / Shimla(District) / Himachal Pradesh(State),01743700,024395,N,,,,
2121,25359,Kuthar (16),कुठार (16),Deha(Sub-District) / Shimla(District) / Himachal Pradesh(State),01830900,025359,N,,,,
2122,26356,Kuthari (5),कुठाडी(5),Tikar(Sub-District) / Shimla(District) / Himachal Pradesh(State),01910200,026356,N,,,,
2123,26593,Kutra (7),कुतडा(7),Jangla(Sub-District) / Shimla(District) / Himachal Pradesh(State),01933800,026593,N,,,,
2124,939891,Kutu(131),कुटू(131),Rohru(Sub-District) / Shimla(District) / Himachal Pradesh(State),,000000,N,,,,
2125,24845,Kyana (145),क्याणा(145),Junga(Sub-District) / Shimla(District) / Himachal Pradesh(State),01784300,024845,N,,,,
2126,24568,Kyar (5/79),क्यार (5/79),Shimla ( Rural )(Sub-District) / Shimla(District) / Himachal Pradesh(State),01758700,024568,N,,,,
2127,24461,Kyargi (342),क्यारगी (342),Shimla ( Rural )(Sub-District) / Shimla(District) / Himachal Pradesh(State),01749700,024461,N,,,,
2128,24268,Kyari Bag (31),क्यारी बाग(31),Dhami(Sub-District) / Shimla(District) / Himachal Pradesh(State),01733100,024268,N,,,,
2129,26504,Kyarku (113),क्यारकू(113),Rohru(Sub-District) / Shimla(District) / Himachal Pradesh(State),01924900,026504,N,,,,
2130,23524,Labana - Sadana (10),लबाणा सदाणा(10),Rampur(Sub-District) / Shimla(District) / Himachal Pradesh(State),01658700,023524,N,,,,
2131,25734,Lachog (52/1),लच्छोग(52/1),Nerwa(Sub-District) / Shimla(District) / Himachal Pradesh(State),01854100,025734,N,,,,
2132,24396,Ladvi (11/111),लादवी (11/111),Shimla ( Rural )(Sub-District) / Shimla(District) / Himachal Pradesh(State),01743800,024396,N,,,,
2133,25009,Lafu(240),लाफू(240),Theog(Sub-District) / Shimla(District) / Himachal Pradesh(State),01797900,025009,N,,,,
2134,24485,Laga (389),लागा (389),Shimla ( Rural )(Sub-District) / Shimla(District) / Himachal Pradesh(State),01751900,024485,N,,,,
2135,25461,Lagait(71),लगैत(71),Chaupal(Sub-District) / Shimla(District) / Himachal Pradesh(State),01838000,025461,N,,,,
2136,24488,Lagdu (353),लागडू(353),Shimla ( Rural )(Sub-District) / Shimla(District) / Himachal Pradesh(State),01752200,024488,N,,,,
2137,24502,Lagdu (376),लागडू(376),Shimla ( Rural )(Sub-District) / Shimla(District) / Himachal Pradesh(State),01753600,024502,N,,,,
2138,939894,Lahasa(112/4),लहासा(112-4),Rampur(Sub-District) / Shimla(District) / Himachal Pradesh(State),,000000,N,,,,
2139,23759,Lahru (28),लाहड़ू(28),Nankhari(Sub-District) / Shimla(District) / Himachal Pradesh(State),01682200,023759,N,,,,
2140,24407,Lajhoon (16/191),लझूण(16/191),Shimla ( Rural )(Sub-District) / Shimla(District) / Himachal Pradesh(State),01744800,024407,N,,,,
2141,25579,Lajonth (52),लजौँठ(52),Chaupal(Sub-District) / Shimla(District) / Himachal Pradesh(State),01844300,025579,N,,,,
2142,24866,Lakhoti (177),लखोटी(177),Junga(Sub-District) / Shimla(District) / Himachal Pradesh(State),01786300,024866,N,,,,
2143,25693,Lalon (31),लालों(31),Nerwa(Sub-District) / Shimla(District) / Himachal Pradesh(State),01850000,025693,N,,,,
2144,25594,Lal Pani,लालपानी,Chaupal(Sub-District) / Shimla(District) / Himachal Pradesh(State),01845000,025594,N,,,,
2145,26694,Lambi Dhar (2),लम्बी धार(2),Dodra Kwar(Sub-District) / Shimla(District) / Himachal Pradesh(State),01943900,026694,N,,,,
2146,24676,Lambidhar (349),लम्बीधार (349),Shimla ( Rural )(Sub-District) / Shimla(District) / Himachal Pradesh(State),01767900,024676,N,,,,
2147,24928,Lanu (236),लणू(236),Theog(Sub-District) / Shimla(District) / Himachal Pradesh(State),01791500,024928,N,,,,
2148,26672,Larot (99),लडोट (99),Dhamwari(Sub-District) / Shimla(District) / Himachal Pradesh(State),01941700,026672,N,eSignGOFile662648_25_03_2026_15_00_03.pdf,,,
2149,23616,Larsa (128),लाडसा (128),Rampur(Sub-District) / Shimla(District) / Himachal Pradesh(State),01668000,023616,N,eSignGOFile662648_19_02_2025_21_29_08.pdf,,,
2150,23862,Lathi (102),लाठी(102),Kumarsain(Sub-District) / Shimla(District) / Himachal Pradesh(State),01692500,023862,N,,,,
2151,23897,Lauga (14),लौगा(14),Kotgarh(Sub-District) / Shimla(District) / Himachal Pradesh(State),01696000,023897,N,,,,
2152,23792,Laughti (57),लोहटी(57),Nankhari(Sub-District) / Shimla(District) / Himachal Pradesh(State),01685500,023792,N,,,,
2153,23856,Lawan (105),लवाण(105),Kumarsain(Sub-District) / Shimla(District) / Himachal Pradesh(State),01691900,023856,N,,,,
2154,24600,Lehri (3/32),लैडी (3/32),Shimla ( Rural )(Sub-District) / Shimla(District) / Himachal Pradesh(State),01761700,024600,N,,,,
2155,23710,Lelan (7/1),लैलन(7/1),Nankhari(Sub-District) / Shimla(District) / Himachal Pradesh(State),01677300,023710,N,,,,
2156,25103,Lelu(333),लेलू(333),Theog(Sub-District) / Shimla(District) / Himachal Pradesh(State),01807000,025103,N,,,,
2157,25489,Lihat (98),लिहाट(98),Chaupal(Sub-District) / Shimla(District) / Himachal Pradesh(State),01839600,025489,N,,,,
2158,26579,Limbra (20),लिम्बडा(20),Jangla(Sub-District) / Shimla(District) / Himachal Pradesh(State),01932400,026579,N,,,,
2159,24671,Lindidhar (339),लिंडीधार (339),Shimla ( Rural )(Sub-District) / Shimla(District) / Himachal Pradesh(State),01767500,024671,N,,,,
2160,25536,Lingzar (118),लिँगजार(118),Chaupal(Sub-District) / Shimla(District) / Himachal Pradesh(State),01841400,025536,N,,,,
2161,24854,Loha (138),लोहा(138),Junga(Sub-District) / Shimla(District) / Himachal Pradesh(State),01785200,024854,N,,,,
2162,25830,Lohan (178/1),लालों(178/1),Nerwa(Sub-District) / Shimla(District) / Himachal Pradesh(State),01863700,025830,N,,,,
2163,24496,Loharara (395),लोहारडा(395),Shimla ( Rural )(Sub-District) / Shimla(District) / Himachal Pradesh(State),01753000,024496,N,,,,
2164,24589,Loharav (52),लुहारव (52),Shimla ( Rural )(Sub-District) / Shimla(District) / Himachal Pradesh(State),01760600,024589,N,,,,
2165,24893,Loli (126),लौली(126),Theog(Sub-District) / Shimla(District) / Himachal Pradesh(State),01789000,024893,N,,,,
2166,26505,Lower Koti (118),लोअरकोटी(118),Rohru(Sub-District) / Shimla(District) / Himachal Pradesh(State),01925000,026505,N,,,,
2167,26096,Ludara Shasan (109/2),उप-महाल लुदाडा-शाशन(109/2),Sarawati Nagar(Sub-District) / Shimla(District) / Himachal Pradesh(State),01890300,026096,N,,,,
2168,24117,Lunsu (106),लुणसु(106),Sunni(Sub-District) / Shimla(District) / Himachal Pradesh(State),01718000,024117,N,,,,
2169,24413,Maawari (16/189),मावरी (16/189),Shimla ( Rural )(Sub-District) / Shimla(District) / Himachal Pradesh(State),01745400,024413,N,,,,
2170,23999,Macharyana (225),मचरयाण (22),Dhami(Sub-District) / Shimla(District) / Himachal Pradesh(State),01706200,023999,N,,,,
2171,24975,Machheora (188),मछिवड़ा(188),Theog(Sub-District) / Shimla(District) / Himachal Pradesh(State),01795100,024975,N,,,,
2172,25977,Madhaik (20),मढाईक(20),Jubbal(Sub-District) / Shimla(District) / Himachal Pradesh(State),01878400,025977,N,,,,
2173,25708,Madhana (27),मधाना(27),Nerwa(Sub-District) / Shimla(District) / Himachal Pradesh(State),01851500,025708,N,,,,
2174,23942,Madhawani (41),मधावनी(41),Kotgarh(Sub-District) / Shimla(District) / Himachal Pradesh(State),01700500,023942,N,,,,
2175,25297,Madhog(87),मधोग(87),Theog(Sub-District) / Shimla(District) / Himachal Pradesh(State),01825100,025297,N,,,,
2176,23733,Madholi (74),मढोली(74),Nankhari(Sub-District) / Shimla(District) / Himachal Pradesh(State),01679600,023733,N,,,,
2177,23993,Madhrech (208),मधरेच (208),Sunni(Sub-District) / Shimla(District) / Himachal Pradesh(State),01705600,023993,N,,,,
2178,25951,Madkandali(46),मडकान्दली(46),Jubbal(Sub-District) / Shimla(District) / Himachal Pradesh(State),01875800,025951,N,,,,
2179,23575,Maghara(83),मघारा(83),Rampur(Sub-District) / Shimla(District) / Himachal Pradesh(State),01663900,023575,N,,,,
2180,26596,Magwani (10/2),मगवाणी(10/2),Jangla(Sub-District) / Shimla(District) / Himachal Pradesh(State),01934100,026596,N,,,,
2181,25858,Mahan (136),माहण(136),Nerwa(Sub-District) / Shimla(District) / Himachal Pradesh(State),01866500,025858,N,,,,
2182,24251,Mahapuna (42),महापूणा(42),Dhami(Sub-District) / Shimla(District) / Himachal Pradesh(State),01731400,024251,N,,,,
2183,26306,Mahasu (163),महासु (163),Kotkhai(Sub-District) / Shimla(District) / Himachal Pradesh(State),01906400,026306,N,,,,
2184,23805,Mahawali (134),महावली(134),Kumarsain(Sub-District) / Shimla(District) / Himachal Pradesh(State),01686800,023805,N,,,,
2185,23913,Mahawari (6),महावरी(6),Kotgarh(Sub-District) / Shimla(District) / Himachal Pradesh(State),01697600,023913,N,,,,
2186,24846,Maheshu (135),महेशु(135),Junga(Sub-District) / Shimla(District) / Himachal Pradesh(State),01784400,024846,N,,,,
2187,25800,Maheshund (106),मैहशुन्ड(106),Nerwa(Sub-District) / Shimla(District) / Himachal Pradesh(State),01860700,025800,N,,,,
2188,25004,Mahog (160),महोग(160),Theog(Sub-District) / Shimla(District) / Himachal Pradesh(State),01797400,025004,N,,,,
2189,24995,Mahori (166),माहोरी(166),Theog(Sub-District) / Shimla(District) / Himachal Pradesh(State),01796600,024995,N,,,,
2190,24520,Mahori (96),मोहरी (96),Shimla ( Rural )(Sub-District) / Shimla(District) / Himachal Pradesh(State),01755400,024520,N,,,,
2191,25273,Mahraog (21),मोहरावग(21),Theog(Sub-District) / Shimla(District) / Himachal Pradesh(State),01823100,025273,N,,,,
2192,23925,Mailan(37),मैलन(37),Kotgarh(Sub-District) / Shimla(District) / Himachal Pradesh(State),01698800,023925,N,,,,
2193,26111,Mail-I(46),मेल-1(46),Kalbog(Sub-District) / Shimla(District) / Himachal Pradesh(State),01891300,026111,N,,,,
2194,26110,Mail-II(11),मेल- II(11),Kalbog(Sub-District) / Shimla(District) / Himachal Pradesh(State),01891200,026110,N,,,,
2195,24188,Majailu (92),मजैलू(92),Sunni(Sub-District) / Shimla(District) / Himachal Pradesh(State),01725100,024188,N,,,,
2196,24187,Majayalu(115),मजैलू(115),Sunni(Sub-District) / Shimla(District) / Himachal Pradesh(State),01725000,024187,N,,,,
2197,23597,Majhali (129),मझाली (129),Taklech(Sub-District) / Shimla(District) / Himachal Pradesh(State),01666100,023597,N,,,,
2198,24708,Majhar (287),मझार (287),Shimla ( Rural )(Sub-District) / Shimla(District) / Himachal Pradesh(State),01771100,024708,N,,,,
2199,24914,Majharana Khas(202),मझराणा खास(202),Theog(Sub-District) / Shimla(District) / Himachal Pradesh(State),01790600,024914,N,,,,
2200,24447,Majhat (150),मझाट(150),Dhami(Sub-District) / Shimla(District) / Himachal Pradesh(State),01748400,024447,N,,,,
2201,24383,Majhayala (13/124),मझायला (13/124),Shimla ( Rural )(Sub-District) / Shimla(District) / Himachal Pradesh(State),01742700,024383,N,,,,
2202,24341,Majhet (14/150),मझेठ(14/150,Shimla ( Rural )(Sub-District) / Shimla(District) / Himachal Pradesh(State),01738600,024341,N,,,,
2203,23564,Majhewali(87),मझेवली(87),Rampur(Sub-District) / Shimla(District) / Himachal Pradesh(State),01662800,023564,N,,,,
2204,23739,Majhewati(69),मझेवटी(69),Rampur(Sub-District) / Shimla(District) / Himachal Pradesh(State),01680200,023739,N,,,,
2205,26494,Majhgaon (135/1),मझगांव(135/1),Rohru(Sub-District) / Shimla(District) / Himachal Pradesh(State),01923900,026494,N,,,,
2206,25682,Majh Gaon (168),मंझगांव(168),Kupvi(Sub-District) / Shimla(District) / Himachal Pradesh(State),01849000,025682,N,,,,
2207,24208,Majhiwar(85),मझीवड(85),Sunni(Sub-District) / Shimla(District) / Himachal Pradesh(State),01727100,024208,N,,,,
2208,24959,Majhogra (178),मझोगड़ा(178),Theog(Sub-District) / Shimla(District) / Himachal Pradesh(State),01794000,024959,N,,,,
2209,24459,Majhola (341),मझोला (341),Shimla ( Rural )(Sub-District) / Shimla(District) / Himachal Pradesh(State),01749500,024459,N,,,,
2210,25056,Majholi (143),मझोली(143),Theog(Sub-District) / Shimla(District) / Himachal Pradesh(State),01802300,025056,N,,,,
2211,24971,Majholi (179),मझोली(179),Theog(Sub-District) / Shimla(District) / Himachal Pradesh(State),01794700,024971,N,,,,
2212,25211,Majholi (338),मझोली(338),Theog(Sub-District) / Shimla(District) / Himachal Pradesh(State),01817500,025211,N,,,,
2213,25238,Majhore (376),मझरोई(376),Theog(Sub-District) / Shimla(District) / Himachal Pradesh(State),01820100,025238,N,,,,
2214,25580,Majhotli (54),मँझौटली(54),Chaupal(Sub-District) / Shimla(District) / Himachal Pradesh(State),01844400,025580,N,,,,
2215,23837,Majrog (153),मजरोग(153),Kumarsain(Sub-District) / Shimla(District) / Himachal Pradesh(State),01690000,023837,N,,,,
2216,24446,Majthai (6/86),मजठाई (6/86),Shimla ( Rural )(Sub-District) / Shimla(District) / Himachal Pradesh(State),01748400,024446,N,,,,
2217,24073,Makarchha (122),मकडच्छा(122),Sunni(Sub-District) / Shimla(District) / Himachal Pradesh(State),01713600,024073,N,,,,
2218,24230,Makari (4),माकडी (4),Dhami(Sub-District) / Shimla(District) / Himachal Pradesh(State),01729300,024230,N,,,,
2219,25179,Makhrol (388),मखड़ोल(388),Theog(Sub-District) / Shimla(District) / Himachal Pradesh(State),01814400,025179,N,,,,
2220,24159,Maklog (5),मकलोग(5),Jalog(Sub-District) / Shimla(District) / Himachal Pradesh(State),01722200,024159,N,,,,
2221,24634,Makriana (45),मकडयाना (45),Shimla ( Rural )(Sub-District) / Shimla(District) / Himachal Pradesh(State),01764400,024634,N,,,,
2222,24375,Makrog (14/144),मकडोग(14/144),Dhami(Sub-District) / Shimla(District) / Himachal Pradesh(State),01741900,024375,N,,,,
2223,26551,Maktot (49),मकटोट (49),Chirgaon(Sub-District) / Shimla(District) / Himachal Pradesh(State),01929600,026551,N,,,,
2224,24351,Malangan (14/146),मलांगण(14/146),Dhami(Sub-District) / Shimla(District) / Himachal Pradesh(State),01739600,024351,N,,,,
2225,25668,Malat (142),मालत(142),Kupvi(Sub-District) / Shimla(District) / Himachal Pradesh(State),01848200,025668,N,,,,
2226,24998,Malehri (164),मलैहड़ी(164),Theog(Sub-District) / Shimla(District) / Himachal Pradesh(State),01796900,024998,N,,,,
2227,23870,Malendi (111),मलैण्डी(111),Kumarsain(Sub-District) / Shimla(District) / Himachal Pradesh(State),01693300,023870,N,,,,
2228,25062,Maleog(117),मलेवग(117),Theog(Sub-District) / Shimla(District) / Himachal Pradesh(State),01802900,025062,N,,,,
2229,24150,Malgi (13),मालगी(13),Jalog(Sub-District) / Shimla(District) / Himachal Pradesh(State),01721300,024150,N,,,,
2230,24951,Maliana (184),मल्याना(184),Theog(Sub-District) / Shimla(District) / Himachal Pradesh(State),01793300,024951,N,,,,
2231,26443,Malkhoon(11),मलखून (11),Rohru(Sub-District) / Shimla(District) / Himachal Pradesh(State),01918900,026443,N,,,,
2232,939874,Malog,मलोग,Shimla ( Rural )(Sub-District) / Shimla(District) / Himachal Pradesh(State),,000000,N,,,,
2233,26084,Malog (88),मलोग(88),Sarawati Nagar(Sub-District) / Shimla(District) / Himachal Pradesh(State),01889100,026084,N,,,,
2234,24789,Maluth (357),मलूठ (357),Shimla ( Rural )(Sub-District) / Shimla(District) / Himachal Pradesh(State),01778700,024789,N,,,,
2235,24772,Malyana (376),मल्याना (376),Shimla ( Rural )(Sub-District) / Shimla(District) / Himachal Pradesh(State),01777400,024772,N,,,,
2236,25413,Mamvi (33),ममुवी(33),Chaupal(Sub-District) / Shimla(District) / Himachal Pradesh(State),01835000,025413,N,,,,
2237,24144,Manad (31),मान्नद(31),Jalog(Sub-District) / Shimla(District) / Himachal Pradesh(State),01720700,024144,N,,,,
2238,23853,Manan (125),मानन(125),Kumarsain(Sub-District) / Shimla(District) / Himachal Pradesh(State),01691600,023853,N,,,,
2239,23887,Manan (31),मानन(31),Kotgarh(Sub-District) / Shimla(District) / Himachal Pradesh(State),01695000,023887,N,,,,
2240,24717,Manar (272),मानर (272),Shimla ( Rural )(Sub-District) / Shimla(District) / Himachal Pradesh(State),01772000,024717,N,,,,
2241,26042,Mandal (120/1),मान्दल(120/1),Sarawati Nagar(Sub-District) / Shimla(District) / Himachal Pradesh(State),01884900,026042,N,,,,
2242,24139,Mandap (50),मण्डप(50),Jalog(Sub-District) / Shimla(District) / Himachal Pradesh(State),01720200,024139,N,,,,
2243,24235,Mandehya(8),मन्दैहया(8),Dhami(Sub-District) / Shimla(District) / Himachal Pradesh(State),01729800,024235,N,,,,
2244,26517,Mandharli(82),मडारली(82),Rohru(Sub-District) / Shimla(District) / Himachal Pradesh(State),01926200,026517,N,,,,
2245,23998,Mandhod(214),मण्ढोड(214),Sunni(Sub-District) / Shimla(District) / Himachal Pradesh(State),01706100,023998,N,,,,
2246,25948,Mandhol (47/1),मंढोल(47/1),Jubbal(Sub-District) / Shimla(District) / Himachal Pradesh(State),01875500,025948,N,,,,
2247,23863,Mandholi (101),मंढोली(101),Kumarsain(Sub-District) / Shimla(District) / Himachal Pradesh(State),01692600,023863,N,,,,
2248,25276,Mandla (28),मान्दला (28),Theog(Sub-District) / Shimla(District) / Himachal Pradesh(State),01823400,025276,N,,,,
2249,23685,Mandli (155),मान्दली (155),Taklech(Sub-District) / Shimla(District) / Himachal Pradesh(State),01674900,023685,N,,,,
2250,26571,Mandli (40),मान्दली (40),Chirgaon(Sub-District) / Shimla(District) / Himachal Pradesh(State),01931600,026571,N,,,,
2251,23654,Mandog(195),मनडोग(195),Taklech(Sub-District) / Shimla(District) / Himachal Pradesh(State),01671800,023654,N,,,,
2252,24031,Mandri (193),मान्दरी(193),Dhami(Sub-District) / Shimla(District) / Himachal Pradesh(State),01709400,024031,N,,,,
2253,26259,Mandroli (111),मन्द्रौली (111),Kotkhai(Sub-District) / Shimla(District) / Himachal Pradesh(State),01902400,026259,N,,,,
2254,25109,Mandrot (317),मन्दरौत(317),Theog(Sub-District) / Shimla(District) / Himachal Pradesh(State),01807600,025109,N,,,,
2255,24109,Mandyalu(116),मण्डयालू(116),Sunni(Sub-District) / Shimla(District) / Himachal Pradesh(State),01717200,024109,N,,,,
2256,25923,Maneoti (159),मनेवटी(159),Nerwa(Sub-District) / Shimla(District) / Himachal Pradesh(State),01873000,025923,N,,,,
2257,26198,Manewal (136),मनेवल (136),Kotkhai(Sub-District) / Shimla(District) / Himachal Pradesh(State),01898100,026198,N,,,,
2258,26203,Mangali,मंगाली,Kotkhai(Sub-District) / Shimla(District) / Himachal Pradesh(State),01898400,026203,N,,,,
2259,26590,Manghara (2),मँघारा(2),Jangla(Sub-District) / Shimla(District) / Himachal Pradesh(State),01933500,026590,N,,,,
2260,24318,Manghech (66),मंघेच (66),Shimla ( Rural )(Sub-District) / Shimla(District) / Himachal Pradesh(State),01736700,024318,N,,,,
2261,24452,Manglooj (6/84),मंगलूज (6/84),Shimla ( Rural )(Sub-District) / Shimla(District) / Himachal Pradesh(State),01748800,024452,N,,,,
2262,23915,Mangsu (33),मंगसू(33),Kotgarh(Sub-District) / Shimla(District) / Himachal Pradesh(State),01697800,023915,N,,,,
2263,23776,Manjhdharti (27),मंझधारटी(27),Nankhari(Sub-District) / Shimla(District) / Himachal Pradesh(State),01683900,023776,N,,,,
2264,23558,Manjhgaon (57),मझगांव(57),Sarahan(Sub-District) / Shimla(District) / Himachal Pradesh(State),01662200,023558,N,,,,
2265,24005,Manjhli Jayan (229),मझली जायण(229),Dhami(Sub-District) / Shimla(District) / Himachal Pradesh(State),01706800,024005,N,,,,
2266,25655,Manjholi (159),म्ंाझोली(159),Kupvi(Sub-District) / Shimla(District) / Himachal Pradesh(State),01847300,025655,N,,,,
2267,23732,Manjholi (67),मंझोली(67),Nankhari(Sub-District) / Shimla(District) / Himachal Pradesh(State),01679500,023732,N,,,,
2268,26220,Manjholi (70),मंझोली (70),Kotkhai(Sub-District) / Shimla(District) / Himachal Pradesh(State),01899400,026220,N,,,,
2269,24723,Manju (268),मांजू(268),Shimla ( Rural )(Sub-District) / Shimla(District) / Himachal Pradesh(State),01772600,024723,N,,,,
2270,24602,Manla (3/29),मानला (3/29),Shimla ( Rural )(Sub-District) / Shimla(District) / Himachal Pradesh(State),01761900,024602,N,,,,
2271,24985,Manlog (170),मनलोग(170),Theog(Sub-District) / Shimla(District) / Himachal Pradesh(State),01795900,024985,N,,,,
2272,25799,Manmaula (104),मनमावला(104),Nerwa(Sub-District) / Shimla(District) / Himachal Pradesh(State),01860600,025799,N,,,,
2273,23851,Manu (122),माणू(122),Kumarsain(Sub-District) / Shimla(District) / Himachal Pradesh(State),01691400,023851,N,,,,
2274,25978,Maran (22),मडाण(22),Jubbal(Sub-District) / Shimla(District) / Himachal Pradesh(State),01878500,025978,N,,,,
2275,26248,Marathu (87),मराथू,Kotkhai(Sub-District) / Shimla(District) / Himachal Pradesh(State),01901500,026248,N,,,,
2276,24661,Maraw (320),मढाव(320),Shimla ( Rural )(Sub-District) / Shimla(District) / Himachal Pradesh(State),01766500,024661,N,,,,
2277,24323,Marhaog (76),मरावग(76),Dhami(Sub-District) / Shimla(District) / Himachal Pradesh(State),01737000,024323,N,,,,
2278,24657,Maron (320),मैलन(320),Shimla ( Rural )(Sub-District) / Shimla(District) / Himachal Pradesh(State),01766100,024657,N,,,,
2279,23638,Masarna Kareri (173),मसारन-करेरी(173),Rampur(Sub-District) / Shimla(District) / Himachal Pradesh(State),01670200,023638,N,,,,
2280,24677,Mashech (346),मसेच (346),Shimla ( Rural )(Sub-District) / Shimla(District) / Himachal Pradesh(State),01768000,024677,N,,,,
2281,25528,Mashliuna(114),मशलीवना(114),Chaupal(Sub-District) / Shimla(District) / Himachal Pradesh(State),01841000,025528,N,,,,
2282,23581,Mashnoo(77),मशनू(77),Rampur(Sub-District) / Shimla(District) / Himachal Pradesh(State),01664500,023581,N,,,,
2283,24680,Mashobra (246),मशोबरा (B)(246),Shimla ( Rural )(Sub-District) / Shimla(District) / Himachal Pradesh(State),01768300,024680,N,,,,
2284,939877,Mashobra Bazar,मशोबरा बाज़ार,Shimla ( Rural )(Sub-District) / Shimla(District) / Himachal Pradesh(State),,000000,N,,,,
2285,25670,Mashot (162),मशोत(162),Kupvi(Sub-District) / Shimla(District) / Himachal Pradesh(State),01848300,025670,N,,,,
2286,25710,Mashrain (47),मशरांह(47),Nerwa(Sub-District) / Shimla(District) / Himachal Pradesh(State),01851700,025710,N,,,,
2287,25447,Mashraon (65),मशडौंआ(65),Chaupal(Sub-District) / Shimla(District) / Himachal Pradesh(State),01837000,025447,N,,,,
2288,26628,Masli (128),मसली(128),Jangla(Sub-District) / Shimla(District) / Himachal Pradesh(State),01937300,026628,N,,,,
2289,25679,Masrah (167),मसराह(167),Kupvi(Sub-District) / Shimla(District) / Himachal Pradesh(State),01848700,025679,N,,,,
2290,23677,Mataina(138),मतैना(138),Taklech(Sub-District) / Shimla(District) / Himachal Pradesh(State),01674100,023677,N,,,,
2291,25405,Matal (4),उप महाल माटल खास(4),Chaupal(Sub-District) / Shimla(District) / Himachal Pradesh(State),01834500,025405,N,,,,
2292,24092,Matehani(142),मटेहनी(142),Sunni(Sub-District) / Shimla(District) / Himachal Pradesh(State),01715500,024092,N,,,,
2293,24140,Mateog (41),मटेवग(41),Jalog(Sub-District) / Shimla(District) / Himachal Pradesh(State),01720300,024140,N,,,,
2294,26591,Mathla (5),माथला(5),Jangla(Sub-District) / Shimla(District) / Himachal Pradesh(State),01933600,026591,N,,,,
2295,24466,Matholi (33/370),मथोली (33/370),Shimla ( Rural )(Sub-District) / Shimla(District) / Himachal Pradesh(State),01750000,024466,N,,,,
2296,25059,Matli (119),मातली(119),Theog(Sub-District) / Shimla(District) / Himachal Pradesh(State),01802600,025059,N,,,,
2297,24076,Matogadi(125),मतोगडी(125),Sunni(Sub-District) / Shimla(District) / Himachal Pradesh(State),01713900,024076,N,,,,
2298,25049,Mavag (140),मावग (140),Theog(Sub-District) / Shimla(District) / Himachal Pradesh(State),01801600,025049,N,,,,
2299,26658,Mayela (91),-माईला (91),Dhamwari(Sub-District) / Shimla(District) / Himachal Pradesh(State),01940300,026658,N,eSignGOFile662648_25_03_2026_15_00_03.pdf,,,
2300,25324,Meha (79),मैहा(79),Deha(Sub-District) / Shimla(District) / Himachal Pradesh(State),01827600,025324,N,,,,
2301,25285,Mehana (44),मिहाणा(44),Deha(Sub-District) / Shimla(District) / Himachal Pradesh(State),01824100,025285,N,,,,
2302,24538,Mehli (113),मैहली (113),Shimla ( Rural )(Sub-District) / Shimla(District) / Himachal Pradesh(State),01756900,024538,N,,,,
2303,26161,Melth(22),मेलठ(22),Kalbog(Sub-District) / Shimla(District) / Himachal Pradesh(State),01895300,026161,N,,,,
2304,26528,Melthi(86),मेलठी(86),Rohru(Sub-District) / Shimla(District) / Himachal Pradesh(State),01927300,026528,N,,,,
2305,24778,Mewag (353),मेवग (353),Shimla ( Rural )(Sub-District) / Shimla(District) / Himachal Pradesh(State),01777700,024778,N,,,,
2306,26006,Mihana(66),मिहाना(66),Jubbal(Sub-District) / Shimla(District) / Himachal Pradesh(State),01881300,026006,N,,,,
2307,25540,Mindoli (122),मिन्डोली(122),Chaupal(Sub-District) / Shimla(District) / Himachal Pradesh(State),01841800,025540,N,,,,
2308,24815,Mod (411),मोड़ (411),Shimla ( Rural )(Sub-District) / Shimla(District) / Himachal Pradesh(State),01781300,024815,N,,,,
2309,23839,Mogra (164),मोगड़ा(164),Kumarsain(Sub-District) / Shimla(District) / Himachal Pradesh(State),01690200,023839,N,,,,
2310,23988,Mohan (110),मोहण(110),Kumarsain(Sub-District) / Shimla(District) / Himachal Pradesh(State),01705100,023988,N,,,,
2311,25483,Mohan Jotla (87),मोहन जोटला(87),Chaupal(Sub-District) / Shimla(District) / Himachal Pradesh(State),01839300,025483,N,,,,
2312,23782,Mohli (38/2),मोहली(38/2),Nankhari(Sub-District) / Shimla(District) / Himachal Pradesh(State),01684500,023782,N,,,,
2313,23522,Molgi (11),मोलगी(11),Rampur(Sub-District) / Shimla(District) / Himachal Pradesh(State),01658500,023522,N,,,,
2314,24223,Moolbhajji(71),मूल भज्जी(71),Sunni(Sub-District) / Shimla(District) / Himachal Pradesh(State),01728600,024223,N,,,,
2315,24947,Mool Matiyana(182),मूल मत्याना(182),Theog(Sub-District) / Shimla(District) / Himachal Pradesh(State),01792900,024947,N,,,,
2316,25788,Moslan (99),मोसलन(99),Nerwa(Sub-District) / Shimla(District) / Himachal Pradesh(State),01859500,025788,N,,,,
2317,25864,Mukhrandli (124),मुखरान्दली(124),Nerwa(Sub-District) / Shimla(District) / Himachal Pradesh(State),01867100,025864,N,,,,
2318,24296,Mulbari (57),मूलबरी (57),Shimla ( Rural )(Sub-District) / Shimla(District) / Himachal Pradesh(State),01735300,024296,N,,,,
2319,24755,Mulkoti (237),मूलकोटी (237),Shimla ( Rural )(Sub-District) / Shimla(District) / Himachal Pradesh(State),01775800,024755,N,,,,
2320,25595,Munalag (130),मुनालग(130),Kupvi(Sub-District) / Shimla(District) / Himachal Pradesh(State),01845100,025595,N,,,,
2321,26498,Munchhara(120),मुन्छाडा(120),Rohru(Sub-District) / Shimla(District) / Himachal Pradesh(State),01924300,026498,N,,,,
2322,23793,Mundar (63/2),मुन्दर(63/2),Nankhari(Sub-District) / Shimla(District) / Himachal Pradesh(State),01685600,023793,N,,,,
2323,25887,Mundli (13),मुन्डली(13),Nerwa(Sub-District) / Shimla(District) / Himachal Pradesh(State),01869400,025887,N,,,,
2324,25272,Mundu (22),मुन्डू(22),Theog(Sub-District) / Shimla(District) / Himachal Pradesh(State),01823000,025272,N,,,,
2325,24116,Mungna (107),मुगणा(107),Sunni(Sub-District) / Shimla(District) / Himachal Pradesh(State),01717900,024116,N,,,,
2326,26073,Mungra Nadhal (95),म्ुांगरा-नढाल(95),Sarawati Nagar(Sub-District) / Shimla(District) / Himachal Pradesh(State),01888000,026073,N,,,,
2327,23682,Munish (136/2),मुनिश(136/2),Taklech(Sub-District) / Shimla(District) / Himachal Pradesh(State),01674600,023682,N,,,,
2328,26023,Mural(74),मुरल(74),Jubbal(Sub-District) / Shimla(District) / Himachal Pradesh(State),01883000,026023,N,,,,
2329,939804,Nabha House,नाभा हाउस,Shimla (Urban)(Sub-District) / Shimla(District) / Himachal Pradesh(State),,000000,N,,,,
2330,939835,N A C Jubbal(35),नगर पंचायत  जुब्बल(35),Jubbal(Sub-District) / Shimla(District) / Himachal Pradesh(State),,000000,N,,,,
2331,911497,Nac Narkanda(76),अ.सू.क्षे.समिति नारकण्डा(76),Kumarsain(Sub-District) / Shimla(District) / Himachal Pradesh(State),,000000,N,,,,
2332,26419,Nadu (26),नाडू(26),Rohru(Sub-District) / Shimla(District) / Himachal Pradesh(State),01916500,026419,N,,,,
2333,24078,Nadukhar (129),नडूखर(129),Sunni(Sub-District) / Shimla(District) / Himachal Pradesh(State),01714100,024078,N,,,,
2334,26402,Naga Dhar (40),नागाधार(40),Rohru(Sub-District) / Shimla(District) / Himachal Pradesh(State),01914800,026402,N,,,,
2335,23722,Nagadhar (8),नागाधार(8),Nankhari(Sub-District) / Shimla(District) / Himachal Pradesh(State),01678500,023722,N,,,,
2336,23961,Nagali (168),नगाली(168),Kumarsain(Sub-District) / Shimla(District) / Himachal Pradesh(State),01702400,023961,N,,,,
2337,26100,Nagali Shasan (107/2),उप-महाल नगाली-शाशन(107/2),Sarawati Nagar(Sub-District) / Shimla(District) / Himachal Pradesh(State),01890700,026100,N,,,,
2338,26154,Nagan (34),नगान(34),Kalbog(Sub-District) / Shimla(District) / Himachal Pradesh(State),01894600,026154,N,,,,
2339,24015,Nagar (218),नगर(218),Dhami(Sub-District) / Shimla(District) / Himachal Pradesh(State),01707800,024015,N,,,,
2340,25589,Nagar Panchyat Chopal,नगर पंचायत चौपाल,Chaupal(Sub-District) / Shimla(District) / Himachal Pradesh(State),01844900,025589,N,,,,
2341,939887,Nagar Panchyat Gangtoli,नगर पंचायत गंगटोली,Rohru(Sub-District) / Shimla(District) / Himachal Pradesh(State),,000000,N,,,,
2342,939889,Nagar Parishad Rohru Dwitiye,नगर परिषद रोहडू द्वितिय,Rohru(Sub-District) / Shimla(District) / Himachal Pradesh(State),,000000,N,,,,
2343,939888,Nagar Parishad Rohru Pratham,नगर परिषद रोहडू प्रथम,Rohru(Sub-District) / Shimla(District) / Himachal Pradesh(State),,000000,N,,,,
2344,939890,Nagar Parishad Rohru Tritiye,नगर परिषद रोहडू तृतीय,Rohru(Sub-District) / Shimla(District) / Himachal Pradesh(State),,000000,N,,,,
2345,24487,Nagdi (356),नागडी (356),Shimla ( Rural )(Sub-District) / Shimla(District) / Himachal Pradesh(State),01752100,024487,N,,,,
2346,26180,Nagindri (58),नगिन्द्री(58),Kalbog(Sub-District) / Shimla(District) / Himachal Pradesh(State),01896400,026180,N,,,,
2347,23906,Nagraon (4),नगराँओं(4),Kotgarh(Sub-District) / Shimla(District) / Himachal Pradesh(State),01696900,023906,N,,,,
2348,24483,Nahai (391),न्याई(391),Shimla ( Rural )(Sub-District) / Shimla(District) / Himachal Pradesh(State),01751700,024483,N,,,,
2349,23861,Nahal (107),नाहल(107),Kumarsain(Sub-District) / Shimla(District) / Himachal Pradesh(State),01692400,023861,N,,,,
2350,23902,Nahana (22),नहाणा(22),Kotgarh(Sub-District) / Shimla(District) / Himachal Pradesh(State),01696500,023902,N,,,,
2351,25247,Nahol (220),नाहोल(220),Theog(Sub-District) / Shimla(District) / Himachal Pradesh(State),01821000,025247,N,,,,
2352,24010,Nahra (234),नैहरा(234),Dhami(Sub-District) / Shimla(District) / Himachal Pradesh(State),01707300,024010,N,,,,
2353,24527,Nai (119),नइ(119),Shimla ( Rural )(Sub-District) / Shimla(District) / Himachal Pradesh(State),01756100,024527,N,,,,
2354,26001,Naihnar (37),नैहनार(37),Jubbal(Sub-District) / Shimla(District) / Himachal Pradesh(State),01880800,026001,N,,,,
2355,26167,Naina Dhar,नैना धार,Kotkhai(Sub-District) / Shimla(District) / Himachal Pradesh(State),01895600,026167,N,,,,
2356,25943,Nakrari (58/1),नकराडी(58/1),Jubbal(Sub-District) / Shimla(District) / Himachal Pradesh(State),01875000,025943,N,,,,
2357,26373,Naksetli (21),नकसेटली(21),Tikar(Sub-District) / Shimla(District) / Himachal Pradesh(State),01911900,026373,N,,,,
2358,25972,Naktara (32),नकटाडा(32),Jubbal(Sub-District) / Shimla(District) / Himachal Pradesh(State),01877900,025972,N,,,,
2359,24921,Nal (216),नाल(216),Theog(Sub-District) / Shimla(District) / Himachal Pradesh(State),01791100,024921,N,,,,
2360,24807,Nala (399),नाला (399),Shimla ( Rural )(Sub-District) / Shimla(District) / Himachal Pradesh(State),01780500,024807,N,,,,
2361,24041,Nalag (153),नलग(153),Dhami(Sub-District) / Shimla(District) / Himachal Pradesh(State),01710400,024041,N,,,,
2362,24182,Nalah (39),नलाह(39),Jalog(Sub-District) / Shimla(District) / Himachal Pradesh(State),01724500,024182,N,,,,
2363,23615,Nala Khobar (122/2),नालाखोबर (122/2),Rampur(Sub-District) / Shimla(District) / Himachal Pradesh(State),01667900,023615,N,,,,
2364,24034,Nalawan (190),नलावन(190),Dhami(Sub-District) / Shimla(District) / Himachal Pradesh(State),01709700,024034,N,,,,
2365,24577,Nalayal (5/73),नलायल (5/73),Shimla ( Rural )(Sub-District) / Shimla(District) / Himachal Pradesh(State),01759500,024577,N,,,,
2366,24710,Naldehra (279),नालदेहरा (279),Shimla ( Rural )(Sub-District) / Shimla(District) / Himachal Pradesh(State),01771300,024710,N,,,,
2367,25157,Naleha (280),नलैहा (280),Theog(Sub-District) / Shimla(District) / Himachal Pradesh(State),01812300,025157,N,,,,
2368,23790,Nali (58/2),नाली(58/2),Nankhari(Sub-District) / Shimla(District) / Himachal Pradesh(State),01685300,023790,N,,,,
2369,24345,Naloi(14/153),नलोई(14/153),Dhami(Sub-District) / Shimla(District) / Himachal Pradesh(State),01739000,024345,N,,,,
2370,24114,Naltu (113),नालटू(113),Sunni(Sub-District) / Shimla(District) / Himachal Pradesh(State),01717700,024114,N,,,,
2371,25060,Namana (118),नमाणा (118),Theog(Sub-District) / Shimla(District) / Himachal Pradesh(State),01802700,025060,N,,,,
2372,24805,Nambreli (396),नम्बरेली  (396),Shimla ( Rural )(Sub-District) / Shimla(District) / Himachal Pradesh(State),01780300,024805,N,,,,
2373,26595,Nandla (10/1),नण्डला(10/1),Jangla(Sub-District) / Shimla(District) / Himachal Pradesh(State),01934000,026595,N,,,,
2374,26088,Nandpur (87),नन्दपूर(87),Sarawati Nagar(Sub-District) / Shimla(District) / Himachal Pradesh(State),01889500,026088,N,,,,
2375,25459,Nanhar(73),ननाहर(73),Chaupal(Sub-District) / Shimla(District) / Himachal Pradesh(State),01837800,025459,N,,,,
2376,24949,Nani (190),नन्नी(190),Theog(Sub-District) / Shimla(District) / Himachal Pradesh(State),01793100,024949,N,,,,
2377,23892,Nanjha (27),नंझा(27),Kotgarh(Sub-District) / Shimla(District) / Himachal Pradesh(State),01695500,023892,N,,,,
2378,25268,Nanno(23),नन्नो (23),Theog(Sub-District) / Shimla(District) / Himachal Pradesh(State),01822700,025268,N,,,,
2379,23490,Nanti (32),नन्ती(32),Rampur(Sub-District) / Shimla(District) / Himachal Pradesh(State),01655300,023490,N,,,,
2380,24645,Naog (18),नावग (18),Shimla ( Rural )(Sub-District) / Shimla(District) / Himachal Pradesh(State),01765100,024645,N,,,,
2381,25494,Naoni (91),नावणी(91),Chaupal(Sub-District) / Shimla(District) / Himachal Pradesh(State),01839900,025494,N,,,,
2382,25425,Nar (34),नार(34),Chaupal(Sub-District) / Shimla(District) / Himachal Pradesh(State),01835700,025425,N,,,,
2383,26397,Narain Aval(45),नरैण अव्वल(45),Tikar(Sub-District) / Shimla(District) / Himachal Pradesh(State),01914300,026397,N,,,,
2384,26396,Narain Doyam (43),नरैण दोयम(43),Tikar(Sub-District) / Shimla(District) / Himachal Pradesh(State),01914200,026396,N,,,,
2385,24134,Narar (100),नराड़(100),Jalog(Sub-District) / Shimla(District) / Himachal Pradesh(State),01719700,024134,N,,,,
2386,24482,Nareol (358),नरेवल (358),Shimla ( Rural )(Sub-District) / Shimla(District) / Himachal Pradesh(State),01751600,024482,N,,,,
2387,24277,Narhana (88),नरहाणा(88),Dhami(Sub-District) / Shimla(District) / Himachal Pradesh(State),01734000,024277,N,,,,
2388,23625,Narola (178/2),नरोला(178/2),Rampur(Sub-District) / Shimla(District) / Himachal Pradesh(State),01668900,023625,N,,,,
2389,26472,Nasari (47),नसारी(47),Rohru(Sub-District) / Shimla(District) / Himachal Pradesh(State),01921800,026472,N,,,,
2390,23905,Naula (1),नौला(1),Kotgarh(Sub-District) / Shimla(District) / Himachal Pradesh(State),01696800,023905,N,,,,
2391,25539,Naura (121),नौहरा(121),Chaupal(Sub-District) / Shimla(District) / Himachal Pradesh(State),01841700,025539,N,,,,
2392,25647,Naura (152),नौरा(152),Kupvi(Sub-District) / Shimla(District) / Himachal Pradesh(State),01846600,025647,N,,,,
2393,25570,Nauran (101),नोहरा(101),Chaupal(Sub-District) / Shimla(District) / Himachal Pradesh(State),01843400,025570,N,,,,
2394,24132,Navi (52),नावी(52),Jalog(Sub-District) / Shimla(District) / Himachal Pradesh(State),01719500,024132,N,,,,
2395,24304,Nawag (58),न्यावग(58),Shimla ( Rural )(Sub-District) / Shimla(District) / Himachal Pradesh(State),01735700,024304,N,,,,
2396,23708,Nawan (6),नावन(6),Nankhari(Sub-District) / Shimla(District) / Himachal Pradesh(State),01677100,023708,N,,,,
2397,24923,Nawar (221),नावर(221),Theog(Sub-District) / Shimla(District) / Himachal Pradesh(State),01791200,024923,N,,,,
2398,25108,Nayagaon (318),नयागाँव (318),Theog(Sub-District) / Shimla(District) / Himachal Pradesh(State),01807500,025108,N,,,,
2399,24089,Nayaser (147),नयासेर (147),Dhami(Sub-District) / Shimla(District) / Himachal Pradesh(State),01715200,024089,N,,,,
2400,24102,Neen(137),नीन(137),Sunni(Sub-District) / Shimla(District) / Himachal Pradesh(State),01716500,024102,N,,,,
2401,24882,Neen (194),नीन(194),Junga(Sub-District) / Shimla(District) / Himachal Pradesh(State),01787900,024882,N,,,,
2402,24551,Nehra (108),नहाणा(108),Shimla ( Rural )(Sub-District) / Shimla(District) / Himachal Pradesh(State),01757700,024551,N,,,,
2403,25092,Nehra (127),नैहरा(127),Theog(Sub-District) / Shimla(District) / Himachal Pradesh(State),01805900,025092,N,,,,
2404,23648,Nehra (187),नेहरा (187),Taklech(Sub-District) / Shimla(District) / Himachal Pradesh(State),01671200,023648,N,,,,
2405,26207,Nehra (73),नेहरा (73),Kotkhai(Sub-District) / Shimla(District) / Himachal Pradesh(State),01898700,026207,N,,,,
2406,24873,Nehra Kamaali(170),नैहरा कमाली (170),Junga(Sub-District) / Shimla(District) / Himachal Pradesh(State),01787000,024873,N,,,,
2407,23622,Nehri (181/2),नैहरी (181/2),Rampur(Sub-District) / Shimla(District) / Himachal Pradesh(State),01668600,023622,N,eSignGOFile662648_19_02_2025_21_30_18.pdf,,,
2408,23940,Nehri (43),नैहरी(43),Kotgarh(Sub-District) / Shimla(District) / Himachal Pradesh(State),01700300,023940,N,,,,
2409,24082,Nehwat (151),न्हेवट(151),Dhami(Sub-District) / Shimla(District) / Himachal Pradesh(State),01714500,024082,N,,,,
2410,24404,Ner (8/96),नेर (8/96),Shimla ( Rural )(Sub-District) / Shimla(District) / Himachal Pradesh(State),01744500,024404,N,,,,
2411,24711,Neri (281),नेरी (281),Shimla ( Rural )(Sub-District) / Shimla(District) / Himachal Pradesh(State),01771400,024711,N,,,,
2412,24599,Neri (3/35),नेरी (3/35),Shimla ( Rural )(Sub-District) / Shimla(District) / Himachal Pradesh(State),01761600,024599,N,,,,
2413,24566,Neri (5/64),नेरी (5/64),Shimla ( Rural )(Sub-District) / Shimla(District) / Himachal Pradesh(State),01758500,024566,N,,,,
2414,25325,Neri (78),नैरी (78),Deha(Sub-District) / Shimla(District) / Himachal Pradesh(State),01827700,025325,N,,,,
2415,24237,Nerti(11),नैरटी(11),Dhami(Sub-District) / Shimla(District) / Himachal Pradesh(State),01730000,024237,N,,,,
2416,24153,Newal (15),नेवल(15),Jalog(Sub-District) / Shimla(District) / Himachal Pradesh(State),01721600,024153,N,,,,
2417,26206,Newar (139),नेवर (139),Kotkhai(Sub-District) / Shimla(District) / Himachal Pradesh(State),01898600,026206,N,,,,
2418,24662,Nihari (331),निहारी (331),Shimla ( Rural )(Sub-District) / Shimla(District) / Himachal Pradesh(State),01766600,024662,N,,,,
2419,26692,Nimnaldhar (120),नीमनालधार(120),Jangla(Sub-District) / Shimla(District) / Himachal Pradesh(State),01943700,026692,N,,,,
2420,23626,Nirath(178/1),निरथ(178/1),Rampur(Sub-District) / Shimla(District) / Himachal Pradesh(State),01669000,023626,N,,,,
2421,939858,Niun(3/84),नियून (3/84),Shimla ( Rural )(Sub-District) / Shimla(District) / Himachal Pradesh(State),,000000,N,,,,
2422,24894,Nivari (128),निवड़ी(128),Theog(Sub-District) / Shimla(District) / Himachal Pradesh(State),01789100,024894,N,,,,
2423,24867,Nohan (178),नोहा(178),Junga(Sub-District) / Shimla(District) / Himachal Pradesh(State),01786400,024867,N,,,,
2424,26151,Nohat,उप-महाल नोहट,Kalbog(Sub-District) / Shimla(District) / Himachal Pradesh(State),01894300,026151,N,,,,
2425,26461,Noin (68),नौंई (68),Rohru(Sub-District) / Shimla(District) / Himachal Pradesh(State),01920700,026461,N,,,,
2426,25363,Noli (13),नौली(13),Deha(Sub-District) / Shimla(District) / Himachal Pradesh(State),01831200,025363,N,,,,
2427,23932,Nun (51),नूंण (51),Kotgarh(Sub-District) / Shimla(District) / Himachal Pradesh(State),01699500,023932,N,,,,
2428,25196,Nyara (301),न्यारा (301),Theog(Sub-District) / Shimla(District) / Himachal Pradesh(State),01816000,025196,N,,,,
2429,24267,Obhru (32),ओबरु (32),Dhami(Sub-District) / Shimla(District) / Himachal Pradesh(State),01733000,024267,N,,,,
2430,24641,Obna (23),ओवना(23),Shimla ( Rural )(Sub-District) / Shimla(District) / Himachal Pradesh(State),01764800,024641,N,,,,
2431,23602,Oda (113),ओडा(113),Rampur(Sub-District) / Shimla(District) / Himachal Pradesh(State),01666600,023602,N,,,,
2432,24718,Oddu (275),ओडू (275),Shimla ( Rural )(Sub-District) / Shimla(District) / Himachal Pradesh(State),01772100,024718,N,,,,
2433,24145,Ogli (30),ओगली(30),Jalog(Sub-District) / Shimla(District) / Himachal Pradesh(State),01720800,024145,N,,,,
2434,24227,Okhroo,ओखरु (3),Dhami(Sub-District) / Shimla(District) / Himachal Pradesh(State),01729000,024227,N,,,,
2435,26224,Ori (74),ओडी (74),Kotkhai(Sub-District) / Shimla(District) / Himachal Pradesh(State),01899800,026224,N,,,,
2436,23698,Paat (145),पाट(145),Taklech(Sub-District) / Shimla(District) / Himachal Pradesh(State),01676200,023698,N,,,,
2437,24492,Pabar (393),पव्वाड (393),Shimla ( Rural )(Sub-District) / Shimla(District) / Himachal Pradesh(State),01752600,024492,N,,,,
2438,25449,Pabas (66),पवास(66),Chaupal(Sub-District) / Shimla(District) / Himachal Pradesh(State),01837200,025449,N,,,,
2439,24123,Padain (103),पडैण(103),Jalog(Sub-District) / Shimla(District) / Himachal Pradesh(State),01718600,024123,N,,,,
2440,939893,Padam Nagar(112-1),पदमनगर(112/1),Rampur(Sub-District) / Shimla(District) / Himachal Pradesh(State),,000000,N,,,,
2441,26238,Padara May Saman(82),पडारा मय समाण (82),Kotkhai(Sub-District) / Shimla(District) / Himachal Pradesh(State),01901000,026238,N,eSignGOFile662648_19_02_2025_14_27_35.pdf,,,
2442,24319,Padech (63),पड़ेच (63),Shimla ( Rural )(Sub-District) / Shimla(District) / Himachal Pradesh(State),01736800,024319,N,,,,
2443,24619,Padhog (26),पधोग (26),Shimla ( Rural )(Sub-District) / Shimla(District) / Himachal Pradesh(State),01763500,024619,N,,,,
2444,25207,Padrog (341),पडरोग(341),Theog(Sub-District) / Shimla(District) / Himachal Pradesh(State),01817100,025207,N,,,,
2445,26342,Padshal (108),पडशाल 108,Kotkhai(Sub-District) / Shimla(District) / Himachal Pradesh(State),01909300,026342,N,,,,
2446,26352,Padsholi (92),पड़शोली (92),Kotkhai(Sub-District) / Shimla(District) / Himachal Pradesh(State),01909800,026352,N,,,,
2447,24649,Pagog (323),पगोग (323),Shimla ( Rural )(Sub-District) / Shimla(District) / Himachal Pradesh(State),01765400,024649,N,,,,
2448,24083,Pahal (162),पाहल(162),Dhami(Sub-District) / Shimla(District) / Himachal Pradesh(State),01714600,024083,N,,,,
2449,26016,Pahar (79),पाहड़(79),Jubbal(Sub-District) / Shimla(District) / Himachal Pradesh(State),01882300,026016,N,,,,
2450,23650,Paie (188/2),पेई(188/2),Taklech(Sub-District) / Shimla(District) / Himachal Pradesh(State),01671400,023650,N,,,,
2451,24347,Painchari(14/148),पैन्चडी(14/148),Dhami(Sub-District) / Shimla(District) / Himachal Pradesh(State),01739200,024347,N,,,,
2452,26196,Pajol (4),पजोल (4),Kotkhai(Sub-District) / Shimla(District) / Himachal Pradesh(State),01897900,026196,N,,,,
2453,26294,Pal (169),पाल (169),Kotkhai(Sub-District) / Shimla(District) / Himachal Pradesh(State),01905300,026294,N,,,,
2454,24125,Palag (98),पलग(98),Jalog(Sub-District) / Shimla(District) / Himachal Pradesh(State),01718800,024125,N,,,,
2455,25280,Palail (32),पलैल(32),Theog(Sub-District) / Shimla(District) / Himachal Pradesh(State),01823800,025280,N,,,,
2456,25071,Palana (106),पलाना(106),Theog(Sub-District) / Shimla(District) / Himachal Pradesh(State),01803800,025071,N,,,,
2457,25052,Palat (148),पालट(148),Theog(Sub-District) / Shimla(District) / Himachal Pradesh(State),01801900,025052,N,,,,
2458,24373,Palgi Kalan (14/162),पालगी कलां (14/162),Dhami(Sub-District) / Shimla(District) / Himachal Pradesh(State),01741700,024373,N,,,,
2459,24371,Palgi Khurd (14/163),पालगी खुर्द(14/163,Dhami(Sub-District) / Shimla(District) / Himachal Pradesh(State),01741500,024371,N,,,,
2460,26191,Pali (12),पाली (12),Kotkhai(Sub-District) / Shimla(District) / Himachal Pradesh(State),01897400,026191,N,,,,
2461,23649,Paljara (188/1),पलजारा (188/1),Taklech(Sub-District) / Shimla(District) / Himachal Pradesh(State),01671300,023649,N,,,,
2462,24967,Palo (184),पालो(184),Theog(Sub-District) / Shimla(District) / Himachal Pradesh(State),01794500,024967,N,,,,
2463,24800,Palo Jubbad (365),पालो जुब्बड (365),Shimla ( Rural )(Sub-District) / Shimla(District) / Himachal Pradesh(State),01779800,024800,N,,,,
2464,25301,Palvi (90),पालवी(90),Theog(Sub-District) / Shimla(District) / Himachal Pradesh(State),01825400,025301,N,,,,
2465,24055,Palyar Abal(181),पल्याड अब्बल (181),Sunni(Sub-District) / Shimla(District) / Himachal Pradesh(State),01711800,024055,N,,,,
2466,24054,Palyar Doyam(180),पल्याड दोयम(180),Sunni(Sub-District) / Shimla(District) / Himachal Pradesh(State),01711700,024054,N,,,,
2467,23920,Pamlahi(12),पमलाई(12),Kotgarh(Sub-District) / Shimla(District) / Himachal Pradesh(State),01698300,023920,N,,,,
2468,26702,Pandar (19),पंडार(19),Dodra Kwar(Sub-District) / Shimla(District) / Himachal Pradesh(State),01944700,026702,N,,,,
2469,26282,Pandli (126),पान्दली (126),Kotkhai(Sub-District) / Shimla(District) / Himachal Pradesh(State),01904200,026282,N,,,,
2470,24154,Pandoa (11),पन्दोआ(11),Jalog(Sub-District) / Shimla(District) / Himachal Pradesh(State),01721700,024154,N,,,,
2471,26095,Pandranu (113),पन्द्रानू(113),Sarawati Nagar(Sub-District) / Shimla(District) / Himachal Pradesh(State),01890200,026095,N,,,,
2472,26202,Pandrog,पन्डरोग,Kotkhai(Sub-District) / Shimla(District) / Himachal Pradesh(State),01898400,026202,N,,,,
2473,24627,Paneha (42),पनेहा (42),Shimla ( Rural )(Sub-District) / Shimla(District) / Himachal Pradesh(State),01763800,024627,N,,,,
2474,24100,Panehal(132),पनैहल(132),Sunni(Sub-District) / Shimla(District) / Himachal Pradesh(State),01716300,024100,N,,,,
2475,23707,Panehal (4),पनैहल(4),Nankhari(Sub-District) / Shimla(District) / Himachal Pradesh(State),01677000,023707,N,,,,
2476,24115,Panehra(111),पनेहरा(111),Sunni(Sub-District) / Shimla(District) / Himachal Pradesh(State),01717800,024115,N,,,,
2477,24427,Paneola (9/97),पनेवला (9/97),Shimla ( Rural )(Sub-District) / Shimla(District) / Himachal Pradesh(State),01746800,024427,N,,,,
2478,24401,Panesh (12/113),पनेश (12/113),Shimla ( Rural )(Sub-District) / Shimla(District) / Himachal Pradesh(State),01744200,024401,N,,,,
2479,23795,Pangroti (81/2),पन्गरोटी(81/2),Nankhari(Sub-District) / Shimla(District) / Himachal Pradesh(State),01685800,023795,N,,,,
2480,24009,Paniali (233),पन्याली(233),Dhami(Sub-District) / Shimla(District) / Himachal Pradesh(State),01707200,024009,N,,,,
2481,24238,Panihana (18),पनिहाना(18),Dhami(Sub-District) / Shimla(District) / Himachal Pradesh(State),01730100,024238,N,,,,
2482,25115,Panjail (306),पन्जैल(306),Theog(Sub-District) / Shimla(District) / Himachal Pradesh(State),01808200,025115,N,,,,
2483,24250,Panjaili Waziran (19),पजैल बजीरा,Dhami(Sub-District) / Shimla(District) / Himachal Pradesh(State),01731300,024250,N,,,,
2484,24248,Panjail Jalanoo(13),पंजैल जलाणू(13),Dhami(Sub-District) / Shimla(District) / Himachal Pradesh(State),01731100,024248,N,,,,
2485,24236,Panjail Jamogi (12),पंजैल जमोगी (12),Dhami(Sub-District) / Shimla(District) / Himachal Pradesh(State),01729900,024236,N,,,,
2486,24380,Panjavati (13/125),पंजावटी (13-125),Shimla ( Rural )(Sub-District) / Shimla(District) / Himachal Pradesh(State),01742400,024380,N,,,,
2487,24678,Panjog (343),पंजोग (343),Shimla ( Rural )(Sub-District) / Shimla(District) / Himachal Pradesh(State),01768100,024678,N,,,,
2488,939805,Panjri,पान्जडी,Shimla (Urban)(Sub-District) / Shimla(District) / Himachal Pradesh(State),,000000,N,,,,
2489,24215,Panjyali (64),पंजयाली (64),Sunni(Sub-District) / Shimla(District) / Himachal Pradesh(State),01727800,024215,N,,,,
2490,24264,Panog (37),पनोग(37),Dhami(Sub-District) / Shimla(District) / Himachal Pradesh(State),01732700,024264,N,,,,
2491,24494,Panog (396),पनोग (396),Shimla ( Rural )(Sub-District) / Shimla(District) / Himachal Pradesh(State),01752800,024494,N,,,,
2492,26234,Panog (75),पनोग (75),Kotkhai(Sub-District) / Shimla(District) / Himachal Pradesh(State),01900600,026234,N,,,,
2493,24011,Panohi (222),पनोही(222),Dhami(Sub-District) / Shimla(District) / Himachal Pradesh(State),01707400,024011,N,,,,
2494,25120,Pansejal (310),पनसेजल(310),Theog(Sub-District) / Shimla(District) / Himachal Pradesh(State),01808700,025120,N,,,,
2495,24548,Panthaghati,पंथाघाटी,Shimla ( Rural )(Sub-District) / Shimla(District) / Himachal Pradesh(State),01757500,024548,N,,,,
2496,24455,Panti (344),पन्टी (344),Shimla ( Rural )(Sub-District) / Shimla(District) / Himachal Pradesh(State),01749100,024455,N,,,,
2497,24585,Panti (4/59),पन्टी (4/59),Shimla ( Rural )(Sub-District) / Shimla(District) / Himachal Pradesh(State),01760200,024585,N,,,,
2498,24414,Paoba (16/190),पवाबो(16/190),Shimla ( Rural )(Sub-District) / Shimla(District) / Himachal Pradesh(State),01745500,024414,N,,,,
2499,26456,Paoli (124),पावली(124),Rohru(Sub-District) / Shimla(District) / Himachal Pradesh(State),01920200,026456,N,,,,
2500,25098,Parala (327),पराला(327),Theog(Sub-District) / Shimla(District) / Himachal Pradesh(State),01806500,025098,N,,,,
2501,26164,Parali (53),पराली (53),Kotkhai(Sub-District) / Shimla(District) / Himachal Pradesh(State),01895600,026164,N,,,,
2502,24813,Parari (412),पराड़ी(412),Shimla ( Rural )(Sub-District) / Shimla(District) / Himachal Pradesh(State),01781100,024813,N,,,,
2503,25284,Pargeya (42),पड़गैया (42),Deha(Sub-District) / Shimla(District) / Himachal Pradesh(State),01824000,025284,N,,,,
2504,25017,Parhain (246),पड़ैहन(246),Theog(Sub-District) / Shimla(District) / Himachal Pradesh(State),01798500,025017,N,,,,
2505,23674,Parog (131/2),परोग(131/2),Taklech(Sub-District) / Shimla(District) / Himachal Pradesh(State),01673800,023674,N,,,,
2506,25226,Parola (360),पड़ोला(360),Theog(Sub-District) / Shimla(District) / Himachal Pradesh(State),01819000,025226,N,,,,
2507,26508,Parsa (116),पारसा(116),Rohru(Sub-District) / Shimla(District) / Himachal Pradesh(State),01925300,026508,N,,,,
2508,24864,Parthana Bud(173),पड़थाना बड (173),Junga(Sub-District) / Shimla(District) / Himachal Pradesh(State),01786100,024864,N,,,,
2509,23572,Pashada (108),पशाडा (108),Rampur(Sub-District) / Shimla(District) / Himachal Pradesh(State),01663600,023572,N,,,,
2510,23518,Pashgaon (12/2),पशगाँव (12/2),Rampur(Sub-District) / Shimla(District) / Himachal Pradesh(State),01658100,023518,N,,,,
2511,24930,Patandu (238),पटाँडू(238),Theog(Sub-District) / Shimla(District) / Himachal Pradesh(State),01791600,024930,N,,,,
2512,24423,Patena (330),पटीना(330),Shimla ( Rural )(Sub-District) / Shimla(District) / Himachal Pradesh(State),01746400,024423,N,,,,
2513,939839,Pateog (107),पटेवग(107),Shimla ( Rural )(Sub-District) / Shimla(District) / Himachal Pradesh(State),,000000,N,,,,
2514,24794,Patgher (362),पटगैर (362),Shimla ( Rural )(Sub-District) / Shimla(District) / Himachal Pradesh(State),01779200,024794,N,,,,
2515,24686,Patiangali (310),पटेंगली(310),Shimla ( Rural )(Sub-District) / Shimla(District) / Himachal Pradesh(State),01768900,024686,N,,,,
2516,24996,Patinal (165),पटीनल(165),Theog(Sub-District) / Shimla(District) / Himachal Pradesh(State),01796700,024996,N,,,,
2517,24519,Patiod (98),पटयूड (98),Shimla ( Rural )(Sub-District) / Shimla(District) / Himachal Pradesh(State),01755300,024519,N,,,,
2518,24360,Patshaal Khurd(130),पतशाल खुर्द(130),Dhami(Sub-District) / Shimla(District) / Himachal Pradesh(State),01740400,024360,N,,,,
2519,24359,Patshal Kalan (131),पतशाल कलां (131),Dhami(Sub-District) / Shimla(District) / Himachal Pradesh(State),01740300,024359,N,,,,
2520,24358,Patshalti (128),पतशाल्टी(128),Dhami(Sub-District) / Shimla(District) / Himachal Pradesh(State),01740200,024358,N,,,,
2521,24374,Patta (140),पट्टा(140),Dhami(Sub-District) / Shimla(District) / Himachal Pradesh(State),01741800,024374,N,,,,
2522,24065,Patukhar (173),पटूखर(173),Sunni(Sub-District) / Shimla(District) / Himachal Pradesh(State),01712800,024065,N,,,,
2523,23832,Pauchi (154/1),पावची(154/1),Kumarsain(Sub-District) / Shimla(District) / Himachal Pradesh(State),01689500,023832,N,,,,
2524,26015,Pauta (41),पौटा(41),Jubbal(Sub-District) / Shimla(District) / Himachal Pradesh(State),01882200,026015,N,,,,
2525,26686,Peja (110),पेजा (110),Chirgaon(Sub-District) / Shimla(District) / Himachal Pradesh(State),01943100,026686,N,,,,
2526,26666,Pekha (79),पेखा (79),Dhamwari(Sub-District) / Shimla(District) / Himachal Pradesh(State),01941100,026666,N,eSignGOFile662648_25_03_2026_15_00_03.pdf,,,
2527,26423,Pekha Dhar (3),पेखाधार(3),Rohru(Sub-District) / Shimla(District) / Himachal Pradesh(State),01916900,026423,N,,,,
2528,26643,Petarli (76),पेटारली (76),Dhamwari(Sub-District) / Shimla(District) / Himachal Pradesh(State),01938800,026643,N,eSignGOFile662648_25_03_2026_15_00_03.pdf,,,
2529,24750,Phagla (251),फागला (251),Shimla ( Rural )(Sub-District) / Shimla(District) / Himachal Pradesh(State),01775300,024750,N,,,,
2530,24441,Phagla (8/94),फागला (8/94),Shimla ( Rural )(Sub-District) / Shimla(District) / Himachal Pradesh(State),01747900,024441,N,,,,
2531,939803,Phagli,फागली,Shimla (Urban)(Sub-District) / Shimla(District) / Himachal Pradesh(State),,000000,N,,,,
2532,24500,Phail (371),फायल (371),Shimla ( Rural )(Sub-District) / Shimla(District) / Himachal Pradesh(State),01753400,024500,N,,,,
2533,25560,Pharach,फडच,Chaupal(Sub-District) / Shimla(District) / Himachal Pradesh(State),01842900,025560,N,,,,
2534,23875,Pharal (87),फराल(87),Kumarsain(Sub-District) / Shimla(District) / Himachal Pradesh(State),01693800,023875,N,,,,
2535,23946,Pharnal (80),फरनाल(80),Kumarsain(Sub-District) / Shimla(District) / Himachal Pradesh(State),01700900,023946,N,,,,
2536,24628,Pharnenda (40),फरनेंडा (40),Shimla ( Rural )(Sub-District) / Shimla(District) / Himachal Pradesh(State),01763900,024628,N,,,,
2537,23711,Phaula(68),फौला(68),Rampur(Sub-District) / Shimla(District) / Himachal Pradesh(State),01677400,023711,N,,,,
2538,24403,Phgeda (114),फगेडा (114),Shimla ( Rural )(Sub-District) / Shimla(District) / Himachal Pradesh(State),01744400,024403,N,,,,
2539,24889,Piran (183),पीरन(183),Junga(Sub-District) / Shimla(District) / Himachal Pradesh(State),01788600,024889,N,,,,
2540,23582,Pithvi (64),पिथ्वी(64),Sarahan(Sub-District) / Shimla(District) / Himachal Pradesh(State),01664600,023582,N,,,,
2541,24636,Poabo (24),पवाबो(24),Shimla ( Rural )(Sub-District) / Shimla(District) / Himachal Pradesh(State),01764600,024636,N,,,,
2542,25254,Podal (213),पोडल(213),Theog(Sub-District) / Shimla(District) / Himachal Pradesh(State),01821600,025254,N,,,,
2543,25122,Pohach (292),पोहाच (292),Theog(Sub-District) / Shimla(District) / Himachal Pradesh(State),01808900,025122,N,,,,
2544,26297,Pohal (170),पोहल (170),Kotkhai(Sub-District) / Shimla(District) / Himachal Pradesh(State),01905600,026297,N,,,,
2545,25820,Poliya (123),पौलीया(123),Nerwa(Sub-District) / Shimla(District) / Himachal Pradesh(State),01862700,025820,N,,,,
2546,25696,Poran (41),पोडंन(41),Nerwa(Sub-District) / Shimla(District) / Himachal Pradesh(State),01850300,025696,N,,,,
2547,24703,Prahani (285),पराहणी (285),Shimla ( Rural )(Sub-District) / Shimla(District) / Himachal Pradesh(State),01770600,024703,N,,,,
2548,23807,Prashan(130),पराशन(130),Kumarsain(Sub-District) / Shimla(District) / Himachal Pradesh(State),01687000,023807,N,,,,
2549,25980,Praunthi (17),प्राँवठी(17),Jubbal(Sub-District) / Shimla(District) / Himachal Pradesh(State),01878700,025980,N,,,,
2550,26037,Prem Nagar (124/2),उप-महाल प्रेमनगर(124/2),Sarawati Nagar(Sub-District) / Shimla(District) / Himachal Pradesh(State),01884400,026037,N,,,,
2551,939849,Protected Forest Talgiri,संरक्षित वन तालगिरी,Shimla ( Rural )(Sub-District) / Shimla(District) / Himachal Pradesh(State),,000000,N,,,,
2552,26290,Pudla (171),पुडला (171),Kotkhai(Sub-District) / Shimla(District) / Himachal Pradesh(State),01904900,026290,N,,,,
2553,26255,Pujali (120),पुजाली (120),Kotkhai(Sub-District) / Shimla(District) / Himachal Pradesh(State),01902200,026255,N,,,,
2554,26140,Pujali(37),पुजैली(37),Kalbog(Sub-District) / Shimla(District) / Himachal Pradesh(State),01893300,026140,N,,,,
2555,25538,Pujari (120),पुजारी (120),Chaupal(Sub-District) / Shimla(District) / Himachal Pradesh(State),01841600,025538,N,,,,
2556,24529,Pujarli (116),पुजारली (116),Shimla ( Rural )(Sub-District) / Shimla(District) / Himachal Pradesh(State),01756300,024529,N,,,,
2557,25867,Pujarli (133),पुजारली(133),Nerwa(Sub-District) / Shimla(District) / Himachal Pradesh(State),01867400,025867,N,,,,
2558,24843,Pujarli (147),पुजारली(147),Junga(Sub-District) / Shimla(District) / Himachal Pradesh(State),01784100,024843,N,,,,
2559,26371,Pujarli - 3 (13),पुजारली-3(13),Tikar(Sub-District) / Shimla(District) / Himachal Pradesh(State),01911700,026371,N,,,,
2560,26414,Pujarli (51),पुजारली(51),Rohru(Sub-District) / Shimla(District) / Himachal Pradesh(State),01916000,026414,N,,,,
2561,25757,Pujarli (69),पुजारली(69),Nerwa(Sub-District) / Shimla(District) / Himachal Pradesh(State),01856400,025757,N,,,,
2562,23789,Punan (58/1),पुनन(58/1),Nankhari(Sub-District) / Shimla(District) / Himachal Pradesh(State),01685200,023789,N,,,,
2563,25356,Punder(20),पुन्दर(20),Deha(Sub-District) / Shimla(District) / Himachal Pradesh(State),01830700,025356,N,,,,
2564,25695,Pundrara (37),पुनद्राडा(37),Nerwa(Sub-District) / Shimla(District) / Himachal Pradesh(State),01850200,025695,N,,,,
2565,26635,Pundras (100),पुण्डरास (100),Dhamwari(Sub-District) / Shimla(District) / Himachal Pradesh(State),01938000,026635,N,eSignGOFile662648_25_03_2026_15_00_03.pdf,,,
2566,26328,Pungrish (127),पुन्गरिश (137),Kotkhai(Sub-District) / Shimla(District) / Himachal Pradesh(State),01908500,026328,N,,,,
2567,26201,Purag (137),पुडग (137),Kotkhai(Sub-District) / Shimla(District) / Himachal Pradesh(State),01898400,026201,N,,,,
2568,24765,Purani Koti (234),पुरानी कोटी (234),Shimla ( Rural )(Sub-District) / Shimla(District) / Himachal Pradesh(State),01776800,024765,N,,,,
2569,24795,Rachoi (369),रछोई(369),Shimla ( Rural )(Sub-District) / Shimla(District) / Himachal Pradesh(State),01779300,024795,N,,,,
2570,24758,Rachol (239),रछोल (239),Shimla ( Rural )(Sub-District) / Shimla(District) / Himachal Pradesh(State),01776100,024758,N,,,,
2571,23601,Racholi (111),रचोली (111),Rampur(Sub-District) / Shimla(District) / Himachal Pradesh(State),01666500,023601,N,,,,
2572,23693,Radoli Sharnal(151/2),रडोली शरनाल(151/2),Taklech(Sub-District) / Shimla(District) / Himachal Pradesh(State),01675700,023693,N,,,,
2573,24513,Raghawn (132),रघांव (132),Shimla ( Rural )(Sub-District) / Shimla(District) / Himachal Pradesh(State),01754700,024513,N,,,,
2574,23561,Ragori (62),रगोरी(62),Sarahan(Sub-District) / Shimla(District) / Himachal Pradesh(State),01662500,023561,N,,,,
2575,25351,Ragsa (50),रागसा(50),Deha(Sub-District) / Shimla(District) / Himachal Pradesh(State),01830200,025351,N,,,,
2576,939929,Rahighat (276),रहीघाट (276),Theog(Sub-District) / Shimla(District) / Himachal Pradesh(State),,000000,N,,,,
2577,23877,Rahu (89),राहू(89),Kumarsain(Sub-District) / Shimla(District) / Himachal Pradesh(State),01694000,023877,N,,,,
2578,26010,Raika (63),राईका(63),Jubbal(Sub-District) / Shimla(District) / Himachal Pradesh(State),01881700,026010,N,,,,
2579,25274,Rail (24),रैल (24),Theog(Sub-District) / Shimla(District) / Himachal Pradesh(State),01823200,025274,N,,,,
2580,24550,Rajana (109),रजाना (109),Shimla ( Rural )(Sub-District) / Shimla(District) / Himachal Pradesh(State),01757600,024550,N,,,,
2581,24241,Rajeta (24),रजेटा (24),Dhami(Sub-District) / Shimla(District) / Himachal Pradesh(State),01730400,024241,N,,,,
2582,26069,Rajkot (117/2),उप-महाल राजकोट(117/2),Sarawati Nagar(Sub-District) / Shimla(District) / Himachal Pradesh(State),01887600,026069,N,,,,
2583,23635,Rajpur (172),राजपुरा (172),Rampur(Sub-District) / Shimla(District) / Himachal Pradesh(State),01669900,023635,N,,,,
2584,24919,Rajpura (217),राजपुरा(217),Theog(Sub-District) / Shimla(District) / Himachal Pradesh(State),01790900,024919,N,,,,
2585,26113,Rajtari (42),रजटाडी(42),Kalbog(Sub-District) / Shimla(District) / Himachal Pradesh(State),01891500,026113,N,,,,
2586,939823,Ram Nagar,रामनगर,Shimla (Urban)(Sub-District) / Shimla(District) / Himachal Pradesh(State),,000000,N,,,,
2587,26050,Ramnagri (126/2),उप-महाल रामनगरी(126/2),Sarawati Nagar(Sub-District) / Shimla(District) / Himachal Pradesh(State),01885700,026050,N,,,,
2588,25966,Rampuri (30),रामपुरी(30),Jubbal(Sub-District) / Shimla(District) / Himachal Pradesh(State),01877300,025966,N,,,,
2589,26376,Ramteri (26),रमटेडी(26),Tikar(Sub-District) / Shimla(District) / Himachal Pradesh(State),01912200,026376,N,,,,
2590,25209,Randhu (345),रन्धू(345),Theog(Sub-District) / Shimla(District) / Himachal Pradesh(State),01817300,025209,N,,,,
2591,24349,Rangol (157),रंगोल(157),Dhami(Sub-District) / Shimla(District) / Himachal Pradesh(State),01739400,024349,N,,,,
2592,26584,Ranol (25),रनोल(25),Jangla(Sub-District) / Shimla(District) / Himachal Pradesh(State),01932900,026584,N,,,,
2593,23567,Ranot (91),रनोट (91),Rampur(Sub-District) / Shimla(District) / Himachal Pradesh(State),01663100,023567,N,,,,
2594,26487,Rantari (133),रन्टाडी(133),Rohru(Sub-District) / Shimla(District) / Himachal Pradesh(State),01923300,026487,N,,,,
2595,25698,Ranwi (45),रानवी(45),Nerwa(Sub-District) / Shimla(District) / Himachal Pradesh(State),01850500,025698,N,,,,
2596,23543,Ranwin (58),रांबीं(58),Sarahan(Sub-District) / Shimla(District) / Himachal Pradesh(State),01660600,023543,N,,,,
2597,26547,Raosi (51),रावसी (51),Chirgaon(Sub-District) / Shimla(District) / Himachal Pradesh(State),01929200,026547,N,,,,
2598,24353,Rapra (134),रापडा (134),Dhami(Sub-District) / Shimla(District) / Himachal Pradesh(State),01739800,024353,N,,,,
2599,25582,Rarth (47),रार्थ (47),Chaupal(Sub-District) / Shimla(District) / Himachal Pradesh(State),01844600,025582,N,,,,
2600,24720,Ratanpur (271),रतनपुर (271),Shimla ( Rural )(Sub-District) / Shimla(District) / Himachal Pradesh(State),01772300,024720,N,,,,
2601,23548,Ratanpur (89),रत्नपुर(89),Rampur(Sub-District) / Shimla(District) / Himachal Pradesh(State),01661100,023548,N,,,,
2602,24269,Rattanpur(35),रतनपुर(35),Dhami(Sub-District) / Shimla(District) / Himachal Pradesh(State),01733200,024269,N,,,,
2603,24392,Rauda (10/105),रौडा (10/105),Shimla ( Rural )(Sub-District) / Shimla(District) / Himachal Pradesh(State),01743400,024392,N,,,,
2604,24378,Rauri (142),रौडी(142),Dhami(Sub-District) / Shimla(District) / Himachal Pradesh(State),01742200,024378,N,,,,
2605,24588,Rauri (56),रौडी (56),Shimla ( Rural )(Sub-District) / Shimla(District) / Himachal Pradesh(State),01760500,024588,N,,,,
2606,24426,Rauri (9/99),रौडी (9/99),Shimla ( Rural )(Sub-District) / Shimla(District) / Himachal Pradesh(State),01746700,024426,N,,,,
2607,25427,Rawtan,रावतन,Chaupal(Sub-District) / Shimla(District) / Himachal Pradesh(State),01835700,025427,N,,,,
2608,24567,Rehai (5/67),रिहाई (5/67),Shimla ( Rural )(Sub-District) / Shimla(District) / Himachal Pradesh(State),01758600,024567,N,,,,
2609,24438,Rehal Baichari (7/88),रेहल बाईचिड़ी (7/88),Shimla ( Rural )(Sub-District) / Shimla(District) / Himachal Pradesh(State),01747700,024438,N,,,,
2610,26418,Rehdi(24),रैहडी(24),Rohru(Sub-District) / Shimla(District) / Himachal Pradesh(State),01916400,026418,N,,,,
2611,23766,Rehstu (17/2),रेहस्टु(17/2),Nankhari(Sub-District) / Shimla(District) / Himachal Pradesh(State),01682900,023766,N,,,,
2612,25224,Rehvag (358),रैहवग (358),Theog(Sub-District) / Shimla(District) / Himachal Pradesh(State),01818800,025224,N,,,,
2613,26150,Rehwat(25),रैहवट(25),Kalbog(Sub-District) / Shimla(District) / Himachal Pradesh(State),01894300,026150,N,,,,
2614,26173,Reog,रेयोग,Kotkhai(Sub-District) / Shimla(District) / Himachal Pradesh(State),01896000,026173,N,,,,
2615,23978,Reog (62),रेवग(62),Kumarsain(Sub-District) / Shimla(District) / Himachal Pradesh(State),01704100,023978,N,,,,
2616,25822,Reoshti (113),रैवशटी(113),Nerwa(Sub-District) / Shimla(District) / Himachal Pradesh(State),01862900,025822,N,,,,
2617,26334,Reserve Jangal Chambi Kupar 10-11 A,आरक्षित जंगल चम्बी कुपड़ उप खण्ड 10-11 अ,Kotkhai(Sub-District) / Shimla(District) / Himachal Pradesh(State),01908800,026334,N,,,,
2618,26349,Reserve Jangal Chambi Kupar 13 E,जंगल मै.मै. चम्बी कुपड़ 13 ई.,Kotkhai(Sub-District) / Shimla(District) / Himachal Pradesh(State),01909500,026349,N,,,,
2619,24769,Retreat (243),रिट्रीट (243),Shimla ( Rural )(Sub-District) / Shimla(District) / Himachal Pradesh(State),01777200,024769,N,,,,
2620,24050,Rewag (174),रेवग(174),Sunni(Sub-District) / Shimla(District) / Himachal Pradesh(State),01711300,024050,N,,,,
2621,24386,R. F. Balau(13-121-1),आरक्षित वन बलाऊ(13/121/1),Shimla ( Rural )(Sub-District) / Shimla(District) / Himachal Pradesh(State),01742800,024386,N,,,,
2622,26078,R.F. Bhattar (90),आर0एफ0 भटाड(90),Sarawati Nagar(Sub-District) / Shimla(District) / Himachal Pradesh(State),01888500,026078,N,,,,
2623,26091,R.F. Chhajpur(103),आर0एफ0 छाजपूर(103),Sarawati Nagar(Sub-District) / Shimla(District) / Himachal Pradesh(State),01889800,026091,N,,,,
2624,939847,R. F. Phatechi,जंगल मैं. मै. फतेची,Shimla ( Rural )(Sub-District) / Shimla(District) / Himachal Pradesh(State),,000000,N,,,,
2625,26258,R.F. Salyana (R-14),सल्याणा आर एफ 14,Kotkhai(Sub-District) / Shimla(District) / Himachal Pradesh(State),01902300,026258,N,,,,
2626,939844,R. F. Shadog,आरक्षित वन शडोग,Shimla ( Rural )(Sub-District) / Shimla(District) / Himachal Pradesh(State),,000000,N,,,,
2627,24986,Rihan (169),रिहाण(169),Theog(Sub-District) / Shimla(District) / Himachal Pradesh(State),01796000,024986,N,,,,
2628,25074,Rihana (99),रिहाणा(99),Theog(Sub-District) / Shimla(District) / Himachal Pradesh(State),01804100,025074,N,,,,
2629,25786,Rinjat (87),रिन्जट(87),Nerwa(Sub-District) / Shimla(District) / Himachal Pradesh(State),01859300,025786,N,,,,
2630,25130,Rishaili (274),रशैली(274),Theog(Sub-District) / Shimla(District) / Himachal Pradesh(State),01809600,025130,N,,,,
2631,26543,Rohal (54),रोहल (54),Chirgaon(Sub-District) / Shimla(District) / Himachal Pradesh(State),01928800,026543,N,,,,
2632,26044,Rohtan (128/1),रोहटान(128/1),Sarawati Nagar(Sub-District) / Shimla(District) / Himachal Pradesh(State),01885100,026044,N,,,,
2633,26310,Roind (160),रोइण्ड (160),Kotkhai(Sub-District) / Shimla(District) / Himachal Pradesh(State),01906800,026310,N,,,,
2634,24900,Roni Chadara (208),रौणी चदारा(208),Theog(Sub-District) / Shimla(District) / Himachal Pradesh(State),01789600,024900,N,,,,
2635,24948,Roni Matiana (192),रौनी मत्याना(192),Theog(Sub-District) / Shimla(District) / Himachal Pradesh(State),01793000,024948,N,,,,
2636,23963,Ropa (176),रोपा(176),Kumarsain(Sub-District) / Shimla(District) / Himachal Pradesh(State),01702600,023963,N,,,,
2637,26247,Rouni (86),रौणी (86),Kotkhai(Sub-District) / Shimla(District) / Himachal Pradesh(State),01901400,026247,N,,,,
2638,24060,Rounla(176),रौंला(176),Sunni(Sub-District) / Shimla(District) / Himachal Pradesh(State),01712300,024060,N,,,,
2639,24096,Rouri(138),रौडी(138),Sunni(Sub-District) / Shimla(District) / Himachal Pradesh(State),01715900,024096,N,,,,
2640,24660,Rug (330),रुग (330),Shimla ( Rural )(Sub-District) / Shimla(District) / Himachal Pradesh(State),01766400,024660,N,,,,
2641,24836,Ruhalti(192),रुहाल्टी(192),Junga(Sub-District) / Shimla(District) / Himachal Pradesh(State),01783400,024836,N,,,,
2642,26162,Rukhla (57),रूखला(57),Kalbog(Sub-District) / Shimla(District) / Himachal Pradesh(State),01895400,026162,N,,,,
2643,24210,Rumahan (88),रुमाहण(88),Sunni(Sub-District) / Shimla(District) / Himachal Pradesh(State),01727300,024210,N,,,,
2644,24218,Rumthal(75),रुमथल(75),Sunni(Sub-District) / Shimla(District) / Himachal Pradesh(State),01728100,024218,N,,,,
2645,26460,Runda (70),रुण्डा(70),Rohru(Sub-District) / Shimla(District) / Himachal Pradesh(State),01920600,026460,N,,,,
2646,25020,Runkali Digar(243),रुनकली दिगर(243),Theog(Sub-District) / Shimla(District) / Himachal Pradesh(State),01798800,025020,N,,,,
2647,25018,Runkali Godhan(244),रुनकली गोधन(244),Theog(Sub-District) / Shimla(District) / Himachal Pradesh(State),01798600,025018,N,,,,
2648,23590,Runpu (74),रूणपू(74),Sarahan(Sub-District) / Shimla(District) / Himachal Pradesh(State),01665400,023590,N,,,,
2649,25416,Rupari (35),रूपाडी(35),Chaupal(Sub-District) / Shimla(District) / Himachal Pradesh(State),01835100,025416,N,,,,
2650,23900,Ruwali (21),रूवाली(21),Kotgarh(Sub-District) / Shimla(District) / Himachal Pradesh(State),01696300,023900,N,,,,
2651,23670,Ruwan (124),रवाण (124),Rampur(Sub-District) / Shimla(District) / Himachal Pradesh(State),01673400,023670,N,,,,
2652,24135,Saal(101),साल(101),Jalog(Sub-District) / Shimla(District) / Himachal Pradesh(State),01719800,024135,N,,,,
2653,26080,Sabhar (101),सभाड़(101),Sarawati Nagar(Sub-District) / Shimla(District) / Himachal Pradesh(State),01888700,026080,N,,,,
2654,24700,Sadhora (296),सधौडा(296),Shimla ( Rural )(Sub-District) / Shimla(District) / Himachal Pradesh(State),01770300,024700,N,,,,
2655,24702,Sadhora Dochi (295),सधौडा दोची  (295),Shimla ( Rural )(Sub-District) / Shimla(District) / Himachal Pradesh(State),01770500,024702,N,,,,
2656,24974,Sai (189),सैई(189),Theog(Sub-District) / Shimla(District) / Himachal Pradesh(State),01795000,024974,N,,,,
2657,25651,Sailpab (155),सैलपाब(155),Kupvi(Sub-District) / Shimla(District) / Himachal Pradesh(State),01846900,025651,N,,,,
2658,26097,Sainj (109/1),डी0पी0एफ0 सैंज(109/1),Sarawati Nagar(Sub-District) / Shimla(District) / Himachal Pradesh(State),01890400,026097,N,,,,
2659,24014,Sainj (216),सैन्ज(216),Sunni(Sub-District) / Shimla(District) / Himachal Pradesh(State),01707700,024014,N,,,,
2660,25165,Sainj (222),सैंज(222),Theog(Sub-District) / Shimla(District) / Himachal Pradesh(State),01813100,025165,N,,,,
2661,25104,Sainj (334),सैंज(334),Theog(Sub-District) / Shimla(District) / Himachal Pradesh(State),01807100,025104,N,,,,
2662,24157,Sainj (9),सैन्ज(9),Jalog(Sub-District) / Shimla(District) / Himachal Pradesh(State),01722000,024157,N,,,,
2663,26493,Sainji (135),सैंजी(135),Rohru(Sub-District) / Shimla(District) / Himachal Pradesh(State),01923900,026493,N,,,,
2664,23889,Sainj Paranu (25),सैन्ज परानूं (25),Kotgarh(Sub-District) / Shimla(District) / Himachal Pradesh(State),01695200,023889,N,,,,
2665,26341,Saintari (109),सैंताडी (109),Kotkhai(Sub-District) / Shimla(District) / Himachal Pradesh(State),01909200,026341,N,,,,
2666,26385,Sajar (34),सजार(34),Tikar(Sub-District) / Shimla(District) / Himachal Pradesh(State),01913100,026385,N,,,,
2667,23886,Sakundi Chimla (36),सकुन्दी चिमला(36),Kotgarh(Sub-District) / Shimla(District) / Himachal Pradesh(State),01694900,023886,N,,,,
2668,24479,Salana (357),सलाना (357),Shimla ( Rural )(Sub-District) / Shimla(District) / Himachal Pradesh(State),01751300,024479,N,,,,
2669,24279,Salaun (90),सलौण(90),Dhami(Sub-District) / Shimla(District) / Himachal Pradesh(State),01734200,024279,N,,,,
2670,26092,Salna (104),सालना(104),Sarawati Nagar(Sub-District) / Shimla(District) / Himachal Pradesh(State),01889900,026092,N,,,,
2671,26256,Salyana (112),सल्याणा अवल 112,Kotkhai(Sub-District) / Shimla(District) / Himachal Pradesh(State),01902300,026256,N,,,,
2672,25067,Sambhar(112),साम्बर(112),Theog(Sub-District) / Shimla(District) / Himachal Pradesh(State),01803400,025067,N,,,,
2673,26496,Samoli (136),समोली (136),Rohru(Sub-District) / Shimla(District) / Himachal Pradesh(State),01924100,026496,N,,,,
2674,25645,Samvi (146),सामूवी(146),Kupvi(Sub-District) / Shimla(District) / Himachal Pradesh(State),01846400,025645,N,,,,
2675,25065,Sanahu (114),सनाऊ(114),Theog(Sub-District) / Shimla(District) / Himachal Pradesh(State),01803200,025065,N,,,,
2676,24214,Sanahu (65),सनाहू(65),Sunni(Sub-District) / Shimla(District) / Himachal Pradesh(State),01727700,024214,N,,,,
2677,25082,Sanai (325),सनांई(325),Theog(Sub-District) / Shimla(District) / Himachal Pradesh(State),01804900,025082,N,,,,
2678,23549,Sanarsa (96),सनारसा(96),Rampur(Sub-District) / Shimla(District) / Himachal Pradesh(State),01661200,023549,N,,,,
2679,25606,Sanat (134),सनत(134),Kupvi(Sub-District) / Shimla(District) / Himachal Pradesh(State),01845500,025606,N,,,,
2680,23598,Sanathli (110),सनाथली(110),Rampur(Sub-District) / Shimla(District) / Himachal Pradesh(State),01666200,023598,N,,,,
2681,26683,Sandasu (109),सन्दासू (109),Chirgaon(Sub-District) / Shimla(District) / Himachal Pradesh(State),01942800,026683,N,,,,
2682,24478,Sandhut (359),संधूत (359),Shimla ( Rural )(Sub-District) / Shimla(District) / Himachal Pradesh(State),01751200,024478,N,,,,
2683,24168,Sandoa (25),सन्दोआ(25),Jalog(Sub-District) / Shimla(District) / Himachal Pradesh(State),01723100,024168,N,,,,
2684,25192,Sangati (347),साँगटी(347),Theog(Sub-District) / Shimla(District) / Himachal Pradesh(State),01815600,025192,N,,,,
2685,25411,Sangroli (32),शन्गडौली(32),Chaupal(Sub-District) / Shimla(District) / Himachal Pradesh(State),01834900,025411,N,,,,
2686,24608,Sangti (3/13),सांगटी(3/13),Shimla ( Rural )(Sub-District) / Shimla(District) / Himachal Pradesh(State),01762500,024608,N,,,,
2687,939886,Sangti(384),सांगटी(384),Shimla ( Rural )(Sub-District) / Shimla(District) / Himachal Pradesh(State),,000000,N,,,,
2688,25032,Sanhana (136),सनाणा(136),Theog(Sub-District) / Shimla(District) / Himachal Pradesh(State),01799900,025032,N,,,,
2689,25711,Sanog (23),सनोग(23),Nerwa(Sub-District) / Shimla(District) / Himachal Pradesh(State),01851800,025711,N,,,,
2690,24591,Sanog Nichla (3/48),सनोग निचला,Shimla ( Rural )(Sub-District) / Shimla(District) / Himachal Pradesh(State),01760800,024591,N,,,,
2691,24607,Sanog Uparla (3/14),सनोग उपरला,Shimla ( Rural )(Sub-District) / Shimla(District) / Himachal Pradesh(State),01762400,024607,N,,,,
2692,26087,Sanoli (85),सनोली,Sarawati Nagar(Sub-District) / Shimla(District) / Himachal Pradesh(State),01889400,026087,N,,,,
2693,26079,Sansog (99),सन्सोग(99),Sarawati Nagar(Sub-District) / Shimla(District) / Himachal Pradesh(State),01888600,026079,N,,,,
2694,23824,Sarahan (139),सराहन(139),Kumarsain(Sub-District) / Shimla(District) / Himachal Pradesh(State),01688700,023824,N,,,,
2695,23559,Sarahan (61),सराहन(61),Sarahan(Sub-District) / Shimla(District) / Himachal Pradesh(State),01662300,023559,N,,,,
2696,24209,Sarail (89),सरैल(89),Sunni(Sub-District) / Shimla(District) / Himachal Pradesh(State),01727200,024209,N,,,,
2697,25511,Sarain (111),सरांहा(111),Chaupal(Sub-District) / Shimla(District) / Himachal Pradesh(State),01840700,025511,N,,,,
2698,25512,Saralda,सराहलडा,Chaupal(Sub-District) / Shimla(District) / Himachal Pradesh(State),01840700,025512,N,,,,
2699,24547,Sargheen(114),सरघीन (114),Shimla ( Rural )(Sub-District) / Shimla(District) / Himachal Pradesh(State),01757500,024547,N,,,,
2700,25719,Sarhach (5),शडाच(5),Nerwa(Sub-District) / Shimla(District) / Himachal Pradesh(State),01852600,025719,N,,,,
2701,26585,Sari (24),सारी(24),Jangla(Sub-District) / Shimla(District) / Himachal Pradesh(State),01933000,026585,N,,,,
2702,25941,Sari (59/1),सारी(59/1),Jubbal(Sub-District) / Shimla(District) / Himachal Pradesh(State),01874800,025941,N,,,,
2703,25486,Sari (89),सरी(89),Chaupal(Sub-District) / Shimla(District) / Himachal Pradesh(State),01839500,025486,N,,,,
2704,25520,Sarkali (110),सरकली(110),Chaupal(Sub-District) / Shimla(District) / Himachal Pradesh(State),01840800,025520,N,,,,
2705,23507,Sarkanda (1),सरकाण्डाधार (1),Rampur(Sub-District) / Shimla(District) / Himachal Pradesh(State),01657000,023507,N,,,,
2706,25164,Sarog (229),सरोग(229),Theog(Sub-District) / Shimla(District) / Himachal Pradesh(State),01813000,025164,N,,,,
2707,23919,Saroga (10),सरोगा (10),Kotgarh(Sub-District) / Shimla(District) / Himachal Pradesh(State),01698200,023919,N,,,,
2708,26009,Sarot (64),सरोट(64),Jubbal(Sub-District) / Shimla(District) / Himachal Pradesh(State),01881600,026009,N,,,,
2709,23514,Sarpara (8/1),सर्परा (8/1),Rampur(Sub-District) / Shimla(District) / Himachal Pradesh(State),01657700,023514,N,,,,
2710,26030,Sarswati Nagar (62/4),उप-महाल सरस्वती(62/2)नगर,Sarawati Nagar(Sub-District) / Shimla(District) / Himachal Pradesh(State),01883700,026030,N,,,,
2711,25039,Sarui (253),सरुई (253),Theog(Sub-District) / Shimla(District) / Himachal Pradesh(State),01800600,025039,N,,,,
2712,24672,Saruila Baruila (341),सरुइला बरुइला,Shimla ( Rural )(Sub-District) / Shimla(District) / Himachal Pradesh(State),01767600,024672,N,,,,
2713,26102,Saskir (107/1),सास्कीर(107/1),Sarawati Nagar(Sub-District) / Shimla(District) / Himachal Pradesh(State),01890900,026102,N,,,,
2714,26199,Satahi (135),सतही(135),Kotkhai(Sub-District) / Shimla(District) / Himachal Pradesh(State),01898200,026199,N,,,,
2715,25581,Satka (55),सतका(55),Chaupal(Sub-District) / Shimla(District) / Himachal Pradesh(State),01844500,025581,N,,,,
2716,24885,Satlai (198),सतलाई(198),Junga(Sub-District) / Shimla(District) / Himachal Pradesh(State),01788200,024885,N,,,,
2717,25260,Satog (209),सतोग(209),Theog(Sub-District) / Shimla(District) / Himachal Pradesh(State),01822200,025260,N,,,,
2718,26139,Satral(38),सतराल(38),Kalbog(Sub-District) / Shimla(District) / Himachal Pradesh(State),01893200,026139,N,,,,
2719,25197,Satroobar(344),सतरूबड़(344),Theog(Sub-District) / Shimla(District) / Himachal Pradesh(State),01816100,025197,N,,,,
2720,24732,Saunl (299),सौल (299),Shimla ( Rural )(Sub-District) / Shimla(District) / Himachal Pradesh(State),01773500,024732,N,,,,
2721,24704,Saunthal (284),सौन्थल (284),Shimla ( Rural )(Sub-District) / Shimla(District) / Himachal Pradesh(State),01770700,024704,N,,,,
2722,24325,Sedan (77),सेदन(77),Dhami(Sub-District) / Shimla(District) / Himachal Pradesh(State),01737200,024325,N,,,,
2723,24410,Sehal (16/193),शाहल (16/193),Shimla ( Rural )(Sub-District) / Shimla(District) / Himachal Pradesh(State),01745100,024410,N,,,,
2724,24495,Sehl (383),सैहल(383),Shimla ( Rural )(Sub-District) / Shimla(District) / Himachal Pradesh(State),01752900,024495,N,,,,
2725,26511,Sendor (112),संदौर (112),Rohru(Sub-District) / Shimla(District) / Himachal Pradesh(State),01925600,026511,N,,,,
2726,24103,Senwag(136),सेंवग(136),Sunni(Sub-District) / Shimla(District) / Himachal Pradesh(State),01716600,024103,N,,,,
2727,24823,Ser Dagain (200),सेर डगैण(200),Shimla ( Rural )(Sub-District) / Shimla(District) / Himachal Pradesh(State),01782100,024823,N,,,,
2728,23830,Ser Dhar (140),सेरधार(140),Kumarsain(Sub-District) / Shimla(District) / Himachal Pradesh(State),01689300,023830,N,,,,
2729,24888,Sergata (185),सेरगाता(185),Junga(Sub-District) / Shimla(District) / Himachal Pradesh(State),01788500,024888,N,,,,
2730,24379,Seri (13/127),सेरी (13/127),Shimla ( Rural )(Sub-District) / Shimla(District) / Himachal Pradesh(State),01742300,024379,N,,,,
2731,24024,Seri(203),सेरी(203),Sunni(Sub-District) / Shimla(District) / Himachal Pradesh(State),01708700,024024,N,,,,
2732,26474,Seri (45),सेरी(45),Rohru(Sub-District) / Shimla(District) / Himachal Pradesh(State),01922000,026474,N,,,,
2733,26634,Seri (66),सेरी (66),Chirgaon(Sub-District) / Shimla(District) / Himachal Pradesh(State),01937900,026634,N,,,,
2734,23690,Seri Majhali (156),सेरी मझाली(156),Taklech(Sub-District) / Shimla(District) / Himachal Pradesh(State),01675400,023690,N,,,,
2735,25666,Serti (139),सेरटी(139),Kupvi(Sub-District) / Shimla(District) / Himachal Pradesh(State),01848100,025666,N,,,,
2736,25137,Shadayana (296),शड़याना(296),Theog(Sub-District) / Shimla(District) / Himachal Pradesh(State),01810300,025137,N,,,,
2737,25140,Shaddi (282),शदी(282),Theog(Sub-District) / Shimla(District) / Himachal Pradesh(State),01810600,025140,N,,,,
2738,24509,Shadiala (380),शडयाला (380),Shimla ( Rural )(Sub-District) / Shimla(District) / Himachal Pradesh(State),01754300,024509,N,,,,
2739,24200,Shadoh(94),शडोह(94),Sunni(Sub-District) / Shimla(District) / Himachal Pradesh(State),01726300,024200,N,,,,
2740,25193,Shagalti (349),शगाल्टी(349),Theog(Sub-District) / Shimla(District) / Himachal Pradesh(State),01815700,025193,N,,,,
2741,26578,Shagli (19),शागली(19),Jangla(Sub-District) / Shimla(District) / Himachal Pradesh(State),01932300,026578,N,,,,
2742,23578,Shah (85),शाह(85),Rampur(Sub-District) / Shimla(District) / Himachal Pradesh(State),01664200,023578,N,,,,
2743,23551,Shah (98),शाह(98),Rampur(Sub-District) / Shimla(District) / Himachal Pradesh(State),01661500,023551,N,,,,
2744,24333,Shahach (78),शैहच(78),Dhami(Sub-District) / Shimla(District) / Himachal Pradesh(State),01737900,024333,N,,,,
2745,23546,Shahdhar (56),शाहधार(56),Sarahan(Sub-District) / Shimla(District) / Himachal Pradesh(State),01660900,023546,N,,,,
2746,26317,Shahdoli (157),सहडोली(157),Kotkhai(Sub-District) / Shimla(District) / Himachal Pradesh(State),01907500,026317,N,,,,
2747,24035,Shahli (194),शाहली(194),Dhami(Sub-District) / Shimla(District) / Himachal Pradesh(State),01709800,024035,N,,,,
2748,26345,Shahun (93),शांहू(93),Kotkhai(Sub-District) / Shimla(District) / Himachal Pradesh(State),01909500,026345,N,,,,
2749,25275,Shai (27),शाई(27),Theog(Sub-District) / Shimla(District) / Himachal Pradesh(State),01823300,025275,N,,,,
2750,24727,Shaisher(291),शाइसेर(291),Shimla ( Rural )(Sub-District) / Shimla(District) / Himachal Pradesh(State),01773000,024727,N,,,,
2751,23718,Shakla (49),शाकला(49),Nankhari(Sub-District) / Shimla(District) / Himachal Pradesh(State),01678100,023718,N,,,,
2752,24343,Shakoh (152),शकोह(152),Dhami(Sub-District) / Shimla(District) / Himachal Pradesh(State),01738800,024343,N,,,,
2753,24484,Shakoh (390),शकोह (390),Shimla ( Rural )(Sub-District) / Shimla(District) / Himachal Pradesh(State),01751800,024484,N,,,,
2754,24332,Shakrah (79),शकराह(79),Dhami(Sub-District) / Shimla(District) / Himachal Pradesh(State),01737800,024332,N,,,,
2755,24540,Shakral (381),शकराल (381),Shimla ( Rural )(Sub-District) / Shimla(District) / Himachal Pradesh(State),01757000,024540,N,,,,
2756,25816,Shakrana (130),शकराना(130),Nerwa(Sub-District) / Shimla(District) / Himachal Pradesh(State),01862300,025816,N,,,,
2757,24071,Shakrori (123),शकरोडी(123),Sunni(Sub-District) / Shimla(District) / Himachal Pradesh(State),01713400,024071,N,,,,
2758,24355,Shakrot (135),शकरोट(13),Dhami(Sub-District) / Shimla(District) / Himachal Pradesh(State),01739900,024355,N,,,,
2759,25136,Shakrout (288),शकराऊट (288),Theog(Sub-District) / Shimla(District) / Himachal Pradesh(State),01810200,025136,N,,,,
2760,24618,Shal (25),शाहल (25),Shimla ( Rural )(Sub-District) / Shimla(District) / Himachal Pradesh(State),01763400,024618,N,,,,
2761,23768,Shalag (23),शलाग(23),Nankhari(Sub-District) / Shimla(District) / Himachal Pradesh(State),01683100,023768,N,,,,
2762,25214,Shalaina (337),शलाईना (337),Theog(Sub-District) / Shimla(District) / Himachal Pradesh(State),01817800,025214,N,,,,
2763,25828,Shalan (174),शलन(174),Nerwa(Sub-District) / Shimla(District) / Himachal Pradesh(State),01863500,025828,N,,,,
2764,26530,Shalan(83),शलान(83),Rohru(Sub-District) / Shimla(District) / Himachal Pradesh(State),01927500,026530,N,,,,
2765,26212,Shalat,उप-महाल शलाट,Kotkhai(Sub-District) / Shimla(District) / Himachal Pradesh(State),01898900,026212,N,,,,
2766,26413,Shalawat (50),शलावट(50),Rohru(Sub-District) / Shimla(District) / Himachal Pradesh(State),01915900,026413,N,,,,
2767,24865,Shalel (179),शलैल(179),Junga(Sub-District) / Shimla(District) / Himachal Pradesh(State),01786200,024865,N,,,,
2768,939927,Shali Bazar(271),शाली वाजार(271),Theog(Sub-District) / Shimla(District) / Himachal Pradesh(State),,000000,N,,,,
2769,939930,Shali Shilli Nali(272),शाली शीली नाली(272),Theog(Sub-District) / Shimla(District) / Himachal Pradesh(State),,000000,N,,,,
2770,949404,Shali Tinger (290),शाली टिंगर(290),Theog(Sub-District) / Shimla(District) / Himachal Pradesh(State),,000000,N,,,,
2771,26089,Shallar(86),शलाड(86),Sarawati Nagar(Sub-District) / Shimla(District) / Himachal Pradesh(State),01889600,026089,N,,,,
2772,25300,Shaloha (89),शलोहा(89),Theog(Sub-District) / Shimla(District) / Himachal Pradesh(State),01825300,025300,N,,,,
2773,24878,Shalot (162),शलोट(162),Junga(Sub-District) / Shimla(District) / Himachal Pradesh(State),01787500,024878,N,,,,
2774,23847,Shalota (119),शलौटा(119),Kumarsain(Sub-District) / Shimla(District) / Himachal Pradesh(State),01691000,023847,N,,,,
2775,23911,Shamathla(17),शमाथला(17),Kotgarh(Sub-District) / Shimla(District) / Himachal Pradesh(State),01697400,023911,N,,,,
2776,23501,Shamkor(34/3),शामकोर (34/3),Rampur(Sub-District) / Shimla(District) / Himachal Pradesh(State),01656400,023501,N,,,,
2777,25743,Shanag (60),शानग(60),Nerwa(Sub-District) / Shimla(District) / Himachal Pradesh(State),01855000,025743,N,,,,
2778,24770,Shanan (375),शहनान(375),Shimla ( Rural )(Sub-District) / Shimla(District) / Himachal Pradesh(State),01777300,024770,N,,,,
2779,23885,Shanand(96),शनाँद(96),Kumarsain(Sub-District) / Shimla(District) / Himachal Pradesh(State),01694800,023885,N,,,,
2780,23604,Shaneri (117),शनेरी(117),Rampur(Sub-District) / Shimla(District) / Himachal Pradesh(State),01666800,023604,N,,,,
2781,24465,Shangin (33/369),शगीन (33/369),Shimla ( Rural )(Sub-District) / Shimla(District) / Himachal Pradesh(State),01749900,024465,N,,,,
2782,24303,Shanohal (60),शैनल (60),Shimla ( Rural )(Sub-District) / Shimla(District) / Himachal Pradesh(State),01735600,024303,N,,,,
2783,25432,Shantha (44),शन्ठा(44),Chaupal(Sub-District) / Shimla(District) / Himachal Pradesh(State),01836100,025432,N,,,,
2784,24397,Shanwla (116),शांवला (116),Shimla ( Rural )(Sub-District) / Shimla(District) / Himachal Pradesh(State),01743900,024397,N,,,,
2785,25458,Shapra (78),शापरा(78),Chaupal(Sub-District) / Shimla(District) / Himachal Pradesh(State),01837700,025458,N,,,,
2786,24689,Sharai (258),शरई(258),Shimla ( Rural )(Sub-District) / Shimla(District) / Himachal Pradesh(State),01769200,024689,N,,,,
2787,23660,Sharan(197/1),शरन(197/1),Taklech(Sub-District) / Shimla(District) / Himachal Pradesh(State),01672400,023660,N,,,,
2788,24658,Sharawag (325),शरावग (325),Shimla ( Rural )(Sub-District) / Shimla(District) / Himachal Pradesh(State),01766200,024658,N,,,,
2789,25102,Sharghal (330),शरघाल(330),Theog(Sub-District) / Shimla(District) / Himachal Pradesh(State),01806900,025102,N,,,,
2790,26007,Sharhara(65),शड़हाना(65),Jubbal(Sub-District) / Shimla(District) / Himachal Pradesh(State),01881400,026007,N,,,,
2791,24957,Shari (180),शड़ी(180),Theog(Sub-District) / Shimla(District) / Himachal Pradesh(State),01793800,024957,N,,,,
2792,24477,Shari (351),शरई(351),Shimla ( Rural )(Sub-District) / Shimla(District) / Himachal Pradesh(State),01751100,024477,N,,,,
2793,26003,Shari (42),शाड़ी(42),Jubbal(Sub-District) / Shimla(District) / Himachal Pradesh(State),01881000,026003,N,,,,
2794,24221,Shari (73),शडी(73),Sunni(Sub-District) / Shimla(District) / Himachal Pradesh(State),01728400,024221,N,,,,
2795,26600,Sharkali (137),शारकली(137),Jangla(Sub-District) / Shimla(District) / Himachal Pradesh(State),01934500,026600,N,,,,
2796,26404,Sharmali (41),शरमाली(41),Rohru(Sub-District) / Shimla(District) / Himachal Pradesh(State),01915000,026404,N,,,,
2797,24983,Sharmla(195),शरमला(195),Theog(Sub-District) / Shimla(District) / Himachal Pradesh(State),01795700,024983,N,,,,
2798,24045,Sharog (189),शरोग(189),Dhami(Sub-District) / Shimla(District) / Himachal Pradesh(State),01710800,024045,N,,,,
2799,23717,Sharog (52),शरोग(52),Nankhari(Sub-District) / Shimla(District) / Himachal Pradesh(State),01678000,023717,N,,,,
2800,24578,Sharog (5/68),शडोग (5/68),Shimla ( Rural )(Sub-District) / Shimla(District) / Himachal Pradesh(State),01759600,024578,N,,,,
2801,26452,Sharog(79),शरोग (79),Rohru(Sub-District) / Shimla(District) / Himachal Pradesh(State),01919800,026452,N,,,,
2802,26399,Sharontha (46),शरोंथा(46),Tikar(Sub-District) / Shimla(District) / Himachal Pradesh(State),01914500,026399,N,,,,
2803,25174,Shataiya (389),शटेयां (389),Theog(Sub-District) / Shimla(District) / Himachal Pradesh(State),01813900,025174,N,,,,
2804,25856,Shatal (169),शटल(169),Nerwa(Sub-District) / Shimla(District) / Himachal Pradesh(State),01866300,025856,N,,,,
2805,25818,Shathwal (128),शठावल(128),Nerwa(Sub-District) / Shimla(District) / Himachal Pradesh(State),01862500,025818,N,,,,
2806,24061,Shaud(171),शौड(171),Sunni(Sub-District) / Shimla(District) / Himachal Pradesh(State),01712400,024061,N,,,,
2807,24081,Shawad (188),शवाड(188),Sunni(Sub-District) / Shimla(District) / Himachal Pradesh(State),01714400,024081,N,,,,
2808,25202,Shawag(302),शावग(302),Theog(Sub-District) / Shimla(District) / Himachal Pradesh(State),01816600,025202,N,,,,
2809,24762,Shawah (230),शवाह (230),Shimla ( Rural )(Sub-District) / Shimla(District) / Himachal Pradesh(State),01776500,024762,N,,,,
2810,25530,Shawala (116),शवाला(116),Chaupal(Sub-District) / Shimla(District) / Himachal Pradesh(State),01841200,025530,N,,,,
2811,26316,Shawala (161),शवाला(161),Kotkhai(Sub-District) / Shimla(District) / Himachal Pradesh(State),01907400,026316,N,,,,
2812,25762,Shawala (73),शवाला(73),Nerwa(Sub-District) / Shimla(District) / Himachal Pradesh(State),01856900,025762,N,,,,
2813,23895,Shawat (32),शावट(32),Kotgarh(Sub-District) / Shimla(District) / Himachal Pradesh(State),01695800,023895,N,,,,
2814,24367,Shawli(14/160),स्यालमू(14/160),Dhami(Sub-District) / Shimla(District) / Himachal Pradesh(State),01741100,024367,N,,,,
2815,24029,Shawli(219),शावली(219),Dhami(Sub-District) / Shimla(District) / Himachal Pradesh(State),01709200,024029,N,,,,
2816,23950,Shedari(159/1),शैहदरी(159/1),Kumarsain(Sub-District) / Shimla(District) / Himachal Pradesh(State),01701300,023950,N,,,,
2817,26524,Sheel(98),शील (98),Rohru(Sub-District) / Shimla(District) / Himachal Pradesh(State),01926900,026524,N,,,,
2818,24552,Sheelgaon (99),शीलगांव (99),Shimla ( Rural )(Sub-District) / Shimla(District) / Himachal Pradesh(State),01757800,024552,N,,,,
2819,24633,Sheera Kalan (46),शिडा कलां (46),Shimla ( Rural )(Sub-District) / Shimla(District) / Himachal Pradesh(State),01764300,024633,N,,,,
2820,24632,Sheera Khurd (47),शिडा खुर्द (47),Shimla ( Rural )(Sub-District) / Shimla(District) / Himachal Pradesh(State),01764200,024632,N,,,,
2821,25745,Sheila (63),शैईला(63),Nerwa(Sub-District) / Shimla(District) / Himachal Pradesh(State),01855200,025745,N,,,,
2822,26503,Shekhal (111),शेखल (111),Rohru(Sub-District) / Shimla(District) / Himachal Pradesh(State),01924800,026503,N,,,,
2823,26388,Shekhal (35),शेखल(35),Tikar(Sub-District) / Shimla(District) / Himachal Pradesh(State),01913400,026388,N,,,,
2824,23844,Shelag (85),शेलग(85),Kumarsain(Sub-District) / Shimla(District) / Himachal Pradesh(State),01690700,023844,N,,,,
2825,23873,Shella(84),शैला(84),Kumarsain(Sub-District) / Shimla(District) / Himachal Pradesh(State),01693600,023873,N,,,,
2826,24470,Shemleg (33/364),शमलीग (33/364),Shimla ( Rural )(Sub-District) / Shimla(District) / Himachal Pradesh(State),01750400,024470,N,,,,
2827,24726,Shenal (290),शनौल (290),Shimla ( Rural )(Sub-District) / Shimla(District) / Himachal Pradesh(State),01772900,024726,N,,,,
2828,25493,Shihali (90),शिहली(90),Chaupal(Sub-District) / Shimla(District) / Himachal Pradesh(State),01839800,025493,N,,,,
2829,24201,Shil (84),शील(84),Sunni(Sub-District) / Shimla(District) / Himachal Pradesh(State),01726400,024201,N,,,,
2830,25355,Shila (48),शिला (48),Deha(Sub-District) / Shimla(District) / Himachal Pradesh(State),01830600,025355,N,,,,
2831,25455,Shila Badlawag (77),शिला बदलावग(77),Chaupal(Sub-District) / Shimla(District) / Himachal Pradesh(State),01837600,025455,N,,,,
2832,26671,Shiladesh (97),शिलादेश (97),Dhamwari(Sub-District) / Shimla(District) / Himachal Pradesh(State),01941600,026671,N,eSignGOFile662648_25_03_2026_15_00_03.pdf,,,
2833,24440,Shilangra (10/106),शलागडा (10/106),Shimla ( Rural )(Sub-District) / Shimla(District) / Himachal Pradesh(State),01747800,024440,N,,,,
2834,26051,Shil Gaon (124/1),शिलगांव(124/1),Sarawati Nagar(Sub-District) / Shimla(District) / Himachal Pradesh(State),01885800,026051,N,,,,
2835,25924,Shilgaon (160),शिलगांव(160),Nerwa(Sub-District) / Shimla(District) / Himachal Pradesh(State),01873100,025924,N,,,,
2836,25433,Shili (46),शिली(46),Chaupal(Sub-District) / Shimla(District) / Himachal Pradesh(State),01836200,025433,N,,,,
2837,26174,Shili (52),शिली(52),Kotkhai(Sub-District) / Shimla(District) / Himachal Pradesh(State),01896100,026174,N,,,,
2838,25443,Shili Kayan (42),शिलीकायन(42),Chaupal(Sub-District) / Shimla(District) / Himachal Pradesh(State),01836800,025443,N,,,,
2839,25001,Shilla Gadol(157),शिला गढ़ोल (157),Theog(Sub-District) / Shimla(District) / Himachal Pradesh(State),01797200,025001,N,,,,
2840,24424,Shilli (334),शिल्ली (334),Shimla ( Rural )(Sub-District) / Shimla(District) / Himachal Pradesh(State),01746500,024424,N,,,,
2841,24460,Shilli -Bagi (339),शिल्ली बागी (339),Shimla ( Rural )(Sub-District) / Shimla(District) / Himachal Pradesh(State),01749600,024460,N,,,,
2842,25258,Shilli Mehala(206),शिली मैहला(206),Theog(Sub-District) / Shimla(District) / Himachal Pradesh(State),01822000,025258,N,,,,
2843,24399,Shilroo (112),शिल्डू(12/112),Shimla ( Rural )(Sub-District) / Shimla(District) / Himachal Pradesh(State),01744100,024399,N,,,,
2844,24425,Shilru (331),शिल्डू(331),Shimla ( Rural )(Sub-District) / Shimla(District) / Himachal Pradesh(State),01746600,024425,N,,,,
2845,24682,Shilru Pagogi (342),शिलडू पगोगी (342),Shimla ( Rural )(Sub-District) / Shimla(District) / Himachal Pradesh(State),01768500,024682,N,,,,
2846,24688,Shilru Sapoli (311),शिल्डू सपोली,Shimla ( Rural )(Sub-District) / Shimla(District) / Himachal Pradesh(State),01769100,024688,N,,,,
2847,24051,Shil Sarkari (175),शिल सरकारी (175),Sunni(Sub-District) / Shimla(District) / Himachal Pradesh(State),01711400,024051,N,,,,
2848,23605,Shingla (118/1),शिंगला(118/1),Rampur(Sub-District) / Shimla(District) / Himachal Pradesh(State),01666900,023605,N,,,,
2849,25832,Shiran (182),शिरन(182),Nerwa(Sub-District) / Shimla(District) / Himachal Pradesh(State),01863900,025832,N,,,,
2850,24094,Shirgal(140),शिरगल(140),Sunni(Sub-District) / Shimla(District) / Himachal Pradesh(State),01715700,024094,N,,,,
2851,25336,Shirguli(59),शिरगुली(59),Deha(Sub-District) / Shimla(District) / Himachal Pradesh(State),01828800,025336,N,,,,
2852,25099,Shirgulli (332),शिरगुली(332),Theog(Sub-District) / Shimla(District) / Himachal Pradesh(State),01806600,025099,N,,,,
2853,25567,Shithna (103),शिठना(103),Chaupal(Sub-District) / Shimla(District) / Himachal Pradesh(State),01843200,025567,N,,,,
2854,24539,Shivnagar,शिव नगर,Shimla ( Rural )(Sub-District) / Shimla(District) / Himachal Pradesh(State),01756900,024539,N,,,,
2855,24931,Shiwa (239),शिवा(239),Theog(Sub-District) / Shimla(District) / Himachal Pradesh(State),01791700,024931,N,,,,
2856,25222,Shlo (362),शलो(362),Theog(Sub-District) / Shimla(District) / Himachal Pradesh(State),01818600,025222,N,,,,
2857,23632,Shobli (184),सोबड़ी(184),Rampur(Sub-District) / Shimla(District) / Himachal Pradesh(State),01669600,023632,N,,,,
2858,24517,Shogi (95),शोघी (95),Shimla ( Rural )(Sub-District) / Shimla(District) / Himachal Pradesh(State),01755100,024517,N,,,,
2859,24740,Shohawal (260),शोहावल (260),Shimla ( Rural )(Sub-District) / Shimla(District) / Himachal Pradesh(State),01774300,024740,N,,,,
2860,23730,Sholi (55/1),शोली(55-1),Nankhari(Sub-District) / Shimla(District) / Himachal Pradesh(State),01679300,023730,N,,,,
2861,26236,Sholwi (64),शोलवी(64),Kotkhai(Sub-District) / Shimla(District) / Himachal Pradesh(State),01900800,026236,N,,,,
2862,26350,Shoshan (89),शोश़ण (89),Kotkhai(Sub-District) / Shimla(District) / Himachal Pradesh(State),01909600,026350,N,,,,
2863,23726,Shoula (45),शौला(45),Nankhari(Sub-District) / Shimla(District) / Himachal Pradesh(State),01678900,023726,N,,,,
2864,24746,Shuila (256),शुईला (256),Shimla ( Rural )(Sub-District) / Shimla(District) / Himachal Pradesh(State),01774900,024746,N,,,,
2865,24779,Shurala (371),शुराला (371),Shimla ( Rural )(Sub-District) / Shimla(District) / Himachal Pradesh(State),01777800,024779,N,,,,
2866,26516,Siao (81),सिआओ(81),Rohru(Sub-District) / Shimla(District) / Himachal Pradesh(State),01926100,026516,N,,,,
2867,25155,Sihalu (232),सिहलू(232),Theog(Sub-District) / Shimla(District) / Himachal Pradesh(State),01812100,025155,N,,,,
2868,26273,Silana-Ii (113),सल्याणा दोयम 113,Kotkhai(Sub-District) / Shimla(District) / Himachal Pradesh(State),01903500,026273,N,,,,
2869,25819,Silori (126),सिहलोडी(126),Nerwa(Sub-District) / Shimla(District) / Himachal Pradesh(State),01862600,025819,N,,,,
2870,26642,Sindasli (74),सिन्दासली (74),Dhamwari(Sub-District) / Shimla(District) / Himachal Pradesh(State),01938700,026642,N,eSignGOFile662648_25_03_2026_15_00_03.pdf,,,
2871,26656,Sippandhar (87),धार सिपन (87),Dhamwari(Sub-District) / Shimla(District) / Himachal Pradesh(State),01940100,026656,N,eSignGOFile662648_25_03_2026_15_00_03.pdf,,,
2872,24748,Sipur (245),सीपुर(245),Shimla ( Rural )(Sub-District) / Shimla(District) / Himachal Pradesh(State),01775100,024748,N,,,,
2873,26000,Sirthi (12),सिरठी(12),Jubbal(Sub-District) / Shimla(District) / Himachal Pradesh(State),01880700,026000,N,,,,
2874,24709,Siuan (282),सिउं (282),Shimla ( Rural )(Sub-District) / Shimla(District) / Himachal Pradesh(State),01771200,024709,N,,,,
2875,25970,Slawkara(25),सलावकरा(25),Jubbal(Sub-District) / Shimla(District) / Himachal Pradesh(State),01877700,025970,N,,,,
2876,24012,Sohal (223),सोहल(223),Dhami(Sub-District) / Shimla(District) / Himachal Pradesh(State),01707500,024012,N,,,,
2877,25778,Soil (75),सोयल(75),Nerwa(Sub-District) / Shimla(District) / Himachal Pradesh(State),01858500,025778,N,,,,
2878,26029,Sojla (76),सोजला(76),Jubbal(Sub-District) / Shimla(District) / Himachal Pradesh(State),01883600,026029,N,,,,
2879,26103,Solang (105),सोलंग(105),Sarawati Nagar(Sub-District) / Shimla(District) / Himachal Pradesh(State),01891000,026103,N,,,,
2880,26641,Sondari (72),सौंदाडी (72),Chirgaon(Sub-District) / Shimla(District) / Himachal Pradesh(State),01938600,026641,N,,,,
2881,25256,Sonthal (216),सौंथल(216),Theog(Sub-District) / Shimla(District) / Himachal Pradesh(State),01821800,025256,N,,,,
2882,23826,Spela(137),सपैला(137),Kumarsain(Sub-District) / Shimla(District) / Himachal Pradesh(State),01688900,023826,N,,,,
2883,939815,Station Ward Boileauganj Khas,स्टेशन वार्ड बालूगंज खास,Shimla (Urban)(Sub-District) / Shimla(District) / Himachal Pradesh(State),,000000,N,,,,
2884,23512,Suga (7),सुघा(7),Rampur(Sub-District) / Shimla(District) / Himachal Pradesh(State),01657500,023512,N,,,,
2885,24415,Sujana (16/186),सुजाना(16/186),Shimla ( Rural )(Sub-District) / Shimla(District) / Himachal Pradesh(State),01745600,024415,N,,,,
2886,24147,Suma (33),सुमा(33),Jalog(Sub-District) / Shimla(District) / Himachal Pradesh(State),01721000,024147,N,,,,
2887,24017,Sumi(204),सुमी(204),Sunni(Sub-District) / Shimla(District) / Himachal Pradesh(State),01708000,024017,N,,,,
2888,25840,Sunarli (185),सुनारली(185),Nerwa(Sub-District) / Shimla(District) / Himachal Pradesh(State),01864700,025840,N,,,,
2889,26570,Sunda Bhoura (41),सुन्धा भौंडा (41),Chirgaon(Sub-District) / Shimla(District) / Himachal Pradesh(State),01931500,026570,N,,,,
2890,25999,Sundli (11),सुन्डली(11),Jubbal(Sub-District) / Shimla(District) / Himachal Pradesh(State),01880600,025999,N,,,,
2891,26400,Sungri (43),सुंगरी(43),Rohru(Sub-District) / Shimla(District) / Himachal Pradesh(State),01914600,026400,N,,,,
2892,26021,Sunta (77),सुन्टा(77),Jubbal(Sub-District) / Shimla(District) / Himachal Pradesh(State),01882800,026021,N,,,,
2893,23734,Surad 77),सुरड़(77),Nankhari(Sub-District) / Shimla(District) / Himachal Pradesh(State),01679700,023734,N,,,,
2894,23537,Suru (49/1),सुरु(49/1),Rampur(Sub-District) / Shimla(District) / Himachal Pradesh(State),01660000,023537,N,,,,
2895,23664,Syarla Barshol (160/1),सियारला बरशोल(160/1),Taklech(Sub-District) / Shimla(District) / Himachal Pradesh(State),01672800,023664,N,,,,
2896,24087,Tabhog (149),टभोग(149),Dhami(Sub-District) / Shimla(District) / Himachal Pradesh(State),01715000,024087,N,,,,
2897,25286,Taihna (41),तिहाणा(41),Deha(Sub-District) / Shimla(District) / Himachal Pradesh(State),01824200,025286,N,,,,
2898,23816,Talah (144),तलाह(144),Kumarsain(Sub-District) / Shimla(District) / Himachal Pradesh(State),01687900,023816,N,,,,
2899,24143,Talah (43),तलाह(43),Jalog(Sub-District) / Shimla(District) / Himachal Pradesh(State),01720600,024143,N,,,,
2900,24356,Talayal (132),तलायल(132),Dhami(Sub-District) / Shimla(District) / Himachal Pradesh(State),01740000,024356,N,,,,
2901,25332,Tali (80),टाली(80),Deha(Sub-District) / Shimla(District) / Himachal Pradesh(State),01828400,025332,N,,,,
2902,24198,Talosh (60),तलोश(60),Sunni(Sub-District) / Shimla(District) / Himachal Pradesh(State),01726100,024198,N,,,,
2903,24205,Taloti (63),तलोटी(63),Sunni(Sub-District) / Shimla(District) / Himachal Pradesh(State),01726800,024205,N,,,,
2904,24108,Tamrodu(117),टमरोडू(117),Sunni(Sub-District) / Shimla(District) / Himachal Pradesh(State),01717100,024108,N,,,,
2905,23727,Tanash (47),तनाश(47),Nankhari(Sub-District) / Shimla(District) / Himachal Pradesh(State),01679000,023727,N,,,,
2906,26512,Tandali (109),तंदाली(109),Rohru(Sub-District) / Shimla(District) / Himachal Pradesh(State),01925700,026512,N,,,,
2907,25601,Tandoi (132),टण्डाई(132),Kupvi(Sub-District) / Shimla(District) / Himachal Pradesh(State),01845300,025601,N,,,,
2908,24246,Tangish (20),टंगीश(20),Dhami(Sub-District) / Shimla(District) / Himachal Pradesh(State),01730900,024246,N,,,,
2909,26654,Tangnun (85),ताँगणू (85),Dhamwari(Sub-District) / Shimla(District) / Himachal Pradesh(State),01939900,026654,N,eSignGOFile662648_25_03_2026_15_00_03.pdf,,,
2910,24232,Tapakari (6),तपाकडी(6),Dhami(Sub-District) / Shimla(District) / Himachal Pradesh(State),01729500,024232,N,,,,
2911,25419,Tapri,टापरी,Chaupal(Sub-District) / Shimla(District) / Himachal Pradesh(State),01835200,025419,N,,,,
2912,24084,Taprog (152),टपरोग(152),Dhami(Sub-District) / Shimla(District) / Himachal Pradesh(State),01714700,024084,N,,,,
2913,23770,Taprog (18),टपरोग(18),Nankhari(Sub-District) / Shimla(District) / Himachal Pradesh(State),01683300,023770,N,,,,
2914,24556,Tara Devi,तारा देवी,Shimla ( Rural )(Sub-District) / Shimla(District) / Himachal Pradesh(State),01758000,024556,N,,,,
2915,24997,Taragaon (163),तरगाँव(163),Theog(Sub-District) / Shimla(District) / Himachal Pradesh(State),01796800,024997,N,,,,
2916,25354,Tarapur (45),तारापुर(45),Deha(Sub-District) / Shimla(District) / Himachal Pradesh(State),01830500,025354,N,,,,
2917,24629,Taroot (41),तरोट (41),Shimla ( Rural )(Sub-District) / Shimla(District) / Himachal Pradesh(State),01764000,024629,N,,,,
2918,24113,Taror (112),तरौर(112),Sunni(Sub-District) / Shimla(District) / Himachal Pradesh(State),01717600,024113,N,,,,
2919,25153,Tatal (234),तातल(234),Theog(Sub-District) / Shimla(District) / Himachal Pradesh(State),01811900,025153,N,,,,
2920,25223,Tathkar (361),टठकर (361),Theog(Sub-District) / Shimla(District) / Himachal Pradesh(State),01818700,025223,N,,,,
2921,25216,Teel (351),टील (351),Theog(Sub-District) / Shimla(District) / Himachal Pradesh(State),01818000,025216,N,,,,
2922,26534,Teer Kalgaaon(92),टीर कलगांव(92,Rohru(Sub-District) / Shimla(District) / Himachal Pradesh(State),01927900,026534,N,,,,
2923,26250,Tehtoli May Satandi(80),टहटोली मय सतानडी,Kotkhai(Sub-District) / Shimla(District) / Himachal Pradesh(State),01901700,026250,N,,,,
2924,26682,Telga (108),तेलगा (108),Chirgaon(Sub-District) / Shimla(District) / Himachal Pradesh(State),01942700,026682,N,,,,
2925,24342,Tephra (151),तेफडा(151),Dhami(Sub-District) / Shimla(District) / Himachal Pradesh(State),01738700,024342,N,,,,
2926,23806,Teshan (133),तेशन(133),Kumarsain(Sub-District) / Shimla(District) / Himachal Pradesh(State),01686900,023806,N,,,,
2927,24037,Thachi (159),थाची(159),Dhami(Sub-District) / Shimla(District) / Himachal Pradesh(State),01710000,024037,N,,,,
2928,24486,Thadi (392),थडी (392),Shimla ( Rural )(Sub-District) / Shimla(District) / Himachal Pradesh(State),01752000,024486,N,,,,
2929,23958,Thah (171),ठाह(171),Kumarsain(Sub-District) / Shimla(District) / Himachal Pradesh(State),01702100,023958,N,,,,
2930,23714,Thaili (51/1),थैली(51/1),Nankhari(Sub-District) / Shimla(District) / Himachal Pradesh(State),01677700,023714,N,,,,
2931,26653,Thaitwari (88),थाईटवाडी (88),Dhamwari(Sub-District) / Shimla(District) / Himachal Pradesh(State),01939800,026653,N,eSignGOFile662648_25_03_2026_15_00_03.pdf,,,
2932,26230,Thakrot (77),ठकरोट(77),Kotkhai(Sub-District) / Shimla(District) / Himachal Pradesh(State),01900300,026230,N,,,,
2933,25183,Thakur Ka Sheel(364),ठाकुरठाकुर का शील (364) शील (364),Theog(Sub-District) / Shimla(District) / Himachal Pradesh(State),01814700,025183,N,,,,
2934,23678,Thala (137),थला(137),Taklech(Sub-District) / Shimla(District) / Himachal Pradesh(State),01674200,023678,N,,,,
2935,24489,Thalakdhar (354),थलकधार (354),Shimla ( Rural )(Sub-District) / Shimla(District) / Himachal Pradesh(State),01752300,024489,N,,,,
2936,24490,Thalak Nal (355),थलकनाल (355),Shimla ( Rural )(Sub-District) / Shimla(District) / Himachal Pradesh(State),01752400,024490,N,,,,
2937,26670,Thalathar (96),थलाथर (96),Dhamwari(Sub-District) / Shimla(District) / Himachal Pradesh(State),01941500,026670,N,eSignGOFile662648_25_03_2026_15_00_03.pdf,,,
2938,23631,Thali (183),थली(183),Rampur(Sub-District) / Shimla(District) / Himachal Pradesh(State),01669500,023631,N,,,,
2939,26572,Thali Jangla (13),थली जांगला(13),Jangla(Sub-District) / Shimla(District) / Himachal Pradesh(State),01931700,026572,N,,,,
2940,25460,Thalog (72),ठलोग(72),Chaupal(Sub-District) / Shimla(District) / Himachal Pradesh(State),01837900,025460,N,,,,
2941,26485,Thamtari (130),थमटाडी(130),Rohru(Sub-District) / Shimla(District) / Himachal Pradesh(State),01923100,026485,N,,,,
2942,24027,Than (197),थण(197),Sunni(Sub-District) / Shimla(District) / Himachal Pradesh(State),01709000,024027,N,,,,
2943,23607,Thana (115/1),थाना (115/1),Rampur(Sub-District) / Shimla(District) / Himachal Pradesh(State),01667100,023607,N,,,,
2944,26046,Thana (121/1),ठाणा(121/1),Sarawati Nagar(Sub-District) / Shimla(District) / Himachal Pradesh(State),01885300,026046,N,,,,
2945,26574,Thana (15),थाना(15),Jangla(Sub-District) / Shimla(District) / Himachal Pradesh(State),01931900,026574,N,,,,
2946,26184,Thana (20),ठाणा(20),Kalbog(Sub-District) / Shimla(District) / Himachal Pradesh(State),01896800,026184,N,,,,
2947,26395,Thana (37),थाना(37),Tikar(Sub-District) / Shimla(District) / Himachal Pradesh(State),01914100,026395,N,,,,
2948,23752,Thana (44),थाना(44),Nankhari(Sub-District) / Shimla(District) / Himachal Pradesh(State),01681500,023752,N,,,,
2949,25575,Thana (56),ठाणा(56),Chaupal(Sub-District) / Shimla(District) / Himachal Pradesh(State),01843900,025575,N,,,,
2950,26393,Thana Bag (41),थाना बाग(41),Tikar(Sub-District) / Shimla(District) / Himachal Pradesh(State),01913900,026393,N,,,,
2951,23656,Thanadhar (197/3),थानाधार(197/1),Taklech(Sub-District) / Shimla(District) / Himachal Pradesh(State),01672000,023656,N,,,,
2952,25502,Thana Jalona (99),थाना जलौना(99),Chaupal(Sub-District) / Shimla(District) / Himachal Pradesh(State),01840400,025502,N,,,,
2953,25221,Thana Jubbar (363),थाना जुब्बड़(363),Theog(Sub-District) / Shimla(District) / Himachal Pradesh(State),01818500,025221,N,,,,
2954,26145,Thanari (36),थनाडी(36),Kalbog(Sub-District) / Shimla(District) / Himachal Pradesh(State),01893800,026145,N,,,,
2955,25038,Thanda (254),ठण्डा(254),Theog(Sub-District) / Shimla(District) / Himachal Pradesh(State),01800500,025038,N,,,,
2956,24388,Thaneri (13/120),थनेडी(13/120),Shimla ( Rural )(Sub-District) / Shimla(District) / Himachal Pradesh(State),01743000,024388,N,,,,
2957,23960,Thanu (169),ठानू(169),Kumarsain(Sub-District) / Shimla(District) / Himachal Pradesh(State),01702300,023960,N,,,,
2958,26158,Tharmla (14),थरमला(14),Kotkhai(Sub-District) / Shimla(District) / Himachal Pradesh(State),01895000,026158,N,,,,
2959,26239,Tharola (83),थरोला(83),Kotkhai(Sub-District) / Shimla(District) / Himachal Pradesh(State),01901100,026239,N,,,,
2960,24148,Tharu (32),ठारु(32),Jalog(Sub-District) / Shimla(District) / Himachal Pradesh(State),01721100,024148,N,,,,
2961,24896,Thathal (131),थाथल(131),Theog(Sub-District) / Shimla(District) / Himachal Pradesh(State),01789300,024896,N,,,,
2962,24766,Thathrog (233),दरभोग (233),Shimla ( Rural )(Sub-District) / Shimla(District) / Himachal Pradesh(State),01776900,024766,N,,,,
2963,25079,Thaut (103),ठौत(103),Theog(Sub-District) / Shimla(District) / Himachal Pradesh(State),01804600,025079,N,,,,
2964,23645,Theda Chikhri (165),थेड़ा चिखरी(165),Taklech(Sub-District) / Shimla(District) / Himachal Pradesh(State),01670900,023645,N,,,,
2965,25705,Thiara (35),थियारा(35),Nerwa(Sub-District) / Shimla(District) / Himachal Pradesh(State),01851200,025705,N,,,,
2966,23927,Thinu (46/2),थिनू(46/2),Kotgarh(Sub-District) / Shimla(District) / Himachal Pradesh(State),01699000,023927,N,,,,
2967,24021,Thog (199),ठोग(199),Sunni(Sub-District) / Shimla(District) / Himachal Pradesh(State),01708400,024021,N,,,,
2968,24870,Thund (168),ठूण्ड(168),Junga(Sub-District) / Shimla(District) / Himachal Pradesh(State),01786700,024870,N,,,,
2969,24874,Thund (184),ठूण्ड(184),Junga(Sub-District) / Shimla(District) / Himachal Pradesh(State),01787100,024874,N,,,,
2970,25480,Thundal (86),थुन्दल(86),Chaupal(Sub-District) / Shimla(District) / Himachal Pradesh(State),01839200,025480,N,,,,
2971,25566,Thundna (105),ठुण्डना(105),Chaupal(Sub-District) / Shimla(District) / Himachal Pradesh(State),01843100,025566,N,,,,
2972,25574,Thuth (61),थूथ(61),Chaupal(Sub-District) / Shimla(District) / Himachal Pradesh(State),01843800,025574,N,,,,
2973,25441,Tiari (26),टियाडी(26),Chaupal(Sub-District) / Shimla(District) / Himachal Pradesh(State),01836600,025441,N,,,,
2974,25646,Tikar (147),टिक्कर(147),Kupvi(Sub-District) / Shimla(District) / Himachal Pradesh(State),01846500,025646,N,,,,
2975,24924,Tikkar (220),टिक्कर(220),Theog(Sub-District) / Shimla(District) / Himachal Pradesh(State),01791300,024924,N,,,,
2976,25374,Tikkar (261),टिक्कर (261),Theog(Sub-District) / Shimla(District) / Himachal Pradesh(State),01832100,025374,N,,,,
2977,24705,Tikkar (288),टिक्कर(288),Shimla ( Rural )(Sub-District) / Shimla(District) / Himachal Pradesh(State),01770800,024705,N,,,,
2978,23492,Tikkar(33),टिक्कर (33),Rampur(Sub-District) / Shimla(District) / Himachal Pradesh(State),01655500,023492,N,,,,
2979,25296,Tikkar (86),टिक्कर (86),Theog(Sub-District) / Shimla(District) / Himachal Pradesh(State),01825000,025296,N,,,,
2980,25105,Tikkari (315),टिक्करी(315),Theog(Sub-District) / Shimla(District) / Himachal Pradesh(State),01807200,025105,N,,,,
2981,26384,Tikkari(32),टिक्करी(32),Tikar(Sub-District) / Shimla(District) / Himachal Pradesh(State),01913000,026384,N,,,,
2982,25210,Tikkari (329),टिक्करी (329),Theog(Sub-District) / Shimla(District) / Himachal Pradesh(State),01817400,025210,N,,,,
2983,24300,Tikkari (56),टिक्करी (56),Shimla ( Rural )(Sub-District) / Shimla(District) / Himachal Pradesh(State),01735500,024300,N,,,,
2984,26636,Tikkari (69),टिक्करी (69),Dhamwari(Sub-District) / Shimla(District) / Himachal Pradesh(State),01938100,026636,N,eSignGOFile662648_25_03_2026_15_00_03.pdf,,,
2985,25148,Tikker(4),टिक्कर(4),Deha(Sub-District) / Shimla(District) / Himachal Pradesh(State),01811400,025148,N,,,,
2986,23703,Tikkri (1),टिकरी (1),Nankhari(Sub-District) / Shimla(District) / Himachal Pradesh(State),01676600,023703,N,,,,
2987,24390,Tikkri Mashah (13/118),टिक्कारी मशाह (13/118),Shimla ( Rural )(Sub-District) / Shimla(District) / Himachal Pradesh(State),01743200,024390,N,,,,
2988,25571,Tikri (102),टिक्करी(102),Chaupal(Sub-District) / Shimla(District) / Himachal Pradesh(State),01843500,025571,N,,,,
2989,25817,Tikri (127),टिकरी(127),Nerwa(Sub-District) / Shimla(District) / Himachal Pradesh(State),01862400,025817,N,,,,
2990,25135,Tingr Tankoti(289),टिंगर टनकोटी(289),Theog(Sub-District) / Shimla(District) / Himachal Pradesh(State),01810100,025135,N,,,,
2991,23869,Tipari(88),टिपरी(88),Kumarsain(Sub-District) / Shimla(District) / Himachal Pradesh(State),01693200,023869,N,,,,
2992,24790,Tipra (354),टिपरा (354),Shimla ( Rural )(Sub-District) / Shimla(District) / Himachal Pradesh(State),01778800,024790,N,,,,
2993,25445,Tipra (63),टिपरा(63),Chaupal(Sub-District) / Shimla(District) / Himachal Pradesh(State),01836900,025445,N,,,,
2994,26668,Tisar (92),टिसर (92),Dhamwari(Sub-District) / Shimla(District) / Himachal Pradesh(State),01941300,026668,N,eSignGOFile662648_25_03_2026_15_00_03.pdf,,,
2995,25243,Tiyali (223),टियाली(223),Theog(Sub-District) / Shimla(District) / Himachal Pradesh(State),01820600,025243,N,,,,
2996,26577,Todsa (16),टोडसा(16),Jangla(Sub-District) / Shimla(District) / Himachal Pradesh(State),01932200,026577,N,,,,
2997,24327,Tool (83),टूल (83),Dhami(Sub-District) / Shimla(District) / Himachal Pradesh(State),01737400,024327,N,,,,
2998,24244,Toon(22),तून(22),Dhami(Sub-District) / Shimla(District) / Himachal Pradesh(State),01730700,024244,N,,,,
2999,24474,Tradi (386),तारा देवी (386),Shimla ( Rural )(Sub-District) / Shimla(District) / Himachal Pradesh(State),01750800,024474,N,,,,
3000,24890,Trai (182),ट्राई(182),Junga(Sub-District) / Shimla(District) / Himachal Pradesh(State),01788700,024890,N,,,,
3001,23952,Tramali(163),तरामली(163),Kumarsain(Sub-District) / Shimla(District) / Himachal Pradesh(State),01701500,023952,N,,,,
3002,24616,Tud (21),तुड़ (21),Shimla ( Rural )(Sub-District) / Shimla(District) / Himachal Pradesh(State),01763200,024616,N,,,,
3003,25215,Tunda Kharyana(373),तुंण्ड़ा खरयाणा(373),Theog(Sub-District) / Shimla(District) / Himachal Pradesh(State),01817900,025215,N,,,,
3004,25206,Tungan (304),तुँगण(304),Theog(Sub-District) / Shimla(District) / Himachal Pradesh(State),01817000,025206,N,,,,
3005,24884,Tungla (195),तुंगला(195),Junga(Sub-District) / Shimla(District) / Himachal Pradesh(State),01788100,024884,N,,,,
3006,25151,Tungla Pajairo (259),तुंगला पजैरो(259),Theog(Sub-District) / Shimla(District) / Himachal Pradesh(State),01811700,025151,N,,,,
3007,25150,Tungla Shilli Nali(258),तुंगला शिली नाली(258),Theog(Sub-District) / Shimla(District) / Himachal Pradesh(State),01811600,025150,N,,,,
3008,911043,Tutu,टूटू,Shimla ( Rural )(Sub-District) / Shimla(District) / Himachal Pradesh(State),,000000,N,,,,
3009,23705,Tutu (3),टुटु(3),Nankhari(Sub-District) / Shimla(District) / Himachal Pradesh(State),01676800,023705,N,,,,
3010,23544,Tyawal (53),त्यावल (53),Sarahan(Sub-District) / Shimla(District) / Himachal Pradesh(State),01660700,023544,N,,,,
3011,23577,Uchchi(84),उच्ची(84),Rampur(Sub-District) / Shimla(District) / Himachal Pradesh(State),01664100,023577,N,,,,
3012,24063,Ukhla Nal (167),उखलानाल(167),Sunni(Sub-District) / Shimla(District) / Himachal Pradesh(State),01712600,024063,N,,,,
3013,26509,Ukli (115),उकली(115),Rohru(Sub-District) / Shimla(District) / Himachal Pradesh(State),01925400,026509,N,,,,
3014,24070,Uli (124),उली (124),Sunni(Sub-District) / Shimla(District) / Himachal Pradesh(State),01713300,024070,N,,,,
3015,26330,U.M.R.One.Jangal Chambi Kupad 1,उ.म.आर .वन.जंगल चम्बी कुपड़ 1,Kotkhai(Sub-District) / Shimla(District) / Himachal Pradesh(State),01908500,026330,N,,,,
3016,23536,Up Khani Dhar(49/2),उप महाल खणीधार(49/2),Rampur(Sub-District) / Shimla(District) / Himachal Pradesh(State),01659900,023536,N,eSignGOFile662648_19_02_2025_15_32_30.pdf,,,
3017,26117,Up Mahal Adiyala (13),उप-महाल अडियाला(13),Kalbog(Sub-District) / Shimla(District) / Himachal Pradesh(State),01891900,026117,N,,,,
3018,25814,Up Mahal Ajeetpur (129/2),उप महाल अजीतपुर(129),Nerwa(Sub-District) / Shimla(District) / Himachal Pradesh(State),01862100,025814,N,,,,
3019,25949,Up-Mahal Anand Parwat (55/6),उप- महाल आन्नद (55-6),Jubbal(Sub-District) / Shimla(District) / Himachal Pradesh(State),01875600,025949,N,,,,
3020,25844,Up Mahal Antrawali (179/2),उप महाल अन्तराव(179/2)ली,Nerwa(Sub-District) / Shimla(District) / Himachal Pradesh(State),01865100,025844,N,,,,
3021,25857,Up Mahal Ar (122/1),उप महाल आर(122/1),Nerwa(Sub-District) / Shimla(District) / Himachal Pradesh(State),01866400,025857,N,,,,
3022,24557,Up Mahal Bag,उप महाल बाग़,Shimla ( Rural )(Sub-District) / Shimla(District) / Himachal Pradesh(State),01758000,024557,N,,,,
3023,25928,Up Mahal Bag (162/2),उप महाल बाग(162),Nerwa(Sub-District) / Shimla(District) / Himachal Pradesh(State),01873500,025928,N,,,,
3024,25837,Up Mahal Bagan (188/1),उप महाल बागण (188/1),Nerwa(Sub-District) / Shimla(District) / Himachal Pradesh(State),01864400,025837,N,,,,
3025,25764,Up Mahal Bagasan (74/2),उप महाल वगासन(74/2),Nerwa(Sub-District) / Shimla(District) / Himachal Pradesh(State),01857100,025764,N,,,,
3026,26123,Up Mahal Baghal (49),उप-महाल बघाल(49),Kalbog(Sub-District) / Shimla(District) / Himachal Pradesh(State),01892100,026123,N,,,,
3027,25561,Up Mahal Baghar Khas(104),उप महाल बगाहर खास(104),Chaupal(Sub-District) / Shimla(District) / Himachal Pradesh(State),01843000,025561,N,,,,
3028,26119,Up Mahal Baghi,उप-महाल बाघी,Kalbog(Sub-District) / Shimla(District) / Himachal Pradesh(State),01891900,026119,N,,,,
3029,25635,Up Mahal Bagi,उप-महाल बागी,Kupvi(Sub-District) / Shimla(District) / Himachal Pradesh(State),01846200,025635,N,,,,
3030,25559,Up Mahal Bal(124),बाहल खास(124),Chaupal(Sub-District) / Shimla(District) / Himachal Pradesh(State),01842900,025559,N,,,,
3031,25944,Up-Mahal Banata (55/3),उप- महाल बनाटा(55-3),Jubbal(Sub-District) / Shimla(District) / Himachal Pradesh(State),01875100,025944,N,,,,
3032,25847,Up Mahal Bandur (180-1),उप महाल बान्दुर(180/1),Nerwa(Sub-District) / Shimla(District) / Himachal Pradesh(State),01865400,025847,N,,,,
3033,25870,Up Mahal Banipul (137/4),उप महाल बानीपुल(137/1)37,Nerwa(Sub-District) / Shimla(District) / Himachal Pradesh(State),01867700,025870,N,,,,
3034,25382,Up Mahal Barog.,उप महाल बड़ोग,Chaupal(Sub-District) / Shimla(District) / Himachal Pradesh(State),01832600,025382,N,eSignGOFile662648_19_02_2025_14_44_44.pdf,,,
3035,23990,Up Mahal Batari (46/3),उप-महाल बटाडी(46/3),Kotgarh(Sub-District) / Shimla(District) / Himachal Pradesh(State),01705300,023990,N,,,,
3036,939869,Up Mahal Batola(183),उप-महाल बटोला (183),Junga(Sub-District) / Shimla(District) / Himachal Pradesh(State),,000000,N,,,,
3037,26031,Up-Mahal Battar (62/4),उप-महाल बटाड(62-4),Jubbal(Sub-District) / Shimla(District) / Himachal Pradesh(State),01883800,026031,N,,,,
3038,25751,Up Mahal Bawi (68/2),उप महाल बावी(68/2),Nerwa(Sub-District) / Shimla(District) / Himachal Pradesh(State),01855800,025751,N,,,,
3039,25811,Up Mahal Bazathal (91/1),उप महाल बजाथल(91/1),Nerwa(Sub-District) / Shimla(District) / Himachal Pradesh(State),01861800,025811,N,,,,
3040,25875,Up Mahal Bhabhia (144/2),उप महाल भाबिया(144/2),Nerwa(Sub-District) / Shimla(District) / Himachal Pradesh(State),01868200,025875,N,,,,
3041,25503,Up Mahal Bhaila,उप महाल भाईला,Chaupal(Sub-District) / Shimla(District) / Himachal Pradesh(State),01840400,025503,N,,,,
3042,25642,Up Mahal Bhalawan,उप-महाल भलावन,Kupvi(Sub-District) / Shimla(District) / Himachal Pradesh(State),01846300,025642,N,,,,
3043,23922,Up Mahal Bhareri (34/2),उप-महाल भरेडी(34/2),Kotgarh(Sub-District) / Shimla(District) / Himachal Pradesh(State),01698500,023922,N,,,,
3044,25722,Up Mahal Bharmana (7/2),उप महाल बौहराड(7/2),Nerwa(Sub-District) / Shimla(District) / Himachal Pradesh(State),01852900,025722,N,,,,
3045,25796,Up Mahal Bholala (93/1),उप महाल भौलाला(93/1),Nerwa(Sub-District) / Shimla(District) / Himachal Pradesh(State),01860300,025796,N,,,,
3046,25883,Up Mahal Bhoot (15/2),उप महाल भुठ,Nerwa(Sub-District) / Shimla(District) / Himachal Pradesh(State),01869000,025883,N,,,,
3047,25863,Up Mahal Bijmal (137/1),उप महाल विजमल(137/1),Nerwa(Sub-District) / Shimla(District) / Himachal Pradesh(State),01867000,025863,N,,,,
3048,25842,Up Mahal Bohi (181-2),उप महाल बावी(181),Nerwa(Sub-District) / Shimla(District) / Himachal Pradesh(State),01864900,025842,N,,,,
3049,25797,Up Mahal Bohrar(93/2),उप महाल बौहराड(93/2)(93,Nerwa(Sub-District) / Shimla(District) / Himachal Pradesh(State),01860400,025797,N,,,,
3050,25728,Up Mahal Chachar(20/2),उप महाल घिलड(20/2),Nerwa(Sub-District) / Shimla(District) / Himachal Pradesh(State),01853500,025728,N,,,,
3051,23951,Up Mahal Chajol (159-2),उप-महाल चजोल(159/2),Kumarsain(Sub-District) / Shimla(District) / Himachal Pradesh(State),01701400,023951,N,,,,
3052,23493,Up Mahal Chandi(34/1),उप महाल चन्डी,Rampur(Sub-District) / Shimla(District) / Himachal Pradesh(State),01655600,023493,N,,,,
3053,25902,Up Mahal Chanjan (140-1),उप महाल चौजन(140/1),Nerwa(Sub-District) / Shimla(District) / Himachal Pradesh(State),01870900,025902,N,,,,
3054,25884,Up Mahal Charog (19/3),उप महाल चरोग(19/3),Nerwa(Sub-District) / Shimla(District) / Himachal Pradesh(State),01869100,025884,N,,,,
3055,25380,Up Mahal Chauhag (13),उप महाल चौहाग(13),Chaupal(Sub-District) / Shimla(District) / Himachal Pradesh(State),01832600,025380,N,,,,
3056,25588,Up Mahal Chaukia,उप महाल चौकिय़ा,Chaupal(Sub-District) / Shimla(District) / Himachal Pradesh(State),01844900,025588,N,,,,
3057,939865,Up-Mahal Chaveet(175),उप-महाल चवीट (175),Junga(Sub-District) / Shimla(District) / Himachal Pradesh(State),,000000,N,,,,
3058,25896,Up Mahal Chayama (143/2),उप महाल च्यामा(143/2),Nerwa(Sub-District) / Shimla(District) / Himachal Pradesh(State),01870300,025896,N,,,,
3059,25933,Up-Mahal Chebri (55/4),उप- महाल चेबडी(55-4),Jubbal(Sub-District) / Shimla(District) / Himachal Pradesh(State),01874000,025933,N,,,,
3060,25791,Up Mahal Chilrana (103/1),उप महाल चलराना(103/1),Nerwa(Sub-District) / Shimla(District) / Himachal Pradesh(State),01859800,025791,N,,,,
3061,23836,Up Mahal Chopala (150-1),उप-महाल चौपाला(150/1),Kumarsain(Sub-District) / Shimla(District) / Himachal Pradesh(State),01689900,023836,N,,,,
3062,25911,Up Mahal Chour (140/2),उप महाल चौड(140/2),Nerwa(Sub-District) / Shimla(District) / Himachal Pradesh(State),01871800,025911,N,,,,
3063,25836,Up Mahal Dakehar (188/2),उप महाल ढकेहड(188/2),Nerwa(Sub-District) / Shimla(District) / Himachal Pradesh(State),01864300,025836,N,,,,
3064,23613,Up Mahal Dansa (122/1),उप महाल डांसा (122/1),Rampur(Sub-District) / Shimla(District) / Himachal Pradesh(State),01667700,023613,N,eSignGOFile662648_19_02_2025_21_32_35.pdf,,,
3065,26126,Up Mahal Daran (49),उप महाल दारण (49/2),Kalbog(Sub-District) / Shimla(District) / Himachal Pradesh(State),01892200,026126,N,,,,
3066,25893,Up Mahal Darbhar (149/1),उप महाल दरभाड(149/1),Nerwa(Sub-District) / Shimla(District) / Himachal Pradesh(State),01870000,025893,N,,,,
3067,26262,Up Mahal Darkoti (99),उप महाल दरकोटी(99),Kotkhai(Sub-District) / Shimla(District) / Himachal Pradesh(State),01902700,026262,N,,,,
3068,25873,Up Mahal Dawada (144/3),उप महाल दवाडा(144/3),Nerwa(Sub-District) / Shimla(District) / Himachal Pradesh(State),01868000,025873,N,,,,
3069,939868,Up Mahal Deothi(183),उप-महाल देवठी (183),Junga(Sub-District) / Shimla(District) / Himachal Pradesh(State),,000000,N,,,,
3070,25733,Up Mahal Dhacchi (52/3),उप-महाल दाछी(52/3),Nerwa(Sub-District) / Shimla(District) / Himachal Pradesh(State),01854000,025733,N,,,,
3071,25690,Up Mahal Dhar (38/2),उप-महाल धार,Nerwa(Sub-District) / Shimla(District) / Himachal Pradesh(State),01849700,025690,N,,,,
3072,25699,Up Mahal Dharandli (58),उप-महाल धरान्दली(58),Nerwa(Sub-District) / Shimla(District) / Himachal Pradesh(State),01850600,025699,N,,,,
3073,23521,Up Mahal Dharla (12/1),उप महाल धारला (12/1),Rampur(Sub-District) / Shimla(District) / Himachal Pradesh(State),01658400,023521,N,eSignGOFile662648_19_02_2025_21_33_36.pdf,,,
3074,25940,Up-Mahal Dharmara (58/2),उप- महाल धरमारा(58/2),Jubbal(Sub-District) / Shimla(District) / Himachal Pradesh(State),01874700,025940,N,,,,
3075,25775,Up Mahal Dhartua (89/2),उप महाल धारटुआ(89/),Nerwa(Sub-District) / Shimla(District) / Himachal Pradesh(State),01858200,025775,N,,,,
3076,25632,Up Mahal Dimmi,उप-महाल डिम्मी,Kupvi(Sub-District) / Shimla(District) / Himachal Pradesh(State),01846200,025632,N,,,,
3077,24549,Up Mahal Dochi,उप मोहाल दोची,Shimla ( Rural )(Sub-District) / Shimla(District) / Himachal Pradesh(State),01757500,024549,N,,,,
3078,26245,Up Mahal Dwandi May Kathandi(85),उप-महाल दवानडी मय कथानडी (85),Kotkhai(Sub-District) / Shimla(District) / Himachal Pradesh(State),01901300,026245,N,eSignGOFile662648_19_02_2025_14_18_25.pdf,,,
3079,25953,Up-Mahal Gahir (47/4),उप-महाल गहीर(47-4),Jubbal(Sub-District) / Shimla(District) / Himachal Pradesh(State),01876000,025953,N,,,,
3080,26166,Up Mahal Gahrog,उप महाल गहरोग,Kotkhai(Sub-District) / Shimla(District) / Himachal Pradesh(State),01895600,026166,N,,,,
3081,26105,Up Mahal Gandhi Nagar,उप-महाल गांधीनगर,Kalbog(Sub-District) / Shimla(District) / Himachal Pradesh(State),01891100,026105,N,,,,
3082,25678,Up Mahal Gaonkhar Oran,उप महाल गांवखर औरन,Kupvi(Sub-District) / Shimla(District) / Himachal Pradesh(State),01848600,025678,N,,,,
3083,25810,Up Mahal Garah (91-2),उप महाल घडाच(91-2),Nerwa(Sub-District) / Shimla(District) / Himachal Pradesh(State),01861700,025810,N,,,,
3084,939797,Up Mahal Gawahi,उप महाल गवाही,Shimla (Urban)(Sub-District) / Shimla(District) / Himachal Pradesh(State),,000000,N,,,,
3085,25877,Up Mahal Gayan (148/1),उप महाल ग्याह(148/1),Nerwa(Sub-District) / Shimla(District) / Himachal Pradesh(State),01868400,025877,N,,,,
3086,25794,Up Mahal Ghadch (103/2),उप महाल घडाच(103/2),Nerwa(Sub-District) / Shimla(District) / Himachal Pradesh(State),01860100,025794,N,,,,
3087,25750,Up Mahal Ghilar (68/1),उप महाल घिलड(68/1),Nerwa(Sub-District) / Shimla(District) / Himachal Pradesh(State),01855700,025750,N,,,,
3088,25912,Up Mahal Gijorta (168/3),उप महाल गिजरटा(168/3),Nerwa(Sub-District) / Shimla(District) / Himachal Pradesh(State),01871900,025912,N,,,,
3089,25521,Up Mahal Gorwa,उप महाल गोरवा,Chaupal(Sub-District) / Shimla(District) / Himachal Pradesh(State),01840800,025521,N,,,,
3090,25848,Up Mahal Guahan (171/4),उप महाल गवाण(171/4),Nerwa(Sub-District) / Shimla(District) / Himachal Pradesh(State),01865500,025848,N,,,,
3091,25831,Up Mahal Hathwi(178-2),उप-महाल हाथवी(178/2),Nerwa(Sub-District) / Shimla(District) / Himachal Pradesh(State),01863800,025831,N,,,,
3092,25909,Up Mahal Himgram (153-4),उप महाल हिमग्राम(153/4),Nerwa(Sub-District) / Shimla(District) / Himachal Pradesh(State),01871600,025909,N,,,,
3093,25918,Up Mahal Hirah (157/2),उप महाल हिराह(157/2),Nerwa(Sub-District) / Shimla(District) / Himachal Pradesh(State),01872500,025918,N,,,,
3094,24565,Up Mahal Hiranagar,उप महाल हीरानगर,Shimla ( Rural )(Sub-District) / Shimla(District) / Himachal Pradesh(State),01758400,024565,N,,,,
3095,25934,Up-Mahal Indraban (55/5),उप- महाल इन्द्रावन (55-5),Jubbal(Sub-District) / Shimla(District) / Himachal Pradesh(State),01874100,025934,N,,,,
3096,25862,Up Mahal Ital(137/3),उप महाल ईटाल(137/3),Nerwa(Sub-District) / Shimla(District) / Himachal Pradesh(State),01866900,025862,N,,,,
3097,23503,Up Mahal Jaghori (34/2),उप महाल जघोरी (34/2),Rampur(Sub-District) / Shimla(District) / Himachal Pradesh(State),01656600,023503,N,eSignGOFile662648_19_02_2025_21_34_42.pdf,,,
3098,23609,Up Mahal Jaguni (114/1),उप महाल जगुणी (114/1),Rampur(Sub-District) / Shimla(District) / Himachal Pradesh(State),01667300,023609,N,eSignGOFile662648_19_02_2025_21_35_56.pdf,,,
3099,25907,Up Mahal Jamath (153/3),उप महाल जामठ(153/3),Nerwa(Sub-District) / Shimla(District) / Himachal Pradesh(State),01871400,025907,N,,,,
3100,23928,Up Mahal Jarol (46/1),उप-महाल जरोल(46/1),Kotgarh(Sub-District) / Shimla(District) / Himachal Pradesh(State),01699100,023928,N,,,,
3101,939871,Up-Mahal Jhandi(197),उप-महाल झण्डी (197),Junga(Sub-District) / Shimla(District) / Himachal Pradesh(State),,000000,N,,,,
3102,25954,Up-Mahal Johta (47/2),उप- महाल जोहटा(47-2),Jubbal(Sub-District) / Shimla(District) / Himachal Pradesh(State),01876100,025954,N,,,,
3103,939864,Up Mahal Jot(181),उप-महाल जोट (181),Junga(Sub-District) / Shimla(District) / Himachal Pradesh(State),,000000,N,,,,
3104,25291,Up Mahal Kailash (36/1),    उप-महाल कैलाश (36/1),Deha(Sub-District) / Shimla(District) / Himachal Pradesh(State),01824500,025291,N,,,,
3105,25780,Up Mahal Kalara (76/2),उप महाल कलारा(76/2),Nerwa(Sub-District) / Shimla(District) / Himachal Pradesh(State),01858700,025780,N,,,,
3106,24776,Up Mahal Kamlanagar,उप महाल कमलानगर,Shimla ( Rural )(Sub-District) / Shimla(District) / Himachal Pradesh(State),01777500,024776,N,,,,
3107,25815,Up Mahal Kanahal(129/1),उप महाल कनाहल(129/1),Nerwa(Sub-District) / Shimla(District) / Himachal Pradesh(State),01862200,025815,N,,,,
3108,23930,Up Mahal Kanahar (45/2),उप-महाल कनाहर(45/2),Kotgarh(Sub-District) / Shimla(District) / Himachal Pradesh(State),01699300,023930,N,,,,
3109,25850,Up Mahal Kanda (171-1),उप महाल काण्डा(171/1),Nerwa(Sub-District) / Shimla(District) / Himachal Pradesh(State),01865700,025850,N,,,,
3110,25694,Up Mahal Kanda (37/2),उप महाल काण्डा(37/2),Nerwa(Sub-District) / Shimla(District) / Himachal Pradesh(State),01850100,025694,N,,,,
3111,25913,Up Mahal Kandal (168/1),उप महाल काण्डा(168/1),Nerwa(Sub-District) / Shimla(District) / Himachal Pradesh(State),01872000,025913,N,,,,
3112,24860,Up-Mahal Kanina(174),उप-महाल कनीना (174),Junga(Sub-District) / Shimla(District) / Himachal Pradesh(State),01785700,024860,N,,,,
3113,23608,Up Mahal Kataire (115/2),उप महाल कटैड़ी (115/2),Rampur(Sub-District) / Shimla(District) / Himachal Pradesh(State),01667200,023608,N,eSignGOFile662648_19_02_2025_15_27_52.pdf,,,
3114,25456,Up Mahal Kateika,उप महाल कटाईका,Chaupal(Sub-District) / Shimla(District) / Himachal Pradesh(State),01837600,025456,N,,,,
3115,24532,Up Mahal Kawalag (118),उप महाल कवालग,Shimla ( Rural )(Sub-District) / Shimla(District) / Himachal Pradesh(State),01756500,024532,N,,,,
3116,25740,Up Mahal Kayarnu (58/2),उप-महाल क्यारनू(58/2),Nerwa(Sub-District) / Shimla(District) / Himachal Pradesh(State),01854700,025740,N,,,,
3117,25872,Up Mahal Kedi (131/1),उप महाल केदी(131/1),Nerwa(Sub-District) / Shimla(District) / Himachal Pradesh(State),01867900,025872,N,,,,
3118,25871,Up Mahal Keyarla (131/2),उप महाल क्यारला(131/2),Nerwa(Sub-District) / Shimla(District) / Himachal Pradesh(State),01867800,025871,N,,,,
3119,25835,Up Mahal Khakhrona (184/1),उप महाल खखरौना(184/1),Nerwa(Sub-District) / Shimla(District) / Himachal Pradesh(State),01864200,025835,N,,,,
3120,25976,Up-Mahal Kharapathar (24/2),उप-महाल खडापत्थर(24/2),Jubbal(Sub-District) / Shimla(District) / Himachal Pradesh(State),01878300,025976,N,,,,
3121,26106,Up Mahal Kharota,उप-महाल खरौटा,Kalbog(Sub-District) / Shimla(District) / Himachal Pradesh(State),01891100,026106,N,,,,
3122,25732,Up Mahal Kheelar (52/2),उप महाल घिलड(52/2),Nerwa(Sub-District) / Shimla(District) / Himachal Pradesh(State),01853900,025732,N,,,,
3123,25748,Up Mahal Khokha (64/1),उप महाल खोखाह(64/1),Nerwa(Sub-District) / Shimla(District) / Himachal Pradesh(State),01855500,025748,N,,,,
3124,25507,Up Mahal Kiari,उप महाल क्यारी,Chaupal(Sub-District) / Shimla(District) / Himachal Pradesh(State),01840600,025507,N,,,,
3125,23498,Up Mahal Kinfi(49/3),खनेवली(49/3),Rampur(Sub-District) / Shimla(District) / Himachal Pradesh(State),01656100,023498,N,,,,
3126,24558,Up Mahal Kiyari,उप महाल क्यारी,Shimla ( Rural )(Sub-District) / Shimla(District) / Himachal Pradesh(State),01758000,024558,N,,,,
3127,25888,Up Mahal Kiyari (14/2),उप महाल क्यारी(14/2)4/,Nerwa(Sub-District) / Shimla(District) / Himachal Pradesh(State),01869500,025888,N,,,,
3128,25845,Up Mahal Kiyarla (180/2),उप महाल क्यारला(180/2),Nerwa(Sub-District) / Shimla(District) / Himachal Pradesh(State),01865200,025845,N,,,,
3129,25901,Up Mahal Kiyartua (149/2),उप महाल क्यारटुवा(149/2),Nerwa(Sub-District) / Shimla(District) / Himachal Pradesh(State),01870800,025901,N,,,,
3130,25906,Up Mahal Kofar (153/2),उप महाल कोफर(153/2),Nerwa(Sub-District) / Shimla(District) / Himachal Pradesh(State),01871300,025906,N,,,,
3131,25993,Up-Mahal Kohlara Abbal (13/1),उप-महाल कोहलाडा अब्बल(13-1),Jubbal(Sub-District) / Shimla(District) / Himachal Pradesh(State),01880000,025993,N,,,,
3132,25994,Up-Mahal Kohlara Doam (13/2),कोहलाडा दोयम(13/2),Jubbal(Sub-District) / Shimla(District) / Himachal Pradesh(State),01880100,025994,N,,,,
3133,25930,Up Mahal Korag (164/2),उप महाल कोरग(164/2),Nerwa(Sub-District) / Shimla(District) / Himachal Pradesh(State),01873700,025930,N,,,,
3134,24647,Up Mahal Kot (27/2),उप महाल कोट,Shimla ( Rural )(Sub-District) / Shimla(District) / Himachal Pradesh(State),01765200,024647,N,,,,
3135,25724,Up Mahal Kotangan (22/1),उप-महाल कोटागण(22/1),Nerwa(Sub-District) / Shimla(District) / Himachal Pradesh(State),01853100,025724,N,,,,
3136,25387,Up Mahal Koti,उप महाल कोटी,Chaupal(Sub-District) / Shimla(District) / Himachal Pradesh(State),01833000,025387,N,,,,
3137,25880,Up Mahal Koti (15/1),उप महाल कोटी(15/1),Nerwa(Sub-District) / Shimla(District) / Himachal Pradesh(State),01868700,025880,N,,,,
3138,25741,Up Mahal Koti (59/1),उप महाल कोटी(59/1),Nerwa(Sub-District) / Shimla(District) / Himachal Pradesh(State),01854800,025741,N,,,,
3139,25851,Up Mahal Kufar (171/2),उप महाल कुफर(171/2)),Nerwa(Sub-District) / Shimla(District) / Himachal Pradesh(State),01865800,025851,N,,,,
3140,26121,Up Mahal Kufri,उप-महाल कुफरी,Kalbog(Sub-District) / Shimla(District) / Himachal Pradesh(State),01891900,026121,N,,,,
3141,24259,Up Mahal Kufri,उपमहाल कुफरी,Dhami(Sub-District) / Shimla(District) / Himachal Pradesh(State),01732200,024259,N,,,,
3142,25914,Up Mahal Kumarla (168/2),उप महाल कुम्हारला(168/2),Nerwa(Sub-District) / Shimla(District) / Himachal Pradesh(State),01872100,025914,N,,,,
3143,25721,Up Mahal Kutah (7/1),उप-महाल कुताह(7/1),Nerwa(Sub-District) / Shimla(District) / Himachal Pradesh(State),01852800,025721,N,,,,
3144,26131,Up Mahal Kyari,उप महाल क्यारी,Kotkhai(Sub-District) / Shimla(District) / Himachal Pradesh(State),01892500,026131,N,eSignGOFile662648_19_02_2025_14_05_48.pdf,,,
3145,25592,Up Mahal Lakha Wati(51),उप महाल लखावटी(51),Chaupal(Sub-District) / Shimla(District) / Himachal Pradesh(State),01845000,025592,N,,,,
3146,23914,Up Mahal Madhuvan (8/2),उप-महाल मधुवन(8/2),Kotgarh(Sub-District) / Shimla(District) / Himachal Pradesh(State),01697700,023914,N,,,,
3147,25952,Up-Mahal Maghara (47/3),उप- महाल मघारा(47/3),Jubbal(Sub-District) / Shimla(District) / Himachal Pradesh(State),01875900,025952,N,,,,
3148,24533,Up Mahal Majhar,उप महाल मझार,Shimla ( Rural )(Sub-District) / Shimla(District) / Himachal Pradesh(State),01756500,024533,N,,,,
3149,939866,Up Mahal Majholi(175),उप-महाल मझौली (175),Junga(Sub-District) / Shimla(District) / Himachal Pradesh(State),,000000,N,,,,
3150,25395,Up Mahal Makrog (24),उप महाल मकडोग(24),Chaupal(Sub-District) / Shimla(District) / Himachal Pradesh(State),01833700,025395,N,,,,
3151,23614,Up Mahal Makroli(114/2),उप महाल मकड़ोली (114/2),Rampur(Sub-District) / Shimla(District) / Himachal Pradesh(State),01667800,023614,N,eSignGOFile662648_19_02_2025_21_37_20.pdf,,,
3152,25729,Up Mahal Mandal (20/3),उप-महाल मान्दल(20/3),Nerwa(Sub-District) / Shimla(District) / Himachal Pradesh(State),01853600,025729,N,,,,
3153,25885,Up Mahal Mandochali(19-2),उप महाल मढोंचली(19/2),Nerwa(Sub-District) / Shimla(District) / Himachal Pradesh(State),01869200,025885,N,,,,
3154,25876,Up Mahal Maneltua (148-2),उप महाल मानेलटुआ(148/2),Nerwa(Sub-District) / Shimla(District) / Himachal Pradesh(State),01868300,025876,N,,,,
3155,25874,Up Mahal Manu (144/1),उप महाल मानू(144/1),Nerwa(Sub-District) / Shimla(District) / Himachal Pradesh(State),01868100,025874,N,,,,
3156,25388,Up-Mahal Maraog,उप महाल मड़ावग,Chaupal(Sub-District) / Shimla(District) / Himachal Pradesh(State),01833000,025388,N,eSignGOFile662648_19_02_2025_14_45_59.pdf,,,
3157,25939,Up-Mahal Matasa (58/3),उप-महाल मटासा(58-3),Jubbal(Sub-District) / Shimla(District) / Himachal Pradesh(State),01874600,025939,N,,,,
3158,26120,Up Mahal Matlu,उप-महाल मातलू,Kalbog(Sub-District) / Shimla(District) / Himachal Pradesh(State),01891900,026120,N,,,,
3159,25756,Up Mahal Moolshak (67/2),उप महाल मूलशाक(67/2),Nerwa(Sub-District) / Shimla(District) / Himachal Pradesh(State),01856300,025756,N,,,,
3160,25689,Up Mahal Nagah (38/1),उप-महाल नगाह(38/1),Nerwa(Sub-District) / Shimla(District) / Himachal Pradesh(State),01849600,025689,N,,,,
3161,25753,Up Mahal Nao (67/1),उप महाल नाऔ(67/1),Nerwa(Sub-District) / Shimla(District) / Himachal Pradesh(State),01856000,025753,N,,,,
3162,25889,Up Mahal Nawi (14/1),उप महाल नावी(14/1),Nerwa(Sub-District) / Shimla(District) / Himachal Pradesh(State),01869600,025889,N,,,,
3163,25776,Up Mahal Nerva (89-1),उप महाल नेरवा(89/2),Nerwa(Sub-District) / Shimla(District) / Himachal Pradesh(State),01858300,025776,N,,,,
3164,26107,Up Mahal Nihari,उप-महाल निहारी,Kalbog(Sub-District) / Shimla(District) / Himachal Pradesh(State),01891100,026107,N,,,,
3165,25846,Up Mahal Paban (179/1),उप महाल पवाहन(179/1),Nerwa(Sub-District) / Shimla(District) / Himachal Pradesh(State),01865300,025846,N,,,,
3166,26240,Up Mahal Pajai 83/1,उप महाल पजाई (83/1),Kotkhai(Sub-District) / Shimla(District) / Himachal Pradesh(State),01901100,026240,N,,,,
3167,939863,Up Mahal Parthana Bandli(173),उप-महाल पड़थाना बान्दली (173),Junga(Sub-District) / Shimla(District) / Himachal Pradesh(State),,000000,N,,,,
3168,25938,Up-Mahal Patsari (59/2),उप- महाल पटसारी(59-2),Jubbal(Sub-District) / Shimla(District) / Himachal Pradesh(State),01874500,025938,N,,,,
3169,23778,Up Mahal Payojan (33/2),उप महाल पयोजन(33),Nankhari(Sub-District) / Shimla(District) / Himachal Pradesh(State),01684100,023778,N,,,,
3170,25926,Up Mahal Phajabag (166/2),उप महाल फाजाबा(166/2)ग,Nerwa(Sub-District) / Shimla(District) / Himachal Pradesh(State),01873300,025926,N,,,,
3171,25919,Up Mahal Poshrah (157/1),उप महाल पोशडाह(157/1),Nerwa(Sub-District) / Shimla(District) / Himachal Pradesh(State),01872600,025919,N,,,,
3172,25381,Up Mahal Pujarli Khas,उप महाल पुजारली खास,Chaupal(Sub-District) / Shimla(District) / Himachal Pradesh(State),01832600,025381,N,eSignGOFile662648_19_02_2025_14_43_06.pdf,,,
3173,26233,Up Mahal Rakaanv,उप महाल रकांव,Kotkhai(Sub-District) / Shimla(District) / Himachal Pradesh(State),01900500,026233,N,eSignGOFile662648_19_02_2025_14_25_40.pdf,,,
3174,25927,Up Mahal Ramdara (162/1),उप महाल रमदाडा(162/1),Nerwa(Sub-District) / Shimla(District) / Himachal Pradesh(State),01873400,025927,N,,,,
3175,25899,Up Mahal Ranghol (143/1),उप महाल रघोंल(143/1),Nerwa(Sub-District) / Shimla(District) / Himachal Pradesh(State),01870600,025899,N,,,,
3176,26104,Up Mahal Ratnari (10),उप-महाल रतनाडी(10),Kalbog(Sub-District) / Shimla(District) / Himachal Pradesh(State),01891100,026104,N,,,,
3177,25749,Up Mahal Reushali(64/2),उप महाल रेवटी(64/2),Nerwa(Sub-District) / Shimla(District) / Himachal Pradesh(State),01855600,025749,N,,,,
3178,25859,Up Mahal Reushaly (137/2),उप महाल रैउशाली(137/2),Nerwa(Sub-District) / Shimla(District) / Himachal Pradesh(State),01866600,025859,N,,,,
3179,25838,Up Mahal Rohana (188/3),उप महाल रौहाना(188/3),Nerwa(Sub-District) / Shimla(District) / Himachal Pradesh(State),01864500,025838,N,,,,
3180,25752,Up Mahal Ruslah(74/1),उप महाल रुसलाह(74/1),Nerwa(Sub-District) / Shimla(District) / Himachal Pradesh(State),01855900,025752,N,,,,
3181,25684,Up Mahal Sainj Khud,उप महाल सैंज खड्ड,Kupvi(Sub-District) / Shimla(District) / Himachal Pradesh(State),01849100,025684,N,,,,
3182,25984,Up-Mahal Sanaba (18/2),उप- महाल सनाबा(18-2),Jubbal(Sub-District) / Shimla(District) / Himachal Pradesh(State),01879100,025984,N,,,,
3183,25725,Up Mahal Sananu (22/2),उप महाल सननूू (22/2),Nerwa(Sub-District) / Shimla(District) / Himachal Pradesh(State),01853200,025725,N,eSignGOFile662648_19_02_2025_14_50_24.pdf,,,
3184,24559,Up Mahal Sankatmochan,उप महाल संकटमोचन,Shimla ( Rural )(Sub-District) / Shimla(District) / Himachal Pradesh(State),01758000,024559,N,,,,
3185,25742,Up-Mahal Sarahn (59/2),उप महाल संराह (59/2),Nerwa(Sub-District) / Shimla(District) / Himachal Pradesh(State),01854900,025742,N,eSignGOFile662648_19_02_2025_14_55_24.pdf,,,
3186,23896,Up Mahal Sathla (8/1),उप-महाल शथला(8/1),Kotgarh(Sub-District) / Shimla(District) / Himachal Pradesh(State),01695900,023896,N,,,,
3187,25937,Up-Mahal Setla (55/2),उप महाल सेतला(55/2),Jubbal(Sub-District) / Shimla(District) / Himachal Pradesh(State),01874400,025937,N,,,,
3188,25397,Up Mahal Shagair,उप महाल शग़ैर,Chaupal(Sub-District) / Shimla(District) / Himachal Pradesh(State),01833700,025397,N,,,,
3189,25955,Up-Mahal Shelapani (47/5),उप- महाल शेलापानी(47/5),Jubbal(Sub-District) / Shimla(District) / Himachal Pradesh(State),01876200,025955,N,,,,
3190,25506,Up Mahal Shilan,उप महाल शिलान,Chaupal(Sub-District) / Shimla(District) / Himachal Pradesh(State),01840600,025506,N,,,,
3191,939867,Up-Mahal Shilli Bagda(183),उप-महाल शिली बागडा (183),Junga(Sub-District) / Shimla(District) / Himachal Pradesh(State),,000000,N,,,,
3192,25854,Up Mahal Shirgah(122/2),उप महाल शिरगाह((122/2),Nerwa(Sub-District) / Shimla(District) / Himachal Pradesh(State),01866100,025854,N,,,,
3193,25798,Up Mahal Shlania (93/3),उप महाल शलानिया(93/3),Nerwa(Sub-District) / Shimla(District) / Himachal Pradesh(State),01860500,025798,N,,,,
3194,25957,Up-Mahal Sholi (48/2),उप- महाल शोली(48-2),Jubbal(Sub-District) / Shimla(District) / Himachal Pradesh(State),01876400,025957,N,,,,
3195,25396,Up Mahal Sihana,उप महाल सिहाणा,Chaupal(Sub-District) / Shimla(District) / Himachal Pradesh(State),01833700,025396,N,eSignGOFile662648_01_03_2025_11_23_37.pdf,,,
3196,25843,Up Mahal Sobal (181/1),उप महाल शोबल(181/1),Nerwa(Sub-District) / Shimla(District) / Himachal Pradesh(State),01865000,025843,N,,,,
3197,25849,Up Mahal Suna (171/3),उप महाल सूना(171/3),Nerwa(Sub-District) / Shimla(District) / Himachal Pradesh(State),01865600,025849,N,,,,
3198,25834,Up Mahal Sunkhar (184/2),उप महाल सुनखर(184/2)184/2),Nerwa(Sub-District) / Shimla(District) / Himachal Pradesh(State),01864100,025834,N,,,,
3199,26242,Up Mahal Tahu I (84),उप महाल टाहू 1 (84),Kotkhai(Sub-District) / Shimla(District) / Himachal Pradesh(State),01901200,026242,N,,,,
3200,26243,Up Mahal Tahu II 84/1,उप-महाल टाहु-II,Kotkhai(Sub-District) / Shimla(District) / Himachal Pradesh(State),01901200,026243,N,,,,
3201,25633,Up Mahal Tarahan,उप-महाल तराहां,Kupvi(Sub-District) / Shimla(District) / Himachal Pradesh(State),01846200,025633,N,,,,
3202,25760,Up Mahal Tari (70/2),उप महाल तडी(70/2),Nerwa(Sub-District) / Shimla(District) / Himachal Pradesh(State),01856700,025760,N,,,,
3203,25763,Up Mahal Tarshanoo (74/3),उप महाल तरशानू(74/3),Nerwa(Sub-District) / Shimla(District) / Himachal Pradesh(State),01857000,025763,N,,,,
3204,25929,Up Mahal Telor(165),उप महाल टेलर(165),Nerwa(Sub-District) / Shimla(District) / Himachal Pradesh(State),01873600,025929,N,,,,
3205,25777,Up Mahal Thachali(76/3),उप महाल थाचली(76/3),Nerwa(Sub-District) / Shimla(District) / Himachal Pradesh(State),01858400,025777,N,,,,
3206,25942,Up Mahal Thali (57),उप- महाल थली(57),Jubbal(Sub-District) / Shimla(District) / Himachal Pradesh(State),01874900,025942,N,,,,
3207,25958,Up-Mahal Thana (48/3),उप-महाल ठाणा(48/3),Jubbal(Sub-District) / Shimla(District) / Himachal Pradesh(State),01876500,025958,N,,,,
3208,25634,Up Mahal Thanah,उप-महाल ठणाह,Kupvi(Sub-District) / Shimla(District) / Himachal Pradesh(State),01846200,025634,N,,,,
3209,25922,Up Mahal Thangar (166/1),उप महाल थगाडं(166/1),Nerwa(Sub-District) / Shimla(District) / Himachal Pradesh(State),01872900,025922,N,,,,
3210,25727,Up Mahal Tharoch (20/1),उप-महाल थरोच(20/1),Nerwa(Sub-District) / Shimla(District) / Himachal Pradesh(State),01853400,025727,N,,,,
3211,25774,Up Mahal Thekra (76/1),उप महाल ठेकरा(76/1),Nerwa(Sub-District) / Shimla(District) / Himachal Pradesh(State),01858100,025774,N,,,,
3212,25921,Up Mahal Thithrawali (166/3),उप महाल थिथरावली(166/3),Nerwa(Sub-District) / Shimla(District) / Himachal Pradesh(State),01872800,025921,N,,,,
3213,25908,Up Mahal Tikri (153/1),उप महाल टिक्करी(153/1),Nerwa(Sub-District) / Shimla(District) / Himachal Pradesh(State),01871500,025908,N,,,,
3214,25886,Up Mahal Tiprog (19/1),उप महाल टिपरोग(19/1),Nerwa(Sub-District) / Shimla(District) / Himachal Pradesh(State),01869300,025886,N,,,,
3215,25469,Up Mahal Tuil,उप महाल तूइल,Chaupal(Sub-District) / Shimla(District) / Himachal Pradesh(State),01838500,025469,N,,,,
3216,26013,Up-Mahal Verli (68/2),उप- महाल वेरली(68-2),Jubbal(Sub-District) / Shimla(District) / Himachal Pradesh(State),01882000,026013,N,,,,
3217,939842,Up Mohal Badash,उप महाल बडश,Shimla ( Rural )(Sub-District) / Shimla(District) / Himachal Pradesh(State),,000000,N,,,,
3218,24067,Up Mohal Bag-I (165-1),उप महाल बाग-I,Sunni(Sub-District) / Shimla(District) / Himachal Pradesh(State),01713000,024067,N,,,,
3219,24068,Up Mohal Bag-II (165/2),उप महाल बाग दोयम,Sunni(Sub-District) / Shimla(District) / Himachal Pradesh(State),01713100,024068,N,,,,
3220,939825,Up Mohal Bamloe,उप महाल बैमलोई,Shimla (Urban)(Sub-District) / Shimla(District) / Himachal Pradesh(State),,000000,N,eSignGOFile662648_20_02_2025_17_13_24.pdf,,,
3221,939832,Up Mohal Banmore,उप महाल बैनमोर,Shimla (Urban)(Sub-District) / Shimla(District) / Himachal Pradesh(State),,000000,N,,,,
3222,949804,Up Mohal Banuti,उप महाल बनुटी,Shimla ( Rural )(Sub-District) / Shimla(District) / Himachal Pradesh(State),,000000,N,,,,
3223,24545,Up-Mohal Baragaon (110/2),उप महाल बडागांव(110/2),Shimla ( Rural )(Sub-District) / Shimla(District) / Himachal Pradesh(State),01757400,024545,N,,,,
3224,24939,Up Mohal Bhadaina (199/1),उ. म. भड़ैणा (199/1),Theog(Sub-District) / Shimla(District) / Himachal Pradesh(State),01792200,024939,N,,,,
3225,24646,Up Mohal Bhont (27/1),उप मोहाल भौंट (27/1),Shimla ( Rural )(Sub-District) / Shimla(District) / Himachal Pradesh(State),01765200,024646,N,,,,
3226,23821,Up-Mohal Chalanal(142/2),उप-महाल चलानाल(142/2),Kumarsain(Sub-District) / Shimla(District) / Himachal Pradesh(State),01688400,023821,N,,,,
3227,939801,Up Mohal Chalunthi,उप महाल चलौन्ठी,Shimla (Urban)(Sub-District) / Shimla(District) / Himachal Pradesh(State),,000000,N,,,,
3228,25636,Up Mohal Chandwa,उप-महाल चांदुवा,Kupvi(Sub-District) / Shimla(District) / Himachal Pradesh(State),01846200,025636,N,,,,
3229,939806,Up Mohal Chaura Maidan,उप महाल चौडा मैदान,Shimla (Urban)(Sub-District) / Shimla(District) / Himachal Pradesh(State),,000000,N,,,,
3230,25501,Up Mohal Chorwdhar,उप महाल चोरवाधार,Chaupal(Sub-District) / Shimla(District) / Himachal Pradesh(State),01840300,025501,N,,,,
3231,939830,Up Mohal Chotta Shimla Khas,उप महाल छोटा शिमला खास,Shimla (Urban)(Sub-District) / Shimla(District) / Himachal Pradesh(State),,000000,N,,,,
3232,24648,Up Mohal Dala (21/4),उप महाल दला (21/4),Shimla ( Rural )(Sub-District) / Shimla(District) / Himachal Pradesh(State),01765300,024648,N,,,,
3233,25012,Up Mohal Darabla (236/1),उ. म. दराबला (236/1),Theog(Sub-District) / Shimla(District) / Himachal Pradesh(State),01798100,025012,N,,,,
3234,939818,Up Mohal Deodi,उप महाल डेओडी,Shimla (Urban)(Sub-District) / Shimla(District) / Himachal Pradesh(State),,000000,N,,,,
3235,24782,Up Mohal Dhalli 2,उप महाल ढली II,Shimla ( Rural )(Sub-District) / Shimla(District) / Himachal Pradesh(State),01778000,024782,N,,,,
3236,24620,Up Mohal Dudhli (21/3),उप महाल दुधली (21/3),Shimla ( Rural )(Sub-District) / Shimla(District) / Himachal Pradesh(State),01763600,024620,N,,,,
3237,939936,Up- Mohal Dwandi May Kathandi(85),उप-महाल दवानडी मय कथानडी (85),Kotkhai(Sub-District) / Shimla(District) / Himachal Pradesh(State),,000000,N,,,,
3238,25013,Up Mohal Fargoa (236/2),उ. म.फड़गोआ (236/2),Theog(Sub-District) / Shimla(District) / Himachal Pradesh(State),01798100,025013,N,,,,
3239,24978,Up Mohal Fewat (191/1),उ. म. फैवट (191/1),Theog(Sub-District) / Shimla(District) / Himachal Pradesh(State),01795300,024978,N,,,,
3240,24913,Up Mohal Gadli,उ.म. गडली,Theog(Sub-District) / Shimla(District) / Himachal Pradesh(State),01790500,024913,N,,,,
3241,24369,Up Mohal Gunana (166/2),उपमहाल गुनाना,Dhami(Sub-District) / Shimla(District) / Himachal Pradesh(State),01741300,024369,N,,,,
3242,939862,Up-Mohal Jagas Dawana,उप-महाल जगास डवाणा,Junga(Sub-District) / Shimla(District) / Himachal Pradesh(State),,000000,N,,,,
3243,939829,Up Mohal Jakhu,उप महाल जाखू,Shimla (Urban)(Sub-District) / Shimla(District) / Himachal Pradesh(State),,000000,N,,,,
3244,24432,Up Mohal Janog,उप महाल जनोग,Shimla ( Rural )(Sub-District) / Shimla(District) / Himachal Pradesh(State),01747100,024432,N,,,,
3245,25126,Up Mohal Janog Doyam (291/1),उ. म.जनोग दोयम (291/1),Theog(Sub-District) / Shimla(District) / Himachal Pradesh(State),01809200,025126,N,,,,
3246,939876,Up Mohal Jholo,उप महाल झोलो,Shimla ( Rural )(Sub-District) / Shimla(District) / Himachal Pradesh(State),,000000,N,,,,
3247,25236,Up Mohal Kadli Bagri(378/1),उ. म. खदली बागडी(378/1),Theog(Sub-District) / Shimla(District) / Himachal Pradesh(State),01819900,025236,N,,,,
3248,939810,Up Mohal Kaithu Dwitiya,उप महाल कैथू -द्वितीय,Shimla (Urban)(Sub-District) / Shimla(District) / Himachal Pradesh(State),,000000,N,,,,
3249,939794,Up-Mohal Kaithu Pratham,उप महाल कैथू -प्रथम,Shimla (Urban)(Sub-District) / Shimla(District) / Himachal Pradesh(State),,000000,N,,,,
3250,939791,Up Mohal Kalibari,उप महाल कालीबाडी,Shimla (Urban)(Sub-District) / Shimla(District) / Himachal Pradesh(State),,000000,N,eSignGOFile662648_20_02_2025_17_14_32.pdf,,,
3251,25271,Up Mohal Kambal (10),उ. म. कम्बल(10),Theog(Sub-District) / Shimla(District) / Himachal Pradesh(State),01822900,025271,N,,,,
3252,939785,Up Mohal Kelston,उप महाल कलस्टन,Shimla (Urban)(Sub-District) / Shimla(District) / Himachal Pradesh(State),,000000,N,,,,
3253,939793,Up Mohal Krishna Nagar,उप महाल कृष्णा नगर,Shimla (Urban)(Sub-District) / Shimla(District) / Himachal Pradesh(State),,000000,N,,,,
3254,24431,Up Mohal Kufar,उप महाल कुफर,Shimla ( Rural )(Sub-District) / Shimla(District) / Himachal Pradesh(State),01747100,024431,N,,,,
3255,24650,Up Mohal Kuftadhar (323/1),उप महाल कुफ्टाधार (323-1),Shimla ( Rural )(Sub-District) / Shimla(District) / Himachal Pradesh(State),01765400,024650,N,,,,
3256,24934,Up Mohal Kyaral,उ. म. क्यारल,Theog(Sub-District) / Shimla(District) / Himachal Pradesh(State),01791800,024934,N,,,,
3257,939788,Up Mohal Lakkar Bazar,उप महाल लक्कड बाजार,Shimla (Urban)(Sub-District) / Shimla(District) / Himachal Pradesh(State),,000000,N,,,,
3258,24969,Up Mohal Latena (183),उ. म. लतैना (183),Theog(Sub-District) / Shimla(District) / Himachal Pradesh(State),01794600,024969,N,,,,
3259,24773,Up Mohal Malyana-II,उप महाल मल्याना II,Shimla ( Rural )(Sub-District) / Shimla(District) / Himachal Pradesh(State),01777400,024773,N,,,,
3260,24963,Up Mohal Manan (187),उ. म. मानन(187),Theog(Sub-District) / Shimla(District) / Himachal Pradesh(State),01794300,024963,N,,,,
3261,24617,Up Mohal Manav (21/5),उप महाल मणाव (21/5),Shimla ( Rural )(Sub-District) / Shimla(District) / Himachal Pradesh(State),01763300,024617,N,,,,
3262,23820,Up- Mohal Nag(154/2),उप-महाल नाग(154/2),Kumarsain(Sub-District) / Shimla(District) / Himachal Pradesh(State),01688300,023820,N,,,,
3263,939831,Up Mohal Nav Bahar,उप महाल नव बहार,Shimla (Urban)(Sub-District) / Shimla(District) / Himachal Pradesh(State),,000000,N,,,,
3264,939861,Up-Mohal Padhechi(153),उप-महाल पधेची,Junga(Sub-District) / Shimla(District) / Himachal Pradesh(State),,000000,N,,,,
3265,24964,Up Mohal Paloi (187/2),उ. म. पलोई (187/2),Theog(Sub-District) / Shimla(District) / Himachal Pradesh(State),01794300,024964,N,,,,
3266,25002,Up Mohal Panthaghati (157/1),उ. म. पंथाघाटी (157/1),Theog(Sub-District) / Shimla(District) / Himachal Pradesh(State),01797200,025002,N,,,,
3267,24965,Up Mohal Patla Dhar (187/1),उ. म. पाटलाधार (187/1),Theog(Sub-District) / Shimla(District) / Himachal Pradesh(State),01794300,024965,N,,,,
3268,24544,Up-Mohal Patti (110),उप महाल पट्टी (110),Shimla ( Rural )(Sub-District) / Shimla(District) / Himachal Pradesh(State),01757400,024544,N,,,,
3269,939807,Up Mohal Raj Bhawan,उप महाल राज भवन,Shimla (Urban)(Sub-District) / Shimla(District) / Himachal Pradesh(State),,000000,N,,,,
3270,939882,Up-Mohal Rampur-I (277),उप मोहल रामपुर प्रथम (277),Shimla ( Rural )(Sub-District) / Shimla(District) / Himachal Pradesh(State),,000000,N,,,,
3271,24463,Up-Mohal Rampur-II,उप महाल रामपुर द्वितीय,Shimla ( Rural )(Sub-District) / Shimla(District) / Himachal Pradesh(State),01749800,024463,N,,,,
3272,24464,Up-Mohal Rampur-III,उप महाल रामपुर तृतीय,Shimla ( Rural )(Sub-District) / Shimla(District) / Himachal Pradesh(State),01749800,024464,N,,,,
3273,24977,Up Mohal Raog (191),उ. म. रावग(191),Theog(Sub-District) / Shimla(District) / Himachal Pradesh(State),01795300,024977,N,,,,
3274,939790,Up Mohal Ridge,उप महाल रिज,Shimla (Urban)(Sub-District) / Shimla(District) / Himachal Pradesh(State),,000000,N,eSignGOFile662648_20_02_2025_17_15_01.pdf,,,
3275,24970,Up Mohal Rikhta (183/1),उ. म. रिखटा(183/1),Theog(Sub-District) / Shimla(District) / Himachal Pradesh(State),01794600,024970,N,,,,
3276,24929,Up Mohal Rinno (237/1),उ. म. रिन्नो (237/1),Theog(Sub-District) / Shimla(District) / Himachal Pradesh(State),01791500,024929,N,,,,
3277,939800,Up Mohal Sanjauli Bazar,उप महाल संजौली बाजार,Shimla (Urban)(Sub-District) / Shimla(District) / Himachal Pradesh(State),,000000,N,,,,
3278,939799,Up Mohal Sanjauli Chowk,उप महाल संजौली चौक,Shimla (Urban)(Sub-District) / Shimla(District) / Himachal Pradesh(State),,000000,N,,,,
3279,939879,Up Mohal Sariun,उप महाल सरिऊन,Shimla ( Rural )(Sub-District) / Shimla(District) / Himachal Pradesh(State),,000000,N,,,,
3280,24771,Up-Mohal Shanan-II,उप महाल शहनान -II,Shimla ( Rural )(Sub-District) / Shimla(District) / Himachal Pradesh(State),01777300,024771,N,,,,
3281,939784,Up Mohal Shankli,उप महाल शान्कली,Shimla (Urban)(Sub-District) / Shimla(District) / Himachal Pradesh(State),,000000,N,,,,
3282,24775,Up-Mohal Shanti Vihar,उप महाल शान्ति विहार,Shimla ( Rural )(Sub-District) / Shimla(District) / Himachal Pradesh(State),01777500,024775,N,,,,
3283,939880,Up Mohal Sheelag Dhawan,उप महाल शिलग धवन,Shimla ( Rural )(Sub-District) / Shimla(District) / Himachal Pradesh(State),,000000,N,,,,
3284,23831,Up-Mohal Shiwan(142/1),उप-महाल शिवान(142/1),Kumarsain(Sub-District) / Shimla(District) / Himachal Pradesh(State),01689400,023831,N,,,,
3285,26246,Up Mohal Shoshan 85/1,उप महाल शोषण,Kotkhai(Sub-District) / Shimla(District) / Himachal Pradesh(State),01901300,026246,N,,,,
3286,939795,Up Mohal Station Ward Bada Shimla,उप महाल स्टेशन वार्ड बडा शिमला,Shimla (Urban)(Sub-District) / Shimla(District) / Himachal Pradesh(State),,000000,N,,,,
3287,939808,Up Mohal Summer Hill,उप महाल समरहिल,Shimla (Urban)(Sub-District) / Shimla(District) / Himachal Pradesh(State),,000000,N,,,,
3288,949465,Up Mohal Sunni Chaturth,उप महाल सुन्नी चतुर्थ,Sunni(Sub-District) / Shimla(District) / Himachal Pradesh(State),,000000,N,eSignGOFile662648_20_02_2025_17_15_30.pdf,,,
3289,949448,Up Mohal Sunni Dwitiya,उप महाल सुन्नी द्वितीय,Sunni(Sub-District) / Shimla(District) / Himachal Pradesh(State),,000000,N,eSignGOFile662648_20_02_2025_17_16_05.pdf,,,
3290,949447,Up Mohal Sunni Pratham,उप महाल सुन्नी प्रथम,Sunni(Sub-District) / Shimla(District) / Himachal Pradesh(State),,000000,N,eSignGOFile662648_20_02_2025_17_16_46.pdf,,,
3291,949446,Up Mohal Sunni Tritiya,उप महाल सुन्नी तृतीय,Sunni(Sub-District) / Shimla(District) / Himachal Pradesh(State),,000000,N,eSignGOFile662648_20_02_2025_17_17_21.pdf,,,
3292,939786,Up Mohal Tara Hall,उप महाल तारा हाल,Shimla (Urban)(Sub-District) / Shimla(District) / Himachal Pradesh(State),,000000,N,,,,
3293,24673,Up Mohal Tilla,उप महाल टीला,Shimla ( Rural )(Sub-District) / Shimla(District) / Himachal Pradesh(State),01767600,024673,N,,,,
3294,939789,Up Mohal Upper Kaithu,उप महाल अप्पर कैथू,Shimla (Urban)(Sub-District) / Shimla(District) / Himachal Pradesh(State),,000000,N,,,,
3295,939833,Up Mohal Us Club,उप महाल यू.एस. क्लब,Shimla (Urban)(Sub-District) / Shimla(District) / Himachal Pradesh(State),,000000,N,eSignGOFile662648_20_02_2025_16_26_45.pdf,,,
3296,26048,Up-Mohal Utrol(121/3),उप-महाल उतरोल(121/3),Sarawati Nagar(Sub-District) / Shimla(District) / Himachal Pradesh(State),01885500,026048,N,,,,
3297,26056,Up- Mohal Virat Nagar(59/3),उप-महाल विराटनगर(59/3),Sarawati Nagar(Sub-District) / Shimla(District) / Himachal Pradesh(State),01886300,026056,N,,,,
3298,25656,Up Muhal Asha Dhar,उप महाल अशाहधार,Kupvi(Sub-District) / Shimla(District) / Himachal Pradesh(State),01847300,025656,N,,,,
3299,26165,Up-Muhal Badruni,उप महाल बदरुणी,Kotkhai(Sub-District) / Shimla(District) / Himachal Pradesh(State),01895600,026165,N,,,,
3300,25358,Up Muhal Bala,उप-महाल बाला,Deha(Sub-District) / Shimla(District) / Himachal Pradesh(State),01830800,025358,N,,,,
3301,24368,Up Muhal Basti (166/1),उप महाल बस्ती,Dhami(Sub-District) / Shimla(District) / Himachal Pradesh(State),01741200,024368,N,,,,
3302,24909,Up Muhal Bhaj,उ. म. भाज,Theog(Sub-District) / Shimla(District) / Himachal Pradesh(State),01790300,024909,N,,,,
3303,24613,Up-Muhal Bhavali Dhar (21/1),उप महाल भवेलीधार (21/1),Shimla ( Rural )(Sub-District) / Shimla(District) / Himachal Pradesh(State),01763000,024613,N,,,,
3304,25299,Up Muhal Chailla,उ. म. छैला,Theog(Sub-District) / Shimla(District) / Himachal Pradesh(State),01825200,025299,N,,,,
3305,26303,Up-Muhal Chakuna,उप महाल चकुन्ना,Kotkhai(Sub-District) / Shimla(District) / Himachal Pradesh(State),01906100,026303,N,,,,
3306,25171,Up Muhal Charhi,उ. म. चड़ी,Theog(Sub-District) / Shimla(District) / Himachal Pradesh(State),01813600,025171,N,,,,
3307,26308,Up Muhal Chonri (48),उप-महाल चौंरी (48),Kalbog(Sub-District) / Shimla(District) / Himachal Pradesh(State),01906600,026308,N,,,,
3308,26176,Up-Muhal Dahar,उप महाल डाहर,Kotkhai(Sub-District) / Shimla(District) / Himachal Pradesh(State),01896100,026176,N,,,,
3309,26241,Up-Muhal Dalauna(83/2),उप महाल दलोणा (83/2),Kotkhai(Sub-District) / Shimla(District) / Himachal Pradesh(State),01901100,026241,N,,,,
3310,26215,Up-Muhal Devari,उप महाल देवरी,Kotkhai(Sub-District) / Shimla(District) / Himachal Pradesh(State),01899000,026215,N,,,,
3311,24530,Up Muhal Dhamachi,उप महाल ढमेची,Shimla ( Rural )(Sub-District) / Shimla(District) / Himachal Pradesh(State),01756300,024530,N,,,,
3312,24339,Up Muhal D.P.F. Jaijar,डी. पी. एफ. जेजड,Dhami(Sub-District) / Shimla(District) / Himachal Pradesh(State),01738400,024339,N,,,,
3313,24354,Up Muhal D.P.F. Rapra,डी.पी.एफ.ऱापडा,Dhami(Sub-District) / Shimla(District) / Himachal Pradesh(State),01739800,024354,N,,,,
3314,24315,Up Muhal D.P.F. Samlaun,उप महाल डी. पी. ऐफ. सम्मलौन,Shimla ( Rural )(Sub-District) / Shimla(District) / Himachal Pradesh(State),01736500,024315,N,,,,
3315,26211,Up-Muhal Ganni,उप महाल गाणी,Kotkhai(Sub-District) / Shimla(District) / Himachal Pradesh(State),01898900,026211,N,,,,
3316,25340,Up Muhal Gondhar,उप-महाल गौंधार,Deha(Sub-District) / Shimla(District) / Himachal Pradesh(State),01829100,025340,N,,,,
3317,26204,Up-Muhal Jamuni,उप-महाल जमुणी,Kotkhai(Sub-District) / Shimla(District) / Himachal Pradesh(State),01898400,026204,N,,,,
3318,24988,Up Muhal Jaonth,उ. म. जौंठ,Theog(Sub-District) / Shimla(District) / Himachal Pradesh(State),01796100,024988,N,,,,
3319,24535,Up Muhal Jarech,उप महाल जडेच,Shimla ( Rural )(Sub-District) / Shimla(District) / Himachal Pradesh(State),01756600,024535,N,,,,
3320,24330,Up Muhal Jhamrech,उपमहाल झमरेच,Dhami(Sub-District) / Shimla(District) / Himachal Pradesh(State),01737600,024330,N,,,,
3321,25612,Up Muhal Kalal,उप-महाल कलाल,Kupvi(Sub-District) / Shimla(District) / Himachal Pradesh(State),01845600,025612,N,,,,
3322,25281,Up Muhal Katiana - I (34),कटियाना प्रथम,Deha(Sub-District) / Shimla(District) / Himachal Pradesh(State),01823900,025281,N,,,,
3323,25283,Up Muhal Katiana III Rd,कटियाना तृतीय,Deha(Sub-District) / Shimla(District) / Himachal Pradesh(State),01823900,025283,N,,,,
3324,25282,Up Muhal Katiana II Nd,कटियाना द्वितीय,Deha(Sub-District) / Shimla(District) / Himachal Pradesh(State),01823900,025282,N,,,,
3325,26209,Up Muhal Kiarvi (48),उप-महाल क्यारवी,Kalbog(Sub-District) / Shimla(District) / Himachal Pradesh(State),01898900,026209,N,,,,
3326,25264,Up Muhal Konti,उ. म. काँवती,Theog(Sub-District) / Shimla(District) / Himachal Pradesh(State),01822400,025264,N,,,,
3327,25375,Up Muhal Kunch,उप-महाल कुॅच,Deha(Sub-District) / Shimla(District) / Himachal Pradesh(State),01832100,025375,N,,,,
3328,25657,Up Muhal Lohan Dhar,उप महाल लोहानधार,Kupvi(Sub-District) / Shimla(District) / Himachal Pradesh(State),01847300,025657,N,,,,
3329,25364,Up Muhal Mandal,उप-महाल मान्दल,Deha(Sub-District) / Shimla(District) / Himachal Pradesh(State),01831200,025364,N,,,,
3330,25252,Up Muhal Nagpur,उ. म. नागपुर,Theog(Sub-District) / Shimla(District) / Himachal Pradesh(State),01821400,025252,N,,,,
3331,25373,Up Muhal Neri,उप-महाल नैरी,Deha(Sub-District) / Shimla(District) / Himachal Pradesh(State),01832000,025373,N,,,,
3332,25265,Up Muhal Panoli,उ. म.   पनोली,Theog(Sub-District) / Shimla(District) / Himachal Pradesh(State),01822400,025265,N,,,,
3333,24968,Up Muhal Patmani,उ. म. पटमनी,Theog(Sub-District) / Shimla(District) / Himachal Pradesh(State),01794500,024968,N,,,,
3334,24953,Up Muhal Rachan,उ. म. रच्छान,Theog(Sub-District) / Shimla(District) / Himachal Pradesh(State),01793400,024953,N,,,,
3335,24993,Up Muhal Rajana,उ. म. रजाना,Theog(Sub-District) / Shimla(District) / Himachal Pradesh(State),01796400,024993,N,,,,
3336,24555,Up Muhal Rirka,उप महाल रिडका,Shimla ( Rural )(Sub-District) / Shimla(District) / Himachal Pradesh(State),01758000,024555,N,,,,
3337,24943,Up Muhal Shadaich (205/1),उ. म. शड़ैच(205/1),Theog(Sub-District) / Shimla(District) / Himachal Pradesh(State),01792500,024943,N,,,,
3338,24982,Up Muhal Sharamtu (195),उ. म. शरमटू(195),Theog(Sub-District) / Shimla(District) / Himachal Pradesh(State),01795600,024982,N,,,,
3339,25263,Up Muhal Shatal,उ. म. सातल,Theog(Sub-District) / Shimla(District) / Himachal Pradesh(State),01822400,025263,N,,,,
3340,25625,Up Muhal Shathali,उप महाल शठाली,Kupvi(Sub-District) / Shimla(District) / Himachal Pradesh(State),01846100,025625,N,,,,
3341,24933,Up Muhal Shay,उप-महाल शाए,Deha(Sub-District) / Shimla(District) / Himachal Pradesh(State),01791800,024933,N,,,,
3342,24258,Up Muhal Sheel (27/1),उप महाल शील,Dhami(Sub-District) / Shimla(District) / Himachal Pradesh(State),01732100,024258,N,,,,
3343,24962,Up Muhal Shilaru,उ. म. शिलारू,Theog(Sub-District) / Shimla(District) / Himachal Pradesh(State),01794200,024962,N,,,,
3344,25360,Up Muhal Soi,उ. म. सोई,Theog(Sub-District) / Shimla(District) / Himachal Pradesh(State),01830900,025360,N,,,,
3345,25029,Up Muhal Teer (153/1),उ. म. टीर(153),Theog(Sub-District) / Shimla(District) / Himachal Pradesh(State),01799600,025029,N,,,,
3346,25287,Up Muhal Thana Dhar,उप-महाल थानाधार,Deha(Sub-District) / Shimla(District) / Himachal Pradesh(State),01824200,025287,N,,,,
3347,24992,Up Muhal Tikkar,उ. म. टिक्कर,Theog(Sub-District) / Shimla(District) / Himachal Pradesh(State),01796400,024992,N,,,,
3348,25181,Up Muhal Tikkar (387/1),उ. म. टिक्कर(387/1),Theog(Sub-District) / Shimla(District) / Himachal Pradesh(State),01814500,025181,N,,,,
3349,25312,Up Muhal Ulvi (98/1),उ. म. उल्वी(98/1),Theog(Sub-District) / Shimla(District) / Himachal Pradesh(State),01826400,025312,N,,,,
3350,23640,Uppar Khanortu (166),अपर खनोरटू(166),Taklech(Sub-District) / Shimla(District) / Himachal Pradesh(State),01670400,023640,N,,,,
3351,23854,Urshu (124),उर्शू(124),Kumarsain(Sub-District) / Shimla(District) / Himachal Pradesh(State),01691700,023854,N,,,,
3352,23606,Uru (119),ऊरु(119),Rampur(Sub-District) / Shimla(District) / Himachal Pradesh(State),01667000,023606,N,,,,
3353,26586,Uruyee (1/3),ऊरुई(1/3),Jangla(Sub-District) / Shimla(District) / Himachal Pradesh(State),01933100,026586,N,,,,
3354,24546,Vikas Nagar (110/3),विकास नगर (110/3),Shimla ( Rural )(Sub-District) / Shimla(District) / Himachal Pradesh(State),01757400,024546,N,,,,
3355,24525,Yan (134),याण(134),Shimla ( Rural )(Sub-District) / Shimla(District) / Himachal Pradesh(State),01755900,024525,N,,,,
3356,23868,Zar(109),जार(109),Kumarsain(Sub-District) / Shimla(District) / Himachal Pradesh(State),01693100,023868,N,,,,
