S No,Village LGD Code,Village Name (In English),Village Name (In Local language),Hierarchy,Census 2001 Code,Census2011 Code,Pesa Status,View Government Order,View Details,View History,View Map
1,22760,Achhla Chandar (265),आच्छला चान्दड़ (265),Pachhad(Sub-District) / Sirmaur(District) / Himachal Pradesh(State),01582800,022760,N,,,,
2,23395,Adhog (4),अंधोग (4),Kamrau(Sub-District) / Sirmaur(District) / Himachal Pradesh(State),01645800,023395,N,,,,
3,22563,Adwain Sangrah (71),अड़वान सँगडाह (71),Rajgarh(Sub-District) / Sirmaur(District) / Himachal Pradesh(State),01563100,022563,N,,,,
4,23238,Agriwala (151),अगडीवाला (151),Nahan(Sub-District) / Sirmaur(District) / Himachal Pradesh(State),01630600,023238,N,,,,
5,23365,Agron (42),आगरों (42),Paonta Sahib(Sub-District) / Sirmaur(District) / Himachal Pradesh(State),01642800,023365,N,,,,
6,22826,Ajga (328),अजगा (328),Narag(Sub-District) / Sirmaur(District) / Himachal Pradesh(State),01589400,022826,N,,,,
7,23301,Ajiawala (124),अजीयवाला (124),Paonta Sahib(Sub-District) / Sirmaur(District) / Himachal Pradesh(State),01636900,023301,N,,,,
8,23339,Ajoli (93),अजौली (93),Paonta Sahib(Sub-District) / Sirmaur(District) / Himachal Pradesh(State),01640200,023339,N,,,,
9,23465,Ajrouli (175),अजरोली (175),Ronhat(Sub-District) / Sirmaur(District) / Himachal Pradesh(State),01652800,023465,N,,,,
10,23350,Akalgarh (107),अकालग़ढ़ (107),Paonta Sahib(Sub-District) / Sirmaur(District) / Himachal Pradesh(State),01641300,023350,N,,,,
11,23306,Amargarh (136),अमरगढ़ (136),Paonta Sahib(Sub-District) / Sirmaur(District) / Himachal Pradesh(State),01637400,023306,N,,,,
12,23335,Amarkot (97),अमरकोट (97),Paonta Sahib(Sub-District) / Sirmaur(District) / Himachal Pradesh(State),01639800,023335,N,,,,
13,937547,Amarpur (46-8),अमरपुर (46/8),Nahan(Sub-District) / Sirmaur(District) / Himachal Pradesh(State),,000000,N,,,,
14,23400,Ambaun (6),अम्बौण (6),Kamrau(Sub-District) / Sirmaur(District) / Himachal Pradesh(State),01646300,023400,N,,,,
15,23363,Amboa (33),अम्बोया (33),Paonta Sahib(Sub-District) / Sirmaur(District) / Himachal Pradesh(State),01642600,023363,N,,,,
16,23186,Ambwala Sainwala (120),अम्बवाला सैनवाला (120),Nahan(Sub-District) / Sirmaur(District) / Himachal Pradesh(State),01625400,023186,N,,,,
17,23355,Ambwala Singhpura (108),अम्बवाला सिंघपुरा (108),Paonta Sahib(Sub-District) / Sirmaur(District) / Himachal Pradesh(State),01641800,023355,N,,,,
18,23170,Amrayun Bakarla (36),अमराइयो बकारला (36),Nahan(Sub-District) / Sirmaur(District) / Himachal Pradesh(State),01623800,023170,N,,,,
19,23167,Andheri (125),अन्धेरी (125),Nahan(Sub-District) / Sirmaur(District) / Himachal Pradesh(State),01623500,023167,N,,,,
20,22974,Andheri (147),अन्धेरी (147),Renuka(Sub-District) / Sirmaur(District) / Himachal Pradesh(State),01604200,022974,N,,,,
21,22938,Anji (217),आन्जी (217),Pachhad(Sub-District) / Sirmaur(District) / Himachal Pradesh(State),01600600,022938,N,,,,
22,22750,Anji (287),आन्जी (287),Pachhad(Sub-District) / Sirmaur(District) / Himachal Pradesh(State),01581800,022750,N,,,,
23,22797,Anji Bhaganji (309),आंजी भगांजी (309),Pachhad(Sub-District) / Sirmaur(District) / Himachal Pradesh(State),01586500,022797,N,,,,
24,22759,Anji Siwat (264),आंजी सिवत (264),Pachhad(Sub-District) / Sirmaur(District) / Himachal Pradesh(State),01582700,022759,N,,,,
25,22685,Anukoti (26),अनुकोटी (26),Nohra(Sub-District) / Sirmaur(District) / Himachal Pradesh(State),01575300,022685,N,,,,
26,23163,Arandwala (132),अरण्डवाला (132),Nahan(Sub-District) / Sirmaur(District) / Himachal Pradesh(State),01623100,023163,N,,,,
27,22963,Arat (152),अरट (152),Renuka(Sub-District) / Sirmaur(District) / Himachal Pradesh(State),01603100,022963,N,,,,
28,22700,Argu (361),अडगू (361),Narag(Sub-District) / Sirmaur(District) / Himachal Pradesh(State),01576800,022700,N,,,,
29,22951,Arka Baryog (204),आरका बड़योग (204),Pachhad(Sub-District) / Sirmaur(District) / Himachal Pradesh(State),01601900,022951,N,,,,
30,23440,Ashyari (220),अश्याड़ी (220),Shillai(Sub-District) / Sirmaur(District) / Himachal Pradesh(State),01650300,023440,N,,,,
31,23221,Aunliwalagada (48),आंवलीवाला गाड्डा (48),Nahan(Sub-District) / Sirmaur(District) / Himachal Pradesh(State),01628900,023221,N,,,,
32,22724,Bada Chakli (400),बाड़ा चाकली (400),Pachhad(Sub-District) / Sirmaur(District) / Himachal Pradesh(State),01579200,022724,N,,,,
33,22594,Badgala (60),बड़गला (60),Rajgarh(Sub-District) / Sirmaur(District) / Himachal Pradesh(State),01566200,022594,N,,,,
34,23380,Badhana (49),बढ़ाना (49),Paonta Sahib(Sub-District) / Sirmaur(District) / Himachal Pradesh(State),01644300,023380,N,,,,
35,23327,Badripur (121),बदरीपुर (121),Paonta Sahib(Sub-District) / Sirmaur(District) / Himachal Pradesh(State),01639300,023327,N,,,,
36,22780,Badyana (259),बड़याना (259),Pachhad(Sub-District) / Sirmaur(District) / Himachal Pradesh(State),01584800,022780,N,,,,
37,22735,Badyana Harech (297),बड़याना हड़ेच (297),Pachhad(Sub-District) / Sirmaur(District) / Himachal Pradesh(State),01580300,022735,N,,,,
38,23371,Bag (39),बाग (39),Paonta Sahib(Sub-District) / Sirmaur(District) / Himachal Pradesh(State),01643400,023371,N,,,,
39,23142,Baga Babraun (29),बागा बबरोन  (29),Nahan(Sub-District) / Sirmaur(District) / Himachal Pradesh(State),01621000,023142,N,,,,
40,22887,Bagar Dingri (153),बगड़ डिंगरी (153),Pachhad(Sub-District) / Sirmaur(District) / Himachal Pradesh(State),01595500,022887,N,,,,
41,22508,Bagar Panoti (7),बगड़पनोटी (7),Pajhota(Sub-District) / Sirmaur(District) / Himachal Pradesh(State),01557600,022508,N,,,,
42,23200,Baghara (76),भगारा (76),Nahan(Sub-District) / Sirmaur(District) / Himachal Pradesh(State),01626800,023200,N,,,,
43,22945,Baghar Pawari (213),बघार पावरी (213),Pachhad(Sub-District) / Sirmaur(District) / Himachal Pradesh(State),01601300,022945,N,,,,
44,22942,Baghar Shekhra (214),बघार शेखरा (214),Pachhad(Sub-District) / Sirmaur(District) / Himachal Pradesh(State),01601000,022942,N,,,,
45,23398,Bag Hawra (10),बाग हावड़ा (10),Kamrau(Sub-District) / Sirmaur(District) / Himachal Pradesh(State),01646100,023398,N,,,,
46,23451,Bagna (229),बागना (229),Shillai(Sub-District) / Sirmaur(District) / Himachal Pradesh(State),01651400,023451,N,,,,
47,22795,Bag Pashog (311),बाग पशोग (311),Pachhad(Sub-District) / Sirmaur(District) / Himachal Pradesh(State),01586300,022795,N,,,,
48,22844,Bahanar (334),बाहनार (334),Narag(Sub-District) / Sirmaur(District) / Himachal Pradesh(State),01591200,022844,N,,,,
49,23313,Bahral (131),बहराल (131),Paonta Sahib(Sub-District) / Sirmaur(District) / Himachal Pradesh(State),01638100,023313,N,,,,
50,23388,Baila Gujon (213),बाईला गजोन (213),Kamrau(Sub-District) / Sirmaur(District) / Himachal Pradesh(State),01645100,023388,N,,,,
51,23303,Bain Kuan (127),बाए-कुऑ (127),Paonta Sahib(Sub-District) / Sirmaur(District) / Himachal Pradesh(State),01637100,023303,N,,,,
52,22888,Bainta (154),बैन्ता (154),Pachhad(Sub-District) / Sirmaur(District) / Himachal Pradesh(State),01595600,022888,N,,,,
53,23251,Bakahan Kelewala (77),बकाहन केलेवाला (77),Dadahu(Sub-District) / Sirmaur(District) / Himachal Pradesh(State),01631900,023251,N,,,,
54,22551,Balara Tikri (43),बलारा टिक्करी (43),Rajgarh(Sub-District) / Sirmaur(District) / Himachal Pradesh(State),01561900,022551,N,,,,
55,23418,Baldwa Bohal (26),बलदवा बोहल (26),Kamrau(Sub-District) / Sirmaur(District) / Himachal Pradesh(State),01648100,023418,N,,,,
56,23456,Bali Koti (236),बाली कोटी (236),Shillai(Sub-District) / Sirmaur(District) / Himachal Pradesh(State),01651900,023456,N,,,,
57,23214,Balka Baratal (101),बालका बराटल (101),Nahan(Sub-District) / Sirmaur(District) / Himachal Pradesh(State),01628200,023214,N,,,,
58,22911,Balmu Keri (195),बालमु केरी (195),Pachhad(Sub-District) / Sirmaur(District) / Himachal Pradesh(State),01597900,022911,N,,,,
59,23115,Balsar (13),बलसार (13),Nahan(Sub-District) / Sirmaur(District) / Himachal Pradesh(State),01618300,023115,N,,,,
60,23442,Bambal (222),बाम्बल (222),Shillai(Sub-District) / Sirmaur(District) / Himachal Pradesh(State),01650500,023442,N,,,,
61,22763,Bambyar Badyar (283),बम्बयार बड़यार (283),Pachhad(Sub-District) / Sirmaur(District) / Himachal Pradesh(State),01583100,022763,N,,,,
62,22836,Banad Kalon (341),बनाड़ कलोन (341),Narag(Sub-District) / Sirmaur(District) / Himachal Pradesh(State),01590400,022836,N,,,,
63,22920,Banahan Dhini (245),बनाहाँधिन्नी (245),Pachhad(Sub-District) / Sirmaur(District) / Himachal Pradesh(State),01598800,022920,N,,,,
64,22923,Banahan-Ki-Ser (237),बनाहाँ की सेर (237),Pachhad(Sub-District) / Sirmaur(District) / Himachal Pradesh(State),01599100,022923,N,,,,
65,23070,Bana Koti (56),बाना कोटी (56),Dadahu(Sub-District) / Sirmaur(District) / Himachal Pradesh(State),01613900,023070,N,,,,
66,22849,Banaona (165),बनौना (165),Narag(Sub-District) / Sirmaur(District) / Himachal Pradesh(State),01591700,022849,N,,,,
67,22929,Banar (228),बनाड़ (228),Pachhad(Sub-District) / Sirmaur(District) / Himachal Pradesh(State),01599700,022929,N,,,,
68,22670,Bandal (9),बांदल (9),Nohra(Sub-District) / Sirmaur(District) / Himachal Pradesh(State),01573800,022670,N,,,,
69,23024,Bandal Surakh (207),बान्दल सुराख (207),Dadahu(Sub-District) / Sirmaur(District) / Himachal Pradesh(State),01609200,023024,N,,,,
70,23446,Bandli (232),बान्दली (232),Shillai(Sub-District) / Sirmaur(District) / Himachal Pradesh(State),01650900,023446,N,,,,
71,22847,Bandon Bharadon (170),बान्दो भराड़न (170),Narag(Sub-District) / Sirmaur(District) / Himachal Pradesh(State),01591500,022847,N,,,,
72,23124,Banethi (31),बनेठी (31),Nahan(Sub-District) / Sirmaur(District) / Himachal Pradesh(State),01619200,023124,N,,,,
73,23345,Bangran (104),बांगरन (104),Paonta Sahib(Sub-District) / Sirmaur(District) / Himachal Pradesh(State),01640800,023345,N,,,,
74,22745,Bani Bakholi (397),बनी बखौली (397),Pachhad(Sub-District) / Sirmaur(District) / Himachal Pradesh(State),01581300,022745,N,,,,
75,23228,Bankalan (112),बनकला (112),Nahan(Sub-District) / Sirmaur(District) / Himachal Pradesh(State),01629600,023228,N,,,,
76,937543,Banog (44/1),बनोग (44/1),Nahan(Sub-District) / Sirmaur(District) / Himachal Pradesh(State),,000000,N,,,,
77,23031,Banohal (31),बनोहल (31),Dadahu(Sub-District) / Sirmaur(District) / Himachal Pradesh(State),01609900,023031,N,,,,
78,23370,Banor (38),बनौऱ (38),Paonta Sahib(Sub-District) / Sirmaur(District) / Himachal Pradesh(State),01643300,023370,N,,,,
79,22998,Barag (101),बडग (101),Renuka(Sub-District) / Sirmaur(District) / Himachal Pradesh(State),01606600,022998,N,,,,
80,22637,Baraila (93),ब्राईला (93),Rajgarh(Sub-District) / Sirmaur(District) / Himachal Pradesh(State),01570500,022637,N,,,,
81,22752,Bargyana (291),बरगयाना (291),Pachhad(Sub-District) / Sirmaur(District) / Himachal Pradesh(State),01582000,022752,N,,,,
82,22716,Bari Bhun Pandahan (375),बड़ी भूं पड़ाहाँ (375),Narag(Sub-District) / Sirmaur(District) / Himachal Pradesh(State),01578400,022716,N,,,,
83,22832,Bariyuri (343),बरीयूड़ी (343),Narag(Sub-District) / Sirmaur(District) / Himachal Pradesh(State),01590000,022832,N,,,,
84,23137,Barman (65),बरमन (65),Nahan(Sub-District) / Sirmaur(District) / Himachal Pradesh(State),01620500,023137,N,,,,
85,23168,Barman Papri (127),बरमा पापड़ी (127),Nahan(Sub-District) / Sirmaur(District) / Himachal Pradesh(State),01623600,023168,N,,,,
86,22987,Barol (162),बढौल (162),Haripurdhar(Sub-District) / Sirmaur(District) / Himachal Pradesh(State),01605500,022987,N,,,,
87,23354,Baroti Wala (109),बरोटीवाला (109),Paonta Sahib(Sub-District) / Sirmaur(District) / Himachal Pradesh(State),01641700,023354,N,,,,
88,23268,Barthal (67),बाड़थल (67),Dadahu(Sub-District) / Sirmaur(District) / Himachal Pradesh(State),01633600,023268,N,,,,
89,22861,Baru (176),बाडू (176),Pachhad(Sub-District) / Sirmaur(District) / Himachal Pradesh(State),01592900,022861,N,,,,
90,22871,Baru Sharera (149),बडू शरेरा (149),Narag(Sub-District) / Sirmaur(District) / Himachal Pradesh(State),01593900,022871,N,,,,
91,23416,Barwas (23),बड़वास (23),Kamrau(Sub-District) / Sirmaur(District) / Himachal Pradesh(State),01647900,023416,N,,,,
92,22815,Basu (321),बासु (319),Narag(Sub-District) / Sirmaur(District) / Himachal Pradesh(State),01588300,022815,N,,,,
93,22808,Bathiuli (368),बठयूली (368),Narag(Sub-District) / Sirmaur(District) / Himachal Pradesh(State),01587600,022808,N,,,,
94,22778,Batol (262),बटोल (262),Pachhad(Sub-District) / Sirmaur(District) / Himachal Pradesh(State),01584600,022778,N,,,,
95,22585,Batol (53),बटोल (53),Rajgarh(Sub-District) / Sirmaur(District) / Himachal Pradesh(State),01565300,022585,N,,,,
96,23007,Baunal (108),बाउनल (108),Renuka(Sub-District) / Sirmaur(District) / Himachal Pradesh(State),01607500,023007,N,,,,
97,23063,Bechar Ka Bag (60),बेचड का बाग (60),Dadahu(Sub-District) / Sirmaur(District) / Himachal Pradesh(State),01613200,023063,N,,,,
98,23292,Behrampur Salamatpur (150),बैहरामपुर सलामतपुर (150),Majra(Sub-District) / Sirmaur(District) / Himachal Pradesh(State),01636000,023292,N,,,,
99,23452,Bella (233),बैला (233),Shillai(Sub-District) / Sirmaur(District) / Himachal Pradesh(State),01651500,023452,N,,,,
100,22868,Belu (159),बेलु (159),Narag(Sub-District) / Sirmaur(District) / Himachal Pradesh(State),01593600,022868,N,,,,
101,22575,Ber Jamoli (86),बैड़जमौली (86),Pajhota(Sub-District) / Sirmaur(District) / Himachal Pradesh(State),01564300,022575,N,,,,
102,22982,Beyong Tatwa (168),ब्योंग टटवा (168),Haripurdhar(Sub-District) / Sirmaur(District) / Himachal Pradesh(State),01605000,022982,N,,,,
103,23385,Bhagani (54),भंगानी (54),Paonta Sahib(Sub-District) / Sirmaur(District) / Himachal Pradesh(State),01644800,023385,N,,,,
104,23237,Bhagtan Wala (154),भगतां वाला (154),Nahan(Sub-District) / Sirmaur(District) / Himachal Pradesh(State),01630500,023237,N,,,,
105,23375,Bhaila (45),भाईला (45),Paonta Sahib(Sub-District) / Sirmaur(District) / Himachal Pradesh(State),01643800,023375,N,,,,
106,22788,Bhailan (254),भैलन (254),Pachhad(Sub-District) / Sirmaur(District) / Himachal Pradesh(State),01585600,022788,N,,,,
107,22738,Bhajana Tutab (390),भजाना टूटब (390),Pachhad(Sub-District) / Sirmaur(District) / Himachal Pradesh(State),01580600,022738,N,,,,
108,22835,Bhajji (340),भज्जी (340),Narag(Sub-District) / Sirmaur(District) / Himachal Pradesh(State),01590300,022835,N,,,,
109,23403,Bhajon (15),भजोन (15),Kamrau(Sub-District) / Sirmaur(District) / Himachal Pradesh(State),01646600,023403,N,,,,
110,22625,Bhalag (137),भलग (137),Rajgarh(Sub-District) / Sirmaur(District) / Himachal Pradesh(State),01569300,022625,N,,,,
111,22664,Bhalana (17),भलाना (17),Nohra(Sub-District) / Sirmaur(District) / Himachal Pradesh(State),01573200,022664,N,,,,
112,22994,Bhalar (154),भलाड (154),Haripurdhar(Sub-District) / Sirmaur(District) / Himachal Pradesh(State),01606200,022994,N,,,,
113,22993,Bhallona (161),भलौना (161),Haripurdhar(Sub-District) / Sirmaur(District) / Himachal Pradesh(State),01606100,022993,N,,,,
114,22611,Bhanat (115),भाणत (115),Rajgarh(Sub-District) / Sirmaur(District) / Himachal Pradesh(State),01567900,022611,N,,,,
115,23250,Bhanet Haldwari (76),भनेत हलदवाड़ी (76),Dadahu(Sub-District) / Sirmaur(District) / Himachal Pradesh(State),01631800,023250,N,,,,
116,22673,Bhanra (129),भानरा (129),Nohra(Sub-District) / Sirmaur(District) / Himachal Pradesh(State),01574100,022673,N,,,,
117,23271,Bharapur (157),भारापुर (157),Majra(Sub-District) / Sirmaur(District) / Himachal Pradesh(State),01633900,023271,N,,,,
118,22674,Bharari (130),भराड़ी (130),Nohra(Sub-District) / Sirmaur(District) / Himachal Pradesh(State),01574200,022674,N,,,,
119,23074,Bharayan Chunkhar (73),भरायण  चुंखर (73),Dadahu(Sub-District) / Sirmaur(District) / Himachal Pradesh(State),01614300,023074,N,,,,
120,23373,Bharli (41),भरली (41),Paonta Sahib(Sub-District) / Sirmaur(District) / Himachal Pradesh(State),01643600,023373,N,,,,
121,22766,Bharmanu-Ki-Ser (270),भरमानू की सेर (270),Pachhad(Sub-District) / Sirmaur(District) / Himachal Pradesh(State),01583400,022766,N,,,,
122,23254,Bharog Baneri (72),भरोग भनेड़ी (72),Dadahu(Sub-District) / Sirmaur(District) / Himachal Pradesh(State),01632200,023254,N,,,,
123,22511,Bharoli (10),भडोली (10),Pajhota(Sub-District) / Sirmaur(District) / Himachal Pradesh(State),01557900,022511,N,,,,
124,22818,Bharoot (352),बढ़ूत (352),Narag(Sub-District) / Sirmaur(District) / Himachal Pradesh(State),01588600,022818,N,,,,
125,23058,Bhartiya Kharar (51),भरटिया खराड़ (51),Dadahu(Sub-District) / Sirmaur(District) / Himachal Pradesh(State),01612700,023058,N,,,,
126,23318,Bhatanwali (129),भांटावाली (129),Paonta Sahib(Sub-District) / Sirmaur(District) / Himachal Pradesh(State),01638500,023318,N,,,,
127,23023,Bhatgarh (198),भाटग़ढ़ (198),Dadahu(Sub-District) / Sirmaur(District) / Himachal Pradesh(State),01609100,023023,N,,,,
128,22787,Bhat-Ka-Gaon (256),भाट का गांव (256),Pachhad(Sub-District) / Sirmaur(District) / Himachal Pradesh(State),01585500,022787,N,,,,
129,22615,Bhat Ka Syana (106),भाट का सयाना (106),Rajgarh(Sub-District) / Sirmaur(District) / Himachal Pradesh(State),01568300,022615,N,,,,
130,23260,Bhatna Kyalna (61),भाटना क्यालना (61),Dadahu(Sub-District) / Sirmaur(District) / Himachal Pradesh(State),01632800,023260,N,,,,
131,23408,Bhatrog (20),भटरोग (20),Kamrau(Sub-District) / Sirmaur(District) / Himachal Pradesh(State),01647100,023408,N,,,,
132,22957,Bhawai (142),भवाई (142),Haripurdhar(Sub-District) / Sirmaur(District) / Himachal Pradesh(State),01602500,022957,N,,,,
133,23085,Bhaynkar Siyun (74),भयँकर सियू (74),Dadahu(Sub-District) / Sirmaur(District) / Himachal Pradesh(State),01615400,023085,N,,,,
134,23334,Bherewala (99),बेहड़ेवाला (99),Paonta Sahib(Sub-District) / Sirmaur(District) / Himachal Pradesh(State),01639700,023334,N,,,,
135,23233,Bheron (146),भेंड़ों (146),Nahan(Sub-District) / Sirmaur(District) / Himachal Pradesh(State),01630100,023233,N,,,,
136,23411,Bhitharkui (27),भीतरकुई (27),Kamrau(Sub-District) / Sirmaur(District) / Himachal Pradesh(State),01647400,023411,N,,,,
137,22827,Bhiyunt (329),भियुन्त (329),Narag(Sub-District) / Sirmaur(District) / Himachal Pradesh(State),01589500,022827,N,,,,
138,22659,Bhog Bhatewari (8),भोग भटेवड़ी (8),Nohra(Sub-District) / Sirmaur(District) / Himachal Pradesh(State),01572700,022659,N,,,,
139,23160,Bhogpur Sibalwala (130),भोगपुर सिम्लवाला (130),Nahan(Sub-District) / Sirmaur(District) / Himachal Pradesh(State),01622800,023160,N,,,,
140,22966,Bhon Kadiyana (120),भौण कडियाना (120),Renuka(Sub-District) / Sirmaur(District) / Himachal Pradesh(State),01603400,022966,N,,,,
141,22858,Bhonri (174),भौंड़ी (174),Narag(Sub-District) / Sirmaur(District) / Himachal Pradesh(State),01592600,022858,N,,,,
142,23114,Bhudara (12),भुड्डा (12),Nahan(Sub-District) / Sirmaur(District) / Himachal Pradesh(State),01618200,023114,N,,,,
143,22958,Bhueri (143),भुईरी (143),Haripurdhar(Sub-District) / Sirmaur(District) / Himachal Pradesh(State),01602600,022958,N,,,,
144,22632,Bhuira (100),भुईरा (100),Rajgarh(Sub-District) / Sirmaur(District) / Himachal Pradesh(State),01570000,022632,N,,,,
145,22684,Bhujond (124),भुजोन्ड (124),Nohra(Sub-District) / Sirmaur(District) / Himachal Pradesh(State),01575200,022684,N,,,,
146,23352,Bhungarni (100),भुंगरनी (100),Paonta Sahib(Sub-District) / Sirmaur(District) / Himachal Pradesh(State),01641500,023352,N,,,,
147,23321,Bhuppur Divitiya (118),भुपपुर द्वितीय (118),Paonta Sahib(Sub-District) / Sirmaur(District) / Himachal Pradesh(State),01638700,023321,N,,,,
148,937532,Bhuppur Pratham (118.),भूपपुर प्रथम (118.),Paonta Sahib(Sub-District) / Sirmaur(District) / Himachal Pradesh(State),,000000,N,,,,
149,22667,Bhutli (19),भुटली (19),Nohra(Sub-District) / Sirmaur(District) / Himachal Pradesh(State),01573500,022667,N,,,,
150,23464,Bindauli (174),बिन्दोली (174),Ronhat(Sub-District) / Sirmaur(District) / Himachal Pradesh(State),01652700,023464,N,,,,
151,23437,Bindla Digwa (191),बिन्डला दिगवा (191),Shillai(Sub-District) / Sirmaur(District) / Himachal Pradesh(State),01650000,023437,N,,,,
152,23185,Bir Bikramabad (145),बीर-विक्रमआबाद (145),Nahan(Sub-District) / Sirmaur(District) / Himachal Pradesh(State),01625300,023185,N,,,,
153,23103,Birla (89),बिरला (89),Dadahu(Sub-District) / Sirmaur(District) / Himachal Pradesh(State),01617200,023103,N,,,,
154,23454,Bobri (234),बोबरी (234),Shillai(Sub-District) / Sirmaur(District) / Himachal Pradesh(State),01651700,023454,N,,,,
155,23174,Bogriya (121),बोगरिया (121),Nahan(Sub-District) / Sirmaur(District) / Himachal Pradesh(State),01624200,023174,N,,,,
156,23126,Bohal (58),बोहल (58),Nahan(Sub-District) / Sirmaur(District) / Himachal Pradesh(State),01619400,023126,N,,,,
157,22612,Bohal Talia (113),वोहल टालिया (113),Rajgarh(Sub-District) / Sirmaur(District) / Himachal Pradesh(State),01568000,022612,N,,,,
158,23118,Boharli (14),बोरली (14),Nahan(Sub-District) / Sirmaur(District) / Himachal Pradesh(State),01618600,023118,N,,,,
159,23422,Bokala Pab (241),बोकला पाब (241),Kamrau(Sub-District) / Sirmaur(District) / Himachal Pradesh(State),01648500,023422,N,,,,
160,23468,Bonch (178),बौन्च (178),Ronhat(Sub-District) / Sirmaur(District) / Himachal Pradesh(State),01653100,023468,N,,,,
161,22876,Bongli Byalag (145),ब्योंगली ब्यालग (145),Narag(Sub-District) / Sirmaur(District) / Himachal Pradesh(State),01594400,022876,N,,,,
162,23467,Borar (177),बोराड (177),Ronhat(Sub-District) / Sirmaur(District) / Himachal Pradesh(State),01653000,023467,N,,,,
163,22969,Borli (113),बोरली (113),Renuka(Sub-District) / Sirmaur(District) / Himachal Pradesh(State),01603700,022969,N,,,,
164,23297,Byas (142),ब्यास (142),Paonta Sahib(Sub-District) / Sirmaur(District) / Himachal Pradesh(State),01636500,023297,N,,,,
165,23191,Chabahan (54),चबाहां (54),Nahan(Sub-District) / Sirmaur(District) / Himachal Pradesh(State),01625900,023191,N,,,,
166,22561,Chabiul Kharmanji (75),चव्यूल खड़माजी (75),Rajgarh(Sub-District) / Sirmaur(District) / Himachal Pradesh(State),01562900,022561,N,,,,
167,22842,Chabyoga Majher (337),चब्योगा मझेर (337),Narag(Sub-District) / Sirmaur(District) / Himachal Pradesh(State),01591000,022842,N,,,,
168,22913,Chabyulta (248),चब्युलटा (248),Pachhad(Sub-District) / Sirmaur(District) / Himachal Pradesh(State),01598100,022913,N,,,,
169,23203,Chai Mehrog (103),चाई महडोग (103),Nahan(Sub-District) / Sirmaur(District) / Himachal Pradesh(State),01627100,023203,N,,,,
170,23105,Chakali (7),चाकली (7),Nahan(Sub-District) / Sirmaur(District) / Himachal Pradesh(State),01617300,023105,N,,,,
171,22754,Chakali Mundar (278),चाकली मुंदड़ (278),Pachhad(Sub-District) / Sirmaur(District) / Himachal Pradesh(State),01582200,022754,N,,,,
172,22707,Chakdog (376),छकडोग,Narag(Sub-District) / Sirmaur(District) / Himachal Pradesh(State),01577500,022707,N,,,,
173,22558,Chakhal Dungi Ser (65),चाखल डूंगी सेर (65),Rajgarh(Sub-District) / Sirmaur(District) / Himachal Pradesh(State),01562600,022558,N,,,,
174,22744,Chakli Banlog (398),चाकली बनलोग (398),Pachhad(Sub-District) / Sirmaur(District) / Himachal Pradesh(State),01581200,022744,N,,,,
175,22762,Chakli Chhabyon (282),चाकली छब्यों (282),Pachhad(Sub-District) / Sirmaur(District) / Himachal Pradesh(State),01583000,022762,N,,,,
176,22753,Chakrawn Baga (279),चकरावन बागा (279),Pachhad(Sub-District) / Sirmaur(District) / Himachal Pradesh(State),01582100,022753,N,,,,
177,23044,Chalana Panota (43),चलाना पनो़टा (43),Dadahu(Sub-District) / Sirmaur(District) / Himachal Pradesh(State),01611300,023044,N,,,,
178,22928,Chalkana (227),चलकाना (227),Pachhad(Sub-District) / Sirmaur(District) / Himachal Pradesh(State),01599600,022928,N,,,,
179,22930,Chalog (224),चलोग (224),Pachhad(Sub-District) / Sirmaur(District) / Himachal Pradesh(State),01599800,022930,N,,,,
180,22622,Chaloga Byas (140),चलोगा ब्यास (140),Rajgarh(Sub-District) / Sirmaur(District) / Himachal Pradesh(State),01569000,022622,N,,,,
181,23215,Chambashil (97),चम्बाशील (97),Nahan(Sub-District) / Sirmaur(District) / Himachal Pradesh(State),01628300,023215,N,,,,
182,23073,Chamiyana (90),चब्याणा (90),Dadahu(Sub-District) / Sirmaur(District) / Himachal Pradesh(State),01614200,023073,N,,,,
183,23392,Chamola Kyar (2),चमोला क्यार (2),Kamrau(Sub-District) / Sirmaur(District) / Himachal Pradesh(State),01645500,023392,N,,,,
184,22776,Chamora (263/3),चमोड़ा (263/3),Pachhad(Sub-District) / Sirmaur(District) / Himachal Pradesh(State),01584400,022776,N,,,,
185,23455,Chamra Mohrar (235),चामड़ा मोहराड़ (235),Shillai(Sub-District) / Sirmaur(District) / Himachal Pradesh(State),01651800,023455,N,,,,
186,23239,Chamrod Naliwala (152),Chamrod Naliwala (152),Nahan(Sub-District) / Sirmaur(District) / Himachal Pradesh(State),01630700,023239,N,eSignGOFile662648_11_02_2025_12_05_11.pdf,,,
187,22751,Chamrogi Ki Nahan (280),चमरोगी की नाहन (280),Pachhad(Sub-District) / Sirmaur(District) / Himachal Pradesh(State),01581900,022751,N,,,,
188,23120,Chamyar Korar (17),चम्यार-कोराड़ (17),Nahan(Sub-District) / Sirmaur(District) / Himachal Pradesh(State),01618800,023120,N,,,,
189,22880,Chanalag (202),चनालग (202),Pachhad(Sub-District) / Sirmaur(District) / Himachal Pradesh(State),01594800,022880,N,,,,
190,23399,Chandni (5),चांदनी (5),Kamrau(Sub-District) / Sirmaur(District) / Himachal Pradesh(State),01646200,023399,N,,,,
191,22719,Chandog (393),चान्डोग (393),Pachhad(Sub-District) / Sirmaur(District) / Himachal Pradesh(State),01578700,022719,N,,,,
192,22540,Chandol (31),चन्दौल (31),Pajhota(Sub-District) / Sirmaur(District) / Himachal Pradesh(State),01560800,022540,N,,,,
193,23296,Chandpur (144),चन्दपुर (144),Paonta Sahib(Sub-District) / Sirmaur(District) / Himachal Pradesh(State),01636400,023296,N,,,,
194,22666,Chandrona (18),चन्दरोना (18),Nohra(Sub-District) / Sirmaur(District) / Himachal Pradesh(State),01573400,022666,N,,,,
195,22991,Chanoti (160),चनौटी (160),Haripurdhar(Sub-District) / Sirmaur(District) / Himachal Pradesh(State),01605900,022991,N,,,,
196,22786,Chanyana Bakeyori (257),चनयाना बकेवड़ी (257),Pachhad(Sub-District) / Sirmaur(District) / Himachal Pradesh(State),01585400,022786,N,,,,
197,22924,Charak (230),चड़क (230),Pachhad(Sub-District) / Sirmaur(District) / Himachal Pradesh(State),01599200,022924,N,,,,
198,22801,Charani (371),चरानी (371),Pachhad(Sub-District) / Sirmaur(District) / Himachal Pradesh(State),01586900,022801,N,,,,
199,23281,Charawala (165),चरनावाला (165),Majra(Sub-District) / Sirmaur(District) / Himachal Pradesh(State),01634900,023281,N,,,,
200,23420,Chareu (218),चढेऊ (218),Kamrau(Sub-District) / Sirmaur(District) / Himachal Pradesh(State),01648300,023420,N,,,,
201,22655,Charna (137),चाड़ना (137),Nohra(Sub-District) / Sirmaur(District) / Himachal Pradesh(State),01572300,022655,N,,,,
202,23020,Charna (197),चाड़ना (197),Dadahu(Sub-District) / Sirmaur(District) / Himachal Pradesh(State),01608800,023020,N,,,,
203,22777,Chauki Charech (258),चौकी चड़ेच (258),Pachhad(Sub-District) / Sirmaur(District) / Himachal Pradesh(State),01584500,022777,N,,,,
204,23413,Chauki Marigwal (17),चौंकी मृगवाल (17),Kamrau(Sub-District) / Sirmaur(District) / Himachal Pradesh(State),01647600,023413,N,,,,
205,23041,Chaula Dipaliyon (38),च्यौला दपालियों (38),Dadahu(Sub-District) / Sirmaur(District) / Himachal Pradesh(State),01610900,023041,N,,,,
206,22647,Chauras Tarna (133),चौरास टारना (133),Nohra(Sub-District) / Sirmaur(District) / Himachal Pradesh(State),01571500,022647,N,,,,
207,23143,Chauria Khainal (27),चोरीया खेनल (27),Nahan(Sub-District) / Sirmaur(District) / Himachal Pradesh(State),01621100,023143,N,,,,
208,937538,Chavni Shamsherpur (45),छावनी शमशेरपुर  (45),Nahan(Sub-District) / Sirmaur(District) / Himachal Pradesh(State),,000000,N,,,,
209,22828,Chayola Bakanag (346),चयोला बकानग (346),Narag(Sub-District) / Sirmaur(District) / Himachal Pradesh(State),01589600,022828,N,,,,
210,22665,Chevdi (13),चेवड़ी (13),Nohra(Sub-District) / Sirmaur(District) / Himachal Pradesh(State),01573300,022665,N,,,,
211,22947,Chewla Bohal (218),च्योला बोहल (218),Pachhad(Sub-District) / Sirmaur(District) / Himachal Pradesh(State),01601500,022947,N,,,,
212,23245,Chhachheti (84),छछेती (84),Paonta Sahib(Sub-District) / Sirmaur(District) / Himachal Pradesh(State),01631300,023245,N,,,,
213,23141,Chhamla (28),छामला (28),Nahan(Sub-District) / Sirmaur(District) / Himachal Pradesh(State),01620900,023141,N,,,,
214,22701,Chhanduli (363),छन्डूली (363),Narag(Sub-District) / Sirmaur(District) / Himachal Pradesh(State),01576900,022701,N,,,,
215,22873,Chhapang (147),छपांग,Narag(Sub-District) / Sirmaur(District) / Himachal Pradesh(State),01594100,022873,N,,,,
216,23016,Chhau Bhogar (195),छोऊ भोगर (195),Dadahu(Sub-District) / Sirmaur(District) / Himachal Pradesh(State),01608400,023016,N,,,,
217,23425,Chhitli (244),छितली (244),Kamrau(Sub-District) / Sirmaur(District) / Himachal Pradesh(State),01648800,023425,N,,,,
218,22642,Chhog Tali (96),छोग ताली (96),Rajgarh(Sub-District) / Sirmaur(District) / Himachal Pradesh(State),01571000,022642,N,,,,
219,23261,Chiyan Mamyana (62),चियान मिमयाना (62),Dadahu(Sub-District) / Sirmaur(District) / Himachal Pradesh(State),01632900,023261,N,,,,
220,23394,Chiyan Piplat (3),चिंयाँ पिपलात (3),Kamrau(Sub-District) / Sirmaur(District) / Himachal Pradesh(State),01645700,023394,N,,,,
221,22671,Chokkar (6),चोकर (6),Nohra(Sub-District) / Sirmaur(District) / Himachal Pradesh(State),01573900,022671,N,,,,
222,22899,Chonpa Dharon (183),चोम्पाधारों (183),Pachhad(Sub-District) / Sirmaur(District) / Himachal Pradesh(State),01596700,022899,N,,,,
223,23046,Chortiya Banogta (64),चोरटिया बनोगटा (64),Dadahu(Sub-District) / Sirmaur(District) / Himachal Pradesh(State),01611500,023046,N,,,,
224,22729,Chukhar Dhangyar (396),चूखड़ ढंगयार (396),Pachhad(Sub-District) / Sirmaur(District) / Himachal Pradesh(State),01579700,022729,N,,,,
225,23089,Chuli Dadahu (85),चुली ददाहू (85),Dadahu(Sub-District) / Sirmaur(District) / Himachal Pradesh(State),01615800,023089,N,,,,
226,22867,Chuner (160),चुन्नर (160),Narag(Sub-District) / Sirmaur(District) / Himachal Pradesh(State),01593500,022867,N,,,,
227,22656,Chunvi Board (138),चुनवी ब़ोर्ड (138),Nohra(Sub-District) / Sirmaur(District) / Himachal Pradesh(State),01572400,022656,N,,,,
228,23164,Churan (135),चुड़न (135),Nahan(Sub-District) / Sirmaur(District) / Himachal Pradesh(State),01623200,023164,N,,,,
229,22646,Churdhar (1),चुड़़धार (1),Nohra(Sub-District) / Sirmaur(District) / Himachal Pradesh(State),01571400,022646,N,,,,
230,22773,Dabar (263/4),डाबर (263/4),Pachhad(Sub-District) / Sirmaur(District) / Himachal Pradesh(State),01584100,022773,N,,,,
231,22925,Dabhur (229),दभूड़ (229),Pachhad(Sub-District) / Sirmaur(District) / Himachal Pradesh(State),01599300,022925,N,,,,
232,23098,Dabhuri Tikkar (86),दभूड़ी टिक्कर (86),Dadahu(Sub-District) / Sirmaur(District) / Himachal Pradesh(State),01616700,023098,N,,,,
233,23099,Dabriya (90),डाबरिया (90),Dadahu(Sub-District) / Sirmaur(District) / Himachal Pradesh(State),01616800,023099,N,,,,
234,22973,Dada Khalor (112),डाडा खलौर (112),Renuka(Sub-District) / Sirmaur(District) / Himachal Pradesh(State),01604100,022973,N,,,,
235,23052,Dada Khelu (63),डाडा खेलु (63),Dadahu(Sub-District) / Sirmaur(District) / Himachal Pradesh(State),01612100,023052,N,,,,
236,23206,Dadhog (96),दधोग (96),Nahan(Sub-District) / Sirmaur(District) / Himachal Pradesh(State),01627400,023206,N,,,,
237,23047,Dadog (78),डडोग (78),Dadahu(Sub-District) / Sirmaur(District) / Himachal Pradesh(State),01611600,023047,N,,,,
238,23216,Daghera (95),धगेडा (95),Nahan(Sub-District) / Sirmaur(District) / Himachal Pradesh(State),01628400,023216,N,,,,
239,23130,Dagjar (63),डगजार (63),Nahan(Sub-District) / Sirmaur(District) / Himachal Pradesh(State),01619800,023130,N,,,,
240,23204,Dagrahan (69),डगराहां (69),Nahan(Sub-District) / Sirmaur(District) / Himachal Pradesh(State),01627200,023204,N,,,,
241,22916,Dagrana (246),डगराना (246),Pachhad(Sub-District) / Sirmaur(District) / Himachal Pradesh(State),01598400,022916,N,,,,
242,23101,Dagyon (92),दग्योन (92),Dadahu(Sub-District) / Sirmaur(District) / Himachal Pradesh(State),01617000,023101,N,,,,
243,22639,Dahan (110),दाहन (110),Rajgarh(Sub-District) / Sirmaur(District) / Himachal Pradesh(State),01570700,022639,N,,,,
244,23460,Dahar (169),डाहर (169),Ronhat(Sub-District) / Sirmaur(District) / Himachal Pradesh(State),01652300,023460,N,,,,
245,23033,Dahu (32),दाहु (32),Dadahu(Sub-District) / Sirmaur(District) / Himachal Pradesh(State),01610100,023033,N,,,,
246,22894,Dalhan (251),दलाहाँ (251),Pachhad(Sub-District) / Sirmaur(District) / Himachal Pradesh(State),01596200,022894,N,,,,
247,22999,Dana (97),दाना (97),Renuka(Sub-District) / Sirmaur(District) / Himachal Pradesh(State),01606700,022999,N,,,,
248,23361,Danda (32),डांडा (32),Paonta Sahib(Sub-District) / Sirmaur(District) / Himachal Pradesh(State),01642400,023361,N,,,,
249,23378,Danda (47),डांडा (47),Paonta Sahib(Sub-District) / Sirmaur(District) / Himachal Pradesh(State),01644100,023378,N,,,,
250,23096,Dandor (84),डन्डोर (84),Dadahu(Sub-District) / Sirmaur(District) / Himachal Pradesh(State),01616500,023096,N,,,,
251,22884,Danwal (150),दांवल (150),Pachhad(Sub-District) / Sirmaur(District) / Himachal Pradesh(State),01595200,022884,N,,,,
252,23481,Darabal (184),द्राबिल (184),Ronhat(Sub-District) / Sirmaur(District) / Himachal Pradesh(State),01654400,023481,N,,,,
253,22845,Darabli (335),द्राबली (335),Narag(Sub-District) / Sirmaur(District) / Himachal Pradesh(State),01591300,022845,N,,,,
254,22607,Darena (89),डरेना (89),Rajgarh(Sub-District) / Sirmaur(District) / Himachal Pradesh(State),01567500,022607,N,,,,
255,22829,Daron Devriya (347),दाडों देवरिया (347),Narag(Sub-District) / Sirmaur(District) / Himachal Pradesh(State),01589700,022829,N,,,,
256,23133,Dathnog (71),दथनोग (71),Nahan(Sub-District) / Sirmaur(District) / Himachal Pradesh(State),01620100,023133,N,,,,
257,23065,Daun Sarsu (59),धौन सरसु (59),Dadahu(Sub-District) / Sirmaur(District) / Himachal Pradesh(State),01613400,023065,N,,,,
258,23091,Daur Mandoli (80),डौर मण्डोली (80),Dadahu(Sub-District) / Sirmaur(District) / Himachal Pradesh(State),01616000,023091,N,,,,
259,23076,Debari Ratari (71),डेवरी रताडी़ (71),Dadahu(Sub-District) / Sirmaur(District) / Himachal Pradesh(State),01614500,023076,N,,,,
260,23100,Debri Tikri (94),डेवरी टिक्करी (94),Dadahu(Sub-District) / Sirmaur(District) / Himachal Pradesh(State),01616900,023100,N,,,,
261,22526,Deothi Majhgaon (5),देवठी  मझगांव (5),Pajhota(Sub-District) / Sirmaur(District) / Himachal Pradesh(State),01559400,022526,N,,,,
262,22562,Deothi Panchar (70),देवठी पंचड़ (70),Rajgarh(Sub-District) / Sirmaur(District) / Himachal Pradesh(State),01563000,022562,N,,,,
263,23248,Detar Kandaila (81),डेटाड़ कन्ड़ोला (81),Dadahu(Sub-District) / Sirmaur(District) / Himachal Pradesh(State),01631600,023248,N,,,,
264,22672,Deva Manal (5),देवा मनल (5),Nohra(Sub-District) / Sirmaur(District) / Himachal Pradesh(State),01574000,022672,N,,,,
265,22758,Devariya Dasana (176),देवरिया दसाना (276),Pachhad(Sub-District) / Sirmaur(District) / Himachal Pradesh(State),01582600,022758,N,,,,
266,937523,Devi Nagar (115),देवी नगर (115),Paonta Sahib(Sub-District) / Sirmaur(District) / Himachal Pradesh(State),,000000,N,,,,
267,22649,Devna (3),देवना (3),Nohra(Sub-District) / Sirmaur(District) / Himachal Pradesh(State),01571700,022649,N,,,,
268,23002,Devna (96),देवना  (96),Renuka(Sub-District) / Sirmaur(District) / Himachal Pradesh(State),01607000,023002,N,,,,
269,22741,Devria Chitaur (289),देवरिया चितौर (289),Pachhad(Sub-District) / Sirmaur(District) / Himachal Pradesh(State),01580900,022741,N,,,,
270,23478,Dev Thal (186),देवथल (186),Ronhat(Sub-District) / Sirmaur(District) / Himachal Pradesh(State),01654100,023478,N,,,,
271,22822,Devthal (355),देवथल (355),Narag(Sub-District) / Sirmaur(District) / Himachal Pradesh(State),01589000,022822,N,,,,
272,22650,Devthana Nandri (4),देवठना नादडी (4),Nohra(Sub-District) / Sirmaur(District) / Himachal Pradesh(State),01571800,022650,N,,,,
273,23190,Dewka Purla (42),देवका पुड़ला (42),Nahan(Sub-District) / Sirmaur(District) / Himachal Pradesh(State),01625800,023190,N,,,,
274,23183,Dewni (143),देवनी (143),Nahan(Sub-District) / Sirmaur(District) / Himachal Pradesh(State),01625100,023183,N,,,,
275,937544,Dhabon (46/1),ढाबों (46/1),Nahan(Sub-District) / Sirmaur(District) / Himachal Pradesh(State),,000000,N,,,,
276,23414,Dhab Pipli (215),ढाब पिपली (215),Kamrau(Sub-District) / Sirmaur(District) / Himachal Pradesh(State),01647700,023414,N,,,,
277,22548,Dhaila Deothi (72),धायला देवठी (72),Rajgarh(Sub-District) / Sirmaur(District) / Himachal Pradesh(State),01561600,022548,N,,,,
278,23095,Dhaili (85),धायली (85),Dadahu(Sub-District) / Sirmaur(District) / Himachal Pradesh(State),01616400,023095,N,,,,
279,23240,Dhakranwala (153),ढ़ाकडांवाला (153),Nahan(Sub-District) / Sirmaur(District) / Himachal Pradesh(State),01630800,023240,N,,,,
280,23008,Dhal Palara (111),ढाल पलारा (111),Renuka(Sub-District) / Sirmaur(District) / Himachal Pradesh(State),01607600,023008,N,,,,
281,22507,Dhamandar (6),धमान्दर (6),Pajhota(Sub-District) / Sirmaur(District) / Himachal Pradesh(State),01557500,022507,N,,,,
282,22572,Dhamla (81),धामला (81),Pajhota(Sub-District) / Sirmaur(District) / Himachal Pradesh(State),01564000,022572,N,,,,
283,22522,Dhanach Chukhriya (20),धनच चुंखडिया (20),Pajhota(Sub-District) / Sirmaur(District) / Himachal Pradesh(State),01559000,022522,N,,,,
284,22587,Dhanech Shayaghat (51),धनैच शायाघाट (51),Rajgarh(Sub-District) / Sirmaur(District) / Himachal Pradesh(State),01565500,022587,N,,,,
285,23083,Dhang (82),ढाग (82),Dadahu(Sub-District) / Sirmaur(District) / Himachal Pradesh(State),01615200,023083,N,,,,
286,22543,Dhaniya Ser (33),धनिया सेर (33),Pajhota(Sub-District) / Sirmaur(District) / Himachal Pradesh(State),01561100,022543,N,,,,
287,23330,Dharamkot (122),धर्मकोट (122),Paonta Sahib(Sub-District) / Sirmaur(District) / Himachal Pradesh(State),01639500,023330,N,,,,
288,22604,Dhar Baghera (118),धार बघेडा (118),Rajgarh(Sub-District) / Sirmaur(District) / Himachal Pradesh(State),01567200,022604,N,,,,
289,22905,Dhar Bhareinji (186),धार भडेंजी (186),Pachhad(Sub-District) / Sirmaur(District) / Himachal Pradesh(State),01597300,022905,N,,,,
290,22879,Dhar Chimluya (201),धार चिमलुआ (201),Pachhad(Sub-District) / Sirmaur(District) / Himachal Pradesh(State),01594700,022879,N,,,,
291,23189,Dhar Kiyari (39),धारक्यारी (39),Nahan(Sub-District) / Sirmaur(District) / Himachal Pradesh(State),01625700,023189,N,,,,
292,22555,Dharoli (46),धरोली (46),Rajgarh(Sub-District) / Sirmaur(District) / Himachal Pradesh(State),01562300,022555,N,,,,
293,22699,Dharon Kharar (362),धारों खराड़ (362),Narag(Sub-District) / Sirmaur(District) / Himachal Pradesh(State),01576700,022699,N,,,,
294,22599,Dharoti (130),धरोटी (130),Rajgarh(Sub-District) / Sirmaur(District) / Himachal Pradesh(State),01566700,022599,N,,,,
295,22800,Dharoti Madhaura (303),धरोटी मढोड़ा (303),Pachhad(Sub-District) / Sirmaur(District) / Himachal Pradesh(State),01586800,022800,N,,,,
296,22523,Dhar Pabhech (21),धार पभेच (21),Pajhota(Sub-District) / Sirmaur(District) / Himachal Pradesh(State),01559100,022523,N,,,,
297,22635,Dhar Pajera (112),धार पजैरा (112),Rajgarh(Sub-District) / Sirmaur(District) / Himachal Pradesh(State),01570300,022635,N,,,,
298,23029,Dhar Taran (204),धार टारन (204),Dadahu(Sub-District) / Sirmaur(District) / Himachal Pradesh(State),01609700,023029,N,,,,
299,23480,Dharwa (183),धारवा (183),Ronhat(Sub-District) / Sirmaur(District) / Himachal Pradesh(State),01654300,023480,N,,,,
300,23276,Dhaulakuan (158),धौला कुआं (158),Majra(Sub-District) / Sirmaur(District) / Himachal Pradesh(State),01634400,023276,N,,,,
301,22557,Dhaya Pitli (47),ढायापितली (47),Rajgarh(Sub-District) / Sirmaur(District) / Himachal Pradesh(State),01562500,022557,N,,,,
302,22728,Dhelon-Barahan (395),ढिंलों बड़ाहां (395),Pachhad(Sub-District) / Sirmaur(District) / Himachal Pradesh(State),01579600,022728,N,,,,
303,23121,Dhirath (30),धीरथ (30),Nahan(Sub-District) / Sirmaur(District) / Himachal Pradesh(State),01618900,023121,N,,,,
304,23154,Dhob Ghat (20),धोबघाट  (20),Nahan(Sub-District) / Sirmaur(District) / Himachal Pradesh(State),01622200,023154,N,,,,
305,23155,Dhol Sari (23),ढ़ोलसरी (23),Nahan(Sub-District) / Sirmaur(District) / Himachal Pradesh(State),01622300,023155,N,,,,
306,23220,Dhon (50),धौण (50),Nahan(Sub-District) / Sirmaur(District) / Himachal Pradesh(State),01628800,023220,N,,,,
307,22528,Dibber (3),डिब्बर (3),Pajhota(Sub-District) / Sirmaur(District) / Himachal Pradesh(State),01559600,022528,N,,,,
308,22645,Didag Khanotao (99),दीदग खनोटियों (99),Rajgarh(Sub-District) / Sirmaur(District) / Himachal Pradesh(State),01571300,022645,N,,,,
309,23072,Did Bagar (89),दीद बगड़ (89),Dadahu(Sub-District) / Sirmaur(District) / Himachal Pradesh(State),01614100,023072,N,,,,
310,22819,Did Ghaloot (305),दीद घलूत (305),Narag(Sub-District) / Sirmaur(District) / Himachal Pradesh(State),01588700,022819,N,,,,
311,22705,Dilman (364),डिलमन (364),Narag(Sub-District) / Sirmaur(District) / Himachal Pradesh(State),01577300,022705,N,,,,
312,22985,Dimaina (165),डिमाईना (165),Haripurdhar(Sub-District) / Sirmaur(District) / Himachal Pradesh(State),01605300,022985,N,,,,
313,22620,Dimbar (138),डिम्बर (138),Rajgarh(Sub-District) / Sirmaur(District) / Himachal Pradesh(State),01568800,022620,N,,,,
314,22790,Dingari Dhini (321),डिंगरी धिन्नी (321),Pachhad(Sub-District) / Sirmaur(District) / Himachal Pradesh(State),01585800,022790,N,,,,
315,22789,Dingari Sarjet (315),डिंगरी सरजेट (315),Pachhad(Sub-District) / Sirmaur(District) / Himachal Pradesh(State),01585700,022789,N,,,,
316,22883,Dinger Kinner (199),डिंगर किन्नर (199),Pachhad(Sub-District) / Sirmaur(District) / Himachal Pradesh(State),01595100,022883,N,,,,
317,22900,Dingri (182),ड़िन्गरी (182),Pachhad(Sub-District) / Sirmaur(District) / Himachal Pradesh(State),01596800,022900,N,,,,
318,22979,Diuri (167),दिवडी (167),Haripurdhar(Sub-District) / Sirmaur(District) / Himachal Pradesh(State),01604700,022979,N,,,,
319,23450,Diyando (228),दियान्डो (228),Shillai(Sub-District) / Sirmaur(District) / Himachal Pradesh(State),01651300,023450,N,,,,
320,22811,Dobhara Bharenji (307),दोभाड़ा भड़ेन्जी (307),Narag(Sub-District) / Sirmaur(District) / Himachal Pradesh(State),01587900,022811,N,,,,
321,23360,Dobri (60),डोबरी (60),Paonta Sahib(Sub-District) / Sirmaur(District) / Himachal Pradesh(State),01642300,023360,N,,,,
322,22569,Dol Ravata (79),दौल रवाटा (79),Pajhota(Sub-District) / Sirmaur(District) / Himachal Pradesh(State),01563700,022569,N,,,,
323,22621,Donga Phag (139),दोंगा फाग (139),Rajgarh(Sub-District) / Sirmaur(District) / Himachal Pradesh(State),01568900,022621,N,,,,
324,22584,Dudham (54),दुधम (54),Rajgarh(Sub-District) / Sirmaur(District) / Himachal Pradesh(State),01565200,022584,N,,,,
325,23358,Dudhla (58),दुधला (58),Paonta Sahib(Sub-District) / Sirmaur(District) / Himachal Pradesh(State),01642100,023358,N,,,,
326,22568,Dudhria Harech (78),दुधडिया हडेच (78),Pajhota(Sub-District) / Sirmaur(District) / Himachal Pradesh(State),01563600,022568,N,,,,
327,22767,Dun (268),दूण (268),Pachhad(Sub-District) / Sirmaur(District) / Himachal Pradesh(State),01583500,022767,N,,,,
328,22965,Dungi (119),डूंगी (119),Renuka(Sub-District) / Sirmaur(District) / Himachal Pradesh(State),01603300,022965,N,,,,
329,23088,Dungi Kandyon (87),डुंगी कंडयोंण (87),Dadahu(Sub-District) / Sirmaur(District) / Himachal Pradesh(State),01615700,023088,N,,,,
330,22768,Durang (269),दुरंग (269),Pachhad(Sub-District) / Sirmaur(District) / Himachal Pradesh(State),01583600,022768,N,,,,
331,22634,Faggu (111),फग्गु (111),Rajgarh(Sub-District) / Sirmaur(District) / Himachal Pradesh(State),01570200,022634,N,,,,
332,23287,Fatehpur (145),फतेहपुर (145),Majra(Sub-District) / Sirmaur(District) / Himachal Pradesh(State),01635500,023287,N,,,,
333,22591,Fatehpur Sadhori (123),फतेपुर सघोडी (123),Rajgarh(Sub-District) / Sirmaur(District) / Himachal Pradesh(State),01565900,022591,N,,,,
334,23404,Gabar (14),गाबर (14),Kamrau(Sub-District) / Sirmaur(District) / Himachal Pradesh(State),01646700,023404,N,,,,
335,22810,Gadaul Bhartiya (308),गदोल भारटिया (308),Pachhad(Sub-District) / Sirmaur(District) / Himachal Pradesh(State),01587800,022810,N,,,,
336,22755,Gaderan (277),गडेरन (277),Pachhad(Sub-District) / Sirmaur(District) / Himachal Pradesh(State),01582300,022755,N,,,,
337,22697,Gadhasar (359),गढ़ासर (359),Narag(Sub-District) / Sirmaur(District) / Himachal Pradesh(State),01576500,022697,N,,,,
338,22626,Gadol (135),गढोल (135),Rajgarh(Sub-District) / Sirmaur(District) / Himachal Pradesh(State),01569400,022626,N,,,,
339,23171,Gadpela (38),ग़दपेला (38),Nahan(Sub-District) / Sirmaur(District) / Himachal Pradesh(State),01623900,023171,N,,,,
340,22711,Gadshaya (383),गदशाया (383),Pachhad(Sub-District) / Sirmaur(District) / Himachal Pradesh(State),01577900,022711,N,,,,
341,22935,Gagal Shikore (221),गागल शिकोर (221),Pachhad(Sub-District) / Sirmaur(District) / Himachal Pradesh(State),01600300,022935,N,,,,
342,22792,Gagyon Khadyog (318),गाग्यों खडयोग (318),Narag(Sub-District) / Sirmaur(District) / Himachal Pradesh(State),01586000,022792,N,,,,
343,22984,Gahal (153),गैहल (153),Haripurdhar(Sub-District) / Sirmaur(District) / Himachal Pradesh(State),01605200,022984,N,,,,
344,22990,Gajwa (157),गजवा (157),Renuka(Sub-District) / Sirmaur(District) / Himachal Pradesh(State),01605800,022990,N,,,,
345,22769,Galana Belgi (266),गलाना बेलगी (266),Pachhad(Sub-District) / Sirmaur(District) / Himachal Pradesh(State),01583700,022769,N,,,,
346,22515,Galog Shakain (16),गलोग शकैन (16),Pajhota(Sub-District) / Sirmaur(District) / Himachal Pradesh(State),01558300,022515,N,,,,
347,22852,Gandal (166),गन्दल (166),Narag(Sub-District) / Sirmaur(District) / Himachal Pradesh(State),01592000,022852,N,,,,
348,23441,Gangtoli (223),गंगटोली (223),Shillai(Sub-District) / Sirmaur(District) / Himachal Pradesh(State),01650400,023441,N,,,,
349,23315,Ganguwala (120),गंगुवाला (120),Paonta Sahib(Sub-District) / Sirmaur(District) / Himachal Pradesh(State),01638300,023315,N,,,,
350,23302,Ganguwala Jamaniwala (123),गंगुवाला जामनीवाला (123),Paonta Sahib(Sub-District) / Sirmaur(District) / Himachal Pradesh(State),01637000,023302,N,,,,
351,22794,Ganiana Nali (317),गनयाना नाली (317),Pachhad(Sub-District) / Sirmaur(District) / Himachal Pradesh(State),01586200,022794,N,,,,
352,23003,Ganog (103),गनोग (103),Renuka(Sub-District) / Sirmaur(District) / Himachal Pradesh(State),01607100,023003,N,,,,
353,23064,Ganu (68),गानू (68),Dadahu(Sub-District) / Sirmaur(District) / Himachal Pradesh(State),01613300,023064,N,,,,
354,23081,Ganwara (84),गावड़ा (84),Dadahu(Sub-District) / Sirmaur(District) / Himachal Pradesh(State),01615000,023081,N,,,,
355,22696,Ganyar (358),गनयार (358),Narag(Sub-District) / Sirmaur(District) / Himachal Pradesh(State),01576400,022696,N,,,,
356,23229,Gara Bhudi (113),गाडा-भूडी (113),Nahan(Sub-District) / Sirmaur(District) / Himachal Pradesh(State),01629700,023229,N,,,,
357,22677,Garari (126),गराड़ी (126),Nohra(Sub-District) / Sirmaur(District) / Himachal Pradesh(State),01574500,022677,N,,,,
358,22793,Garghon Palashon (316),गरगौंन पलाशों (316),Pachhad(Sub-District) / Sirmaur(District) / Himachal Pradesh(State),01586100,022793,N,,,,
359,23252,Garla Kyartu (78),गारला क्यारटू (78),Dadahu(Sub-District) / Sirmaur(District) / Himachal Pradesh(State),01632000,023252,N,,,,
360,22988,Gata Mandwach (158),गाता मंड़वाच (158),Renuka(Sub-District) / Sirmaur(District) / Himachal Pradesh(State),01605600,022988,N,,,,
361,22692,Gatlog (122),गतलोग (122),Nohra(Sub-District) / Sirmaur(District) / Himachal Pradesh(State),01576000,022692,N,,,,
362,23246,Gatu Nawi (82),गातू नावी (82),Paonta Sahib(Sub-District) / Sirmaur(District) / Himachal Pradesh(State),01631400,023246,N,,,,
363,23104,Gaunt (39),गौंवत (39),Nahan(Sub-District) / Sirmaur(District) / Himachal Pradesh(State),01611000,023104,N,,,,
364,22690,Gawahi (30),गवाही (30),Nohra(Sub-District) / Sirmaur(District) / Himachal Pradesh(State),01575800,022690,N,,,,
365,23457,Gawali Pashmi (237),गवाली पश्मी (237),Shillai(Sub-District) / Sirmaur(District) / Himachal Pradesh(State),01652000,023457,N,,,,
366,23257,Gawana (74),गवाना (74),Dadahu(Sub-District) / Sirmaur(District) / Himachal Pradesh(State),01632500,023257,N,,,,
367,22734,Gehlo Sarsar (295),गैहलो सरसाड़ (295),Pachhad(Sub-District) / Sirmaur(District) / Himachal Pradesh(State),01580200,022734,N,,,,
368,22941,Gethal Bajher (232),गैथल बझेड़ (232),Pachhad(Sub-District) / Sirmaur(District) / Himachal Pradesh(State),01600900,022941,N,,,,
369,23022,Ghalja (200),घलजा (200),Dadahu(Sub-District) / Sirmaur(District) / Himachal Pradesh(State),01609000,023022,N,,,,
370,22651,Ghanduri (132),घण्डूरी (132),Nohra(Sub-District) / Sirmaur(District) / Himachal Pradesh(State),01571900,022651,N,,,,
371,22997,Ghaton (98),घाटों (98),Renuka(Sub-District) / Sirmaur(District) / Himachal Pradesh(State),01606500,022997,N,,,,
372,23034,Ghee Jagyana (34),घी जगयाणा (34),Dadahu(Sub-District) / Sirmaur(District) / Himachal Pradesh(State),01610200,023034,N,,,,
373,22862,Ghendo Batol (155),घेन्ड़ो बटोल (155),Pachhad(Sub-District) / Sirmaur(District) / Himachal Pradesh(State),01593000,022862,N,,,,
374,22589,Ghil Pabiyana (63),घील पबियाना (63),Rajgarh(Sub-District) / Sirmaur(District) / Himachal Pradesh(State),01565700,022589,N,,,,
375,22723,Ghirad Sandrol (394),घिरड़ सन्द्रोल (394),Pachhad(Sub-District) / Sirmaur(District) / Himachal Pradesh(State),01579100,022723,N,,,,
376,22514,Ghotari (14),घोटाड़ी (14),Pajhota(Sub-District) / Sirmaur(District) / Himachal Pradesh(State),01558200,022514,N,,,,
377,23274,Ghuglon (153),घुँघलों (153),Majra(Sub-District) / Sirmaur(District) / Himachal Pradesh(State),01634200,023274,N,,,,
378,23312,Ghutanpur (132),घुतनपुर (132),Paonta Sahib(Sub-District) / Sirmaur(District) / Himachal Pradesh(State),01638000,023312,N,,,,
379,22691,Girga Chinar (123),घिड़गा चनाड़ (123),Nohra(Sub-District) / Sirmaur(District) / Himachal Pradesh(State),01575900,022691,N,,,,
380,23384,Gojar Arian (53),गोजर अड़ायन (53),Paonta Sahib(Sub-District) / Sirmaur(District) / Himachal Pradesh(State),01644700,023384,N,,,,
381,23333,Gondpur (98),गौंदपुर (98),Paonta Sahib(Sub-District) / Sirmaur(District) / Himachal Pradesh(State),01639600,023333,N,,,,
382,23107,Goshan (6),गुसाण (6),Nahan(Sub-District) / Sirmaur(District) / Himachal Pradesh(State),01617500,023107,N,,,,
383,23060,Gugal (49),गुगल (49),Dadahu(Sub-District) / Sirmaur(District) / Himachal Pradesh(State),01612900,023060,N,,,,
384,23298,Gulabgarh (141),गुलाबगढ (141),Paonta Sahib(Sub-District) / Sirmaur(District) / Himachal Pradesh(State),01636600,023298,N,,,,
385,23161,Gumti (134),गुमटी (134),Nahan(Sub-District) / Sirmaur(District) / Himachal Pradesh(State),01622900,023161,N,,,,
386,23432,Gundah (194),गुन्डाह (194),Shillai(Sub-District) / Sirmaur(District) / Himachal Pradesh(State),01649500,023432,N,,,,
387,22948,Gundal Daghalga (210),गुन्दल डगालगा (210),Pachhad(Sub-District) / Sirmaur(District) / Himachal Pradesh(State),01601600,022948,N,,,,
388,22931,Gunja Raput (226),गुणजा रपूत (226),Pachhad(Sub-District) / Sirmaur(District) / Himachal Pradesh(State),01599900,022931,N,,,,
389,23156,Gurudwara Dhangwala (21),गुरूद्वारा ढांगवाला (21),Nahan(Sub-District) / Sirmaur(District) / Himachal Pradesh(State),01622400,023156,N,,,,
390,23386,Guruwala (55),गुरूवाला (55),Paonta Sahib(Sub-District) / Sirmaur(District) / Himachal Pradesh(State),01644900,023386,N,,,,
391,22567,Habban Marhechi (73),हाब्बन मढेची (73),Pajhota(Sub-District) / Sirmaur(District) / Himachal Pradesh(State),01563500,022567,N,,,,
392,22770,Habbi (267),हाब्बी (267),Pachhad(Sub-District) / Sirmaur(District) / Himachal Pradesh(State),01583800,022770,N,,,,
393,23477,Halan (189),हलाँह (189),Ronhat(Sub-District) / Sirmaur(District) / Himachal Pradesh(State),01654000,023477,N,,,,
394,23282,Haripur(166),हरीपुर (166),Majra(Sub-District) / Sirmaur(District) / Himachal Pradesh(State),01635000,023282,N,,,,
395,937549,Haripur (46/10),हरीपुर (46/10),Nahan(Sub-District) / Sirmaur(District) / Himachal Pradesh(State),,000000,N,,,,
396,23351,Haripur Tohana (101),हरीपुर टोहाना (101),Paonta Sahib(Sub-District) / Sirmaur(District) / Himachal Pradesh(State),01641400,023351,N,,,,
397,23043,Harlu Dhamuth (41),हरलू डमूथ (41),Dadahu(Sub-District) / Sirmaur(District) / Himachal Pradesh(State),01611200,023043,N,,,,
398,23027,Hiyon Nar (206),हयुन नाड़ (206),Dadahu(Sub-District) / Sirmaur(District) / Himachal Pradesh(State),01609500,023027,N,,,,
399,22580,Hiyun Jajah (56),हियूण जजाह (56),Rajgarh(Sub-District) / Sirmaur(District) / Himachal Pradesh(State),01564800,022580,N,,,,
400,23145,Jabal Khanoti (35),जाबल खनोटी (35),Nahan(Sub-District) / Sirmaur(District) / Himachal Pradesh(State),01621300,023145,N,,,,
401,22908,Jadag Khareti (191),जड़ग खरेटी (191),Pachhad(Sub-District) / Sirmaur(District) / Himachal Pradesh(State),01597600,022908,N,,,,
402,22517,Jadol Taproli (85),जदोल टपरोली (85),Pajhota(Sub-District) / Sirmaur(District) / Himachal Pradesh(State),01558500,022517,N,,,,
403,22806,Jaganji (374),जगांजी (374),Pachhad(Sub-District) / Sirmaur(District) / Himachal Pradesh(State),01587400,022806,N,,,,
404,22895,Jaganji Ki Ser (250),जगांजी की सैर (250),Pachhad(Sub-District) / Sirmaur(District) / Himachal Pradesh(State),01596300,022895,N,,,,
405,23288,Jagatpur (147),जगतपुर (147),Majra(Sub-District) / Sirmaur(District) / Himachal Pradesh(State),01635600,023288,N,,,,
406,22893,Jahar (252),जयहर (252),Pachhad(Sub-District) / Sirmaur(District) / Himachal Pradesh(State),01596100,022893,N,,,,
407,23117,Jaindi Katara (8),जैन्दी कठारा (8),Nahan(Sub-District) / Sirmaur(District) / Himachal Pradesh(State),01618500,023117,N,,,,
408,23197,Jaitag (68),जैतग (68),Nahan(Sub-District) / Sirmaur(District) / Himachal Pradesh(State),01626500,023197,N,,,,
409,22807,Jakani Solari (373),जकानी सोलड़ी (373),Pachhad(Sub-District) / Sirmaur(District) / Himachal Pradesh(State),01587500,022807,N,,,,
410,22546,Jalag Jagher (40),जालग जघेड (40),Pajhota(Sub-District) / Sirmaur(District) / Himachal Pradesh(State),01561400,022546,N,,,,
411,23042,Jaloli (40),जलोली (40),Dadahu(Sub-District) / Sirmaur(District) / Himachal Pradesh(State),01611100,023042,N,,,,
412,23149,Jamli (33),जामली (33),Nahan(Sub-District) / Sirmaur(District) / Himachal Pradesh(State),01621700,023149,N,,,,
413,22848,Jamlog (169),जमलोग (169),Narag(Sub-District) / Sirmaur(District) / Himachal Pradesh(State),01591600,022848,N,,,,
414,23429,Jamna (248),जामना (248),Kamrau(Sub-District) / Sirmaur(District) / Himachal Pradesh(State),01649200,023429,N,,,,
415,23283,Jamni Ghat (167),जामनी घाट (167),Majra(Sub-District) / Sirmaur(District) / Himachal Pradesh(State),01635100,023283,N,,,,
416,23136,Jamta (66),जमटा (66),Nahan(Sub-District) / Sirmaur(District) / Himachal Pradesh(State),01620400,023136,N,,,,
417,23025,Jamu (202),जामू (202),Dadahu(Sub-District) / Sirmaur(District) / Himachal Pradesh(State),01609300,023025,N,,,,
418,23045,Jandar Banuna (42),जन्दर बनूना (42),Dadahu(Sub-District) / Sirmaur(District) / Himachal Pradesh(State),01611400,023045,N,,,,
419,23401,Jandnian (7),जान्दनिया (7),Kamrau(Sub-District) / Sirmaur(District) / Himachal Pradesh(State),01646400,023401,N,,,,
420,23159,Jangla Bhud (22),जंगला भूंड (22),Nahan(Sub-District) / Sirmaur(District) / Himachal Pradesh(State),01622700,023159,N,,,,
421,23269,Janglot (66),जंगलोट (66),Dadahu(Sub-District) / Sirmaur(District) / Himachal Pradesh(State),01633700,023269,N,,,,
422,23014,Jarag (93),जरग (93),Dadahu(Sub-District) / Sirmaur(District) / Himachal Pradesh(State),01608200,023014,N,,,,
423,23001,Jar Drabil (95),जार द्राबिल (95),Dadahu(Sub-District) / Sirmaur(District) / Himachal Pradesh(State),01606900,023001,N,,,,
424,23193,Jarja (44),जड़जा (44),Nahan(Sub-District) / Sirmaur(District) / Himachal Pradesh(State),01626100,023193,N,,,,
425,23461,Jarwa Juneli (170),जरवा-जुनैली (170),Ronhat(Sub-District) / Sirmaur(District) / Himachal Pradesh(State),01652400,023461,N,,,,
426,23466,Jasvi (176),जास्वी (176),Ronhat(Sub-District) / Sirmaur(District) / Himachal Pradesh(State),01652900,023466,N,,,,
427,23337,Jawalpur (95),जवालापुर (95),Paonta Sahib(Sub-District) / Sirmaur(District) / Himachal Pradesh(State),01640000,023337,N,,,,
428,23071,Jenchah Majhai (57),जैयन्चा मझाई (57),Dadahu(Sub-District) / Sirmaur(District) / Himachal Pradesh(State),01614000,023071,N,,,,
429,23108,Jhajar (4),झाजड़ (4),Nahan(Sub-District) / Sirmaur(District) / Himachal Pradesh(State),01617600,023108,N,,,,
430,23479,Jhakandon (182),झकाण्डो (182),Ronhat(Sub-District) / Sirmaur(District) / Himachal Pradesh(State),01654200,023479,N,,,,
431,22643,Jhangan (97),झाँगन (97),Rajgarh(Sub-District) / Sirmaur(District) / Himachal Pradesh(State),01571100,022643,N,,,,
432,22902,Jharenwa Tikkeri (189),झड़ेनवा टिक्करी (189),Pachhad(Sub-District) / Sirmaur(District) / Himachal Pradesh(State),01597000,022902,N,,,,
433,23280,Jhil Banka Bara (164),झील बांका वाड़ा (164),Majra(Sub-District) / Sirmaur(District) / Himachal Pradesh(State),01634800,023280,N,,,,
434,23231,Jogi Ban (111),जोगीबन (111),Nahan(Sub-District) / Sirmaur(District) / Himachal Pradesh(State),01629900,023231,N,,,,
435,22917,Johana (243),जौहाना (243),Pachhad(Sub-District) / Sirmaur(District) / Himachal Pradesh(State),01598500,022917,N,,,,
436,23310,Johron (137),जोहड़ो (137),Paonta Sahib(Sub-District) / Sirmaur(District) / Himachal Pradesh(State),01637800,023310,N,,,,
437,23177,Johron (138),जोहडों (138),Nahan(Sub-District) / Sirmaur(District) / Himachal Pradesh(State),01624500,023177,N,,,,
438,22534,Jol (36),जोल (36),Pajhota(Sub-District) / Sirmaur(District) / Himachal Pradesh(State),01560200,022534,N,,,,
439,22636,Jola (114),जोला (114),Rajgarh(Sub-District) / Sirmaur(District) / Himachal Pradesh(State),01570400,022636,N,,,,
440,22617,Jubal Chandesh (132),जुबल चन्देश (132),Rajgarh(Sub-District) / Sirmaur(District) / Himachal Pradesh(State),01568500,022617,N,,,,
441,22588,Juniyo Kanogta (64),जुनियो कनोगटा (64),Rajgarh(Sub-District) / Sirmaur(District) / Himachal Pradesh(State),01565600,022588,N,,,,
442,22737,Jurab Koti (391),जुड़ब कोटी (391),Pachhad(Sub-District) / Sirmaur(District) / Himachal Pradesh(State),01580500,022737,N,,,,
443,23436,Juwan (193),जुवां (193),Shillai(Sub-District) / Sirmaur(District) / Himachal Pradesh(State),01649900,023436,N,,,,
444,23054,Kaba (61),काबा (61),Dadahu(Sub-District) / Sirmaur(District) / Himachal Pradesh(State),01612300,023054,N,,,,
445,22918,Kahan (240),काहन (240),Pachhad(Sub-District) / Sirmaur(District) / Himachal Pradesh(State),01598600,022918,N,,,,
446,22922,Kahli (236),काहली (236),Pachhad(Sub-District) / Sirmaur(District) / Himachal Pradesh(State),01599000,022922,N,,,,
447,23347,Kahnuwala (105),काहनुवाला (105),Paonta Sahib(Sub-District) / Sirmaur(District) / Himachal Pradesh(State),01641000,023347,N,,,,
448,22864,Kajar Sagalhan (175),कजार शंगलाह (175),Pachhad(Sub-District) / Sirmaur(District) / Himachal Pradesh(State),01593200,022864,N,,,,
449,22995,Kajwa (155),कजवा (155),Haripurdhar(Sub-District) / Sirmaur(District) / Himachal Pradesh(State),01606300,022995,N,,,,
450,23010,Kakog (107),काकोग (107),Renuka(Sub-District) / Sirmaur(District) / Himachal Pradesh(State),01607800,023010,N,,,,
451,23140,Kalath (32),कालत (32),Nahan(Sub-District) / Sirmaur(District) / Himachal Pradesh(State),01620800,023140,N,,,,
452,22530,Kaleyon Pab (38),कलियों पाब (38),Pajhota(Sub-District) / Sirmaur(District) / Himachal Pradesh(State),01559800,022530,N,,,,
453,22904,Kalodia (188),कलोड़िया (188),Pachhad(Sub-District) / Sirmaur(District) / Himachal Pradesh(State),01597200,022904,N,,,,
454,22518,Kaloha Sakain (28),कलोहा शकैन (28),Pajhota(Sub-District) / Sirmaur(District) / Himachal Pradesh(State),01558600,022518,N,,,,
455,22933,Kalser Balawag (220),कल़सेर बलावग (220),Pachhad(Sub-District) / Sirmaur(District) / Himachal Pradesh(State),01600100,022933,N,,,,
456,22936,Kamahan Banjan (223),कमाँहा बान्जन (223),Pachhad(Sub-District) / Sirmaur(District) / Himachal Pradesh(State),01600400,022936,N,,,,
457,23079,Kamlar (80),कमलाड़ (80),Dadahu(Sub-District) / Sirmaur(District) / Himachal Pradesh(State),01614800,023079,N,,,,
458,23419,Kamrau (24),कमरऊ (24),Kamrau(Sub-District) / Sirmaur(District) / Himachal Pradesh(State),01648200,023419,N,,,,
459,23169,Kandaiwala Dakra (126),कन्डईवाला डाकरा (126),Nahan(Sub-District) / Sirmaur(District) / Himachal Pradesh(State),01623700,023169,N,,,,
460,22654,Kanda Koti (136),का़न्डा कोटी (136),Nohra(Sub-District) / Sirmaur(District) / Himachal Pradesh(State),01572200,022654,N,,,,
461,23062,Kandal (54),कान्दल (54),Dadahu(Sub-District) / Sirmaur(District) / Himachal Pradesh(State),01613100,023062,N,,,,
462,23364,Kandela Adhwar (31),कंडेला अदवाड (31),Paonta Sahib(Sub-District) / Sirmaur(District) / Himachal Pradesh(State),01642700,023364,N,,,,
463,23447,Kando Bhatnol (230),कान्डो-भटनोल (230),Shillai(Sub-District) / Sirmaur(District) / Himachal Pradesh(State),01651000,023447,N,,,,
464,23430,Kando Cheyog (250),क़ाण्डो च्योग (250),Kamrau(Sub-District) / Sirmaur(District) / Himachal Pradesh(State),01649300,023430,N,,,,
465,23241,Kando Nadi (86),कान्डो नाडी (86),Paonta Sahib(Sub-District) / Sirmaur(District) / Himachal Pradesh(State),01630900,023241,N,,,,
466,23423,Kandon Dugana (242),काण्डो दुगाना (242),Kamrau(Sub-District) / Sirmaur(District) / Himachal Pradesh(State),01648600,023423,N,,,,
467,23019,Kandon Haryas (208),काण्डो हरयास (208),Dadahu(Sub-District) / Sirmaur(District) / Himachal Pradesh(State),01608700,023019,N,,,,
468,23196,Kandon Kathar (52),कांडो क्थाड (52),Nahan(Sub-District) / Sirmaur(District) / Himachal Pradesh(State),01626400,023196,N,,,,
469,23263,Kandon Phagar (64),काण्डो फागड़ (64),Dadahu(Sub-District) / Sirmaur(District) / Himachal Pradesh(State),01633100,023263,N,,,,
470,23409,Kaner Dhamaun (30),कुनैर धमौण (30),Kamrau(Sub-District) / Sirmaur(District) / Himachal Pradesh(State),01647200,023409,N,,,,
471,23059,Kangahan (52),कंगाहा (52),Dadahu(Sub-District) / Sirmaur(District) / Himachal Pradesh(State),01612800,023059,N,,,,
472,22783,Kangar Dharyar (312),कांगर धरयार (312),Pachhad(Sub-District) / Sirmaur(District) / Himachal Pradesh(State),01585100,022783,N,,,,
473,22850,Kangar Dubahan (164),कांगर दुवांहा (164),Narag(Sub-District) / Sirmaur(District) / Himachal Pradesh(State),01591800,022850,N,,,,
474,23127,Kangar Ghund (60),कांगर घूंड (60),Nahan(Sub-District) / Sirmaur(District) / Himachal Pradesh(State),01619500,023127,N,,,,
475,22709,Kangar Khopar (379),कांगर खोपर (379),Narag(Sub-District) / Sirmaur(District) / Himachal Pradesh(State),01577700,022709,N,,,,
476,23367,Kangra Gurasa (36),कांगड़ा गुरासा (36),Paonta Sahib(Sub-District) / Sirmaur(District) / Himachal Pradesh(State),01643000,023367,N,,,,
477,23077,Kangta Phelog (76),कांगटा फेलग (76),Dadahu(Sub-District) / Sirmaur(District) / Himachal Pradesh(State),01614600,023077,N,,,,
478,22736,Kangu Nohra (299),कांगू नौहरा (299),Pachhad(Sub-District) / Sirmaur(District) / Himachal Pradesh(State),01580400,022736,N,,,,
479,22595,Kanhech (126),कनैच (126),Rajgarh(Sub-District) / Sirmaur(District) / Himachal Pradesh(State),01566300,022595,N,,,,
480,22939,Kanhut Jawana (216),कनहुत जावना (216),Pachhad(Sub-District) / Sirmaur(District) / Himachal Pradesh(State),01600700,022939,N,,,,
481,22559,Kanog Dhandhrel (66),कनोग धन्धड़ेल (66),Rajgarh(Sub-District) / Sirmaur(District) / Himachal Pradesh(State),01562700,022559,N,,,,
482,22731,Kanrari (294),कनराड़ी (294),Pachhad(Sub-District) / Sirmaur(District) / Himachal Pradesh(State),01579900,022731,N,,,,
483,23262,Kansar (71),कांसर (71),Dadahu(Sub-District) / Sirmaur(District) / Himachal Pradesh(State),01633000,023262,N,,,,
484,23338,Kansipur (94),कांशीपुर (94),Paonta Sahib(Sub-District) / Sirmaur(District) / Himachal Pradesh(State),01640100,023338,N,,,,
485,23415,Kanti Mishwa (216),कान्टी मशवा (216),Kamrau(Sub-District) / Sirmaur(District) / Himachal Pradesh(State),01647800,023415,N,,,,
486,22730,Kanun Kurfar (292),कनून कुरफड़ (292),Pachhad(Sub-District) / Sirmaur(District) / Himachal Pradesh(State),01579800,022730,N,,,,
487,22946,Kanyo Shirla (211),कन्यों शिरला (211),Pachhad(Sub-District) / Sirmaur(District) / Himachal Pradesh(State),01601400,022946,N,,,,
488,23119,Karagra (18),करगड़ा (18),Nahan(Sub-District) / Sirmaur(District) / Himachal Pradesh(State),01618700,023119,N,,,,
489,22630,Karang (101),कडँग (101),Rajgarh(Sub-District) / Sirmaur(District) / Himachal Pradesh(State),01569800,022630,N,,,,
490,22577,Karganoo (52),करगाणु (52),Rajgarh(Sub-District) / Sirmaur(District) / Himachal Pradesh(State),01564500,022577,N,,,,
491,22533,Karoli (24),कडोली (24),Pajhota(Sub-District) / Sirmaur(District) / Himachal Pradesh(State),01560100,022533,N,,,,
492,23084,Kashelag Mashaga (75),कशेलग माशगा (75),Dadahu(Sub-District) / Sirmaur(District) / Himachal Pradesh(State),01615300,023084,N,,,,
493,22541,Kashmali Salogni (30),कशमली  शलोगनी (30),Pajhota(Sub-District) / Sirmaur(District) / Himachal Pradesh(State),01560900,022541,N,,,,
494,23082,Kataha (83),कटाहा (83),Dadahu(Sub-District) / Sirmaur(District) / Himachal Pradesh(State),01615100,023082,N,,,,
495,23146,Kathana (34),कठाना (34),Nahan(Sub-District) / Sirmaur(District) / Himachal Pradesh(State),01621400,023146,N,,,,
496,22740,Kathar (300),कथाड़ (300),Pachhad(Sub-District) / Sirmaur(District) / Himachal Pradesh(State),01580800,022740,N,,,,
497,22791,Kather Jhadhola (320),कथेर जडोला (320),Narag(Sub-District) / Sirmaur(District) / Himachal Pradesh(State),01585900,022791,N,,,,
498,23207,Kathla (102),काथला (102),Nahan(Sub-District) / Sirmaur(District) / Himachal Pradesh(State),01627500,023207,N,,,,
499,23067,Kathla Pachhog (77),काथला पछोग (77),Dadahu(Sub-District) / Sirmaur(District) / Himachal Pradesh(State),01613600,023067,N,,,,
500,22624,Kathli Bharan (136),काथली भरण (136),Rajgarh(Sub-District) / Sirmaur(District) / Himachal Pradesh(State),01569200,022624,N,,,,
501,23393,Kathwar (1),कठवाड़ (1),Kamrau(Sub-District) / Sirmaur(District) / Himachal Pradesh(State),01645600,023393,N,,,,
502,22756,Katli (275),काटली (275),Pachhad(Sub-District) / Sirmaur(District) / Himachal Pradesh(State),01582400,022756,N,,,,
503,23212,Katli Karliya (108),काटली कारलिया (108),Nahan(Sub-District) / Sirmaur(District) / Himachal Pradesh(State),01628000,023212,N,,,,
504,22564,Katogra Chamechi (74),कटोगड़ाचमैंची (74),Rajgarh(Sub-District) / Sirmaur(District) / Himachal Pradesh(State),01563200,022564,N,,,,
505,23129,Katorar (64),कटोरड़ (64),Nahan(Sub-District) / Sirmaur(District) / Himachal Pradesh(State),01619700,023129,N,,,,
506,23259,Katwari Baghrat (170),कटवाडी बागड़त (170),Dadahu(Sub-District) / Sirmaur(District) / Himachal Pradesh(State),01632700,023259,N,,,,
507,22955,Katyana Serta (207),कत्याना सेरटा (207),Pachhad(Sub-District) / Sirmaur(District) / Himachal Pradesh(State),01602300,022955,N,,,,
508,23157,Kaulanwala Bhud (128),कौलांवाला भुंड (128),Nahan(Sub-District) / Sirmaur(District) / Himachal Pradesh(State),01622500,023157,N,,,,
509,22824,Kawkhi Khangog (351),कावखी खंगोग (351),Narag(Sub-District) / Sirmaur(District) / Himachal Pradesh(State),01589200,022824,N,,,,
510,23316,Kedarpur (119),केदारपुर (119),Paonta Sahib(Sub-District) / Sirmaur(District) / Himachal Pradesh(State),01638400,023316,N,,,,
511,22921,Kehnal Sadhana (235),केहनल सढ़ाना (235),Pachhad(Sub-District) / Sirmaur(District) / Himachal Pradesh(State),01598900,022921,N,,,,
512,23377,Kerka (44),केरका (44),Paonta Sahib(Sub-District) / Sirmaur(District) / Himachal Pradesh(State),01644000,023377,N,,,,
513,23176,Khairi (137),खैरी (137),Nahan(Sub-District) / Sirmaur(District) / Himachal Pradesh(State),01624400,023176,N,,,,
514,23078,Khairi Chaingan (79),खेरी चैगन (79),Dadahu(Sub-District) / Sirmaur(District) / Himachal Pradesh(State),01614700,023078,N,,,,
515,23187,Khajurna (119),खजूरना (119),Nahan(Sub-District) / Sirmaur(District) / Himachal Pradesh(State),01625500,023187,N,,,,
516,22885,Khal (151),खाल (151),Pachhad(Sub-District) / Sirmaur(District) / Himachal Pradesh(State),01595300,022885,N,,,,
517,23028,Khala Kyar (205),खाला क्यार (205),Dadahu(Sub-District) / Sirmaur(District) / Himachal Pradesh(State),01609600,023028,N,,,,
518,23247,Khali Achhaun (83),खाली अच्छोन (83),Paonta Sahib(Sub-District) / Sirmaur(District) / Himachal Pradesh(State),01631500,023247,N,,,,
519,22727,Khalog (399),खलोग (399),Pachhad(Sub-District) / Sirmaur(District) / Himachal Pradesh(State),01579500,022727,N,,,,
520,22903,Khanagan (190),खनागंण (190),Pachhad(Sub-District) / Sirmaur(District) / Himachal Pradesh(State),01597100,022903,N,,,,
521,23116,Khanda Sanwra (9),खान्दा सावडा (9),Nahan(Sub-District) / Sirmaur(District) / Himachal Pradesh(State),01618400,023116,N,,,,
522,22519,Khaniur Nar Mela (18),खन्यूड नाड़ मेला (18),Pajhota(Sub-District) / Sirmaur(District) / Himachal Pradesh(State),01558700,022519,N,,,,
523,23051,Khano Khanani (62),खानो खनानी (62),Dadahu(Sub-District) / Sirmaur(District) / Himachal Pradesh(State),01612000,023051,N,,,,
524,22978,Kharahan (139),खडाहॉ (139),Haripurdhar(Sub-District) / Sirmaur(District) / Himachal Pradesh(State),01604600,022978,N,,,,
525,23470,Kharkan (180),खड़काँह (180),Ronhat(Sub-District) / Sirmaur(District) / Himachal Pradesh(State),01653300,023470,N,,,,
526,22980,Kharotiyon (140),खरोटियों (140),Haripurdhar(Sub-District) / Sirmaur(District) / Himachal Pradesh(State),01604800,022980,N,,,,
527,22891,Khaska Dingar (181),खस्का ड़िगर (181),Pachhad(Sub-District) / Sirmaur(District) / Himachal Pradesh(State),01595900,022891,N,,,,
528,22663,Kheri Banahal (14),खैरी वनाहल (14),Nohra(Sub-District) / Sirmaur(District) / Himachal Pradesh(State),01573100,022663,N,,,,
529,22747,Kheri Shalyar (285),खैरी शलयार (285),Pachhad(Sub-District) / Sirmaur(District) / Himachal Pradesh(State),01581500,022747,N,,,,
530,23383,Khodri Parmanand (52),खोदरी परमानन्द (52),Paonta Sahib(Sub-District) / Sirmaur(District) / Himachal Pradesh(State),01644600,023383,N,,,,
531,22802,Khojar Nadab (370),खोजर नाड़ब (370),Pachhad(Sub-District) / Sirmaur(District) / Himachal Pradesh(State),01587000,022802,N,,,,
532,23217,Khudu Balahar (98),खुडू बलाहर (98),Nahan(Sub-District) / Sirmaur(District) / Himachal Pradesh(State),01628500,023217,N,,,,
533,23417,Khuenal Salag (25),खुईनल सालग (25),Kamrau(Sub-District) / Sirmaur(District) / Himachal Pradesh(State),01648000,023417,N,,,,
534,23015,Khur (94),खूड़ (94),Dadahu(Sub-District) / Sirmaur(District) / Himachal Pradesh(State),01608300,023015,N,,,,
535,23113,Kiari (5),क्यारी (5),Nahan(Sub-District) / Sirmaur(District) / Himachal Pradesh(State),01618100,023113,N,,,,
536,22860,Kilab Sitwar (179),किलब सितवर (179),Pachhad(Sub-District) / Sirmaur(District) / Himachal Pradesh(State),01592800,022860,N,,,,
537,22721,Kila Kalanch (388),किला कलांच (388),Pachhad(Sub-District) / Sirmaur(District) / Himachal Pradesh(State),01578900,022721,N,,,,
538,23381,Killor (50),किलौड़ (50),Paonta Sahib(Sub-District) / Sirmaur(District) / Himachal Pradesh(State),01644400,023381,N,,,,
539,23462,Kinu Kulah (172),किणू-कुलाह (172),Ronhat(Sub-District) / Sirmaur(District) / Himachal Pradesh(State),01652500,023462,N,,,,
540,23308,Kiratpur Bhagwanpur (140),कीरतपुर भगवानपुर (140),Paonta Sahib(Sub-District) / Sirmaur(District) / Himachal Pradesh(State),01637600,023308,N,,,,
541,23341,Kishan Kot (91),किशनकोट (91),Paonta Sahib(Sub-District) / Sirmaur(District) / Himachal Pradesh(State),01640400,023341,N,,,,
542,23320,Kishan Pura (128),किशनपुरा (128),Paonta Sahib(Sub-District) / Sirmaur(District) / Himachal Pradesh(State),01638600,023320,N,,,,
543,23435,Kiyana (212),क्याना (212),Kamrau(Sub-District) / Sirmaur(District) / Himachal Pradesh(State),01649800,023435,N,,,,
544,23379,Klatha (48),कलाथा (48),Paonta Sahib(Sub-District) / Sirmaur(District) / Himachal Pradesh(State),01644200,023379,N,,,,
545,22889,Kochharwa Kadakan (177),कुछड़वा कदाकन (177),Pachhad(Sub-District) / Sirmaur(District) / Himachal Pradesh(State),01595700,022889,N,,,,
546,23279,Kodewala (163),कोदेवाला (163),Majra(Sub-District) / Sirmaur(District) / Himachal Pradesh(State),01634700,023279,N,,,,
547,23278,Kolar (162),कोलर (162),Majra(Sub-District) / Sirmaur(District) / Himachal Pradesh(State),01634600,023278,N,,,,
548,22996,Kolwa (100),कोलवा (100),Renuka(Sub-District) / Sirmaur(District) / Himachal Pradesh(State),01606400,022996,N,,,,
549,23397,Korga (9),कोड़़गा (9),Kamrau(Sub-District) / Sirmaur(District) / Himachal Pradesh(State),01646000,023397,N,,,,
550,23434,Kota (211),कोटा (211),Kamrau(Sub-District) / Sirmaur(District) / Himachal Pradesh(State),01649700,023434,N,,,,
551,23053,Kot Banlog (44),कोट बनलोग (44),Dadahu(Sub-District) / Sirmaur(District) / Himachal Pradesh(State),01612200,023053,N,,,,
552,22901,Kot Dadol (185),कोट डडोल (185),Pachhad(Sub-District) / Sirmaur(District) / Himachal Pradesh(State),01596900,022901,N,,,,
553,22953,Kot Dhabur (205),कोट दभूड़ (205),Pachhad(Sub-District) / Sirmaur(District) / Himachal Pradesh(State),01602100,022953,N,,,,
554,23410,Kotga Kandon (28),कोटगा काण्डो (28),Kamrau(Sub-District) / Sirmaur(District) / Himachal Pradesh(State),01647300,023410,N,,,,
555,22598,Kothia Jajar (128),कोठिया जाजर (128),Rajgarh(Sub-District) / Sirmaur(District) / Himachal Pradesh(State),01566600,022598,N,,,,
556,22805,Kothi Deb (386),कोठी देब (386),Pachhad(Sub-District) / Sirmaur(District) / Himachal Pradesh(State),01587300,022805,N,,,,
557,23469,Koti (179),कोटी (179),Ronhat(Sub-District) / Sirmaur(District) / Himachal Pradesh(State),01653200,023469,N,,,,
558,23017,Kotiaon (196),कोटियों (196),Dadahu(Sub-District) / Sirmaur(District) / Himachal Pradesh(State),01608500,023017,N,,,,
559,22782,Koti Charawag (313),कोटी चरवाग (313),Pachhad(Sub-District) / Sirmaur(District) / Himachal Pradesh(State),01585000,022782,N,,,,
560,23018,Koti Dhaman (209),कोटी धमान (209),Dadahu(Sub-District) / Sirmaur(District) / Himachal Pradesh(State),01608600,023018,N,,,,
561,22603,Koti Mawga (119),कोटी मावगा (119),Rajgarh(Sub-District) / Sirmaur(District) / Himachal Pradesh(State),01567100,022603,N,,,,
562,22509,Koti Padhog (8),कोटी पधोग (8),Pajhota(Sub-District) / Sirmaur(District) / Himachal Pradesh(State),01557700,022509,N,,,,
563,23439,Koti Uttrou (221),कोटी उतरोऊ (221),Shillai(Sub-District) / Sirmaur(District) / Himachal Pradesh(State),01650200,023439,N,,,,
564,23165,Kotla (133),कोटला (133),Nahan(Sub-District) / Sirmaur(District) / Himachal Pradesh(State),01623300,023165,N,,,,
565,22531,Kotla Bangi (35),कोटला बांगी (35),Pajhota(Sub-District) / Sirmaur(District) / Himachal Pradesh(State),01559900,022531,N,,,,
566,22834,Kotla Barog (339),कोटला बरोग (339),Narag(Sub-District) / Sirmaur(District) / Himachal Pradesh(State),01590200,022834,N,,,,
567,22623,Kotla Mangan (141),कोटला मांगन (141),Rajgarh(Sub-District) / Sirmaur(District) / Himachal Pradesh(State),01569100,022623,N,,,,
568,23069,Kotla Molar (58),कोटला मोलर (58),Dadahu(Sub-District) / Sirmaur(District) / Himachal Pradesh(State),01613800,023069,N,,,,
569,22694,Kotla Panjola (356),कोटला पंजोला (356),Narag(Sub-District) / Sirmaur(District) / Himachal Pradesh(State),01576200,022694,N,,,,
570,23295,Kotri (143),कोटड़ी (143),Paonta Sahib(Sub-District) / Sirmaur(District) / Himachal Pradesh(State),01636300,023295,N,,,,
571,23222,Kotri (47),कोटड़ी (47),Nahan(Sub-District) / Sirmaur(District) / Himachal Pradesh(State),01629000,023222,N,,,,
572,23148,Kudli (104),कुडली (104),Nahan(Sub-District) / Sirmaur(District) / Himachal Pradesh(State),01621600,023148,N,,,,
573,949355,Kufad,कुफड़,Pachhad(Sub-District) / Sirmaur(District) / Himachal Pradesh(State),,000000,N,,,,
574,22688,Kufar Kaira (29),कुफरकायरा (29),Nohra(Sub-District) / Sirmaur(District) / Himachal Pradesh(State),01575600,022688,N,,,,
575,22510,Kuffar Mond (9),कुफर मोन्ड (9),Pajhota(Sub-District) / Sirmaur(District) / Himachal Pradesh(State),01557800,022510,N,,,,
576,22529,Kuffer Matlori (23),कुफर मटलोडी (23),Pajhota(Sub-District) / Sirmaur(District) / Himachal Pradesh(State),01559700,022529,N,,,,
577,22679,Kuftu (25),कुफटू (25),Nohra(Sub-District) / Sirmaur(District) / Himachal Pradesh(State),01574700,022679,N,,,,
578,22886,Kuftu Adgaliya (152),कुफ्टू अड़गालिया (152),Pachhad(Sub-District) / Sirmaur(District) / Himachal Pradesh(State),01595400,022886,N,,,,
579,22825,Kuftu Thalera Ki-Ber (327),कुफटु थलेड़े की-बेड़ (327),Narag(Sub-District) / Sirmaur(District) / Himachal Pradesh(State),01589300,022825,N,,,,
580,23443,Kuhant (225),कुहन्ट (225),Shillai(Sub-District) / Sirmaur(District) / Himachal Pradesh(State),01650600,023443,N,,,,
581,22765,Kuhat (271),कुहँट (271),Pachhad(Sub-District) / Sirmaur(District) / Himachal Pradesh(State),01583300,022765,N,,,,
582,22746,Kuina Katli (286),कुईना काटली (286),Pachhad(Sub-District) / Sirmaur(District) / Himachal Pradesh(State),01581400,022746,N,,,,
583,22702,Kujji (354),कुज्जी (354),Narag(Sub-District) / Sirmaur(District) / Himachal Pradesh(State),01577000,022702,N,,,,
584,22613,Kulath (120),कुलथ (120),Rajgarh(Sub-District) / Sirmaur(District) / Himachal Pradesh(State),01568100,022613,N,,,,
585,23125,Kulchhet (59),कुलछेत (59),Nahan(Sub-District) / Sirmaur(District) / Himachal Pradesh(State),01619300,023125,N,,,,
586,23368,Kulthina (29),कुण्डीयों (29),Paonta Sahib(Sub-District) / Sirmaur(District) / Himachal Pradesh(State),01643100,023368,N,,,,
587,23213,Kun (100),कून (100),Nahan(Sub-District) / Sirmaur(District) / Himachal Pradesh(State),01628100,023213,N,,,,
588,23226,Kun (115),कून (115),Nahan(Sub-District) / Sirmaur(District) / Himachal Pradesh(State),01629400,023226,N,,,,
589,23300,Kundiyon (126),कुण्डीयों (126),Paonta Sahib(Sub-District) / Sirmaur(District) / Himachal Pradesh(State),01636800,023300,N,,,,
590,22949,Kundlu (212),कुंडलु (212),Pachhad(Sub-District) / Sirmaur(District) / Himachal Pradesh(State),01601700,022949,N,,,,
591,22669,Kunhat (15),कुहंट (15),Nohra(Sub-District) / Sirmaur(District) / Himachal Pradesh(State),01573700,022669,N,,,,
592,23323,Kunja (111),कुंजा (111),Paonta Sahib(Sub-District) / Sirmaur(District) / Himachal Pradesh(State),01638900,023323,N,,,,
593,22506,Kunthal Pashog (1),कुन्थल पशोग (1),Pajhota(Sub-District) / Sirmaur(District) / Himachal Pradesh(State),01557400,022506,N,,,,
594,22566,Kurab Bagna (77),कोडब बागना (77),Pajhota(Sub-District) / Sirmaur(District) / Himachal Pradesh(State),01563400,022566,N,,,,
595,23249,Kurla Khark (80),कुड़ला खर्क (80),Dadahu(Sub-District) / Sirmaur(District) / Himachal Pradesh(State),01631700,023249,N,,,,
596,22527,Kuru Lawana (2),कुडूलवाना (2),Pajhota(Sub-District) / Sirmaur(District) / Himachal Pradesh(State),01559500,022527,N,,,,
597,22660,Kutvi Panara (10),कुटवी पनारा (10),Nohra(Sub-District) / Sirmaur(District) / Himachal Pradesh(State),01572800,022660,N,,,,
598,22932,Kyar Dabhot (225),क्यार दभोट (225),Pachhad(Sub-District) / Sirmaur(District) / Himachal Pradesh(State),01600000,022932,N,,,,
599,23026,Kyarta Pipalti (199),क्यारटा पिपलटी (199),Dadahu(Sub-District) / Sirmaur(District) / Himachal Pradesh(State),01609400,023026,N,,,,
600,22943,Kyartu Bavnog (215),क्यारटू बवनोग (215),Pachhad(Sub-District) / Sirmaur(District) / Himachal Pradesh(State),01601100,022943,N,,,,
601,22944,Kyartu Kakrana (194),क्यारटू कक्ड़ाना (194),Pachhad(Sub-District) / Sirmaur(District) / Himachal Pradesh(State),01601200,022944,N,,,,
602,22704,Lachhora (365),लच्छोड़ा (365),Narag(Sub-District) / Sirmaur(District) / Himachal Pradesh(State),01577200,022704,N,,,,
603,23139,Ladhu (57),लाधू (57),Nahan(Sub-District) / Sirmaur(District) / Himachal Pradesh(State),01620700,023139,N,,,,
604,22743,Lafyog Tikkri (293),लफ्योग टिक्करी (293),Pachhad(Sub-District) / Sirmaur(District) / Himachal Pradesh(State),01581100,022743,N,,,,
605,23038,Laghan Rajoli (45),लगाहां रजौली (45),Dadahu(Sub-District) / Sirmaur(District) / Himachal Pradesh(State),01610600,023038,N,,,,
606,22971,Lagnu (116),लगनू (116),Renuka(Sub-District) / Sirmaur(District) / Himachal Pradesh(State),01603900,022971,N,,,,
607,22593,Laharab (61),लहारब (61),Rajgarh(Sub-District) / Sirmaur(District) / Himachal Pradesh(State),01566100,022593,N,,,,
608,22713,Lajhogri (381),लझोगड़ी (381),Pachhad(Sub-District) / Sirmaur(District) / Himachal Pradesh(State),01578100,022713,N,,,,
609,22962,Lajwa (151),लजवा (151),Renuka(Sub-District) / Sirmaur(District) / Himachal Pradesh(State),01603000,022962,N,,,,
610,22952,Lana Baka (203),लाणा बाका (203),Pachhad(Sub-District) / Sirmaur(District) / Himachal Pradesh(State),01602000,022952,N,,,,
611,22661,Lana Basali (11),लाना बसाली (11),Nohra(Sub-District) / Sirmaur(District) / Himachal Pradesh(State),01572900,022661,N,,,,
612,22875,Lana Bhalta (146),लाना भल्टा (146),Narag(Sub-District) / Sirmaur(District) / Himachal Pradesh(State),01594300,022875,N,,,,
613,22910,Lana Chabyul (196),लाना चब्युल (196),Pachhad(Sub-District) / Sirmaur(District) / Himachal Pradesh(State),01597800,022910,N,,,,
614,22662,Lana Cheta (12),लानाचेता (12),Nohra(Sub-District) / Sirmaur(District) / Himachal Pradesh(State),01573000,022662,N,,,,
615,22841,Lana Kasar (338),लाना कसार (338),Narag(Sub-District) / Sirmaur(District) / Himachal Pradesh(State),01590900,022841,N,,,,
616,23153,Lana Kotla (19),लाना कोटला (19),Nahan(Sub-District) / Sirmaur(District) / Himachal Pradesh(State),01622100,023153,N,,,,
617,22872,Lana Machher (148),लाना मच्छेर (148),Narag(Sub-District) / Sirmaur(District) / Himachal Pradesh(State),01594000,022872,N,,,,
618,22869,Lana Marag (158),लाना माड़ग (158),Narag(Sub-District) / Sirmaur(District) / Himachal Pradesh(State),01593700,022869,N,,,,
619,22972,Lana Mashur (115),लाना मशूर (115),Renuka(Sub-District) / Sirmaur(District) / Himachal Pradesh(State),01604000,022972,N,,,,
620,22878,Lana Miyu (143),लाना मिंयूं (143),Pachhad(Sub-District) / Sirmaur(District) / Himachal Pradesh(State),01594600,022878,N,,,,
621,22964,Lana Pallar (121),लाना पालर (121),Renuka(Sub-District) / Sirmaur(District) / Himachal Pradesh(State),01603200,022964,N,,,,
622,22866,Lana Rauna (162),लाना रौना (162),Narag(Sub-District) / Sirmaur(District) / Himachal Pradesh(State),01593400,022866,N,,,,
623,22586,Lana Ro (50),लाना रौ (50),Rajgarh(Sub-District) / Sirmaur(District) / Himachal Pradesh(State),01565400,022586,N,,,,
624,22851,Lana Shalora (163),लाना शलोड़ा (163),Narag(Sub-District) / Sirmaur(District) / Himachal Pradesh(State),01591900,022851,N,,,,
625,23000,Lawali (102),लवाली (102),Renuka(Sub-District) / Sirmaur(District) / Himachal Pradesh(State),01606800,023000,N,,,,
626,22524,Leo Nana (22),लेऊनाना (22),Pajhota(Sub-District) / Sirmaur(District) / Himachal Pradesh(State),01559200,022524,N,,,,
627,22898,Letar Chhawli (184),लेतर छावली (184),Pachhad(Sub-District) / Sirmaur(District) / Himachal Pradesh(State),01596600,022898,N,,,,
628,23009,Lohara Tikkri (110),लोहारा टिक्करी (110),Renuka(Sub-District) / Sirmaur(District) / Himachal Pradesh(State),01607700,023009,N,,,,
629,22803,Lohardi Pathroti (304),लोहारड़ी पथरोटी (304),Pachhad(Sub-District) / Sirmaur(District) / Himachal Pradesh(State),01587100,022803,N,,,,
630,23284,Lohgarh (168),लोहगढ (168),Majra(Sub-District) / Sirmaur(District) / Himachal Pradesh(State),01635200,023284,N,,,,
631,23474,Loja Manal (188),लोजा-मानल (188),Ronhat(Sub-District) / Sirmaur(District) / Himachal Pradesh(State),01653700,023474,N,,,,
632,22967,Ludhiyana (148),लुधियाना (148),Renuka(Sub-District) / Sirmaur(District) / Himachal Pradesh(State),01603500,022967,N,,,,
633,23092,Luhli (82),लुहली (82),Dadahu(Sub-District) / Sirmaur(District) / Himachal Pradesh(State),01616100,023092,N,,,,
634,23264,Madhara (70),मंधारा (70),Dadahu(Sub-District) / Sirmaur(District) / Himachal Pradesh(State),01633200,023264,N,,,,
635,22597,Madhera-Kawaga (127),मढेडा-कावगा (127),Rajgarh(Sub-District) / Sirmaur(District) / Himachal Pradesh(State),01566500,022597,N,,,,
636,22846,Mahalana (332),माहलाना (332),Narag(Sub-District) / Sirmaur(District) / Himachal Pradesh(State),01591400,022846,N,,,,
637,23049,Mahipur (65),महिपुर (65),Dadahu(Sub-District) / Sirmaur(District) / Himachal Pradesh(State),01611800,023049,N,,,,
638,23173,Maholiya Khatola (122),महोलिया खटौला (122),Nahan(Sub-District) / Sirmaur(District) / Himachal Pradesh(State),01624100,023173,N,,,,
639,23273,Mahrar (155),मेहराड़ (155),Majra(Sub-District) / Sirmaur(District) / Himachal Pradesh(State),01634100,023273,N,,,,
640,23258,Maihat (75),मैहत (75),Dadahu(Sub-District) / Sirmaur(District) / Himachal Pradesh(State),01632600,023258,N,,,,
641,23006,Maina Gharail (106),माईना धड़ेल (106),Renuka(Sub-District) / Sirmaur(District) / Himachal Pradesh(State),01607400,023006,N,,,,
642,23152,Main Dhar (24),मई धार (24),Nahan(Sub-District) / Sirmaur(District) / Himachal Pradesh(State),01622000,023152,N,,,,
643,22804,Majhgaon Shamlati (372),मझगांव शामलाटी (372),Pachhad(Sub-District) / Sirmaur(District) / Himachal Pradesh(State),01587200,022804,N,,,,
644,23188,Majholi (41),मझोली (41),Nahan(Sub-District) / Sirmaur(District) / Himachal Pradesh(State),01625600,023188,N,,,,
645,22881,Majhotli (200),मझोटली (200),Pachhad(Sub-District) / Sirmaur(District) / Himachal Pradesh(State),01594900,022881,N,,,,
646,23290,Majra (149),माजरा (149),Majra(Sub-District) / Sirmaur(District) / Himachal Pradesh(State),01635800,023290,N,,,,
647,23382,Majri Paharuwala (51),माजरी पहाडूवाला (51),Paonta Sahib(Sub-District) / Sirmaur(District) / Himachal Pradesh(State),01644500,023382,N,,,,
648,23225,Makkar Wali (116),मक्कड़वाली (116),Nahan(Sub-District) / Sirmaur(District) / Himachal Pradesh(State),01629300,023225,N,,,,
649,23061,Malahan Tuhri (55),मलाहन टूहरी (55),Dadahu(Sub-District) / Sirmaur(District) / Himachal Pradesh(State),01613000,023061,N,,,,
650,22813,Malanu-Ki-Ber (306),मलानू की बेड़ (306),Narag(Sub-District) / Sirmaur(District) / Himachal Pradesh(State),01588100,022813,N,,,,
651,23199,Malgaon (75),मलगांव (75),Nahan(Sub-District) / Sirmaur(District) / Himachal Pradesh(State),01626700,023199,N,,,,
652,23242,Malgi Dadhyat (88),मालगी ददयात (88),Paonta Sahib(Sub-District) / Sirmaur(District) / Himachal Pradesh(State),01631000,023242,N,,,,
653,22706,Malhara Lakhot (366),मलाहडा लखोट (366),Narag(Sub-District) / Sirmaur(District) / Himachal Pradesh(State),01577400,022706,N,,,,
654,22857,Malhoti (173),मलहोटी (173),Narag(Sub-District) / Sirmaur(District) / Himachal Pradesh(State),01592500,022857,N,,,,
655,22553,Maloh Mashog (42),मलोह मशोग (42),Rajgarh(Sub-District) / Sirmaur(District) / Himachal Pradesh(State),01562100,022553,N,,,,
656,23223,Malonwala (117),मालोंवाला (117),Nahan(Sub-District) / Sirmaur(District) / Himachal Pradesh(State),01629100,023223,N,,,,
657,23405,Manal (16),मानल (16),Kamrau(Sub-District) / Sirmaur(District) / Himachal Pradesh(State),01646800,023405,N,,,,
658,22680,Manal (20),मानल (20),Nohra(Sub-District) / Sirmaur(District) / Himachal Pradesh(State),01574800,022680,N,,,,
659,23459,Manal (238),मानल (238),Shillai(Sub-District) / Sirmaur(District) / Himachal Pradesh(State),01652200,023459,N,,,,
660,23037,Manaria (47),मानरिया (47),Dadahu(Sub-District) / Sirmaur(District) / Himachal Pradesh(State),01610500,023037,N,,,,
661,23267,Mandhana (65),मधाना (65),Dadahu(Sub-District) / Sirmaur(District) / Himachal Pradesh(State),01633500,023267,N,,,,
662,22914,Mandi Majhotli (233),मण्डी मझोटली (233),Pachhad(Sub-District) / Sirmaur(District) / Himachal Pradesh(State),01598200,022914,N,,,,
663,23131,Mandlahan (72),मण्डलाहां (72),Nahan(Sub-District) / Sirmaur(District) / Himachal Pradesh(State),01619900,023131,N,,,,
664,22975,Mandoli (149),मन्डोली (149),Renuka(Sub-District) / Sirmaur(District) / Himachal Pradesh(State),01604300,022975,N,,,,
665,22890,Mangarh (178),मानगढ़ (178),Pachhad(Sub-District) / Sirmaur(District) / Himachal Pradesh(State),01595800,022890,N,,,,
666,22733,Manghori Sohal (296),मंघोड़ी सोहल (296),Pachhad(Sub-District) / Sirmaur(District) / Himachal Pradesh(State),01580100,022733,N,,,,
667,22954,Mangroli Shakohal (206),मंगडोली शकोहल (206),Pachhad(Sub-District) / Sirmaur(District) / Himachal Pradesh(State),01602200,022954,N,,,,
668,23356,Manpur Dewra (56),मानपुर देवड़ा (56),Paonta Sahib(Sub-District) / Sirmaur(District) / Himachal Pradesh(State),01641900,023356,N,,,,
669,22521,Manwa (19),मानवा (19),Pajhota(Sub-District) / Sirmaur(District) / Himachal Pradesh(State),01558900,022521,N,,,,
670,22831,Maryog (344),मरयोग (344),Narag(Sub-District) / Sirmaur(District) / Himachal Pradesh(State),01589900,022831,N,,,,
671,22816,Masriya Pajopad (324),मासरिया पजोपड़ (324),Narag(Sub-District) / Sirmaur(District) / Himachal Pradesh(State),01588400,022816,N,,,,
672,23431,Masu (249),माशू (249),Kamrau(Sub-District) / Sirmaur(District) / Himachal Pradesh(State),01649400,023431,N,,,,
673,22897,Matahan (247),मताहन (247),Pachhad(Sub-District) / Sirmaur(District) / Himachal Pradesh(State),01596500,022897,N,,,,
674,22512,Matal Bakhog (11),माटल बखोग (11),Pajhota(Sub-District) / Sirmaur(District) / Himachal Pradesh(State),01558000,022512,N,,,,
675,22956,Mathanan Charpari (208),मथानन चरपड़ी (208),Pachhad(Sub-District) / Sirmaur(District) / Himachal Pradesh(State),01602400,022956,N,,,,
676,22583,Matiyana (57),मतियाणा (57),Rajgarh(Sub-District) / Sirmaur(District) / Himachal Pradesh(State),01565100,022583,N,,,,
677,23032,Matlana (33),मतलाना (33),Dadahu(Sub-District) / Sirmaur(District) / Himachal Pradesh(State),01610000,023032,N,,,,
678,23234,Mattar (147),मात्तर (147),Nahan(Sub-District) / Sirmaur(District) / Himachal Pradesh(State),01630200,023234,N,,,,
679,23458,Matyana (239),मटियाना (239),Shillai(Sub-District) / Sirmaur(District) / Himachal Pradesh(State),01652100,023458,N,,,,
680,22726,Mehal Pritnagar (402),महल प्रीतनगर (402),Pachhad(Sub-District) / Sirmaur(District) / Himachal Pradesh(State),01579400,022726,N,,,,
681,22742,Mehando Bag (288),मैहन्दो बाग (288),Pachhad(Sub-District) / Sirmaur(District) / Himachal Pradesh(State),01581000,022742,N,,,,
682,23055,Mehdon Patarag (53),मैहन्दों पटारग (53),Dadahu(Sub-District) / Sirmaur(District) / Himachal Pradesh(State),01612400,023055,N,,,,
683,22812,Mehlog Lal Tikkar (323),मैहलोग लाल टिक्कर (323),Narag(Sub-District) / Sirmaur(District) / Himachal Pradesh(State),01588000,022812,N,,,,
684,23289,Melion (148),मेलियों (148),Majra(Sub-District) / Sirmaur(District) / Himachal Pradesh(State),01635700,023289,N,,,,
685,22686,Methli (27),मैथली (27),Nohra(Sub-District) / Sirmaur(District) / Himachal Pradesh(State),01575400,022686,N,,,,
686,937539,Mian Mandir (46/2),मियांमन्दिर (46/2),Nahan(Sub-District) / Sirmaur(District) / Himachal Pradesh(State),,000000,N,,,,
687,23438,Millah Magnal (192),मिल्ला मागनल (192),Shillai(Sub-District) / Sirmaur(District) / Himachal Pradesh(State),01650100,023438,N,,,,
688,23166,Mirpur Gurdwara (136),मीरपुर गुरूद्वारा (136),Nahan(Sub-District) / Sirmaur(District) / Himachal Pradesh(State),01623400,023166,N,,,,
689,23286,Misserwala (146),मिश्रवाला (146),Majra(Sub-District) / Sirmaur(District) / Himachal Pradesh(State),01635400,023286,N,,,,
690,22600,Miyog Joon (129),मयोग जून (129),Rajgarh(Sub-District) / Sirmaur(District) / Himachal Pradesh(State),01566800,022600,N,,,,
691,23181,Mogi Nand (142),मोगीनन्द (142),Nahan(Sub-District) / Sirmaur(District) / Himachal Pradesh(State),01624900,023181,N,,,,
692,22833,Mohan (342),मोहन (342),Narag(Sub-District) / Sirmaur(District) / Himachal Pradesh(State),01590100,022833,N,,,,
693,22739,Mohana Suchali (298),मुहाना सुचाली (298),Pachhad(Sub-District) / Sirmaur(District) / Himachal Pradesh(State),01580700,022739,N,,,,
694,22823,Mohar (350),मोहर (350),Narag(Sub-District) / Sirmaur(District) / Himachal Pradesh(State),01589100,022823,N,,,,
695,23349,Mohkampur Nawada (106),मोहक्मपुर नवादा (106),Paonta Sahib(Sub-District) / Sirmaur(District) / Himachal Pradesh(State),01641200,023349,N,,,,
696,23198,Mohron Dungi Ser (74),मोहरों डुंगी सैर (74),Nahan(Sub-District) / Sirmaur(District) / Himachal Pradesh(State),01626600,023198,N,,,,
697,23011,Mohtu (109),मोहतू (109),Renuka(Sub-District) / Sirmaur(District) / Himachal Pradesh(State),01607900,023011,N,,,,
698,23342,Muglanwala Kartapur (90),मुंगलावाला करतारपुर (90),Paonta Sahib(Sub-District) / Sirmaur(District) / Himachal Pradesh(State),01640500,023342,N,,,,
699,22934,Nagali (219),नगाली (219),Pachhad(Sub-District) / Sirmaur(District) / Himachal Pradesh(State),01600200,022934,N,,,,
700,23180,Nagal Saketi (141),नागल सकेती (141),Nahan(Sub-District) / Sirmaur(District) / Himachal Pradesh(State),01624800,023180,N,,,,
701,23374,Nagheta (43),नघेता (43),Paonta Sahib(Sub-District) / Sirmaur(District) / Himachal Pradesh(State),01643700,023374,N,,,,
702,937541,Nahan (46/4),नाहन (46/4),Nahan(Sub-District) / Sirmaur(District) / Himachal Pradesh(State),,000000,N,,,,
703,22703,Nahar Dhar (367),नाहर धार (367),Narag(Sub-District) / Sirmaur(District) / Himachal Pradesh(State),01577100,022703,N,,,,
704,22676,Naichana (127),नाईचना (127),Nohra(Sub-District) / Sirmaur(District) / Himachal Pradesh(State),01574400,022676,N,,,,
705,23040,Naila Gwahi (37),नैल़ा गवाही (37),Dadahu(Sub-District) / Sirmaur(District) / Himachal Pradesh(State),01610800,023040,N,,,,
706,22784,Nai Lothan (314),नेई लोठन (314),Pachhad(Sub-District) / Sirmaur(District) / Himachal Pradesh(State),01585200,022784,N,,,,
707,23472,Naina (185),नैना (185),Ronhat(Sub-District) / Sirmaur(District) / Himachal Pradesh(State),01653500,023472,N,,,,
708,22718,Naina Chhadyar (387),नैना छड़यार (387),Pachhad(Sub-District) / Sirmaur(District) / Himachal Pradesh(State),01578600,022718,N,,,,
709,22720,Nali Gussan (392),नाली गुसान (392),Pachhad(Sub-District) / Sirmaur(District) / Himachal Pradesh(State),01578800,022720,N,,,,
710,23236,Nalka (149),नलका (149),Nahan(Sub-District) / Sirmaur(District) / Himachal Pradesh(State),01630400,023236,N,,,,
711,22554,Nalsar Anoti (45),नलसर अनोटी (45),Rajgarh(Sub-District) / Sirmaur(District) / Himachal Pradesh(State),01562200,022554,N,,,,
712,23202,Nanaha (79),नंनाह (79),Nahan(Sub-District) / Sirmaur(District) / Himachal Pradesh(State),01627000,023202,N,,,,
713,22820,Narag (326),नारग (326),Narag(Sub-District) / Sirmaur(District) / Himachal Pradesh(State),01588800,022820,N,,,,
714,23340,Narain Garh (92),नारायणगढ़ (92),Paonta Sahib(Sub-District) / Sirmaur(District) / Himachal Pradesh(State),01640300,023340,N,,,,
715,23087,Narayan (86),नारायण (86),Dadahu(Sub-District) / Sirmaur(District) / Himachal Pradesh(State),01615600,023087,N,,,,
716,22950,Nar Chayali (209),नाड़च्याली (209),Pachhad(Sub-District) / Sirmaur(District) / Himachal Pradesh(State),01601800,022950,N,,,,
717,23068,Nar Noti (70),नाड़ नोटी (70),Dadahu(Sub-District) / Sirmaur(District) / Himachal Pradesh(State),01613700,023068,N,,,,
718,23412,Nav Barva (22),नाँव बाड़वा (22),Kamrau(Sub-District) / Sirmaur(District) / Himachal Pradesh(State),01647500,023412,N,,,,
719,22915,Navgarh Kharana (234),नवगढ़ ख़ड़ाना (234),Pachhad(Sub-District) / Sirmaur(District) / Himachal Pradesh(State),01598300,022915,N,,,,
720,937542,Navni Bag (46/5),नाबनीबाग (46/5),Nahan(Sub-District) / Sirmaur(District) / Himachal Pradesh(State),,000000,N,,,,
721,22785,Nawal Labahan (255),नवल लबहान (255),Pachhad(Sub-District) / Sirmaur(District) / Himachal Pradesh(State),01585300,022785,N,,,,
722,22940,Nawan Jagoti (231),नावन जगोटी (231),Pachhad(Sub-District) / Sirmaur(District) / Himachal Pradesh(State),01600800,022940,N,,,,
723,23449,Nawna Bhatwar (227),नावना भटवाड़ (227),Shillai(Sub-District) / Sirmaur(District) / Himachal Pradesh(State),01651200,023449,N,,,,
724,23138,Nawni (55),नावनी (55),Nahan(Sub-District) / Sirmaur(District) / Himachal Pradesh(State),01620600,023138,N,,,,
725,937545,Naya Bazar (46/6),नया बाजार (46/6),Nahan(Sub-District) / Sirmaur(District) / Himachal Pradesh(State),,000000,N,,,,
726,23476,Naya Panjor (190),नाया-पंजोड़ (190),Ronhat(Sub-District) / Sirmaur(District) / Himachal Pradesh(State),01653900,023476,N,,,,
727,23039,Nehar (35),नहर (35),Dadahu(Sub-District) / Sirmaur(District) / Himachal Pradesh(State),01610700,023039,N,,,,
728,22616,Nehar Pab (104),नेहर पाब (104),Rajgarh(Sub-District) / Sirmaur(District) / Himachal Pradesh(State),01568400,022616,N,,,,
729,22574,Neharti Baghot (84),नेहरटी बघोट (84),Pajhota(Sub-District) / Sirmaur(District) / Himachal Pradesh(State),01564200,022574,N,,,,
730,23132,Nehli (73),नैहली (73),Nahan(Sub-District) / Sirmaur(District) / Himachal Pradesh(State),01620000,023132,N,,,,
731,23227,Nehrala (114),नैहरला (114),Nahan(Sub-District) / Sirmaur(District) / Himachal Pradesh(State),01629500,023227,N,,,,
732,22556,Nei Neti (48),नेईनैटी (48),Rajgarh(Sub-District) / Sirmaur(District) / Himachal Pradesh(State),01562400,022556,N,,,,
733,23004,Nera Baga (104),नेरा बागा (104),Renuka(Sub-District) / Sirmaur(District) / Himachal Pradesh(State),01607200,023004,N,,,,
734,22578,Neri Jagela (49),नेरी जगेला (49),Rajgarh(Sub-District) / Sirmaur(District) / Himachal Pradesh(State),01564600,022578,N,,,,
735,22606,Neri Kotli (91),नैरी कोटली (91),Rajgarh(Sub-District) / Sirmaur(District) / Himachal Pradesh(State),01567400,022606,N,,,,
736,22870,Neri Nawan (157),नेरी नावण (157),Narag(Sub-District) / Sirmaur(District) / Himachal Pradesh(State),01593800,022870,N,,,,
737,22590,Neri Ratoli (62),नेरी रतौली (62),Rajgarh(Sub-District) / Sirmaur(District) / Himachal Pradesh(State),01565800,022590,N,,,,
738,23158,Neron Kotdi (129),नैरो कोटडी (129),Nahan(Sub-District) / Sirmaur(District) / Himachal Pradesh(State),01622600,023158,N,,,,
739,22798,Nichla Panwa (301),निचला पानवां (301),Pachhad(Sub-District) / Sirmaur(District) / Himachal Pradesh(State),01586600,022798,N,,,,
740,23369,Nigali (37),निगाली (37),Paonta Sahib(Sub-District) / Sirmaur(District) / Himachal Pradesh(State),01643200,023369,N,,,,
741,23336,Nihalgarh (96),निहालगढ़ (96),Paonta Sahib(Sub-District) / Sirmaur(District) / Himachal Pradesh(State),01639900,023336,N,,,,
742,23123,Nihog (16),निहोग (16),Nahan(Sub-District) / Sirmaur(District) / Himachal Pradesh(State),01619100,023123,N,,,,
743,22687,Nihog (28),निहोग (28),Nohra(Sub-District) / Sirmaur(District) / Himachal Pradesh(State),01575500,022687,N,,,,
744,22821,Nohra (353),नोहरा (353),Narag(Sub-District) / Sirmaur(District) / Himachal Pradesh(State),01588900,022821,N,,,,
745,22658,Nohra (7),नौहरा (7),Nohra(Sub-District) / Sirmaur(District) / Himachal Pradesh(State),01572600,022658,N,,,,
746,22843,Nom Totu (336),नौम तोटू (336),Narag(Sub-District) / Sirmaur(District) / Himachal Pradesh(State),01591100,022843,N,,,,
747,22912,Odar Pudla (193),ओड़र पुड़ला (193),Pachhad(Sub-District) / Sirmaur(District) / Himachal Pradesh(State),01598000,022912,N,,,,
748,23179,Ogli (140),ओगली (140),Nahan(Sub-District) / Sirmaur(District) / Himachal Pradesh(State),01624700,023179,N,,,,
749,23090,On Khadri (81),ओन खादरी (81),Dadahu(Sub-District) / Sirmaur(District) / Himachal Pradesh(State),01615900,023090,N,,,,
750,22856,Pab (171),पाब (171),Narag(Sub-District) / Sirmaur(District) / Himachal Pradesh(State),01592400,022856,N,,,,
751,23433,Pab (210),पाब (210),Kamrau(Sub-District) / Sirmaur(District) / Himachal Pradesh(State),01649600,023433,N,eSignGOFile662648_18_02_2025_13_02_23.pdf,,,
752,23444,Pab (224),पाब (224),Shillai(Sub-District) / Sirmaur(District) / Himachal Pradesh(State),01650700,023444,N,eSignGOFile662648_18_02_2025_12_04_32.pdf,,,
753,22520,Pain Kuffar (17),पैण कुफ्फर (17),Pajhota(Sub-District) / Sirmaur(District) / Himachal Pradesh(State),01558800,022520,N,,,,
754,22817,Pajerli Mandesh (325),पजेरली मंधेश (325),Narag(Sub-District) / Sirmaur(District) / Himachal Pradesh(State),01588500,022817,N,,,,
755,22579,Palashala (55),पलाश्ला (55),Rajgarh(Sub-District) / Sirmaur(District) / Himachal Pradesh(State),01564700,022579,N,,,,
756,22653,Palghech (131),पल़घेच (131),Nohra(Sub-District) / Sirmaur(District) / Himachal Pradesh(State),01572100,022653,N,,,,
757,23285,Palhori (169),पलहोड़ी (169),Majra(Sub-District) / Sirmaur(District) / Himachal Pradesh(State),01635300,023285,N,,,,
758,23162,Palion (131,पालिंयों (131),Nahan(Sub-District) / Sirmaur(District) / Himachal Pradesh(State),01623000,023162,N,,,,
759,22565,Palu (76),पालू (76),Pajhota(Sub-District) / Sirmaur(District) / Himachal Pradesh(State),01563300,022565,N,,,,
760,23086,Panar Kalyana (88),पनार कल्याण (88),Dadahu(Sub-District) / Sirmaur(District) / Himachal Pradesh(State),01615500,023086,N,,,,
761,22722,Pandanji (389),पाण्डआन्जी (389),Pachhad(Sub-District) / Sirmaur(District) / Himachal Pradesh(State),01579000,022722,N,,,,
762,22983,Panjah (163),पंजाह (163),Haripurdhar(Sub-District) / Sirmaur(District) / Himachal Pradesh(State),01605100,022983,N,,,,
763,23205,Panjhal (78),पंन्जाहल (78),Nahan(Sub-District) / Sirmaur(District) / Himachal Pradesh(State),01627300,023205,N,,,,
764,23463,Panog (173),पनोग (173),Ronhat(Sub-District) / Sirmaur(District) / Himachal Pradesh(State),01652600,023463,N,,,,
765,23057,Panyali (48),पनियाली (48),Dadahu(Sub-District) / Sirmaur(District) / Himachal Pradesh(State),01612600,023057,N,,,,
766,23110,Papaloh (2),पपलोह (2),Nahan(Sub-District) / Sirmaur(District) / Himachal Pradesh(State),01617800,023110,N,,,,
767,22877,Paprana (142),पपड़ाना (142),Narag(Sub-District) / Sirmaur(District) / Himachal Pradesh(State),01594500,022877,N,,,,
768,23056,Parara (50),पराड़ा (50),Dadahu(Sub-District) / Sirmaur(District) / Himachal Pradesh(State),01612500,023056,N,,,,
769,23294,Parduni (171),पड़दूनी (171),Majra(Sub-District) / Sirmaur(District) / Himachal Pradesh(State),01636200,023294,N,,,,
770,22573,Pariya Hachar (82),पडिया हच्चड़ (82),Pajhota(Sub-District) / Sirmaur(District) / Himachal Pradesh(State),01564100,022573,N,,,,
771,22714,Patanji-Mashobra (380),पटांजी मशोबरा (380),Narag(Sub-District) / Sirmaur(District) / Himachal Pradesh(State),01578200,022714,N,,,,
772,23311,Patlion (133),पातलिंयों (133),Paonta Sahib(Sub-District) / Sirmaur(District) / Himachal Pradesh(State),01637900,023311,N,,,,
773,23353,Patti Natha Singh (112),पट्टी नत्था सिंह (112),Paonta Sahib(Sub-District) / Sirmaur(District) / Himachal Pradesh(State),01641600,023353,N,,,,
774,23066,Pau Borara (69),पोहू बोराड़ा (69),Dadahu(Sub-District) / Sirmaur(District) / Himachal Pradesh(State),01613500,023066,N,,,,
775,22892,Phagla (180),फागला (180),Pachhad(Sub-District) / Sirmaur(District) / Himachal Pradesh(State),01596000,022892,N,,,,
776,23270,Phandi Bodiwala (161),फांदी बोडीवाला (161),Majra(Sub-District) / Sirmaur(District) / Himachal Pradesh(State),01633800,023270,N,,,,
777,22683,Pharog (23),फरोग (23),Nohra(Sub-District) / Sirmaur(District) / Himachal Pradesh(State),01575100,022683,N,,,,
778,23346,Phulpur Shamshergarh (103),फुलपुर शमशेरग़ढ़ (103),Paonta Sahib(Sub-District) / Sirmaur(District) / Himachal Pradesh(State),01640900,023346,N,,,,
779,23184,Pipalwala (144),पीपलवाला (144),Nahan(Sub-District) / Sirmaur(District) / Himachal Pradesh(State),01625200,023184,N,,,,
780,22668,Pipli (16),पिपली (16),Nohra(Sub-District) / Sirmaur(District) / Himachal Pradesh(State),01573600,022668,N,,,,
781,23309,Pipliwala (138),पीपली वाला (138),Paonta Sahib(Sub-District) / Sirmaur(District) / Himachal Pradesh(State),01637700,023309,N,,,,
782,22628,Pirag (103),पीड़ग (103),Rajgarh(Sub-District) / Sirmaur(District) / Himachal Pradesh(State),01569600,022628,N,,,,
783,23407,Poka (21),पोका (21),Kamrau(Sub-District) / Sirmaur(District) / Himachal Pradesh(State),01647000,023407,N,,,,
784,22675,Punnar (128),पुन्नर (128),Nohra(Sub-District) / Sirmaur(District) / Himachal Pradesh(State),01574300,022675,N,,,,
785,23256,Purli (63),पुड़ली (63),Dadahu(Sub-District) / Sirmaur(District) / Himachal Pradesh(State),01632400,023256,N,,,,
786,23359,Puruwala (59),पुरूवाला (59),Paonta Sahib(Sub-District) / Sirmaur(District) / Himachal Pradesh(State),01642200,023359,N,,,,
787,23307,Puruwala Kanshipur (139),पुरूवाला कांशीपुर (139),Paonta Sahib(Sub-District) / Sirmaur(District) / Himachal Pradesh(State),01637500,023307,N,,,,
788,23305,Puruwala Santokhgarh (135),पुरूवाला संतोषगढ़ (135),Paonta Sahib(Sub-District) / Sirmaur(District) / Himachal Pradesh(State),01637300,023305,N,,,,
789,23122,Rahor (15),राहौर (15),Nahan(Sub-District) / Sirmaur(District) / Himachal Pradesh(State),01619000,023122,N,,,,
790,23208,Rain Pirgari (105),रैन पिरगड़ी (105),Nahan(Sub-District) / Sirmaur(District) / Himachal Pradesh(State),01627600,023208,N,,,,
791,23005,Rajana (105),रजाणा (105),Renuka(Sub-District) / Sirmaur(District) / Himachal Pradesh(State),01607300,023005,N,,,,
792,23343,Rajban (89),राजबन (89),Paonta Sahib(Sub-District) / Sirmaur(District) / Himachal Pradesh(State),01640600,023343,N,,,,
793,937546,Rajender Nagar (46/7),राजेन्दर नगर (46/7),Nahan(Sub-District) / Sirmaur(District) / Himachal Pradesh(State),,000000,N,,,,
794,22602,Rajgarh (122),राजगढ़ (122),Rajgarh(Sub-District) / Sirmaur(District) / Himachal Pradesh(State),01567000,022602,N,,,,
795,937551,Rajgarh 2Nd (122),राजगढ़ द्वितीय (122),Rajgarh(Sub-District) / Sirmaur(District) / Himachal Pradesh(State),,000000,N,,,,
796,937550,Rajgarh Ist (122),राजगढ़ प्रथम (122),Rajgarh(Sub-District) / Sirmaur(District) / Himachal Pradesh(State),,000000,N,,,,
797,23366,Rajpur Dhagali (35),राजपुर धगाली (35),Paonta Sahib(Sub-District) / Sirmaur(District) / Himachal Pradesh(State),01642900,023366,N,,,,
798,22772,Rajyon Malana (242),राज्यों मलाना (242),Pachhad(Sub-District) / Sirmaur(District) / Himachal Pradesh(State),01584000,022772,N,,,,
799,23219,Rama (109),रामा (109),Nahan(Sub-District) / Sirmaur(District) / Himachal Pradesh(State),01628700,023219,N,,,,
800,23362,Ramnagar (34),रामनगर (34),Paonta Sahib(Sub-District) / Sirmaur(District) / Himachal Pradesh(State),01642500,023362,N,,,,
801,23275,Rampur Banjaran (154),रामपुर बंजारन (154),Majra(Sub-District) / Sirmaur(District) / Himachal Pradesh(State),01634300,023275,N,,,,
802,23324,Rampur Ghat (110),रामपुर घाट (110),Paonta Sahib(Sub-District) / Sirmaur(District) / Himachal Pradesh(State),01639000,023324,N,,,,
803,23178,Rampur Jatan (139),रामपुर जटांन (139),Nahan(Sub-District) / Sirmaur(District) / Himachal Pradesh(State),01624600,023178,N,,,,
804,23272,Rampur Majri (156),रामपुर माजरी (156),Majra(Sub-District) / Sirmaur(District) / Himachal Pradesh(State),01634000,023272,N,,,,
805,23111,Rampur Pandhol (10),रामपुर पंन्दोल (10),Nahan(Sub-District) / Sirmaur(District) / Himachal Pradesh(State),01617900,023111,N,,,,
806,22547,Rana Ghat (41),राणा घाट (41),Rajgarh(Sub-District) / Sirmaur(District) / Himachal Pradesh(State),01561500,022547,N,,,,
807,23427,Rangwa Pabhar (246),रंगवा पभार (246),Kamrau(Sub-District) / Sirmaur(District) / Himachal Pradesh(State),01649000,023427,N,,,,
808,937540,Ranital (46/3),रानीताल (46/3),Nahan(Sub-District) / Sirmaur(District) / Himachal Pradesh(State),,000000,N,,,,
809,22976,Ranphua Jabrog (150),रणफुवा जबड़ोग (150),Renuka(Sub-District) / Sirmaur(District) / Himachal Pradesh(State),01604400,022976,N,,,,
810,23473,Rasat (187),रास्त (187),Ronhat(Sub-District) / Sirmaur(District) / Himachal Pradesh(State),01653600,023473,N,,,,
811,22970,Redli (114),रेडली (114),Renuka(Sub-District) / Sirmaur(District) / Himachal Pradesh(State),01603800,022970,N,,,,
812,23030,Renuka Ji (203),रेणुका जी (203),Dadahu(Sub-District) / Sirmaur(District) / Himachal Pradesh(State),01609800,023030,N,,,,
813,22619,Reri Gusan (133),रेड़ी गुसान (133),Rajgarh(Sub-District) / Sirmaur(District) / Himachal Pradesh(State),01568700,022619,N,,,,
814,22874,Rewarla Chamrar (144),रवाड़ला चमराड़ (144),Narag(Sub-District) / Sirmaur(District) / Himachal Pradesh(State),01594200,022874,N,,,,
815,22629,Rihana (102),रिहाणा (102),Rajgarh(Sub-District) / Sirmaur(District) / Himachal Pradesh(State),01569700,022629,N,,,,
816,22799,Rishtar Panwa (302),रिस्तर पानवां (302),Pachhad(Sub-District) / Sirmaur(District) / Himachal Pradesh(State),01586700,022799,N,,,,
817,22542,Ritab Pal (32),रिटब पाल (32),Pajhota(Sub-District) / Sirmaur(District) / Himachal Pradesh(State),01561000,022542,N,,,,
818,22830,Riwari Majithi (345),रिवाड़ी मजीठी (345),Narag(Sub-District) / Sirmaur(District) / Himachal Pradesh(State),01589800,022830,N,,,,
819,22535,Rohari (25),रोहड़ी (25),Pajhota(Sub-District) / Sirmaur(District) / Himachal Pradesh(State),01560300,022535,N,,,,
820,22560,Rohru Bhuil (67),रडू भुईल (67),Rajgarh(Sub-District) / Sirmaur(District) / Himachal Pradesh(State),01562800,022560,N,,,,
821,23218,Roj Bendli (99),रोज बेन्दली (99),Nahan(Sub-District) / Sirmaur(District) / Himachal Pradesh(State),01628600,023218,N,,,,
822,22640,Rug Bakhota (109),रूग बखोटा (109),Rajgarh(Sub-District) / Sirmaur(District) / Himachal Pradesh(State),01570800,022640,N,,,,
823,23075,Ruiya (72),रूईया (72),Dadahu(Sub-District) / Sirmaur(District) / Himachal Pradesh(State),01614400,023075,N,,,,
824,23230,Rukhri (148),रूखड़ी (148),Nahan(Sub-District) / Sirmaur(District) / Himachal Pradesh(State),01629800,023230,N,,,,
825,22757,Runja Bharmur (274),रूंणजा भऱमूर (274),Pachhad(Sub-District) / Sirmaur(District) / Himachal Pradesh(State),01582500,022757,N,,,,
826,23035,Runja Chanar (36),रूंणजा चनाड (36),Dadahu(Sub-District) / Sirmaur(District) / Himachal Pradesh(State),01610300,023035,N,,,,
827,23112,Sadar (11),सादड (11),Nahan(Sub-District) / Sirmaur(District) / Himachal Pradesh(State),01618000,023112,N,,,,
828,23402,Sadiyar (8),सड़यार (8),Kamrau(Sub-District) / Sirmaur(District) / Himachal Pradesh(State),01646500,023402,N,,,,
829,22712,Sadna (384),सादना (384),Pachhad(Sub-District) / Sirmaur(District) / Himachal Pradesh(State),01578000,022712,N,,,,
830,22657,Sail (141),सैल (141),Nohra(Sub-District) / Sirmaur(District) / Himachal Pradesh(State),01572500,022657,N,,,,
831,22960,Sainj (145),सैन्ज (145),Renuka(Sub-District) / Sirmaur(District) / Himachal Pradesh(State),01602800,022960,N,,,,
832,23048,Sainj (66),सैंज (66),Dadahu(Sub-District) / Sirmaur(District) / Himachal Pradesh(State),01611700,023048,N,,,,
833,23291,Sainwala Mubarikpur (151),सैनवाला मुबारिकपुर (151),Majra(Sub-District) / Sirmaur(District) / Himachal Pradesh(State),01635900,023291,N,,,,
834,23396,Sakandon (11),शिकाण्डो (11),Kamrau(Sub-District) / Sirmaur(District) / Himachal Pradesh(State),01645900,023396,N,,,,
835,23391,Sakhauli (12),सखोली (12),Kamrau(Sub-District) / Sirmaur(District) / Himachal Pradesh(State),01645400,023391,N,,,,
836,23471,Sakhauli (181),शंखोली (181),Ronhat(Sub-District) / Sirmaur(District) / Himachal Pradesh(State),01653400,023471,N,,,,
837,23243,Salag Saddi (87),सालग सड़ी (87),Paonta Sahib(Sub-District) / Sirmaur(District) / Himachal Pradesh(State),01631100,023243,N,,,,
838,22809,Salahat (369),सलाहट (369),Narag(Sub-District) / Sirmaur(District) / Himachal Pradesh(State),01587700,022809,N,,,,
839,23182,Salani (123),सलानी (123),Nahan(Sub-District) / Sirmaur(District) / Himachal Pradesh(State),01625000,023182,N,,,,
840,22545,Salech Drabla (39),शलेच द्राबला (39),Pajhota(Sub-District) / Sirmaur(District) / Himachal Pradesh(State),01561300,022545,N,,,,
841,23235,Sambhalka (150),सम्भालका (150),Nahan(Sub-District) / Sirmaur(District) / Himachal Pradesh(State),01630300,023235,N,,,,
842,949689,Sampada Anjee Bhaganji,सम्पदा अंजी भगन्जी,Pachhad(Sub-District) / Sirmaur(District) / Himachal Pradesh(State),,000000,N,,,,
843,23325,Sampda Devi Nagar (115),सम्पदा देवी नगर (115),Paonta Sahib(Sub-District) / Sirmaur(District) / Himachal Pradesh(State),01639100,023325,N,,,,
844,23322,Sampda Shamsherpur (117),सम्पदा शमशेरपुर (117),Paonta Sahib(Sub-District) / Sirmaur(District) / Himachal Pradesh(State),01638800,023322,N,,,,
845,22764,Sanauli (272),सनौली (272),Pachhad(Sub-District) / Sirmaur(District) / Himachal Pradesh(State),01583200,022764,N,,,,
846,22854,Sandral Talara (168),सन्द्राल तलाड़ा (168),Narag(Sub-District) / Sirmaur(District) / Himachal Pradesh(State),01592200,022854,N,,,,
847,22989,Sangna (159),सांगना (159),Renuka(Sub-District) / Sirmaur(District) / Himachal Pradesh(State),01605700,022989,N,,,,
848,22968,Sangrah (118),संगड़ाह (118),Renuka(Sub-District) / Sirmaur(District) / Himachal Pradesh(State),01603600,022968,N,,,,
849,22544,Sangthara (34),संगठारा (34),Pajhota(Sub-District) / Sirmaur(District) / Himachal Pradesh(State),01561200,022544,N,,,,
850,22644,Saniyo (98),सनियों (98),Rajgarh(Sub-District) / Sirmaur(District) / Himachal Pradesh(State),01571200,022644,N,,,,
851,23211,Sanoga Bhagrat (107),सनोगा बगडात (107),Nahan(Sub-District) / Sirmaur(District) / Himachal Pradesh(State),01627900,023211,N,,,,
852,22608,Sanohat (90),सनोहत (90),Rajgarh(Sub-District) / Sirmaur(District) / Himachal Pradesh(State),01567600,022608,N,,,,
853,22896,Sanon (249),सनौन (249),Pachhad(Sub-District) / Sirmaur(District) / Himachal Pradesh(State),01596400,022896,N,,,,
854,22538,Sanora (29),सनौरा (29),Pajhota(Sub-District) / Sirmaur(District) / Himachal Pradesh(State),01560600,022538,N,,,,
855,23150,Sanvra Katal (37),सांवरा काटल (37),Nahan(Sub-District) / Sirmaur(District) / Himachal Pradesh(State),01621800,023150,N,,,,
856,23128,Sarahan (61),सराहां (61),Nahan(Sub-District) / Sirmaur(District) / Himachal Pradesh(State),01619600,023128,N,,,,
857,22774,Sarahan Kalan (263/1),स़राहां कलां (263/1),Pachhad(Sub-District) / Sirmaur(District) / Himachal Pradesh(State),01584200,022774,N,,,,
858,22775,Sarahan Khurd (263/2),सराहं खुर्द (263/2),Pachhad(Sub-District) / Sirmaur(District) / Himachal Pradesh(State),01584300,022775,N,,,,
859,23244,Sara Kaila (85),सरा काईला (85),Paonta Sahib(Sub-District) / Sirmaur(District) / Himachal Pradesh(State),01631200,023244,N,,,,
860,22552,Sargaon (44),शर गांव (44),Rajgarh(Sub-District) / Sirmaur(District) / Himachal Pradesh(State),01562000,022552,N,,,,
861,22840,Sarhoj (333),सरहोज (333),Narag(Sub-District) / Sirmaur(District) / Himachal Pradesh(State),01590800,022840,N,,,,
862,23106,Saroga Tikkar (3),सरोगा टिक्कर (3),Nahan(Sub-District) / Sirmaur(District) / Himachal Pradesh(State),01617400,023106,N,,,,
863,22859,Sarol Bashesh (253),सरोल बशेच (253),Narag(Sub-District) / Sirmaur(District) / Himachal Pradesh(State),01592700,022859,N,,,,
864,22748,Saro Manla (284),सरो मानला (284),Pachhad(Sub-District) / Sirmaur(District) / Himachal Pradesh(State),01581600,022748,N,,,,
865,22839,Sarsoo (331),सरसू (331),Narag(Sub-District) / Sirmaur(District) / Himachal Pradesh(State),01590700,022839,N,,,,
866,22992,Satahan (156),सताहन (156),Renuka(Sub-District) / Sirmaur(District) / Himachal Pradesh(State),01606000,022992,N,,,,
867,23406,Sataun (18),सतौन (18),Kamrau(Sub-District) / Sirmaur(District) / Himachal Pradesh(State),01646900,023406,N,,,,
868,22539,Sathar (80),स्ठार (80),Pajhota(Sub-District) / Sirmaur(District) / Himachal Pradesh(State),01560700,022539,N,,,,
869,23390,Sathaur (13),सठौड़ (13),Kamrau(Sub-District) / Sirmaur(District) / Himachal Pradesh(State),01645300,023390,N,,,,
870,23314,Satiwala (130),सतीवाला (130),Paonta Sahib(Sub-District) / Sirmaur(District) / Himachal Pradesh(State),01638200,023314,N,,,,
871,23134,Satna (70),सतना (70),Nahan(Sub-District) / Sirmaur(District) / Himachal Pradesh(State),01620200,023134,N,,,,
872,23093,Sattar Bhadon (83),सतर भादों (83),Dadahu(Sub-District) / Sirmaur(District) / Himachal Pradesh(State),01616200,023093,N,,,,
873,22638,Sawana (94),सवाना (94),Rajgarh(Sub-District) / Sirmaur(District) / Himachal Pradesh(State),01570600,022638,N,,,,
874,23036,Sawar (46),स्वार (46),Dadahu(Sub-District) / Sirmaur(District) / Himachal Pradesh(State),01610400,023036,N,,,,
875,23192,Sen Ki Ser (43),सैन की सैर (43),Nahan(Sub-District) / Sirmaur(District) / Himachal Pradesh(State),01626000,023192,N,,,,
876,22681,Ser (21),सैर (21),Nohra(Sub-District) / Sirmaur(District) / Himachal Pradesh(State),01574900,022681,N,,,,
877,23210,Ser Baron (51),सेर बडोन (51),Nahan(Sub-District) / Sirmaur(District) / Himachal Pradesh(State),01627800,023210,N,,,,
878,22781,Ser Bharal (261),सेर भराल (261),Pachhad(Sub-District) / Sirmaur(District) / Himachal Pradesh(State),01584900,022781,N,,,,
879,22582,Serjagas (58),सैर जगास (58),Rajgarh(Sub-District) / Sirmaur(District) / Himachal Pradesh(State),01565000,022582,N,,,,
880,22610,Ser Manon (116),सैर मनौन (116),Rajgarh(Sub-District) / Sirmaur(District) / Himachal Pradesh(State),01567800,022610,N,,,,
881,22863,Ser Shog (156),सेर शोग (156),Pachhad(Sub-District) / Sirmaur(District) / Himachal Pradesh(State),01593100,022863,N,,,,
882,23266,Shaha (68),शॉहॉ (68),Dadahu(Sub-District) / Sirmaur(District) / Himachal Pradesh(State),01633400,023266,N,,,,
883,23109,Shahi Odar (1),शाही ओडर (1),Nahan(Sub-District) / Sirmaur(District) / Himachal Pradesh(State),01617700,023109,N,,,,
884,23050,Shakliya (67),शाकलिया (67),Dadahu(Sub-District) / Sirmaur(District) / Himachal Pradesh(State),01611900,023050,N,,,,
885,22581,Shalamoo (59),शलामु (59),Rajgarh(Sub-District) / Sirmaur(District) / Himachal Pradesh(State),01564900,022581,N,,,,
886,22549,Shalanji Banjan (69),शिलाँजी बांजन (69),Rajgarh(Sub-District) / Sirmaur(District) / Himachal Pradesh(State),01561700,022549,N,,,,
887,22550,Shalanji Dangra (68),शिलांजी डांगरा (68),Rajgarh(Sub-District) / Sirmaur(District) / Himachal Pradesh(State),01561800,022550,N,,,,
888,22601,Shallana (121),शलाना (121),Rajgarh(Sub-District) / Sirmaur(District) / Himachal Pradesh(State),01566900,022601,N,,,,
889,23424,Shamahan Pamta (243),शमाहाँ पमता (243),Kamrau(Sub-District) / Sirmaur(District) / Himachal Pradesh(State),01648700,023424,N,,,,
890,23224,Shambhu Wala (118),शम्भुवाला (118),Nahan(Sub-District) / Sirmaur(District) / Himachal Pradesh(State),01629200,023224,N,,,,
891,22592,Shamloh (124),शमलोह (124),Rajgarh(Sub-District) / Sirmaur(District) / Himachal Pradesh(State),01566000,022592,N,,,,
892,22907,Shamoga (192),शमोगा (192),Pachhad(Sub-District) / Sirmaur(District) / Himachal Pradesh(State),01597500,022907,N,,,,
893,22641,Shamoga (95),शमोगा (95),Rajgarh(Sub-District) / Sirmaur(District) / Himachal Pradesh(State),01570900,022641,N,,,,
894,22927,Shampur Chandog (239),शामपुर छन्दोग (239),Pachhad(Sub-District) / Sirmaur(District) / Himachal Pradesh(State),01599500,022927,N,,,,
895,22678,Shamra (125),शामरा (125),Nohra(Sub-District) / Sirmaur(District) / Himachal Pradesh(State),01574600,022678,N,,,,
896,22532,Shanai Kuni Ser (37),शनाई कुनी सेर (37),Pajhota(Sub-District) / Sirmaur(District) / Himachal Pradesh(State),01560000,022532,N,,,,
897,23426,Shaoga (245),शाँवगा (245),Kamrau(Sub-District) / Sirmaur(District) / Himachal Pradesh(State),01648900,023426,N,,,,
898,22576,Sharh Pajoga (87),शाड पजोगा (87),Pajhota(Sub-District) / Sirmaur(District) / Himachal Pradesh(State),01564400,022576,N,,,,
899,22814,Sharia Bajog (322),शाड़िया बजोग (322),Narag(Sub-District) / Sirmaur(District) / Himachal Pradesh(State),01588200,022814,N,,,,
900,22536,Shaya (26),शाया (26),Pajhota(Sub-District) / Sirmaur(District) / Himachal Pradesh(State),01560400,022536,N,,,,
901,22609,Shaya-Chhabron (92),शाया-छबरोंन (92),Rajgarh(Sub-District) / Sirmaur(District) / Himachal Pradesh(State),01567700,022609,N,,,,
902,22909,Shaya Malag (198),शाया मालग (198),Pachhad(Sub-District) / Sirmaur(District) / Himachal Pradesh(State),01597700,022909,N,,,,
903,22698,Sheena (360),शीना (360),Narag(Sub-District) / Sirmaur(District) / Himachal Pradesh(State),01576600,022698,N,,,,
904,23135,Sherli Kotab (67),शेरली कोटब (67),Nahan(Sub-District) / Sirmaur(District) / Himachal Pradesh(State),01620300,023135,N,,,,
905,23428,Sherli Manpur (247),शरली मानपुर (247),Kamrau(Sub-District) / Sirmaur(District) / Himachal Pradesh(State),01649100,023428,N,,,,
906,22986,Shilahan (164),शिलाहन (164),Haripurdhar(Sub-District) / Sirmaur(District) / Himachal Pradesh(State),01605400,022986,N,,,,
907,23421,Shilla (217),शिल्ला (217),Kamrau(Sub-District) / Sirmaur(District) / Himachal Pradesh(State),01648400,023421,N,,,,
908,23445,Shillai (240),शिलाई (240),Shillai(Sub-District) / Sirmaur(District) / Himachal Pradesh(State),01650800,023445,N,,,,
909,23147,Shilli Sanari (56),शिल्ली शनाड़ी (56),Nahan(Sub-District) / Sirmaur(District) / Himachal Pradesh(State),01621500,023147,N,,,,
910,22959,Shillora (144),शिलौडा (144),Renuka(Sub-District) / Sirmaur(District) / Himachal Pradesh(State),01602700,022959,N,,,,
911,23201,Shilnu Kailash (77),शिलनु कैलाश (77),Nahan(Sub-District) / Sirmaur(District) / Himachal Pradesh(State),01626900,023201,N,,,,
912,22732,Shilor Rangari (290),शिलोड़ रंगाड़ी (290),Pachhad(Sub-District) / Sirmaur(District) / Himachal Pradesh(State),01580000,022732,N,,,,
913,22537,Shimliya (27),शिमलिया (27),Pajhota(Sub-District) / Sirmaur(District) / Himachal Pradesh(State),01560500,022537,N,,,,
914,22882,Shingi (197),शिंगीं (197),Pachhad(Sub-District) / Sirmaur(District) / Himachal Pradesh(State),01595000,022882,N,,,,
915,22919,Shirat Siwli (244),शिरत सिवली (244),Pachhad(Sub-District) / Sirmaur(District) / Himachal Pradesh(State),01598700,022919,N,,,,
916,23448,Shiri Kayari (226),शिरी क्यारी (226),Shillai(Sub-District) / Sirmaur(District) / Himachal Pradesh(State),01651100,023448,N,,,,
917,23080,Shiru Maila (81),शिरू माईला (81),Dadahu(Sub-District) / Sirmaur(District) / Himachal Pradesh(State),01614900,023080,N,,,,
918,23372,Shiva Rudana (40),शिवा रूदाना (40),Paonta Sahib(Sub-District) / Sirmaur(District) / Himachal Pradesh(State),01643500,023372,N,,,,
919,23348,Shivpur (102),शिवपुर (102),Paonta Sahib(Sub-District) / Sirmaur(District) / Himachal Pradesh(State),01641100,023348,N,,,,
920,937548,Shivpuri (46/9),शिवपुरी (46/9),Nahan(Sub-District) / Sirmaur(District) / Himachal Pradesh(State),,000000,N,,,,
921,22715,Shogi (377),शोगी (377),Narag(Sub-District) / Sirmaur(District) / Himachal Pradesh(State),01578300,022715,N,,,,
922,937522,Shubh Khera (113),शुभखेड़ा (113),Paonta Sahib(Sub-District) / Sirmaur(District) / Himachal Pradesh(State),,000000,N,,,,
923,23326,Shubh Khera (113),शुभ खेड़ा (113),Paonta Sahib(Sub-District) / Sirmaur(District) / Himachal Pradesh(State),01639200,023326,N,,,,
924,23357,Shyampur Gorkhuwala (57),श्यामपुर गोरखुवाला (57),Paonta Sahib(Sub-District) / Sirmaur(District) / Himachal Pradesh(State),01642000,023357,N,,,,
925,23172,Simbal Wala (40),सिम्बलवाला (40),Nahan(Sub-District) / Sirmaur(District) / Himachal Pradesh(State),01624000,023172,N,,,,
926,23209,Sinyu Pudla (106),सियुं पुडला (106),Nahan(Sub-District) / Sirmaur(District) / Himachal Pradesh(State),01627700,023209,N,,,,
927,23453,Siyasu (231),सियासु (231),Shillai(Sub-District) / Sirmaur(District) / Himachal Pradesh(State),01651600,023453,N,,,,
928,22693,Siyun (117),सिंयू (117),Renuka(Sub-District) / Sirmaur(District) / Himachal Pradesh(State),01576100,022693,N,,,,
929,23253,Smaun Kanyon (79),समौन कनोन (79),Dadahu(Sub-District) / Sirmaur(District) / Himachal Pradesh(State),01632100,023253,N,,,,
930,22708,Snog Majhlori (378),सनोग मझलोड़ी (378),Narag(Sub-District) / Sirmaur(District) / Himachal Pradesh(State),01577600,022708,N,,,,
931,22865,Soda Dhayari (161),सोडा ध्याड़ी (161),Narag(Sub-District) / Sirmaur(District) / Himachal Pradesh(State),01593300,022865,N,,,,
932,22837,Sohala (349),सोहाला (349),Narag(Sub-District) / Sirmaur(District) / Himachal Pradesh(State),01590500,022837,N,,,,
933,22605,Stah (117),स्टाह (117),Rajgarh(Sub-District) / Sirmaur(District) / Himachal Pradesh(State),01567300,022605,N,,,,
934,23277,Sukhchainpur (160),सुखचैनपुर (160),Majra(Sub-District) / Sirmaur(District) / Himachal Pradesh(State),01634500,023277,N,,,,
935,23304,Surajpur (134),सुरजपुर (134),Paonta Sahib(Sub-District) / Sirmaur(District) / Himachal Pradesh(State),01637200,023304,N,,,,
936,23144,Surla Amta (26),सुरला आमटा (26),Nahan(Sub-District) / Sirmaur(District) / Himachal Pradesh(State),01621200,023144,N,,,,
937,23151,Surla Charjan (25),सुरला चारजान (25),Nahan(Sub-District) / Sirmaur(District) / Himachal Pradesh(State),01621900,023151,N,,,,
938,22749,Surla Janot (281),सुरला जनोट (281),Pachhad(Sub-District) / Sirmaur(District) / Himachal Pradesh(State),01581700,022749,N,,,,
939,22906,Sutia Chakli (187),सुतिया चाकली (187),Pachhad(Sub-District) / Sirmaur(District) / Himachal Pradesh(State),01597400,022906,N,,,,
940,23265,Swara Landasi (69),स्वाडा लंडासी (69),Dadahu(Sub-District) / Sirmaur(District) / Himachal Pradesh(State),01633300,023265,N,,,,
941,22937,Takahan (222),तकाहाँ (222),Pachhad(Sub-District) / Sirmaur(District) / Himachal Pradesh(State),01600500,022937,N,,,,
942,22652,Talangna (134),तलांगना (134),Nohra(Sub-District) / Sirmaur(District) / Himachal Pradesh(State),01572000,022652,N,,,,
943,22710,Talhari Madho Ka Nal (382),तलेहरी माधो का-नाल (382),Pachhad(Sub-District) / Sirmaur(District) / Himachal Pradesh(State),01577800,022710,N,,,,
944,22513,Tali Bhujjal (12),टाली भुज्जल (12),Pajhota(Sub-District) / Sirmaur(District) / Himachal Pradesh(State),01558100,022513,N,,,,
945,23194,Talon (49),तालों (49),Nahan(Sub-District) / Sirmaur(District) / Himachal Pradesh(State),01626200,023194,N,,,,
946,23344,Tal Sirmaur (19),ताल सिरमौर (19),Paonta Sahib(Sub-District) / Sirmaur(District) / Himachal Pradesh(State),01640700,023344,N,,,,
947,23475,Tandiyon (171),तांदियो (171),Ronhat(Sub-District) / Sirmaur(District) / Himachal Pradesh(State),01653800,023475,N,,,,
948,22689,Tandula (24),तांदुला (24),Nohra(Sub-District) / Sirmaur(District) / Himachal Pradesh(State),01575700,022689,N,,,,
949,23328,Taruwala (114),तारूवाला (114),Paonta Sahib(Sub-District) / Sirmaur(District) / Himachal Pradesh(State),01639400,023328,N,,,,
950,23387,Tatyana (219),टटियाना (219),Kamrau(Sub-District) / Sirmaur(District) / Himachal Pradesh(State),01645000,023387,N,,,,
951,22570,Teer Ganoh (83),तीर गनोह (83),Pajhota(Sub-District) / Sirmaur(District) / Himachal Pradesh(State),01563800,022570,N,,,,
952,937552,Thaina,थैना,Rajgarh(Sub-District) / Sirmaur(District) / Himachal Pradesh(State),,000000,N,,,,
953,22926,Thakron (238),ठाकरों (238),Pachhad(Sub-District) / Sirmaur(District) / Himachal Pradesh(State),01599400,022926,N,,,,
954,22761,Thakurdwara (273),ठाकुर द्वारा (273),Pachhad(Sub-District) / Sirmaur(District) / Himachal Pradesh(State),01582900,022761,N,,,,
955,23255,Thakur Kujewala (73),ठाकुर कुजुवाला (73),Dadahu(Sub-District) / Sirmaur(District) / Himachal Pradesh(State),01632300,023255,N,,,,
956,23195,Thali Galahan (53),थली गलाहां (53),Nahan(Sub-District) / Sirmaur(District) / Himachal Pradesh(State),01626300,023195,N,,,,
957,23021,Thal Kaknaula (201),थल ककनोला (201),Dadahu(Sub-District) / Sirmaur(District) / Himachal Pradesh(State),01608900,023021,N,,,,
958,22633,Thana Dhar (108),थाना धार (108),Rajgarh(Sub-District) / Sirmaur(District) / Himachal Pradesh(State),01570100,022633,N,,,,
959,23094,Thana Kashoga (91),थाना कशोगा (91),Dadahu(Sub-District) / Sirmaur(District) / Himachal Pradesh(State),01616300,023094,N,,,,
960,22838,Thana Kavadi (330),थाना कावड़ी (330),Narag(Sub-District) / Sirmaur(District) / Himachal Pradesh(State),01590600,022838,N,,,,
961,23012,Thana Khegwa (91),थाना खेगवा (91),Renuka(Sub-District) / Sirmaur(District) / Himachal Pradesh(State),01608000,023012,N,,,,
962,22516,Thandi Dhar (15),ठन्डीधार (15),Pajhota(Sub-District) / Sirmaur(District) / Himachal Pradesh(State),01558400,022516,N,,,,
963,23102,Thandoli (93),ठन्डोली (93),Dadahu(Sub-District) / Sirmaur(District) / Himachal Pradesh(State),01617100,023102,N,,,,
964,22648,Thanga (2),थनगा (2),Nohra(Sub-District) / Sirmaur(District) / Himachal Pradesh(State),01571600,022648,N,,,,
965,22631,Thanoga (105),थनोगा (105),Rajgarh(Sub-District) / Sirmaur(District) / Himachal Pradesh(State),01569900,022631,N,,,,
966,22614,Thara (107),थड़ा (107),Rajgarh(Sub-District) / Sirmaur(District) / Himachal Pradesh(State),01568200,022614,N,,,,
967,22525,Tharu (4),ठारू (4),Pajhota(Sub-District) / Sirmaur(District) / Himachal Pradesh(State),01559300,022525,N,,,,
968,22618,Thor Kolan (131),ठोड़ कोलन (131),Rajgarh(Sub-District) / Sirmaur(District) / Himachal Pradesh(State),01568600,022618,N,,,,
969,23389,Thountha Jakhal (214),ठौन्ठा जाखल (214),Kamrau(Sub-District) / Sirmaur(District) / Himachal Pradesh(State),01645200,023389,N,,,,
970,22596,Tikar (125),टिक्कर (125),Rajgarh(Sub-District) / Sirmaur(District) / Himachal Pradesh(State),01566400,022596,N,,,,
971,22977,Tikar (99),टिक्कर (99),Renuka(Sub-District) / Sirmaur(District) / Himachal Pradesh(State),01604500,022977,N,,,,
972,22779,Tikkar (260),टिक्कर (260),Pachhad(Sub-District) / Sirmaur(District) / Himachal Pradesh(State),01584700,022779,N,,,,
973,22717,Tikkar (385),टिक्कर (385),Pachhad(Sub-District) / Sirmaur(District) / Himachal Pradesh(State),01578500,022717,N,,,,
974,22796,Tikkari Pajerli (310),टिक्करी पजेरली (310),Pachhad(Sub-District) / Sirmaur(District) / Himachal Pradesh(State),01586400,022796,N,,,,
975,22725,Tikkri Kathar (401),टिक्करी क्ठार (401),Pachhad(Sub-District) / Sirmaur(District) / Himachal Pradesh(State),01579300,022725,N,,,,
976,22981,Tikri Dasakna (166),टिक्करी डसाकना (166),Haripurdhar(Sub-District) / Sirmaur(District) / Himachal Pradesh(State),01604900,022981,N,,,,
977,22627,Tikri Jajah (134),टिक्करी जजाह (134),Rajgarh(Sub-District) / Sirmaur(District) / Himachal Pradesh(State),01569500,022627,N,,,,
978,22853,Tipriya (167),टिपरीया (167),Narag(Sub-District) / Sirmaur(District) / Himachal Pradesh(State),01592100,022853,N,,,,
979,23097,Tirmali Dayar (87),तिरमली दयाड (87),Dadahu(Sub-District) / Sirmaur(District) / Himachal Pradesh(State),01616600,023097,N,,,,
980,23299,Toka Nagla (125),टोका नगला (125),Paonta Sahib(Sub-District) / Sirmaur(District) / Himachal Pradesh(State),01636700,023299,N,,,,
981,23293,Tokion (152),टोकियों (152),Majra(Sub-District) / Sirmaur(District) / Himachal Pradesh(State),01636100,023293,N,,,,
982,23376,Tonru (46),टौरू (46),Paonta Sahib(Sub-District) / Sirmaur(District) / Himachal Pradesh(State),01643900,023376,N,,,,
983,23175,Trilokpur (124),त्रिलोकपुर (124),Nahan(Sub-District) / Sirmaur(District) / Himachal Pradesh(State),01624300,023175,N,,,,
984,22961,Tuheri (146),टुहरी (146),Renuka(Sub-District) / Sirmaur(District) / Himachal Pradesh(State),01602900,022961,N,,,,
985,22571,Ulakh Katoga (88),ऊलख कतौगा (88),Pajhota(Sub-District) / Sirmaur(District) / Himachal Pradesh(State),01563900,022571,N,,,,
986,23013,Ungar Kando (92),उंगर काण्डो (92),Renuka(Sub-District) / Sirmaur(District) / Himachal Pradesh(State),01608100,023013,N,,,,
987,22771,Unnar Kanyana (241),उन्नर कनयाना (241),Pachhad(Sub-District) / Sirmaur(District) / Himachal Pradesh(State),01583900,022771,N,,,,
988,22695,Uphar (357),ऊफड़ (357),Narag(Sub-District) / Sirmaur(District) / Himachal Pradesh(State),01576300,022695,N,,,,
989,949625,Up Mahal Chyana,उप महाल च्याना,Shillai(Sub-District) / Sirmaur(District) / Himachal Pradesh(State),,000000,N,,,,
990,949626,Up Mahal Naya,उप महाल नया,Shillai(Sub-District) / Sirmaur(District) / Himachal Pradesh(State),,000000,N,,,,
991,949356,Up Mahal Serki,उप महाल सेरकी,Shillai(Sub-District) / Sirmaur(District) / Himachal Pradesh(State),,000000,N,eSignGOFile662648_01_03_2025_14_17_20.pdf,,,
992,23329,Upsamapda Taruwala (114/1),उपसम्पदा तारूवाला (114/1),Paonta Sahib(Sub-District) / Sirmaur(District) / Himachal Pradesh(State),01639400,023329,N,,,,
993,949690,Upsam Lachodra Meharsinghwala,उ.स. सम्पदा लच्छोड़ा मेहरसिंहवाल,Narag(Sub-District) / Sirmaur(District) / Himachal Pradesh(State),,000000,N,,,,
994,949691,Upsampada Achhlee,उपसम्पदा अच्छली,Pachhad(Sub-District) / Sirmaur(District) / Himachal Pradesh(State),,000000,N,,,,
995,949692,Upsampada Adyog,उपसम्पदा अड़योग,Narag(Sub-District) / Sirmaur(District) / Himachal Pradesh(State),,000000,N,,,,
996,949513,Upsampada Amata,पसम्प्पदा आमटा,Pachhad(Sub-District) / Sirmaur(District) / Himachal Pradesh(State),,000000,N,,,,
997,949514,Upsampada Anji,उपसम्पदा आँजी,Pachhad(Sub-District) / Sirmaur(District) / Himachal Pradesh(State),,000000,N,,,,
998,949515,Upsampada Badog,उपसम्पदा बदोग,Pachhad(Sub-District) / Sirmaur(District) / Himachal Pradesh(State),,000000,N,,,,
999,949632,Upsampada Badog.,उपसम्पदा बडोग,Rajgarh(Sub-District) / Sirmaur(District) / Himachal Pradesh(State),,000000,N,eSignGOFile662648_01_03_2025_16_53_53.pdf,,,
1000,949795,Upsampada Badol,उपसम्पदा बडोल,Rajgarh(Sub-District) / Sirmaur(District) / Himachal Pradesh(State),,000000,N,eSignGOFile662648_01_03_2025_16_54_21.pdf,,,
1001,949693,Upsampada Baga,उपसम्पदा बागा,Pachhad(Sub-District) / Sirmaur(District) / Himachal Pradesh(State),,000000,N,,,,
1002,949516,Upsampada Bagahan,उपसम्पदा बागथन,Pachhad(Sub-District) / Sirmaur(District) / Himachal Pradesh(State),,000000,N,,,,
1003,949694,Upsampada Bagdol,उपसम्पदा बगडोल,Pachhad(Sub-District) / Sirmaur(District) / Himachal Pradesh(State),,000000,N,,,,
1004,949572,Upsampada Bagerna,उपसम्पदा बगेडना,Pajhota(Sub-District) / Sirmaur(District) / Himachal Pradesh(State),,000000,N,,,,
1005,949695,Upsampada Bagh,उपसम्पदा बाग,Narag(Sub-District) / Sirmaur(District) / Himachal Pradesh(State),,000000,N,,,,
1006,949696,Upsampada Bagod,उपसम्पदा बगोद,Pachhad(Sub-District) / Sirmaur(District) / Himachal Pradesh(State),,000000,N,,,,
1007,949697,Upsampada Bagthan,उपसम्पदा बागथन,Pachhad(Sub-District) / Sirmaur(District) / Himachal Pradesh(State),,000000,N,,,,
1008,949627,Upsampada Bagudiya.,उपसंपदा बागुड़िया,Rajgarh(Sub-District) / Sirmaur(District) / Himachal Pradesh(State),,000000,N,eSignGOFile662648_01_03_2025_16_54_54.pdf,,,
1009,949517,Upsampada Bailag,उपसम्पदा बेलग,Pachhad(Sub-District) / Sirmaur(District) / Himachal Pradesh(State),,000000,N,,,,
1010,949698,Upsampada Baingee,उपसम्पदा बायंगी,Narag(Sub-District) / Sirmaur(District) / Himachal Pradesh(State),,000000,N,,,,
1011,949700,Upsampada Balag,उपसम्पदा बालग,Narag(Sub-District) / Sirmaur(District) / Himachal Pradesh(State),,000000,N,,,,
1012,949518,Upsampada Baliyar,उपसम्पदा बलियार,Pachhad(Sub-District) / Sirmaur(District) / Himachal Pradesh(State),,000000,N,,,,
1013,949628,Upsampada Balon,उपसम्पदा बलोन,Pajhota(Sub-District) / Sirmaur(District) / Himachal Pradesh(State),,000000,N,,,,
1014,949519,Upsampada Banalang,उपसम्पदा बनालग,Pachhad(Sub-District) / Sirmaur(District) / Himachal Pradesh(State),,000000,N,,,,
1015,949629,Upsampada Banas.,उपसम्पदा बनास,Rajgarh(Sub-District) / Sirmaur(District) / Himachal Pradesh(State),,000000,N,eSignGOFile662648_01_03_2025_16_55_18.pdf,,,
1016,949630,Upsampada Banbag,उपसम्पदा बनबाग,Rajgarh(Sub-District) / Sirmaur(District) / Himachal Pradesh(State),,000000,N,,,,
1017,949631,Upsampada Barar,उपसम्पदा बारर,Rajgarh(Sub-District) / Sirmaur(District) / Himachal Pradesh(State),,000000,N,,,,
1018,949701,Upsampada Barog,उपसम्पदा भरोग,Narag(Sub-District) / Sirmaur(District) / Himachal Pradesh(State),,000000,N,,,,
1019,949521,Upsampada Baryar,उपसम्पदा बड़यार,Pachhad(Sub-District) / Sirmaur(District) / Himachal Pradesh(State),,000000,N,,,,
1020,949702,Upsampada Bashech,उपसम्पदा बशेच,Narag(Sub-District) / Sirmaur(District) / Himachal Pradesh(State),,000000,N,,,,
1021,949703,Upsampada Basroog,उपसम्पदा बासरुग,Narag(Sub-District) / Sirmaur(District) / Himachal Pradesh(State),,000000,N,,,,
1022,949520,Upsampada Basto,उपसम्पदा बस्तो,Pachhad(Sub-District) / Sirmaur(District) / Himachal Pradesh(State),,000000,N,,,,
1023,23319,Upsampada Batamandi (129/2),उप.सम्पदा बातामण्डी (129/2),Paonta Sahib(Sub-District) / Sirmaur(District) / Himachal Pradesh(State),01638500,023319,N,,,,
1024,949704,Upsampada Bathyoli Rivandi,उपसम्पदा बठयूली रिवन्डी,Narag(Sub-District) / Sirmaur(District) / Himachal Pradesh(State),,000000,N,,,,
1025,949705,Upsampada Bathyudi Katal,उपसम्पदा बठयूली काटल,Narag(Sub-District) / Sirmaur(District) / Himachal Pradesh(State),,000000,N,,,,
1026,949706,Upsampada Bathyuli Dadhayana,उपसम्पदा बठयूली ददैना,Narag(Sub-District) / Sirmaur(District) / Himachal Pradesh(State),,000000,N,,,,
1027,949522,Upsampada Bayolee,उपसम्पदा ब्योली,Pachhad(Sub-District) / Sirmaur(District) / Himachal Pradesh(State),,000000,N,,,,
1028,949523,Upsampada Belagi,उपसम्पदा बेलगी,Pachhad(Sub-District) / Sirmaur(District) / Himachal Pradesh(State),,000000,N,,,,
1029,949525,Upsampada Bhangar,उपसम्पदा बांगड़,Pachhad(Sub-District) / Sirmaur(District) / Himachal Pradesh(State),,000000,N,,,,
1030,949526,Upsampada Bharmur Kala,उपसम्पदा भरमूर कलाँ,Pachhad(Sub-District) / Sirmaur(District) / Himachal Pradesh(State),,000000,N,,,,
1031,949527,Upsampada Bharmur Khurd,उपसम्प्पदा भरमूर खूर्द,Pachhad(Sub-District) / Sirmaur(District) / Himachal Pradesh(State),,000000,N,,,,
1032,949610,Upsampada Bhatgoan,उपसम्पदा भटगांव,Pajhota(Sub-District) / Sirmaur(District) / Himachal Pradesh(State),,000000,N,,,,
1033,949707,Upsampada Bhatuyali Tikkari,उपसम्पदा बठयूली टिकरी,Narag(Sub-District) / Sirmaur(District) / Himachal Pradesh(State),,000000,N,,,,
1034,949524,Upsampada Bhere Ki Ser,उपसम्पदा भेड़े की सेर,Pachhad(Sub-District) / Sirmaur(District) / Himachal Pradesh(State),,000000,N,,,,
1035,949708,Upsampada Bhiyuit,उपसम्पदा भिंयूत,Pachhad(Sub-District) / Sirmaur(District) / Himachal Pradesh(State),,000000,N,,,,
1036,949634,Upsampada Bhog,उपसम्पदा भाोग,Pajhota(Sub-District) / Sirmaur(District) / Himachal Pradesh(State),,000000,N,,,,
1037,949635,Upsampada Bhueil,उपसम्पदा भुईल,Rajgarh(Sub-District) / Sirmaur(District) / Himachal Pradesh(State),,000000,N,,,,
1038,949528,Upsampada Bohal Nichalee,उपसम्पदा बोहल निचली,Pachhad(Sub-District) / Sirmaur(District) / Himachal Pradesh(State),,000000,N,,,,
1039,949709,Upsampada Bohal Uperlee,उपसम्पदा बोहल उपरली,Pachhad(Sub-District) / Sirmaur(District) / Himachal Pradesh(State),,000000,N,,,,
1040,949529,Upsampada Burbard,उपसम्पदा बुरबड़,Pachhad(Sub-District) / Sirmaur(District) / Himachal Pradesh(State),,000000,N,,,,
1041,949583,Upsampada Busher,उपसम्पदा बुशेहर,Pajhota(Sub-District) / Sirmaur(District) / Himachal Pradesh(State),,000000,N,,,,
1042,949710,Upsampada Chadhah,उपसम्पदा चड़दा,Pachhad(Sub-District) / Sirmaur(District) / Himachal Pradesh(State),,000000,N,,,,
1043,949711,Upsampada Chadyana Nargadi Sampada Later Chabli,उपसम्पदा चड़याना नागरगड़ी सम्पदा लेतर छावली,Pachhad(Sub-District) / Sirmaur(District) / Himachal Pradesh(State),,000000,N,,,,
1044,949636,Upsampada Chail,उपसम्पदा चैल,Rajgarh(Sub-District) / Sirmaur(District) / Himachal Pradesh(State),,000000,N,,,,
1045,949712,Upsampada Chakala,उपसम्पदा चाकला,Narag(Sub-District) / Sirmaur(District) / Himachal Pradesh(State),,000000,N,,,,
1046,949530,Up Sampada Chaklee (311/1),उपसम्पदा चकली (311/1),Pachhad(Sub-District) / Sirmaur(District) / Himachal Pradesh(State),,000000,N,eSignGOFile662648_27_03_2025_16_52_05.pdf,,,
1047,949637,Upsampada Chala,उपसम्पदा चला,Pajhota(Sub-District) / Sirmaur(District) / Himachal Pradesh(State),,000000,N,,,,
1048,949543,Up Sampada Chandog (239/1),उपसम्पदा छन्दोग (239/1),Pachhad(Sub-District) / Sirmaur(District) / Himachal Pradesh(State),,000000,N,eSignGOFile662648_27_03_2025_16_53_07.pdf,,,
1049,949531,Upsampada Chandrera,उपसम्पदा चन्द्रेड़ा,Pachhad(Sub-District) / Sirmaur(District) / Himachal Pradesh(State),,000000,N,,,,
1050,949713,Upsampada Chanduli Varli,उपसम्पदा छन्डूली वारली,Narag(Sub-District) / Sirmaur(District) / Himachal Pradesh(State),,000000,N,,,,
1051,949532,Upsampada Chaooe,उपसम्पदा छोई,Pachhad(Sub-District) / Sirmaur(District) / Himachal Pradesh(State),,000000,N,,,,
1052,949714,Upsampada Charavag,उपसम्पदा चरावग,Pachhad(Sub-District) / Sirmaur(District) / Himachal Pradesh(State),,000000,N,,,,
1053,949715,Upsampada Chat,उपसम्पदा चाट,Narag(Sub-District) / Sirmaur(District) / Himachal Pradesh(State),,000000,N,,,,
1054,949533,Upsampada Chatari,उपसम्पदा चताड़ी,Pachhad(Sub-District) / Sirmaur(District) / Himachal Pradesh(State),,000000,N,,,,
1055,949534,Upsampada Chatlee,उपसम्पदा चाठली,Pachhad(Sub-District) / Sirmaur(District) / Himachal Pradesh(State),,000000,N,,,,
1056,949535,Upsampada Chaybaha,उपसम्पदा चबाहां,Pachhad(Sub-District) / Sirmaur(District) / Himachal Pradesh(State),,000000,N,,,,
1057,949536,Upsampada Chee,उपसम्पदा ची,Pachhad(Sub-District) / Sirmaur(District) / Himachal Pradesh(State),,000000,N,,,,
1058,949537,Upsampada Chevelta,उपसम्पदा चेवल्टा,Pachhad(Sub-District) / Sirmaur(District) / Himachal Pradesh(State),,000000,N,,,,
1059,949716,Upsampada Chhitore,उपसम्पदा चितौर,Pachhad(Sub-District) / Sirmaur(District) / Himachal Pradesh(State),,000000,N,,,,
1060,949638,Upsampada Chiyog,उपसम्पदा चियोग,Rajgarh(Sub-District) / Sirmaur(District) / Himachal Pradesh(State),,000000,N,,,,
1061,949538,Upsampada Choki,उपसम्पदा चौकी,Pachhad(Sub-District) / Sirmaur(District) / Himachal Pradesh(State),,000000,N,,,,
1062,949717,Upsampada Chompa Dharon,उपसम्पदा चौम्पा धारों,Pachhad(Sub-District) / Sirmaur(District) / Himachal Pradesh(State),,000000,N,,,,
1063,949639,Upsampada Choori,उपसंपदा चूरी,Rajgarh(Sub-District) / Sirmaur(District) / Himachal Pradesh(State),,000000,N,,,,
1064,949640,Upsampada Chukhdia,उपसम्पदा चुखडिया,Pajhota(Sub-District) / Sirmaur(District) / Himachal Pradesh(State),,000000,N,,,,
1065,949539,Upsampada Dabloan,उपसम्पदा दवलोन,Pachhad(Sub-District) / Sirmaur(District) / Himachal Pradesh(State),,000000,N,,,,
1066,949641,Upsampada Dadaoh,उपसम्पदा ददाओह,Rajgarh(Sub-District) / Sirmaur(District) / Himachal Pradesh(State),,000000,N,,,,
1067,949718,Upsampada Dahail,उपसम्पदा देहल,Narag(Sub-District) / Sirmaur(District) / Himachal Pradesh(State),,000000,N,,,,
1068,949642,Upsampada Dapech,उपसम्पदा दपेच,Rajgarh(Sub-District) / Sirmaur(District) / Himachal Pradesh(State),,000000,N,,,,
1069,949540,Upsampada Daspad,उपसम्पदा दासपड़,Pachhad(Sub-District) / Sirmaur(District) / Himachal Pradesh(State),,000000,N,,,,
1070,949719,Upsampada Daval,उपसम्पदा दांवल,Pachhad(Sub-District) / Sirmaur(District) / Himachal Pradesh(State),,000000,N,,,,
1071,949722,Upsampada Dawadey Ki Ser(Sanon),उपसम्पदा दवादे की सैर (सनौन),Pachhad(Sub-District) / Sirmaur(District) / Himachal Pradesh(State),,000000,N,,,,
1072,949643,Upsampada Daya,उपसम्पदा दया,Rajgarh(Sub-District) / Sirmaur(District) / Himachal Pradesh(State),,000000,N,,,,
1073,949728,Upsampada Deed,उपसम्पदा दीद,Narag(Sub-District) / Sirmaur(District) / Himachal Pradesh(State),,000000,N,,,,
1074,949541,Upsampada Devasee,उपसम्पदा देवसी,Pachhad(Sub-District) / Sirmaur(District) / Himachal Pradesh(State),,000000,N,,,,
1075,949733,Upsampada Devria,उपसम्पदा देवरिया,Narag(Sub-District) / Sirmaur(District) / Himachal Pradesh(State),,000000,N,,,,
1076,949734,Upsampada Devria Nichla,उपसम्पदा देवरिया निचला,Pachhad(Sub-District) / Sirmaur(District) / Himachal Pradesh(State),,000000,N,,,,
1077,949644,Upsampada Dhagoh,उपसम्पदा धगोह,Rajgarh(Sub-District) / Sirmaur(District) / Himachal Pradesh(State),,000000,N,,,,
1078,949542,Upsampada Dhal,उपसम्पदा ढाल,Pachhad(Sub-District) / Sirmaur(District) / Himachal Pradesh(State),,000000,N,,,,
1079,949736,Upsampada Dhalajatee,उपसम्पदा ढलान्जटी,Narag(Sub-District) / Sirmaur(District) / Himachal Pradesh(State),,000000,N,,,,
1080,949363,Up Sampada Dhalanji,उपसम्पदा धलान्जी,Narag(Sub-District) / Sirmaur(District) / Himachal Pradesh(State),,000000,N,,,,
1081,949619,Upsampada Dhanch,उपसम्पदा धनच,Pajhota(Sub-District) / Sirmaur(District) / Himachal Pradesh(State),,000000,N,,,,
1082,23331,Up Sampada Dharamkot,उपसम्पदा धर्मकोट,Paonta Sahib(Sub-District) / Sirmaur(District) / Himachal Pradesh(State),01639500,023331,N,,,,
1083,949645,Upsampada Dharli,उपसम्पदा धारली,Rajgarh(Sub-District) / Sirmaur(District) / Himachal Pradesh(State),,000000,N,,,,
1084,949738,Upsampada Dharo,उपसम्पदा धारों,Narag(Sub-District) / Sirmaur(District) / Himachal Pradesh(State),,000000,N,,,,
1085,949544,Upsampada Dhavaint,उपसम्पदा धविन्त,Pachhad(Sub-District) / Sirmaur(District) / Himachal Pradesh(State),,000000,N,,,,
1086,949783,Upsampada Dhawant,उपसम्पदा धावन्त,Narag(Sub-District) / Sirmaur(District) / Himachal Pradesh(State),,000000,N,,,,
1087,949593,Upsampada Dhrabhala,उप सम्पदा द्राबला,Pajhota(Sub-District) / Sirmaur(District) / Himachal Pradesh(State),,000000,N,,,,
1088,949740,Upsampada Dilman Chamarwali,उपसम्पदा डिलमन चमारवाली,Narag(Sub-District) / Sirmaur(District) / Himachal Pradesh(State),,000000,N,,,,
1089,949739,Upsampada Dobara,उपसम्पदा दोभाड़ा,Narag(Sub-District) / Sirmaur(District) / Himachal Pradesh(State),,000000,N,,,,
1090,949646,Upsampada Dochi Wa Mal,उप सम्पदा दोची व माल,Pajhota(Sub-District) / Sirmaur(District) / Himachal Pradesh(State),,000000,N,,,,
1091,949623,Upsampada Dodra Vari,उप सम्पदा डोडरा बाडी,Pajhota(Sub-District) / Sirmaur(District) / Himachal Pradesh(State),,000000,N,,,,
1092,949587,Upsampada Dudria,उपसम्पदा दुधडिया,Pajhota(Sub-District) / Sirmaur(District) / Himachal Pradesh(State),,000000,N,,,,
1093,949741,Upsampada Dungli,उपसम्पदा डुन्गली,Narag(Sub-District) / Sirmaur(District) / Himachal Pradesh(State),,000000,N,,,,
1094,949545,Upsampada Dun Khurd,उपसम्पदा दूण खुर्द,Pachhad(Sub-District) / Sirmaur(District) / Himachal Pradesh(State),,000000,N,,,,
1095,949546,Upsampada Fakio,उपसम्पदा फाक्यों,Pachhad(Sub-District) / Sirmaur(District) / Himachal Pradesh(State),,000000,N,,,,
1096,949547,Upsampada Garona,उपसम्पदा गरोणा,Pachhad(Sub-District) / Sirmaur(District) / Himachal Pradesh(State),,000000,N,,,,
1097,949548,Upsampada Gayeel,उपसम्पदा गईल,Pachhad(Sub-District) / Sirmaur(District) / Himachal Pradesh(State),,000000,N,,,,
1098,949813,Upsampada Ghat,उप सम्पदा घाट,Pachhad(Sub-District) / Sirmaur(District) / Himachal Pradesh(State),,000000,N,eSignGOFile662648_18_02_2025_12_26_52.pdf,,,
1099,949549,Upsampada Giria,उपसम्पदा गिरिया,Pachhad(Sub-District) / Sirmaur(District) / Himachal Pradesh(State),,000000,N,,,,
1100,949589,Upsampada Hachar,उपसम्पदा हचड,Pajhota(Sub-District) / Sirmaur(District) / Himachal Pradesh(State),,000000,N,,,,
1101,949720,Upsampada Jadhola,उपसम्पदा जढोला,Narag(Sub-District) / Sirmaur(District) / Himachal Pradesh(State),,000000,N,,,,
1102,949647,Upsampada Jagella,उपसम्पदा जागेला,Rajgarh(Sub-District) / Sirmaur(District) / Himachal Pradesh(State),,000000,N,,,,
1103,949742,Upsampada Jaghera,उपसम्पदा जघेड़ा,Narag(Sub-District) / Sirmaur(District) / Himachal Pradesh(State),,000000,N,,,,
1104,949743,Upsampada Jaihar Bharan,उपसम्पदा जयहर भरन,Pachhad(Sub-District) / Sirmaur(District) / Himachal Pradesh(State),,000000,N,,,,
1105,949550,Upsampada Jaman Ki Ser,उपसम्पदा जामन की सैर,Pachhad(Sub-District) / Sirmaur(District) / Himachal Pradesh(State),,000000,N,,,,
1106,949551,Upsampada Jhamradi,उपसम्पदा झमराड़ी,Pachhad(Sub-District) / Sirmaur(District) / Himachal Pradesh(State),,000000,N,,,,
1107,949608,Upsampada Johanagi,उपसम्पदा जोहानगी,Pachhad(Sub-District) / Sirmaur(District) / Himachal Pradesh(State),,000000,N,,,,
1108,949746,Upsampada Jubard,उपसम्पदा जुबड़,Narag(Sub-District) / Sirmaur(District) / Himachal Pradesh(State),,000000,N,,,,
1109,949648,Upsampada Junieon,उपसम्पदा जूनियोन,Rajgarh(Sub-District) / Sirmaur(District) / Himachal Pradesh(State),,000000,N,,,,
1110,949761,Upsampada Kakro,उपसम्पदा ककड़ो,Pachhad(Sub-District) / Sirmaur(District) / Himachal Pradesh(State),,000000,N,,,,
1111,949754,Upsampada Kalaghat,उपसम्पदा कालाघाट,Narag(Sub-District) / Sirmaur(District) / Himachal Pradesh(State),,000000,N,,,,
1112,949552,Upsampada Kalnog,उपसम्पदा कनलोग,Pachhad(Sub-District) / Sirmaur(District) / Himachal Pradesh(State),,000000,N,,,,
1113,949649,Upsampada Kamlor,उपसम्पदा कमलोड,Pajhota(Sub-District) / Sirmaur(District) / Himachal Pradesh(State),,000000,N,,,,
1114,949553,Upsampada Kanah,उपसम्पदा कनाहाँ,Pachhad(Sub-District) / Sirmaur(District) / Himachal Pradesh(State),,000000,N,,,,
1115,949650,Upsampada Kandadee,उपसम्पदा कन्दाड़ी,Rajgarh(Sub-District) / Sirmaur(District) / Himachal Pradesh(State),,000000,N,,,,
1116,949759,Upsampada Kandoli,उपसम्पदा कन्डोली,Pachhad(Sub-District) / Sirmaur(District) / Himachal Pradesh(State),,000000,N,,,,
1117,949782,Upsampada Kandulee,उपसम्पदा कन्डूली,Narag(Sub-District) / Sirmaur(District) / Himachal Pradesh(State),,000000,N,,,,
1118,949809,Up Sampada Kangar Dubahan,उप सम्पदा कांगर दुबाहां,Narag(Sub-District) / Sirmaur(District) / Himachal Pradesh(State),,000000,N,eSignGOFile662648_18_02_2025_12_11_48.pdf,,,
1119,937553,Up Sampada Kanlog Nichla,उप सम्पदा कनलोग निचला,Pachhad(Sub-District) / Sirmaur(District) / Himachal Pradesh(State),,000000,N,,,,
1120,949556,Upsampada Kanyana,उपसम्प्पदा कन्याना,Pachhad(Sub-District) / Sirmaur(District) / Himachal Pradesh(State),,000000,N,,,,
1121,949557,Upsampada Kanyori,उपसम्पदा कराला,Pachhad(Sub-District) / Sirmaur(District) / Himachal Pradesh(State),,000000,N,,,,
1122,949558,Upsampada Karala,उपसम्पदा कराला,Pachhad(Sub-District) / Sirmaur(District) / Himachal Pradesh(State),,000000,N,,,,
1123,949559,Upsampada Kariyar Ki Ser,उपसम्पदा कड़ियार की सैर,Pachhad(Sub-District) / Sirmaur(District) / Himachal Pradesh(State),,000000,N,,,,
1124,949651,Upsampada Katheri,उपसम्पदा कथेरी,Rajgarh(Sub-District) / Sirmaur(District) / Himachal Pradesh(State),,000000,N,,,,
1125,949560,Upsampada Kathiyar Ki Ser,उपसम्पदा कठियार की सैर,Pachhad(Sub-District) / Sirmaur(District) / Himachal Pradesh(State),,000000,N,,,,
1126,949555,Upsampada Kathla,उपसम्पदा काथला,Pachhad(Sub-District) / Sirmaur(District) / Himachal Pradesh(State),,000000,N,,,,
1127,949785,Upsampada Kathla Nichla,उपसम्पदा काथला निचला,Narag(Sub-District) / Sirmaur(District) / Himachal Pradesh(State),,000000,N,,,,
1128,949786,Upsampada Kathla Uperla,उपसम्पदा काथला उपरला,Narag(Sub-District) / Sirmaur(District) / Himachal Pradesh(State),,000000,N,,,,
1129,949561,Up Sampada Katli,उपसम्पदा काटली,Pachhad(Sub-District) / Sirmaur(District) / Himachal Pradesh(State),,000000,N,,,,
1130,949752,Up Sampada Katli (219/1),उपसम्पदा कतली (219/1),Pachhad(Sub-District) / Sirmaur(District) / Himachal Pradesh(State),,000000,N,eSignGOFile662648_27_03_2025_16_53_54.pdf,,,
1131,949562,Upsampada Katli Kalchheti,उपसम्पदा काटली कलछेती,Pachhad(Sub-District) / Sirmaur(District) / Himachal Pradesh(State),,000000,N,,,,
1132,949815,Up Sampada Katoga,उप सम्पदा कतौगा,Pajhota(Sub-District) / Sirmaur(District) / Himachal Pradesh(State),,000000,N,eSignGOFile662648_18_02_2025_12_45_15.pdf,,,
1133,949652,Upsampada Katoli,उपसम्पदा कटोली,Rajgarh(Sub-District) / Sirmaur(District) / Himachal Pradesh(State),,000000,N,,,,
1134,949653,Upsampada Kavaga,उपसम्पदा कवागा,Rajgarh(Sub-District) / Sirmaur(District) / Himachal Pradesh(State),,000000,N,,,,
1135,949365,Upsampada Kawana,उपसम्पदा कवाणा,Pachhad(Sub-District) / Sirmaur(District) / Himachal Pradesh(State),,000000,N,,,,
1136,949563,Up Sampada Kayar,उपसम्पदा क्यार,Pachhad(Sub-District) / Sirmaur(District) / Himachal Pradesh(State),,000000,N,,,,
1137,949564,Upsampada Kayari,उपसम्पदा क्यारी,Pachhad(Sub-District) / Sirmaur(District) / Himachal Pradesh(State),,000000,N,,,,
1138,949667,Upsampada Kayartoo,उपसम्पदा क्यारटु,Pajhota(Sub-District) / Sirmaur(District) / Himachal Pradesh(State),,000000,N,,,,
1139,937536,Upsampada Kedarpur (119 .),उपसम्पदा केदारपुर,Paonta Sahib(Sub-District) / Sirmaur(District) / Himachal Pradesh(State),,000000,N,,,,
1140,949812,Upsampada Khalahon,उप सम्पदा खालांहो,Pachhad(Sub-District) / Sirmaur(District) / Himachal Pradesh(State),,000000,N,eSignGOFile662648_18_02_2025_12_25_48.pdf,,,
1141,949565,Upsampada Khangarh,उपसम्पदा खानगढ़,Pachhad(Sub-District) / Sirmaur(District) / Himachal Pradesh(State),,000000,N,,,,
1142,949747,Upsampada Kharyaog,उपसम्पदा खड़योग,Narag(Sub-District) / Sirmaur(District) / Himachal Pradesh(State),,000000,N,,,,
1143,949566,Upsampada Kheinch,उपसम्पदा खेंच,Pachhad(Sub-District) / Sirmaur(District) / Himachal Pradesh(State),,000000,N,,,,
1144,949753,Upsampada Kheyo,उपसम्पदा खेओ,Pachhad(Sub-District) / Sirmaur(District) / Himachal Pradesh(State),,000000,N,,,,
1145,949567,Upsampada Khodio,पसम्पदा खोड़ियों,Pachhad(Sub-District) / Sirmaur(District) / Himachal Pradesh(State),,000000,N,,,,
1146,949571,Upsampada Khunnu,उपसम्पदा खुनु,Pajhota(Sub-District) / Sirmaur(District) / Himachal Pradesh(State),,000000,N,,,,
1147,949673,Upsampada Koarod,उपसम्पदा कोआरोड़,Rajgarh(Sub-District) / Sirmaur(District) / Himachal Pradesh(State),,000000,N,,,,
1148,949762,Upsampada Kot,उपसम्पदा कोट,Narag(Sub-District) / Sirmaur(District) / Himachal Pradesh(State),,000000,N,,,,
1149,949663,Upsampada Kotli,उपसम्पदा कोटली,Pajhota(Sub-District) / Sirmaur(District) / Himachal Pradesh(State),,000000,N,,,,
1150,949763,Upsampada Kuchhader Kadakan,उपसम्पदा कुछड़वा कदाकन,Pachhad(Sub-District) / Sirmaur(District) / Himachal Pradesh(State),,000000,N,,,,
1151,949810,Up Sampada Kuftu,उप सम्पदा कुफटु,Narag(Sub-District) / Sirmaur(District) / Himachal Pradesh(State),,000000,N,eSignGOFile662648_18_02_2025_12_14_03.pdf,,,
1152,949764,Upsampada Kuftu Adaglia,उपसम्पदा कुफटू अडगलिया,Pachhad(Sub-District) / Sirmaur(District) / Himachal Pradesh(State),,000000,N,,,,
1153,949723,Upsampada Kujji Baksar,उपसम्पदा कुज्जी बकसार,Narag(Sub-District) / Sirmaur(District) / Himachal Pradesh(State),,000000,N,,,,
1154,949732,Upsampada Kujji Chavla,उपसम्पदा कुज्जी चेवला,Narag(Sub-District) / Sirmaur(District) / Himachal Pradesh(State),,000000,N,,,,
1155,949731,Upsampada Kujji Rikkan,उपसम्पदा कुज्जी रिक्कन,Narag(Sub-District) / Sirmaur(District) / Himachal Pradesh(State),,000000,N,,,,
1156,949590,Upsampada Kumarla,उपसम्पदा कुम्हारला,Pajhota(Sub-District) / Sirmaur(District) / Himachal Pradesh(State),,000000,N,,,,
1157,949664,Upsampada Kumarli,उपसम्पदा कुमारली,Rajgarh(Sub-District) / Sirmaur(District) / Himachal Pradesh(State),,000000,N,,,,
1158,949605,Upsampada Kunni Ser,उपसम्पदा कुन्नी सेर,Pajhota(Sub-District) / Sirmaur(District) / Himachal Pradesh(State),,000000,N,,,,
1159,949814,Upsampada Kurfar,उप सम्पदा कुर्फर,Pachhad(Sub-District) / Sirmaur(District) / Himachal Pradesh(State),,000000,N,eSignGOFile662648_18_02_2025_12_27_48.pdf,,,
1160,949568,Upsampada Ladva Sandali,उपसम्पदा लड़वा संडेली,Pachhad(Sub-District) / Sirmaur(District) / Himachal Pradesh(State),,000000,N,,,,
1161,949730,Upsampada Lakhol,उपसम्पदा लखोल,Narag(Sub-District) / Sirmaur(District) / Himachal Pradesh(State),,000000,N,,,,
1162,949787,Upsampada Lana Jonola,उपसम्पदा लाना जनोला,Narag(Sub-District) / Sirmaur(District) / Himachal Pradesh(State),,000000,N,,,,
1163,949569,Upsampada Lana Kalan,उपसम्पदा लाना कलाँ,Pachhad(Sub-District) / Sirmaur(District) / Himachal Pradesh(State),,000000,N,,,,
1164,949729,Upsampada Lana Kansar Sarahan,उपसम्पदा लाना कसार सराहां,Narag(Sub-District) / Sirmaur(District) / Himachal Pradesh(State),,000000,N,,,,
1165,949790,Upsampada Lana Kasanar,उपसम्पदा लाना कसार,Narag(Sub-District) / Sirmaur(District) / Himachal Pradesh(State),,000000,N,,,,
1166,949788,Upsampada Lana Kayaratu,उपसम्पदा लाना क्यारटू,Narag(Sub-District) / Sirmaur(District) / Himachal Pradesh(State),,000000,N,,,,
1167,949570,Upsampada Lana Khurd,उपसम्पदा लाना खुर्द,Pachhad(Sub-District) / Sirmaur(District) / Himachal Pradesh(State),,000000,N,,,,
1168,949665,Upsampada Lana Ro Neri.,उपसम्पद लाना रो नेरी,Rajgarh(Sub-District) / Sirmaur(District) / Himachal Pradesh(State),,000000,N,eSignGOFile662648_01_03_2025_16_55_46.pdf,,,
1169,949727,Upsampada Leyana,उपसम्पदा लियाना,Pachhad(Sub-District) / Sirmaur(District) / Himachal Pradesh(State),,000000,N,,,,
1170,949724,Upsampada Lohariyon,उपसम्पदा लोहारियों,Pachhad(Sub-District) / Sirmaur(District) / Himachal Pradesh(State),,000000,N,,,,
1171,949607,Upsampada Lojla,उपसम्पदा लोजला,Pajhota(Sub-District) / Sirmaur(District) / Himachal Pradesh(State),,000000,N,,,,
1172,949573,Upsampada Luleon,उपसम्पदा लूल्यों,Pachhad(Sub-District) / Sirmaur(District) / Himachal Pradesh(State),,000000,N,,,,
1173,949726,Upsampada Madhankhar Sampada Phagla,उपसम्पदा मधानखर समपदा फागला,Pachhad(Sub-District) / Sirmaur(District) / Himachal Pradesh(State),,000000,N,,,,
1174,949792,Upsampada Madon,उपसम्पदा मढौन,Narag(Sub-District) / Sirmaur(District) / Himachal Pradesh(State),,000000,N,,,,
1175,949606,Upsampada Madrai,उपसम्पदा मदराई,Pajhota(Sub-District) / Sirmaur(District) / Himachal Pradesh(State),,000000,N,,,,
1176,949574,Upsampada Magdoli,उपसम्पदा मंगड़ोली,Pachhad(Sub-District) / Sirmaur(District) / Himachal Pradesh(State),,000000,N,,,,
1177,949725,Upsampada Mahadesh,उपसम्पदा मधेश,Narag(Sub-District) / Sirmaur(District) / Himachal Pradesh(State),,000000,N,,,,
1178,949791,Upsampada Majhesh,उपसम्पदा मझेश,Narag(Sub-District) / Sirmaur(District) / Himachal Pradesh(State),,000000,N,,,,
1179,949575,Upsampada Majjolee Kalan,उपसम्पदा मझोली कलाँ,Pachhad(Sub-District) / Sirmaur(District) / Himachal Pradesh(State),,000000,N,,,,
1180,949576,Upsampada Majjoli Khurd,उपसम्पदा मझोोली खुर्द,Pachhad(Sub-District) / Sirmaur(District) / Himachal Pradesh(State),,000000,N,,,,
1181,949756,Upsampada Malahari,उपसम्पदा मलाहड़ी,Pachhad(Sub-District) / Sirmaur(District) / Himachal Pradesh(State),,000000,N,,,,
1182,949760,Upsampada Malgi,उपसम्पदा मालगी,Narag(Sub-District) / Sirmaur(District) / Himachal Pradesh(State),,000000,N,,,,
1183,949578,Upsampada Manala,उपसम्पदा मानला,Pachhad(Sub-District) / Sirmaur(District) / Himachal Pradesh(State),,000000,N,,,,
1184,949755,Upsampada Mangarh Koti Thandal,उपसम्पदा मानगढ़ कोठी ठडल,Pachhad(Sub-District) / Sirmaur(District) / Himachal Pradesh(State),,000000,N,,,,
1185,949766,Upsampada Mangarh Sandholli,उपसम्पदा मानगढ़़ सन्धौली,Pachhad(Sub-District) / Sirmaur(District) / Himachal Pradesh(State),,000000,N,,,,
1186,949751,Upsampada Manjher,उपसम्पदा मझेर,Narag(Sub-District) / Sirmaur(District) / Himachal Pradesh(State),,000000,N,,,,
1187,949577,Upsampada Mapo,उपसम्पदा मापों,Pachhad(Sub-District) / Sirmaur(District) / Himachal Pradesh(State),,000000,N,,,,
1188,949661,Upsampada Matnali,उपसम्पदा मटनाली,Rajgarh(Sub-District) / Sirmaur(District) / Himachal Pradesh(State),,000000,N,,,,
1189,949660,Upsampada Matyod,उपसम्पदा मतयोड,Rajgarh(Sub-District) / Sirmaur(District) / Himachal Pradesh(State),,000000,N,,,,
1190,949767,Upsampada Mehlog,उपसम्पदा मेहलोग,Narag(Sub-District) / Sirmaur(District) / Himachal Pradesh(State),,000000,N,,,,
1191,949659,Upsampada Mela,उपसम्पदा मेला,Pajhota(Sub-District) / Sirmaur(District) / Himachal Pradesh(State),,000000,N,,,,
1192,949768,Upsampada Mgroah,उपसम्पदा मगरोह,Pachhad(Sub-District) / Sirmaur(District) / Himachal Pradesh(State),,000000,N,,,,
1193,949432,Upsampada Mundar,उपसम्पदा मुन्दड़,Pachhad(Sub-District) / Sirmaur(District) / Himachal Pradesh(State),,000000,N,,,,
1194,949662,Upsampada Nad,उपसम्पदा नाड,Pajhota(Sub-District) / Sirmaur(District) / Himachal Pradesh(State),,000000,N,,,,
1195,949579,Upsampada Nagahan,उपसम्पदा नगाहाँ,Pachhad(Sub-District) / Sirmaur(District) / Himachal Pradesh(State),,000000,N,,,,
1196,949758,Upsampada Nagol,उपसम्पदा नगोल,Pachhad(Sub-District) / Sirmaur(District) / Himachal Pradesh(State),,000000,N,,,,
1197,949765,Upsampada Nahar Dhar,उपसम्पदा नाहरधार,Narag(Sub-District) / Sirmaur(District) / Himachal Pradesh(State),,000000,N,,,,
1198,949657,Upsampada Namol,उपसम्पदा नमोल,Rajgarh(Sub-District) / Sirmaur(District) / Himachal Pradesh(State),,000000,N,,,,
1199,949580,Upsampada Navgarh,उपसम्पदा नवगढ़,Pachhad(Sub-District) / Sirmaur(District) / Himachal Pradesh(State),,000000,N,,,,
1200,937529,Up Sampada Naya Dharam Kot (122 .),उप सम्पदा नया धर्म कोट (122),Paonta Sahib(Sub-District) / Sirmaur(District) / Himachal Pradesh(State),,000000,N,,,,
1201,23317,Upsampada Naya Kadarpur,उपसम्पदा नया केदारपुर,Paonta Sahib(Sub-District) / Sirmaur(District) / Himachal Pradesh(State),01638400,023317,N,,,,
1202,949757,Upsampada Nichali Chandulee,उपसम्पदा निचली छन्डूली,Narag(Sub-District) / Sirmaur(District) / Himachal Pradesh(State),,000000,N,,,,
1203,949656,Upsampada Niyog,उपसम्पदा नियोग,Rajgarh(Sub-District) / Sirmaur(District) / Himachal Pradesh(State),,000000,N,,,,
1204,949769,Upsampada Nohra,उपसम्पदा नोहरा,Pachhad(Sub-District) / Sirmaur(District) / Himachal Pradesh(State),,000000,N,,,,
1205,949655,Upsampada Nohri,उप सम्पदा नौहरी,Pajhota(Sub-District) / Sirmaur(District) / Himachal Pradesh(State),,000000,N,,,,
1206,949750,Upsampada Pahagla Dharnu Khatna,उपसम्पदा फागला धारनू खटना,Pachhad(Sub-District) / Sirmaur(District) / Himachal Pradesh(State),,000000,N,,,,
1207,949745,Upsampada Pajaghari,उपसम्पदा पजागड़ी,Narag(Sub-District) / Sirmaur(District) / Himachal Pradesh(State),,000000,N,,,,
1208,937525,Upsampada Paonta Sahib- 2 (116.),उप़सम्पदा पाँवटासाहिब-2,Paonta Sahib(Sub-District) / Sirmaur(District) / Himachal Pradesh(State),,000000,N,,,,
1209,949611,Upsampada Pashlanu,उपसम्पदा पशलानू,Pajhota(Sub-District) / Sirmaur(District) / Himachal Pradesh(State),,000000,N,,,,
1210,949581,Upsampada Pashog,उपसम्पदा पशोग,Pajhota(Sub-District) / Sirmaur(District) / Himachal Pradesh(State),,000000,N,,,,
1211,949749,Upsampada Pathroti,उपसम्पदा पथरोटी,Pachhad(Sub-District) / Sirmaur(District) / Himachal Pradesh(State),,000000,N,,,,
1212,949721,Upsampada Rangri,उपसम्पदा रंगाड़ी,Pachhad(Sub-District) / Sirmaur(District) / Himachal Pradesh(State),,000000,N,,,,
1213,949744,Upsampada Reedi,उपसम्पदा रिड़ी,Narag(Sub-District) / Sirmaur(District) / Himachal Pradesh(State),,000000,N,,,,
1214,949582,Upsampada Rohi,उपसम्पदा रोही,Pachhad(Sub-District) / Sirmaur(District) / Himachal Pradesh(State),,000000,N,,,,
1215,949586,Upsampada Roli Ke Ser,उपसम्पदा रोली की सेर,Pachhad(Sub-District) / Sirmaur(District) / Himachal Pradesh(State),,000000,N,,,,
1216,949735,Upsampada Sadhu Kee Dhar,उपसम्पदा साधू की धार,Narag(Sub-District) / Sirmaur(District) / Himachal Pradesh(State),,000000,N,,,,
1217,949654,Upsampada Sain Bag,उपसम्पदा सैन बाग,Rajgarh(Sub-District) / Sirmaur(District) / Himachal Pradesh(State),,000000,N,,,,
1218,949585,Upsampada Sainj,उपसम्पदा सैंज,Pachhad(Sub-District) / Sirmaur(District) / Himachal Pradesh(State),,000000,N,,,,
1219,949748,Upsampada Salahat Ghandanga,उपसम्पदा सलाहट घड़ागा,Narag(Sub-District) / Sirmaur(District) / Himachal Pradesh(State),,000000,N,,,,
1220,949584,Upsampada Saloh,उपसम्पदा सलोह,Pachhad(Sub-District) / Sirmaur(District) / Himachal Pradesh(State),,000000,N,,,,
1221,949617,Upsampada Sanjhet,उपसम्पदा सन्झेत,Narag(Sub-District) / Sirmaur(District) / Himachal Pradesh(State),,000000,N,,,,
1222,949618,Upsampada Sanog,उपसम्पदा सनोग,Narag(Sub-District) / Sirmaur(District) / Himachal Pradesh(State),,000000,N,,,,
1223,949612,Upsampada Sarog,उपसम्पदा सरोग,Pajhota(Sub-District) / Sirmaur(District) / Himachal Pradesh(State),,000000,N,,,,
1224,949415,Up Sampada Sarol,उपसम्पदा सरोल,Narag(Sub-District) / Sirmaur(District) / Himachal Pradesh(State),,000000,N,,,,
1225,949588,Upsampada Sarshad,उपसम्पदा सरसाड़,Pachhad(Sub-District) / Sirmaur(District) / Himachal Pradesh(State),,000000,N,,,,
1226,949614,Upsampada Sarwa,उपसम्पदा सर्वा,Pajhota(Sub-District) / Sirmaur(District) / Himachal Pradesh(State),,000000,N,,,,
1227,949600,Upsampada Satora,उपसम्पदा सतोड़ा,Pachhad(Sub-District) / Sirmaur(District) / Himachal Pradesh(State),,000000,N,,,,
1228,949602,Upsampada Saun,उपसम्पदा सौं,Pachhad(Sub-District) / Sirmaur(District) / Himachal Pradesh(State),,000000,N,,,,
1229,949604,Upsampada Ser,उपसम्पदा सेर,Pajhota(Sub-District) / Sirmaur(District) / Himachal Pradesh(State),,000000,N,,,,
1230,949599,Upsampada Ser,उपसम्पदा सेर,Pachhad(Sub-District) / Sirmaur(District) / Himachal Pradesh(State),,000000,N,,,,
1231,949658,Upsampada Shadar,उपसम्पदा शदर,Rajgarh(Sub-District) / Sirmaur(District) / Himachal Pradesh(State),,000000,N,,,,
1232,949622,Upsampada Shaken,उप सम्पदा शकेन,Pajhota(Sub-District) / Sirmaur(District) / Himachal Pradesh(State),,000000,N,,,,
1233,949737,Up Sampada Shakrad,उपसम्पदा शकराड़,Narag(Sub-District) / Sirmaur(District) / Himachal Pradesh(State),,000000,N,,,,
1234,949620,Upsampada Shakroda,उपसम्पदा शकरोड़ा,Narag(Sub-District) / Sirmaur(District) / Himachal Pradesh(State),,000000,N,,,,
1235,949603,Upsampada Shalyar Kalan,उपसम्पदा शल्यार कलाँ,Pachhad(Sub-District) / Sirmaur(District) / Himachal Pradesh(State),,000000,N,,,,
1236,949672,Upsampada Shamola,उपसम्पदा शमोला,Rajgarh(Sub-District) / Sirmaur(District) / Himachal Pradesh(State),,000000,N,,,,
1237,937526,Upsampada Shamsherpur (117 .),उपसम्पदा शमशेरपुर,Paonta Sahib(Sub-District) / Sirmaur(District) / Himachal Pradesh(State),,000000,N,,,,
1238,949677,Upsampada Sharogatu,उपसम्पदा शरोगटू,Pajhota(Sub-District) / Sirmaur(District) / Himachal Pradesh(State),,000000,N,,,,
1239,949598,Upsampada Shathri,उपसम्पदा शाठड़ी,Pachhad(Sub-District) / Sirmaur(District) / Himachal Pradesh(State),,000000,N,,,,
1240,949601,Upsampada Shatri Khurd,उपसम्पदा शाठड़ी खुर्द,Pachhad(Sub-District) / Sirmaur(District) / Himachal Pradesh(State),,000000,N,,,,
1241,949597,Upsampada Shaujoo,उपसम्पदा शौजू,Pachhad(Sub-District) / Sirmaur(District) / Himachal Pradesh(State),,000000,N,,,,
1242,949621,Upsampada Shevla Shani,उपसम्पदा शेवला शानी,Narag(Sub-District) / Sirmaur(District) / Himachal Pradesh(State),,000000,N,,,,
1243,949624,Upsampada Shewlashakargi,उपसम्पदा शेवला शकारगी,Narag(Sub-District) / Sirmaur(District) / Himachal Pradesh(State),,000000,N,,,,
1244,949671,Upsampada Shilanji Uperlee,उपसम्पदा शिलांजी उपरली,Rajgarh(Sub-District) / Sirmaur(District) / Himachal Pradesh(State),,000000,N,,,,
1245,949674,Upsampada Shilla Kayar,उपसम्पदा शिल्ला कायर,Rajgarh(Sub-District) / Sirmaur(District) / Himachal Pradesh(State),,000000,N,,,,
1246,949613,Upsampada Shirgulee,उपसम्पदा शिरगूली,Pajhota(Sub-District) / Sirmaur(District) / Himachal Pradesh(State),,000000,N,,,,
1247,949609,Upsampada Shirguli,उपसम्पदा शिरगुली,Pachhad(Sub-District) / Sirmaur(District) / Himachal Pradesh(State),,000000,N,,,,
1248,949596,Upsampada Sohail,उपसम्पदा सोहल,Pachhad(Sub-District) / Sirmaur(District) / Himachal Pradesh(State),,000000,N,,,,
1249,949670,Upsampada Surla,उपसम्पदा सुरला,Rajgarh(Sub-District) / Sirmaur(District) / Himachal Pradesh(State),,000000,N,,,,
1250,949616,Upsampada Syari,उपसम्पदा सयाड़ी,Pachhad(Sub-District) / Sirmaur(District) / Himachal Pradesh(State),,000000,N,,,,
1251,949615,Upsampada Taroga,उपसम्पदा तरोगा,Pajhota(Sub-District) / Sirmaur(District) / Himachal Pradesh(State),,000000,N,,,,
1252,949678,Upsampada Tavan,उपसम्पदा तंवा,Narag(Sub-District) / Sirmaur(District) / Himachal Pradesh(State),,000000,N,,,,
1253,949668,Upsampada Teer,उपसम्पदा तीर,Pajhota(Sub-District) / Sirmaur(District) / Himachal Pradesh(State),,000000,N,eSignGOFile662648_01_03_2025_14_20_56.pdf,,,
1254,949679,Upsampada Thana Kawari,उपसम्पदा थाना कावड़ी,Narag(Sub-District) / Sirmaur(District) / Himachal Pradesh(State),,000000,N,,,,
1255,949680,Upsampada Thana Motipur,उपसम्पदा थाना मोतीपुर,Narag(Sub-District) / Sirmaur(District) / Himachal Pradesh(State),,000000,N,,,,
1256,949681,Upsampada Thana Sohala,उपसम्पदा थाना सोहाला,Narag(Sub-District) / Sirmaur(District) / Himachal Pradesh(State),,000000,N,,,,
1257,949682,Upsampada Thari,उपसम्पदा थड़ी,Narag(Sub-District) / Sirmaur(District) / Himachal Pradesh(State),,000000,N,,,,
1258,949800,Upsampada Tikar,उपसम्पदा टिकर,Rajgarh(Sub-District) / Sirmaur(District) / Himachal Pradesh(State),,000000,N,eSignGOFile662648_01_03_2025_16_56_12.pdf,,,
1259,949675,Upsampada Tikkar,उपसम्पदा टिक्कर,Rajgarh(Sub-District) / Sirmaur(District) / Himachal Pradesh(State),,000000,N,,,,
1260,949676,Upsampada Tikkari,उपसम्पदा टिक्करी,Rajgarh(Sub-District) / Sirmaur(District) / Himachal Pradesh(State),,000000,N,,,,
1261,949669,Upsampada Tikkri,उपसम्पदा टिकरी,Rajgarh(Sub-District) / Sirmaur(District) / Himachal Pradesh(State),,000000,N,,,,
1262,949595,Upsampada Tikri,उपसम्पदा टिक्करी,Pachhad(Sub-District) / Sirmaur(District) / Himachal Pradesh(State),,000000,N,,,,
1263,949683,Upsampada Tipra,उपसम्पदा टिपरा,Narag(Sub-District) / Sirmaur(District) / Himachal Pradesh(State),,000000,N,,,,
1264,949684,Upsampada Unccha Kot,उपसम्पदा उच्चाकोट,Narag(Sub-District) / Sirmaur(District) / Himachal Pradesh(State),,000000,N,,,,
1265,949431,Upsampada Unner Kanyana,उपसम्पदा उन्नर क्याना,Pachhad(Sub-District) / Sirmaur(District) / Himachal Pradesh(State),,000000,N,,,,
1266,949594,Upsampada Uparali Dibbar,उपसम्पदा उपरली डिबट,Pajhota(Sub-District) / Sirmaur(District) / Himachal Pradesh(State),,000000,N,,,,
1267,949592,Upsampada Upperon,उपसम्पदा उपरों,Pachhad(Sub-District) / Sirmaur(District) / Himachal Pradesh(State),,000000,N,,,,
1268,949591,Upsampada Uria Ghat,उपसम्पदा उडिया घाट,Pajhota(Sub-District) / Sirmaur(District) / Himachal Pradesh(State),,000000,N,,,,
1269,949699,Upsampada Vakevri,उपसम्पदा बकेवड़ी,Pachhad(Sub-District) / Sirmaur(District) / Himachal Pradesh(State),,000000,N,,,,
1270,949685,Upsampada Wasni Khurd,उपसम्पदा वासनी खुर्द,Narag(Sub-District) / Sirmaur(District) / Himachal Pradesh(State),,000000,N,,,,
1271,949811,Up Sampada Wasni Shaya,उप सम्पदा वासनी शाया,Narag(Sub-District) / Sirmaur(District) / Himachal Pradesh(State),,000000,N,eSignGOFile662648_18_02_2025_12_19_14.pdf,,,
1272,949417,Upsampda Anji,उपसम्पदा आंजी,Narag(Sub-District) / Sirmaur(District) / Himachal Pradesh(State),,000000,N,,,,
1273,949793,Upsampda Anoti,उपसम्पदा अनोति,Rajgarh(Sub-District) / Sirmaur(District) / Himachal Pradesh(State),,000000,N,,,,
1274,949357,Upsampda Ayog,उपसम्पदा अयोग,Narag(Sub-District) / Sirmaur(District) / Himachal Pradesh(State),,000000,N,,,,
1275,937527,Upsampda Badrinagar (121/1),उप.सम्पदा बातामण्डी (121/1),Paonta Sahib(Sub-District) / Sirmaur(District) / Himachal Pradesh(State),,000000,N,,,,
1276,949412,Upsampda Bakanag,उपसम्पदा बकानग,Narag(Sub-District) / Sirmaur(District) / Himachal Pradesh(State),,000000,N,,,,
1277,949796,Upsampda Bakhog,उपसम्पदा बखोग,Pajhota(Sub-District) / Sirmaur(District) / Himachal Pradesh(State),,000000,N,,,,
1278,949418,Upsampda Baru,उपसम्पदा बड़ू,Narag(Sub-District) / Sirmaur(District) / Himachal Pradesh(State),,000000,N,,,,
1279,949780,Upsampda Batadia,उपसम्पदा बतादिया,Rajgarh(Sub-District) / Sirmaur(District) / Himachal Pradesh(State),,000000,N,,,,
1280,949436,Upsampda Bhartia,उपसम्पदा भरटिया,Pachhad(Sub-District) / Sirmaur(District) / Himachal Pradesh(State),,000000,N,,,,
1281,937534,Upsampda Bhatanwali (129.),उप.सम्पदा बातामण्डी,Paonta Sahib(Sub-District) / Sirmaur(District) / Himachal Pradesh(State),,000000,N,,,,
1282,949358,Upsampda Byalag,उपसम्पदा ब्यालग,Narag(Sub-District) / Sirmaur(District) / Himachal Pradesh(State),,000000,N,,,,
1283,949359,Upsampda Chakli,उपसम्पदा चाकली,Pachhad(Sub-District) / Sirmaur(District) / Himachal Pradesh(State),,000000,N,,,,
1284,949779,Upsampda Chamechee,उपसम्पदा चमेची,Rajgarh(Sub-District) / Sirmaur(District) / Himachal Pradesh(State),,000000,N,,,,
1285,949360,Upsampda Chamrad,उपसम्पदा चमराड़,Narag(Sub-District) / Sirmaur(District) / Himachal Pradesh(State),,000000,N,,,,
1286,949778,Upsampda Churdhar,उपसम्पदा चुडघार,Pajhota(Sub-District) / Sirmaur(District) / Himachal Pradesh(State),,000000,N,,,,
1287,949361,Upsampda Damkadi,उपसम्पदा दामकड़ी,Narag(Sub-District) / Sirmaur(District) / Himachal Pradesh(State),,000000,N,,,,
1288,949777,Upsampda Dangra,उपसम्पदा डंगरा,Rajgarh(Sub-District) / Sirmaur(District) / Himachal Pradesh(State),,000000,N,,,,
1289,949362,Upsampda Danvar,उपसम्पदा दांवर,Pachhad(Sub-District) / Sirmaur(District) / Himachal Pradesh(State),,000000,N,,,,
1290,949776,Upsampda Dhandrail,उपसम्पदा धांदरेल,Rajgarh(Sub-District) / Sirmaur(District) / Himachal Pradesh(State),,000000,N,,,,
1291,23332,Upsampda Dharamkot Bhood,उपसम्पदा धर्मकोट भूड,Paonta Sahib(Sub-District) / Sirmaur(District) / Himachal Pradesh(State),01639500,023332,N,,,,
1292,949686,Upsampda Dilman Gurmukhwali,उपसम्पदा डिलमन गुरमुखवाली,Narag(Sub-District) / Sirmaur(District) / Himachal Pradesh(State),,000000,N,,,,
1293,949421,Upsampda Dimber,उपसम्पदा डिम्बर,Pachhad(Sub-District) / Sirmaur(District) / Himachal Pradesh(State),,000000,N,,,,
1294,949422,Upsampda Harech,उपसम्पदा हड़ेच,Pachhad(Sub-District) / Sirmaur(District) / Himachal Pradesh(State),,000000,N,,,,
1295,949775,Upsampda Jalag,उपसम्पदा जालग,Pajhota(Sub-District) / Sirmaur(District) / Himachal Pradesh(State),,000000,N,,,,
1296,949429,Upsampda Janot,उपसम्पदा जनोट,Pachhad(Sub-District) / Sirmaur(District) / Himachal Pradesh(State),,000000,N,,,,
1297,949687,Upsampda Jauid Tikkari,उपसम्पदा ज्यूड़ टिक्करी,Pachhad(Sub-District) / Sirmaur(District) / Himachal Pradesh(State),,000000,N,,,,
1298,949364,Upsampda Kandeela,उपसम्पदा कन्डीला,Pachhad(Sub-District) / Sirmaur(District) / Himachal Pradesh(State),,000000,N,,,,
1299,949433,Upsampda Kangar,उपसम्पदा कांगर,Pachhad(Sub-District) / Sirmaur(District) / Himachal Pradesh(State),,000000,N,,,,
1300,949772,Upsampda Katoga,उपसम्पदा कटोगा,Pajhota(Sub-District) / Sirmaur(District) / Himachal Pradesh(State),,000000,N,,,,
1301,949366,Upsampda Kench,उपसम्पदा खेंच,Pachhad(Sub-District) / Sirmaur(District) / Himachal Pradesh(State),,000000,N,,,,
1302,949771,Upsampda Khal,उपसम्पदा खाल,Rajgarh(Sub-District) / Sirmaur(District) / Himachal Pradesh(State),,000000,N,,,,
1303,949367,Upsampda Khaldana,उपसम्पदा खलड़ाना,Narag(Sub-District) / Sirmaur(District) / Himachal Pradesh(State),,000000,N,,,,
1304,949413,Upsampda Khangog,उपसम्पदा खन्गोग,Narag(Sub-District) / Sirmaur(District) / Himachal Pradesh(State),,000000,N,,,,
1305,949375,Upsampda Kherti,उपसम्पदा खेरटी,Narag(Sub-District) / Sirmaur(District) / Himachal Pradesh(State),,000000,N,,,,
1306,949774,Upsampda Kothia,उपसम्पदा कोठिया,Rajgarh(Sub-District) / Sirmaur(District) / Himachal Pradesh(State),,000000,N,,,,
1307,949370,Upsampda Kotla,उपसम्पदा कोटला,Pachhad(Sub-District) / Sirmaur(District) / Himachal Pradesh(State),,000000,N,,,,
1308,949410,Upsampda Kujji Gohagree,उपसम्पदा कुज्जी गोहागड़ी,Narag(Sub-District) / Sirmaur(District) / Himachal Pradesh(State),,000000,N,,,,
1309,949414,Upsampda Lal Tikker,उपसम्पदा लाल टिक्कर,Narag(Sub-District) / Sirmaur(District) / Himachal Pradesh(State),,000000,N,,,,
1310,949374,Upsampda Lothan,उपसम्पदा लोठन,Pachhad(Sub-District) / Sirmaur(District) / Himachal Pradesh(State),,000000,N,,,,
1311,949373,Upsampda Madhoda,उपसम्पदा मढ़ोड़ा,Pachhad(Sub-District) / Sirmaur(District) / Himachal Pradesh(State),,000000,N,,,,
1312,949411,Upsampda Malhara Lakhot,उपसम्पदा मलहाड़ा लखोट,Narag(Sub-District) / Sirmaur(District) / Himachal Pradesh(State),,000000,N,,,,
1313,949416,Upsampda Malhoti,उपसम्पदा मलहोटी,Narag(Sub-District) / Sirmaur(District) / Himachal Pradesh(State),,000000,N,,,,
1314,937531,Upsampda Man Taruwala (122 .),उपसम्पदा मनतारूवाला,Paonta Sahib(Sub-District) / Sirmaur(District) / Himachal Pradesh(State),,000000,N,,,,
1315,949773,Upsampda Mashog,उपसम्पदा मशोग,Rajgarh(Sub-District) / Sirmaur(District) / Himachal Pradesh(State),,000000,N,,,,
1316,949372,Upsampda Mohar,उपसम्पदा मोहर,Pachhad(Sub-District) / Sirmaur(District) / Himachal Pradesh(State),,000000,N,,,,
1317,949770,Upsampda Mond,उपसम्पदा मोन्ड,Pajhota(Sub-District) / Sirmaur(District) / Himachal Pradesh(State),,000000,N,,,,
1318,949434,Upsampda Nai,उपसम्पदा नेई,Pachhad(Sub-District) / Sirmaur(District) / Himachal Pradesh(State),,000000,N,,,,
1319,949371,Upsampda Nichli Pandahan,उपसम्पदा निचली पन्डाहा,Narag(Sub-District) / Sirmaur(District) / Himachal Pradesh(State),,000000,N,,,,
1320,949369,Upsampda Niod,उपसम्पदा नयोड़,Narag(Sub-District) / Sirmaur(District) / Himachal Pradesh(State),,000000,N,,,,
1321,949797,Upsampda Pabiyana,उपसम्पदा पबियाना,Rajgarh(Sub-District) / Sirmaur(District) / Himachal Pradesh(State),,000000,N,,,,
1322,949781,Upsampda Padhog,उपसम्पदा पधोग,Pajhota(Sub-District) / Sirmaur(District) / Himachal Pradesh(State),,000000,N,,,,
1323,949798,Upsampda Pajoga,उपसम्पदा पजोगा,Pajhota(Sub-District) / Sirmaur(District) / Himachal Pradesh(State),,000000,N,,,,
1324,949784,Upsampda Panchard,उपसम्पदा पंचार्ड,Rajgarh(Sub-District) / Sirmaur(District) / Himachal Pradesh(State),,000000,N,,,,
1325,949401,Upsampda Panjola,उपसम्पदा पन्जोला,Narag(Sub-District) / Sirmaur(District) / Himachal Pradesh(State),,000000,N,,,,
1326,937524,Upsampda Paonta Sahib Pratham (116),उपसम्पदा पाँवटासाहिब प्रथम,Paonta Sahib(Sub-District) / Sirmaur(District) / Himachal Pradesh(State),,000000,N,,,,
1327,949799,Upsampda Ratoli,उपसम्पदा रटोली,Rajgarh(Sub-District) / Sirmaur(District) / Himachal Pradesh(State),,000000,N,,,,
1328,949794,Upsampda Ritab,उपसम्पदा रिटब,Pajhota(Sub-District) / Sirmaur(District) / Himachal Pradesh(State),,000000,N,,,,
1329,949368,Upsampda Sanoli,उपसम्पदा सनोली,Pachhad(Sub-District) / Sirmaur(District) / Himachal Pradesh(State),,000000,N,,,,
1330,949789,Upsampda Serta,उपसम्पदा सेरटा,Pachhad(Sub-District) / Sirmaur(District) / Himachal Pradesh(State),,000000,N,,,,
1331,949437,Upsampda Serta (Sanon),उपसम्पदा सेरटा(सनोन),Pachhad(Sub-District) / Sirmaur(District) / Himachal Pradesh(State),,000000,N,,,,
1332,949801,Upsampda Shakain,उप सम्पदा शकेन,Pajhota(Sub-District) / Sirmaur(District) / Himachal Pradesh(State),,000000,N,,,,
1333,949428,Upsampda Shalyar Khurd,उपसम्पदा शल्यार खुर्दू,Pachhad(Sub-District) / Sirmaur(District) / Himachal Pradesh(State),,000000,N,,,,
1334,949427,Upsampda Shalyar Khurd,उपसम्पदा शल्यार खुर्दू,Pachhad(Sub-District) / Sirmaur(District) / Himachal Pradesh(State),,000000,N,,,,
1335,949402,Upsampda Shamloh,उपसम्पदा शमलोह,Narag(Sub-District) / Sirmaur(District) / Himachal Pradesh(State),,000000,N,,,,
1336,949688,Upsampda Shant,उपसम्पदा शान्त,Narag(Sub-District) / Sirmaur(District) / Himachal Pradesh(State),,000000,N,,,,
1337,949803,Upsampda Shaya Ghat,उपसम्पदा शैया घाट,Rajgarh(Sub-District) / Sirmaur(District) / Himachal Pradesh(State),,000000,N,,,,
1338,949423,Upsampda Suchali,उपसम्पदा सुचाली,Pachhad(Sub-District) / Sirmaur(District) / Himachal Pradesh(State),,000000,N,,,,
1339,949802,Upsampda Sutia Sehari,Upsampda Sutia Chakli Sehari,Pachhad(Sub-District) / Sirmaur(District) / Himachal Pradesh(State),,000000,N,,,,
1340,949419,Upsampda Talara,उपसम्पदा तलाड़ा,Narag(Sub-District) / Sirmaur(District) / Himachal Pradesh(State),,000000,N,,,,
1341,23232,Uttamwala Badaban (110),ऊत्तमवाला बड़ाबन (110),Nahan(Sub-District) / Sirmaur(District) / Himachal Pradesh(State),01630000,023232,N,,,,
1342,22682,Varari(22),वरारी (22),Nohra(Sub-District) / Sirmaur(District) / Himachal Pradesh(State),01575000,022682,N,eSignGOFile662648_01_03_2025_11_13_54.pdf,,,
1343,22855,Wasni (172),वासनी (172),Narag(Sub-District) / Sirmaur(District) / Himachal Pradesh(State),01592300,022855,N,,,,
