S No,Village LGD Code,Village Name (In English),Village Name (In Local language),Hierarchy,Census 2001 Code,Census2011 Code,Pesa Status,View Government Order,View Details,View History,View Map
1,22193,Aambad (577),आम्बड़ (577),Solan(Sub-District) / Solan(District) / Himachal Pradesh(State),01526100,022193,N,,,,
2,21960,Aanji Brahmna (806),आँजी ब्राहम्णा (806),Solan(Sub-District) / Solan(District) / Himachal Pradesh(State),01502800,021960,N,,,,
3,21053,Abharni (415),अभरनी (415),Baddi(Sub-District) / Solan(District) / Himachal Pradesh(State),01412300,021053,N,,,,
4,20982,Abhipur(123),अभिपुर  (123),Nalagarh(Sub-District) / Solan(District) / Himachal Pradesh(State),01405700,020982,N,,,,
5,20780,Abhipur (2),अभिपुर (2),Panjehra(Sub-District) / Solan(District) / Himachal Pradesh(State),01385300,020780,N,,,,
6,22000,Adna(883),अड़ना (883),Solan(Sub-District) / Solan(District) / Himachal Pradesh(State),01506800,022000,N,,,,
7,20841,Aduwal Jandori (66),आदुवाल जंडौरी (66),Panjehra(Sub-District) / Solan(District) / Himachal Pradesh(State),01391400,020841,N,,,,
8,21514,Ahani (721),आहनी (721),Kasauli(Sub-District) / Solan(District) / Himachal Pradesh(State),01455900,021514,N,,,,
9,21143,Aikhu (310),ऐखु (310),Baddi(Sub-District) / Solan(District) / Himachal Pradesh(State),01432300,021143,N,,,,
10,21087,Akanwali (181),अकांवाली (181),Baddi(Sub-District) / Solan(District) / Himachal Pradesh(State),01416000,021087,N,,,,
11,21140,Aleta (432),अलेटा (432),Baddi(Sub-District) / Solan(District) / Himachal Pradesh(State),01421800,021140,N,,,,
12,20406,Ali (246),आली (246),Darlaghat(Sub-District) / Solan(District) / Himachal Pradesh(State),01316000,020406,N,,,,
13,22429,Aljho (409),अल्झो (409),Kandaghat(Sub-District) / Solan(District) / Himachal Pradesh(State),01549700,022429,N,,,,
14,21808,Alobara (282),अलोबरा (282),Solan(Sub-District) / Solan(District) / Himachal Pradesh(State),01487600,021808,N,,,,
15,21016,Alyon (378),अल्योण (378),Nalagarh(Sub-District) / Solan(District) / Himachal Pradesh(State),01409200,021016,N,,,,
16,20760,Amb Da Har (2),अम्ब दा हार (2),Panjehra(Sub-District) / Solan(District) / Himachal Pradesh(State),01383300,020760,N,,,,
17,21134,Ambka (426),अंबका (426),Baddi(Sub-District) / Solan(District) / Himachal Pradesh(State),01421200,021134,N,,,,
18,21308,Ambota (327),अम्बोटा (327),Krishangarh(Sub-District) / Solan(District) / Himachal Pradesh(State),01428600,021308,N,,,,
19,21538,Ambota (952),महाल अम्बोटा (952),Parwanoo(Sub-District) / Solan(District) / Himachal Pradesh(State),01460600,021538,N,,,,
20,20828,Ambwala (63),अम्बवाला (63),Panjehra(Sub-District) / Solan(District) / Himachal Pradesh(State),01390100,020828,N,,,,
21,20921,Amli (332),अमली (332),Nalagarh(Sub-District) / Solan(District) / Himachal Pradesh(State),01399400,020921,N,,,,
22,21025,Amru (396),अमरू (396),Baddi(Sub-District) / Solan(District) / Himachal Pradesh(State),01409500,021025,N,,,,
23,22122,Anda (7),एण्डा (7),Solan(Sub-District) / Solan(District) / Himachal Pradesh(State),01519000,022122,N,,,,
24,22121,Andi (6),एण्ड़ी (6),Solan(Sub-District) / Solan(District) / Himachal Pradesh(State),01518900,022121,N,,,,
25,20818,Androla Nichla (46),अन्द्रोला निहला  (46),Panjehra(Sub-District) / Solan(District) / Himachal Pradesh(State),01389100,020818,N,,,,
26,20819,Androla Uperla (47),अन्द्रोला उपरला (47),Panjehra(Sub-District) / Solan(District) / Himachal Pradesh(State),01389200,020819,N,,,,
27,19974,Androli (166),अन्द्रोली (166),Arki(Sub-District) / Solan(District) / Himachal Pradesh(State),01322800,019974,N,,,,
28,22004,Androli (909),अन्दरोली (909),Solan(Sub-District) / Solan(District) / Himachal Pradesh(State),01507200,022004,N,,,,
29,21747,Anji (237),आँजी (237),Solan(Sub-District) / Solan(District) / Himachal Pradesh(State),01481500,021747,N,,,,
30,22286,Anji (307),आंजी (307),Mamlig(Sub-District) / Solan(District) / Himachal Pradesh(State),01535400,022286,N,,,,
31,21247,Anji (395),आंजी (395),Krishangarh(Sub-District) / Solan(District) / Himachal Pradesh(State),01422500,021247,N,,,,
32,22376,Anji (431),आंजी (431),Kandaghat(Sub-District) / Solan(District) / Himachal Pradesh(State),01544400,022376,N,,,,
33,21410,Anji (439),आंजी (439),Krishangarh(Sub-District) / Solan(District) / Himachal Pradesh(State),01442000,021410,N,,,,
34,22456,Anji (450),आंजी (450),Kandaghat(Sub-District) / Solan(District) / Himachal Pradesh(State),01552400,022456,N,,,,
35,22437,Anji (459),आंजी (459),Kandaghat(Sub-District) / Solan(District) / Himachal Pradesh(State),01550500,022437,N,,,,
36,21887,Anji (57),आँजी (57),Solan(Sub-District) / Solan(District) / Himachal Pradesh(State),01495500,021887,N,,,,
37,22071,Anji (622),आँजी (622),Solan(Sub-District) / Solan(District) / Himachal Pradesh(State),01513900,022071,N,,,,
38,21931,Anji (645),आँजी (645),Solan(Sub-District) / Solan(District) / Himachal Pradesh(State),01499900,021931,N,,,,
39,21599,Anji (734),आँजी (734),Kasauli(Sub-District) / Solan(District) / Himachal Pradesh(State),01466700,021599,N,,,,
40,21677,Anji (898),आँजी (898),Kasauli(Sub-District) / Solan(District) / Himachal Pradesh(State),01474500,021677,N,,,,
41,21650,Anji Brahamana (689),आँजी ब्राहमणा (689),Kasauli(Sub-District) / Solan(District) / Himachal Pradesh(State),01471800,021650,N,,,,
42,22321,Anji Brahmna (91),आंजी ब्राहम्णा (91),Mamlig(Sub-District) / Solan(District) / Himachal Pradesh(State),01538900,022321,N,,,,
43,21639,Anji Chamara (682),आँजी चमारा (682),Kasauli(Sub-District) / Solan(District) / Himachal Pradesh(State),01470700,021639,N,,,,
44,21615,Anji Chanala (703),आंजी चनाला (703),Kasauli(Sub-District) / Solan(District) / Himachal Pradesh(State),01468300,021615,N,,,,
45,22362,Anji Koliyan (63),आंजी कोलियाँ (63),Kandaghat(Sub-District) / Solan(District) / Himachal Pradesh(State),01543000,022362,N,,,,
46,22332,Anji Sunara (74),आंजी सुनारा (74),Kandaghat(Sub-District) / Solan(District) / Himachal Pradesh(State),01540000,022332,N,,,,
47,22201,Anu (566),अणु (566),Solan(Sub-District) / Solan(District) / Himachal Pradesh(State),01526900,022201,N,,,,
48,20038,Arki Khas (127),अर्की खास (127),Arki(Sub-District) / Solan(District) / Himachal Pradesh(State),01329300,020038,N,,,,
49,21428,Arla (466),आरला (466),Krishangarh(Sub-District) / Solan(District) / Himachal Pradesh(State),01443800,021428,N,,,,
50,21705,Arthal (903),अरठाल (903),Parwanoo(Sub-District) / Solan(District) / Himachal Pradesh(State),01477300,021705,N,,,,
51,22013,Ashnala (854),अशनाला (854),Solan(Sub-District) / Solan(District) / Himachal Pradesh(State),01508100,022013,N,,,,
52,20310,Aslu (211),असलू  (211),Darlaghat(Sub-District) / Solan(District) / Himachal Pradesh(State),01306500,020310,N,,,,
53,21454,Auda Manjhari (501),औडा मंझारी (501),Krishangarh(Sub-District) / Solan(District) / Himachal Pradesh(State),01446400,021454,N,,,,
54,21504,Auda Nichla (160),औडा निचला (160),Kasauli(Sub-District) / Solan(District) / Himachal Pradesh(State),01454900,021504,N,,,,
55,21522,Auda Uperla (156),औडा उपरला (156),Kasauli(Sub-District) / Solan(District) / Himachal Pradesh(State),01456700,021522,N,,,,
56,21679,Audia (782),औडिया (782),Kasauli(Sub-District) / Solan(District) / Himachal Pradesh(State),01474700,021679,N,,,,
57,21493,Aujhi Nichli (171),औजी निचली (171),Kasauli(Sub-District) / Solan(District) / Himachal Pradesh(State),01453800,021493,N,,,,
58,21492,Aujhi Uparli (170),औजी उपरली (170),Kasauli(Sub-District) / Solan(District) / Himachal Pradesh(State),01453700,021492,N,,,,
59,21149,Avared (321),अवार्ड (321),Baddi(Sub-District) / Solan(District) / Himachal Pradesh(State),01432900,021149,N,,,,
60,20081,Baag (149),बाग (149),Arki(Sub-District) / Solan(District) / Himachal Pradesh(State),01335300,020081,N,,,,
61,21806,Baag (252),बाग (252),Solan(Sub-District) / Solan(District) / Himachal Pradesh(State),01487400,021806,N,,,,
62,21768,Baag (276),बाग (276),Solan(Sub-District) / Solan(District) / Himachal Pradesh(State),01483600,021768,N,,,,
63,22009,Baandh (858),बाँध (858),Solan(Sub-District) / Solan(District) / Himachal Pradesh(State),01507700,022009,N,,,,
64,21320,Babhori (269),बभोरी (269),Krishangarh(Sub-District) / Solan(District) / Himachal Pradesh(State),01429800,021320,N,,,,
65,22146,Bached (38),बचेड़ (38),Solan(Sub-District) / Solan(District) / Himachal Pradesh(State),01521400,022146,N,,,,
66,19989,Badaghat (338),बाड़ाघाट (338),Darlaghat(Sub-District) / Solan(District) / Himachal Pradesh(State),01324400,019989,N,,,,
67,21571,Badaha (714),बडाह (714),Kasauli(Sub-District) / Solan(District) / Himachal Pradesh(State),01463900,021571,N,,,,
68,21710,Badaha Kalan (906),बडाह कलां (906),Parwanoo(Sub-District) / Solan(District) / Himachal Pradesh(State),01477800,021710,N,,,,
69,20356,Badal (213),बडाल (213),Darlaghat(Sub-District) / Solan(District) / Himachal Pradesh(State),01310900,020356,N,,,,
70,20404,Badal (231),बडाल (231),Darlaghat(Sub-District) / Solan(District) / Himachal Pradesh(State),01315800,020404,N,,,,
71,20931,Badal (351),बढ़ल (351),Nalagarh(Sub-District) / Solan(District) / Himachal Pradesh(State),01400400,020931,N,,,,
72,21009,Badau Kanatian (382),बडाऊ कनैंता (382),Nalagarh(Sub-District) / Solan(District) / Himachal Pradesh(State),01408500,021009,N,,,,
73,21010,Badaun Brahmna (380),बडाऊ ब्राहमणा (380),Nalagarh(Sub-District) / Solan(District) / Himachal Pradesh(State),01408600,021010,N,,,,
74,21231,Baddi Sitalpur (204),बद्दी शीतलपुर (204),Baddi(Sub-District) / Solan(District) / Himachal Pradesh(State),01417300,021231,N,,,,
75,21341,Badehari (275),बडैहरी (275),Krishangarh(Sub-District) / Solan(District) / Himachal Pradesh(State),01431900,021341,N,,,,
76,21189,Badfal (219),बड़फल (219),Baddi(Sub-District) / Solan(District) / Himachal Pradesh(State),01449600,021189,N,,,,
77,20595,Badhal (133),बडल(133),Loharghat(Sub-District) / Solan(District) / Himachal Pradesh(State),01366800,020595,N,,,,
78,21281,Badhal (350),बढल (350),Krishangarh(Sub-District) / Solan(District) / Himachal Pradesh(State),01425900,021281,N,,,,
79,21249,Badhalag (401),बढलग (401),Krishangarh(Sub-District) / Solan(District) / Himachal Pradesh(State),01422700,021249,N,,,,
80,21985,Badhal Chamara (825),बधाल चमारां (825),Solan(Sub-District) / Solan(District) / Himachal Pradesh(State),01505300,021985,N,,,,
81,21955,Badhawni (799),बधावनी (799),Solan(Sub-District) / Solan(District) / Himachal Pradesh(State),01502300,021955,N,,,,
82,22475,Badhet (500),बधेट (500),Kandaghat(Sub-District) / Solan(District) / Himachal Pradesh(State),01554300,022475,N,,,,
83,21839,Badhil (34),बढील (34),Solan(Sub-District) / Solan(District) / Himachal Pradesh(State),01490700,021839,N,,,,
84,21399,Badhol (442),बधोल (442),Krishangarh(Sub-District) / Solan(District) / Himachal Pradesh(State),01440900,021399,N,,,,
85,20642,Badhu (226),बडु(226),Ramshahr(Sub-District) / Solan(District) / Himachal Pradesh(State),01371500,020642,N,,,,
86,21284,Badhu (345),बड्डू (345),Krishangarh(Sub-District) / Solan(District) / Himachal Pradesh(State),01426200,021284,N,,,,
87,22278,Badhwani (348),बधावनी (348),Mamlig(Sub-District) / Solan(District) / Himachal Pradesh(State),01534600,022278,N,,,,
88,20532,Badkhoa (67),बडखोआ(67),Ramshahr(Sub-District) / Solan(District) / Himachal Pradesh(State),01360500,020532,N,,,,
89,22089,Badkhor (632),बड़खोर (632),Solan(Sub-District) / Solan(District) / Himachal Pradesh(State),01515700,022089,N,,,,
90,22086,Badlana (640),बढ़लाना (640),Solan(Sub-District) / Solan(District) / Himachal Pradesh(State),01515400,022086,N,,,,
91,22191,Badlech (575),बदलेच (575),Solan(Sub-District) / Solan(District) / Himachal Pradesh(State),01525900,022191,N,,,,
92,20665,Badmal (200),बडमल(200),Ramshahr(Sub-District) / Solan(District) / Himachal Pradesh(State),01373800,020665,N,,,,
93,20149,Badmal (448),बड़मल (448),Arki(Sub-District) / Solan(District) / Himachal Pradesh(State),01342100,020149,N,,,,
94,20331,Badog (23),बड़ोग (23),Darlaghat(Sub-District) / Solan(District) / Himachal Pradesh(State),01308600,020331,N,,,,
95,20176,Badog (430),बडोग (430),Kunihar(Sub-District) / Solan(District) / Himachal Pradesh(State),01344800,020176,N,,,,
96,19958,Badog Hanuman (288),बड़ोग हनुमान (288),Darlaghat(Sub-District) / Solan(District) / Himachal Pradesh(State),01315300,019958,N,,,,
97,19957,Badog Manlog (287),बड़ोग मन्लोग (287),Darlaghat(Sub-District) / Solan(District) / Himachal Pradesh(State),01315200,019957,N,,,,
98,20710,Badokhari (194),बधोखरी(194),Ramshahr(Sub-District) / Solan(District) / Himachal Pradesh(State),01378300,020710,N,,,,
99,22407,Badoon (407),बड़ून (407),Kandaghat(Sub-District) / Solan(District) / Himachal Pradesh(State),01547500,022407,N,,,,
100,22246,Badraon (227),बदराओं (227),Mamlig(Sub-District) / Solan(District) / Himachal Pradesh(State),01531400,022246,N,,,,
101,21600,Badyar (471),बड़यार (471),Kasauli(Sub-District) / Solan(District) / Himachal Pradesh(State),01466800,021600,N,,,,
102,22319,Badyawla (89),बड़यावला (89),Mamlig(Sub-District) / Solan(District) / Himachal Pradesh(State),01538700,022319,N,,,,
103,20488,Bag (286),बाग(286),Ramshahr(Sub-District) / Solan(District) / Himachal Pradesh(State),01356100,020488,N,,,,
104,19976,Baga (169),बागा (169),Arki(Sub-District) / Solan(District) / Himachal Pradesh(State),01323000,019976,N,,,,
105,20388,Baga (190),बागा (190),Darlaghat(Sub-District) / Solan(District) / Himachal Pradesh(State),01314000,020388,N,,,,
106,21935,Bagad (641),बगड़ (641),Solan(Sub-District) / Solan(District) / Himachal Pradesh(State),01500300,021935,N,,,,
107,22090,Bagdol (637),बगड़ोल (637),Solan(Sub-District) / Solan(District) / Himachal Pradesh(State),01515800,022090,N,,,,
108,22477,Baged (496),बगेड़ (496),Kandaghat(Sub-District) / Solan(District) / Himachal Pradesh(State),01554500,022477,N,,,,
109,22423,Bagetu (403),बगेटू (403),Kandaghat(Sub-District) / Solan(District) / Himachal Pradesh(State),01549100,022423,N,,,,
110,20291,Bagha (511),बागा (511),Darlaghat(Sub-District) / Solan(District) / Himachal Pradesh(State),01304600,020291,N,,,,
111,22378,Baghash (440),बघाश (440),Kandaghat(Sub-District) / Solan(District) / Himachal Pradesh(State),01544600,022378,N,,,,
112,20774,Bagheri (18),बघेरी (18),Panjehra(Sub-District) / Solan(District) / Himachal Pradesh(State),01384700,020774,N,,,,
113,20035,Baghi (302),बागी (302),Darlaghat(Sub-District) / Solan(District) / Himachal Pradesh(State),01329000,020035,N,,,,
114,22272,Bagi (327),बागी (327),Mamlig(Sub-District) / Solan(District) / Himachal Pradesh(State),01534000,022272,N,,,,
115,21327,Bagi (427),बागी (427),Krishangarh(Sub-District) / Solan(District) / Himachal Pradesh(State),01430500,021327,N,,,,
116,21441,Bagi (475),बागी (475),Krishangarh(Sub-District) / Solan(District) / Himachal Pradesh(State),01445100,021441,N,,,,
117,21370,Bagi (492),बागी (492),Krishangarh(Sub-District) / Solan(District) / Himachal Pradesh(State),01438000,021370,N,,,,
118,20827,Baglehar (50),बगलैहड (50),Panjehra(Sub-District) / Solan(District) / Himachal Pradesh(State),01390000,020827,N,,,,
119,22218,Bagor (583),बगौर (583),Solan(Sub-District) / Solan(District) / Himachal Pradesh(State),01528600,022218,N,,,,
120,22187,Bagud (515),बागुड़ (515),Solan(Sub-District) / Solan(District) / Himachal Pradesh(State),01525500,022187,N,,,,
121,20754,Baha (11),बाहा (11),Panjehra(Sub-District) / Solan(District) / Himachal Pradesh(State),01382700,020754,N,,,,
122,20616,Bahal (148),बाहल(148),Ramshahr(Sub-District) / Solan(District) / Himachal Pradesh(State),01368900,020616,N,,,,
123,20015,Bahal (341),बाहल (341),Darlaghat(Sub-District) / Solan(District) / Himachal Pradesh(State),01327000,020015,N,,,,
124,20624,Baheri (238),बेहडी(238),Ramshahr(Sub-District) / Solan(District) / Himachal Pradesh(State),01369700,020624,N,,,,
125,20629,Bahli (246),बाहली(246),Ramshahr(Sub-District) / Solan(District) / Himachal Pradesh(State),01370200,020629,N,,,,
126,20482,Bahli (58),बाहली(58),Ramshahr(Sub-District) / Solan(District) / Himachal Pradesh(State),01355500,020482,N,,,,
127,20637,Bahrota (234),बैहरोटा(234),Ramshahr(Sub-District) / Solan(District) / Himachal Pradesh(State),01371000,020637,N,,,,
128,20137,Bahwan (152),बांहवा (152),Arki(Sub-District) / Solan(District) / Himachal Pradesh(State),01340900,020137,N,,,,
129,20264,Bahwan (457),बांहवा (457),Arki(Sub-District) / Solan(District) / Himachal Pradesh(State),01353200,020264,N,,,,
130,20446,Baihal (281),बेहल (281),Darlaghat(Sub-District) / Solan(District) / Himachal Pradesh(State),01320200,020446,N,,,,
131,20650,Baila (215),बायला (215),Ramshahr(Sub-District) / Solan(District) / Himachal Pradesh(State),01372300,020650,N,,,,
132,20442,Baimu Bhaleda (274),बैमु भलेडा (274),Darlaghat(Sub-District) / Solan(District) / Himachal Pradesh(State),01319600,020442,N,,,,
133,20443,Baimu Bhangra (275),बैमू भांगड़ा (275),Darlaghat(Sub-District) / Solan(District) / Himachal Pradesh(State),01319700,020443,N,,,,
134,20778,Bairchha (21),बैरछा (21),Panjehra(Sub-District) / Solan(District) / Himachal Pradesh(State),01385100,020778,N,,,,
135,21146,Baitlu (317),बैंटलु (317),Baddi(Sub-District) / Solan(District) / Himachal Pradesh(State),01432600,021146,N,,,,
136,22098,Bajdol (40),बजड़ोल (40),Solan(Sub-District) / Solan(District) / Himachal Pradesh(State),01516600,022098,N,,,,
137,21922,Bajdol Kala (655),बजड़ोल कलां (655),Solan(Sub-District) / Solan(District) / Himachal Pradesh(State),01499000,021922,N,,,,
138,21923,Bajdol Khurd (656),बजड़ोल खुर्द (656),Solan(Sub-District) / Solan(District) / Himachal Pradesh(State),01499100,021923,N,,,,
139,20147,Bajheri (449),बझेरी (449),Arki(Sub-District) / Solan(District) / Himachal Pradesh(State),01341900,020147,N,,,,
140,22052,Bajhol (599),बझोल (599),Solan(Sub-District) / Solan(District) / Himachal Pradesh(State),01512000,022052,N,,,,
141,20125,Bajholu (397),बझोलू (397),Arki(Sub-District) / Solan(District) / Himachal Pradesh(State),01339700,020125,N,,,,
142,20151,Bajivan (384),बजीवण (384),Arki(Sub-District) / Solan(District) / Himachal Pradesh(State),01342300,020151,N,,,,
143,21282,Bajtana (349),बजताना (349),Krishangarh(Sub-District) / Solan(District) / Himachal Pradesh(State),01426000,021282,N,,,,
144,22310,Bakeshu (199),बकेशु (199),Mamlig(Sub-District) / Solan(District) / Himachal Pradesh(State),01537800,022310,N,,,,
145,20136,Bakhalag (150),बखालग (150),Arki(Sub-District) / Solan(District) / Himachal Pradesh(State),01340800,020136,N,,,,
146,22487,Bakhor (482),बखोर (482),Kandaghat(Sub-District) / Solan(District) / Himachal Pradesh(State),01555500,022487,N,,,,
147,22177,Bakhuna (521),बखूणा (521),Solan(Sub-District) / Solan(District) / Himachal Pradesh(State),01524500,022177,N,,,,
148,20627,Bakonta (239),बंकोन्टा(239),Ramshahr(Sub-District) / Solan(District) / Himachal Pradesh(State),01370000,020627,N,,,,
149,20727,Bakruri (49),बकरूडी (49),Panjehra(Sub-District) / Solan(District) / Himachal Pradesh(State),01380000,020727,N,,,,
150,20870,Balah (311),बल्ह (311),Nalagarh(Sub-District) / Solan(District) / Himachal Pradesh(State),01394300,020870,N,,,,
151,22074,Balana (621),बलाणा (621),Solan(Sub-District) / Solan(District) / Himachal Pradesh(State),01514200,022074,N,,,,
152,20119,Balang (413),बलंग (413),Kunihar(Sub-District) / Solan(District) / Himachal Pradesh(State),01339100,020119,N,,,,
153,22226,Balangru Rihayan (172),बलंगड़ू रिहायण (172),Mamlig(Sub-District) / Solan(District) / Himachal Pradesh(State),01529400,022226,N,,,,
154,22428,Balawala (404),बलावला (404),Kandaghat(Sub-District) / Solan(District) / Himachal Pradesh(State),01549600,022428,N,,,,
155,21495,Baldiyan (168),बालदिया (168),Kasauli(Sub-District) / Solan(District) / Himachal Pradesh(State),01454000,021495,N,,,,
156,20524,Balehar (259),बलैहड़ (259),Ramshahr(Sub-District) / Solan(District) / Himachal Pradesh(State),01359700,020524,N,,,,
157,20122,Balera (420),बलेरा (420),Kunihar(Sub-District) / Solan(District) / Himachal Pradesh(State),01339400,020122,N,,,,
158,21190,Balmu (221),बालमू (221),Baddi(Sub-District) / Solan(District) / Himachal Pradesh(State),01449700,021190,N,,,,
159,21283,Balota (347),बलोटा (347),Krishangarh(Sub-District) / Solan(District) / Himachal Pradesh(State),01426100,021283,N,,,,
160,21211,Balyana (202),बल्याणा (202),Baddi(Sub-District) / Solan(District) / Himachal Pradesh(State),01458000,021211,N,,,,
161,20322,Bambeli (13),बम्बेली (13),Darlaghat(Sub-District) / Solan(District) / Himachal Pradesh(State),01307700,020322,N,,,,
162,20464,Bambira (56),बम्बीरा (56),Darlaghat(Sub-District) / Solan(District) / Himachal Pradesh(State),01330700,020464,N,,,,
163,21643,Bamnol (692),बमंनोल (692),Kasauli(Sub-District) / Solan(District) / Himachal Pradesh(State),01471100,021643,N,,,,
164,21388,Bamot (377),बमोत (377),Krishangarh(Sub-District) / Solan(District) / Himachal Pradesh(State),01439800,021388,N,,,,
165,20545,Banahan (82),बनाहन (82),Loharghat(Sub-District) / Solan(District) / Himachal Pradesh(State),01361800,020545,N,,,,
166,20741,Banal (43),बनाल (43),Panjehra(Sub-District) / Solan(District) / Himachal Pradesh(State),01381400,020741,N,,,,
167,21372,Banalag (434),बनलग (434),Krishangarh(Sub-District) / Solan(District) / Himachal Pradesh(State),01438200,021372,N,,,,
168,19985,Banan (309),बानन (309),Darlaghat(Sub-District) / Solan(District) / Himachal Pradesh(State),01324000,019985,N,,,,
169,21675,Banani (780),वनानी (780),Kasauli(Sub-District) / Solan(District) / Himachal Pradesh(State),01474300,021675,N,,,,
170,21728,Banasar (945),बनासर  (945),Parwanoo(Sub-District) / Solan(District) / Himachal Pradesh(State),01479600,021728,N,,,,
171,21066,Banbir Pur (174),बनवीरपुर (174),Baddi(Sub-District) / Solan(District) / Himachal Pradesh(State),01413600,021066,N,,,,
172,21445,Bandh (499),बांध (499),Krishangarh(Sub-District) / Solan(District) / Himachal Pradesh(State),01445500,021445,N,,,,
173,20211,Bandoh (124),वन्दोह (124),Arki(Sub-District) / Solan(District) / Himachal Pradesh(State),01348200,020211,N,,,,
174,22155,Bandrech (558),बदलेच (558),Solan(Sub-District) / Solan(District) / Himachal Pradesh(State),01522300,022155,N,,,,
175,22488,Banehar (481),बनैहर (481),Kandaghat(Sub-District) / Solan(District) / Himachal Pradesh(State),01555600,022488,N,,,,
176,21045,Banehra (397),बनेहड़ा (397),Baddi(Sub-District) / Solan(District) / Himachal Pradesh(State),01411500,021045,N,,,,
177,22225,Bangarh (171),बनगढ़ (171),Mamlig(Sub-District) / Solan(District) / Himachal Pradesh(State),01529300,022225,N,,,,
178,21287,Bangoa (341),बंगोआ (341),Krishangarh(Sub-District) / Solan(District) / Himachal Pradesh(State),01426500,021287,N,,,,
179,20221,Bangora (490),बंगोरा (490),Arki(Sub-District) / Solan(District) / Himachal Pradesh(State),01349200,020221,N,,,,
180,20749,Bani (20),बणी (20),Panjehra(Sub-District) / Solan(District) / Himachal Pradesh(State),01382200,020749,N,,,,
181,21750,Bani (240),बणी (240),Solan(Sub-District) / Solan(District) / Himachal Pradesh(State),01481800,021750,N,,,,
182,21366,Bani (500),बानी (500),Krishangarh(Sub-District) / Solan(District) / Himachal Pradesh(State),01437600,021366,N,,,,
183,22364,Bani (65),बणी (65),Kandaghat(Sub-District) / Solan(District) / Himachal Pradesh(State),01543200,022364,N,,,,
184,21401,Baniara (441),बनयारा (441),Krishangarh(Sub-District) / Solan(District) / Himachal Pradesh(State),01441100,021401,N,,,,
185,21577,Baniya (3),बानिया (3),Kasauli(Sub-District) / Solan(District) / Himachal Pradesh(State),01464500,021577,N,,,,
186,20794,Baniyala (34),बनियाला (34),Panjehra(Sub-District) / Solan(District) / Himachal Pradesh(State),01386700,020794,N,,,,
187,20332,Banjan (21),बांजन (21),Darlaghat(Sub-District) / Solan(District) / Himachal Pradesh(State),01308700,020332,N,,,,
188,22440,Banjani (456),बांजणी (456),Kandaghat(Sub-District) / Solan(District) / Himachal Pradesh(State),01550800,022440,N,,,,
189,21575,Banjani (723),बाजनी (723),Kasauli(Sub-District) / Solan(District) / Himachal Pradesh(State),01464300,021575,N,,,,
190,22249,Banjni (232),बांजनी (232),Mamlig(Sub-District) / Solan(District) / Himachal Pradesh(State),01531700,022249,N,,,,
191,21766,Banlag (296),बनलग (296),Solan(Sub-District) / Solan(District) / Himachal Pradesh(State),01483400,021766,N,,,,
192,20323,Banli (12),बानली (12),Darlaghat(Sub-District) / Solan(District) / Himachal Pradesh(State),01307800,020323,N,,,,
193,20566,Banli Brahmna (108),बानली ब्राह्मणा(108),Loharghat(Sub-District) / Solan(District) / Himachal Pradesh(State),01363900,020566,N,,,,
194,20567,Banli Kanaitan (101),बानली कनैता(101),Loharghat(Sub-District) / Solan(District) / Himachal Pradesh(State),01364000,020567,N,,,,
195,20005,Banni (328),बणी (328),Darlaghat(Sub-District) / Solan(District) / Himachal Pradesh(State),01326000,020005,N,,,,
196,21552,Banog (132),बनौग (132),Kasauli(Sub-District) / Solan(District) / Himachal Pradesh(State),01462000,021552,N,,,,
197,20347,Banog (34),बनोग (34),Darlaghat(Sub-District) / Solan(District) / Himachal Pradesh(State),01310200,020347,N,,,,
198,20196,Banoh (443),बनोह (443),Arki(Sub-District) / Solan(District) / Himachal Pradesh(State),01346800,020196,N,,,,
199,21498,Banoi (166),बनौई (166),Kasauli(Sub-District) / Solan(District) / Himachal Pradesh(State),01454300,021498,N,,,,
200,21499,Banoi Anchlu (961),बनौई आंचलु (961),Kasauli(Sub-District) / Solan(District) / Himachal Pradesh(State),01454400,021499,N,,,,
201,21500,Banoi Ram Singh (962),बनोई राम सिंह (962),Kasauli(Sub-District) / Solan(District) / Himachal Pradesh(State),01454500,021500,N,,,,
202,22317,Banota (85),बनोटा (85),Mamlig(Sub-District) / Solan(District) / Himachal Pradesh(State),01538500,022317,N,,,,
203,20941,Bansai (364),बनसाई (364),Nalagarh(Sub-District) / Solan(District) / Himachal Pradesh(State),01401400,020941,N,,,,
204,21451,Banti (482),बान्टी (482),Krishangarh(Sub-District) / Solan(District) / Himachal Pradesh(State),01446100,021451,N,,,,
205,20082,Bapdon (154),बपडोंण (154),Arki(Sub-District) / Solan(District) / Himachal Pradesh(State),01335400,020082,N,,,,
206,20852,Bara (292),बाड़ा (292),Panjehra(Sub-District) / Solan(District) / Himachal Pradesh(State),01392500,020852,N,,,,
207,20742,Bara (44),बाड़ा (44),Panjehra(Sub-District) / Solan(District) / Himachal Pradesh(State),01381500,020742,N,,,,
208,21883,Bara (60),बाड़ा (60),Solan(Sub-District) / Solan(District) / Himachal Pradesh(State),01495100,021883,N,,,,
209,21952,Bara (797),बाड़ा (797),Solan(Sub-District) / Solan(District) / Himachal Pradesh(State),01502000,021952,N,,,,
210,21757,Bara Bari (267),बरावरी (267),Solan(Sub-District) / Solan(District) / Himachal Pradesh(State),01482500,021757,N,,,,
211,20899,Bara Basot (98),बाडा बसोट (98),Nalagarh(Sub-District) / Solan(District) / Himachal Pradesh(State),01397200,020899,N,,,,
212,21645,Barad (684),बारड (684),Kasauli(Sub-District) / Solan(District) / Himachal Pradesh(State),01471300,021645,N,,,,
213,21490,Barag (173),वारग (173),Kasauli(Sub-District) / Solan(District) / Himachal Pradesh(State),01453500,021490,N,,,,
214,21893,Baran (50),बारन (50),Solan(Sub-District) / Solan(District) / Himachal Pradesh(State),01496100,021893,N,,,,
215,20451,Barayali (186),बरायली (186),Darlaghat(Sub-District) / Solan(District) / Himachal Pradesh(State),01321500,020451,N,,,,
216,20513,Bar Baroa (270),बाड़बड़ोआ (270),Ramshahr(Sub-District) / Solan(District) / Himachal Pradesh(State),01358600,020513,N,,,,
217,21353,Barian (277),बाडियां (277),Krishangarh(Sub-District) / Solan(District) / Himachal Pradesh(State),01436300,021353,N,,,,
218,21378,Barla (422),बरला (422),Krishangarh(Sub-District) / Solan(District) / Himachal Pradesh(State),01438800,021378,N,,,,
219,21142,Baroa (312),बडोआ (312),Baddi(Sub-District) / Solan(District) / Himachal Pradesh(State),01432200,021142,N,,,,
220,20358,Barog (217),बरोग (217),Darlaghat(Sub-District) / Solan(District) / Himachal Pradesh(State),01311100,020358,N,,,,
221,20522,Barog (249),बरोग (270),Ramshahr(Sub-District) / Solan(District) / Himachal Pradesh(State),01359500,020522,N,,,,
222,20008,Barog (330),बरोग (330),Darlaghat(Sub-District) / Solan(District) / Himachal Pradesh(State),01326300,020008,N,,,,
223,22185,Barog (519),बड़ोग (519),Solan(Sub-District) / Solan(District) / Himachal Pradesh(State),01525300,022185,N,,,,
224,21954,Barog (801),बड़ोग (801),Solan(Sub-District) / Solan(District) / Himachal Pradesh(State),01502200,021954,N,,,,
225,21739,Barog (930),बडोग (930),Parwanoo(Sub-District) / Solan(District) / Himachal Pradesh(State),01480700,021739,N,,,,
226,20756,Barohi (12),बरोही (12),Panjehra(Sub-District) / Solan(District) / Himachal Pradesh(State),01382900,020756,N,,,,
227,21405,Baror (436),बरोड (436),Krishangarh(Sub-District) / Solan(District) / Himachal Pradesh(State),01441500,021405,N,,,,
228,22358,Baror (60),बरोड़ (60),Kandaghat(Sub-District) / Solan(District) / Himachal Pradesh(State),01542600,022358,N,,,,
229,21329,Barota (262),बरोटा (262),Krishangarh(Sub-District) / Solan(District) / Himachal Pradesh(State),01430700,021329,N,,,,
230,21255,Barota (398),बरोटा (398),Krishangarh(Sub-District) / Solan(District) / Himachal Pradesh(State),01423300,021255,N,,,,
231,20969,Barotiwala (107),बरोटीवाला (107),Nalagarh(Sub-District) / Solan(District) / Himachal Pradesh(State),01404200,020969,N,,,,
232,21214,Barotiwala (196),बरोटीवाला (196),Baddi(Sub-District) / Solan(District) / Himachal Pradesh(State),01458300,021214,N,,,,
233,20996,Barrian (370),बारिंया (370),Nalagarh(Sub-District) / Solan(District) / Himachal Pradesh(State),01407100,020996,N,,,,
234,20385,Barsanu (37),बरसनु (37),Darlaghat(Sub-District) / Solan(District) / Himachal Pradesh(State),01313700,020385,N,,,,
235,20804,Baruna (10),बरूणा (10),Panjehra(Sub-District) / Solan(District) / Himachal Pradesh(State),01387700,020804,N,,,,
236,21058,Baruwala (403),बरूवाला (403),Baddi(Sub-District) / Solan(District) / Himachal Pradesh(State),01412800,021058,N,,,,
237,21833,Baryadi (93),बरयाड़ी (93),Solan(Sub-District) / Solan(District) / Himachal Pradesh(State),01490100,021833,N,,,,
238,20462,Baryal (55),बरयाल (55),Darlaghat(Sub-District) / Solan(District) / Himachal Pradesh(State),01330500,020462,N,,,,
239,939376,Basal Pati Jarash (48),बसाल पत्ति जराश (48),Solan(Sub-District) / Solan(District) / Himachal Pradesh(State),,000000,N,,,,
240,21914,Basal Pati Kather(48),बसाल पत्ति कथेड (48),Solan(Sub-District) / Solan(District) / Himachal Pradesh(State),01498200,021914,N,,,,
241,939375,Basal Patti Khas (48),बसाल पत्ती खास (48),Solan(Sub-District) / Solan(District) / Himachal Pradesh(State),,000000,N,,,,
242,20848,Basantpur (296),बसन्तपुर (296),Panjehra(Sub-District) / Solan(District) / Himachal Pradesh(State),01392100,020848,N,,,,
243,20101,Basantpur (360),बसन्तपुर (360),Arki(Sub-District) / Solan(District) / Himachal Pradesh(State),01337300,020101,N,,,,
244,21672,Basawal (775),वसावल (775),Kasauli(Sub-District) / Solan(District) / Himachal Pradesh(State),01474000,021672,N,,,,
245,22025,Basawal (849),बसावल (849),Solan(Sub-District) / Solan(District) / Himachal Pradesh(State),01509300,022025,N,,,,
246,22420,Basha (402),बाशा (402),Kandaghat(Sub-District) / Solan(District) / Himachal Pradesh(State),01548800,022420,N,,,,
247,21854,Bashad (95),बशाड़ (95),Solan(Sub-District) / Solan(District) / Himachal Pradesh(State),01492200,021854,N,,,,
248,22294,Bashil (206),बशील (206),Mamlig(Sub-District) / Solan(District) / Himachal Pradesh(State),01536200,022294,N,,,,
249,22032,Bashnala (876),बशनला (876),Solan(Sub-District) / Solan(District) / Himachal Pradesh(State),01510000,022032,N,,,,
250,22293,Bashol (200),बशोल (200),Mamlig(Sub-District) / Solan(District) / Himachal Pradesh(State),01536100,022293,N,,,,
251,21432,Bashol (461),बशोल (461),Krishangarh(Sub-District) / Solan(District) / Himachal Pradesh(State),01444200,021432,N,,,,
252,21648,Basholu Kalan (690),बशोलू कलॉ (690),Kasauli(Sub-District) / Solan(District) / Himachal Pradesh(State),01471600,021648,N,,,,
253,21647,Basholu Khurd (688),बशोलू खुर्द (688),Kasauli(Sub-District) / Solan(District) / Himachal Pradesh(State),01471500,021647,N,,,,
254,20796,Basowal Agri (36),बासोवाल अगड़ी (36),Panjehra(Sub-District) / Solan(District) / Himachal Pradesh(State),01386900,020796,N,,,,
255,20799,Basowal Sultani (41),बासोवाल सुलतानी (41),Panjehra(Sub-District) / Solan(District) / Himachal Pradesh(State),01387200,020799,N,,,,
256,21288,Bassi (339),बस्सी (339),Krishangarh(Sub-District) / Solan(District) / Himachal Pradesh(State),01426600,021288,N,,,,
257,21037,Bassi (443),बस्सी (443),Baddi(Sub-District) / Solan(District) / Himachal Pradesh(State),01410700,021037,N,,,,
258,22164,Bassi (540),बस्सी (540),Solan(Sub-District) / Solan(District) / Himachal Pradesh(State),01523200,022164,N,,,,
259,21365,Bastala (503),बस्तला (503),Krishangarh(Sub-District) / Solan(District) / Himachal Pradesh(State),01437500,021365,N,,,,
260,20307,Basyana (207),बस्याणा (207),Darlaghat(Sub-District) / Solan(District) / Himachal Pradesh(State),01306200,020307,N,,,,
261,20453,Basyana (38),बस्याणा (38),Darlaghat(Sub-District) / Solan(District) / Himachal Pradesh(State),01321700,020453,N,,,,
262,20212,Batal (125),बातल (125),Arki(Sub-District) / Solan(District) / Himachal Pradesh(State),01348300,020212,N,,,,
263,20381,Bated (191),बटेड (191),Darlaghat(Sub-District) / Solan(District) / Himachal Pradesh(State),01313300,020381,N,,,,
264,21213,Bated (200),बटेड़ (200),Baddi(Sub-District) / Solan(District) / Himachal Pradesh(State),01458200,021213,N,,,,
265,20447,Bated (280),बटेड (280),Darlaghat(Sub-District) / Solan(District) / Himachal Pradesh(State),01320300,020447,N,,,,
266,20174,Bater (393),बटेड़ (393),Arki(Sub-District) / Solan(District) / Himachal Pradesh(State),01344600,020174,N,,,,
267,20216,Bathalang (96),बथालंग (96),Arki(Sub-District) / Solan(District) / Himachal Pradesh(State),01348700,020216,N,,,,
268,20006,Bathoh (329),बठोह (329),Darlaghat(Sub-District) / Solan(District) / Himachal Pradesh(State),01326100,020006,N,,,,
269,20227,Batiwan (93),बतीवां (93),Arki(Sub-District) / Solan(District) / Himachal Pradesh(State),01349800,020227,N,,,,
270,20509,Batiyakh(64),बटियाख(64),Ramshahr(Sub-District) / Solan(District) / Himachal Pradesh(State),01358200,020509,N,,,,
271,21881,Batog (63),बटोग (63),Solan(Sub-District) / Solan(District) / Himachal Pradesh(State),01494900,021881,N,,,,
272,21334,Batoli (257),बटोली (257),Krishangarh(Sub-District) / Solan(District) / Himachal Pradesh(State),01431200,021334,N,,,,
273,21982,Batoli (821),बटोली (821),Solan(Sub-District) / Solan(District) / Himachal Pradesh(State),01505000,021982,N,,,,
274,21695,Batol Kalan (918),वटोल कलां  (918),Parwanoo(Sub-District) / Solan(District) / Himachal Pradesh(State),01476300,021695,N,,,,
275,21694,Batol Khurd (919),वटोल खूर्द (919),Parwanoo(Sub-District) / Solan(District) / Himachal Pradesh(State),01476200,021694,N,,,,
276,20550,Bauh (86),वौह(86),Loharghat(Sub-District) / Solan(District) / Himachal Pradesh(State),01362300,020550,N,,,,
277,21272,Bauntra (371),बाऊंटडा (371),Krishangarh(Sub-District) / Solan(District) / Himachal Pradesh(State),01425000,021272,N,,,,
278,21417,Bauntra (447),बाऊंटडा (447),Krishangarh(Sub-District) / Solan(District) / Himachal Pradesh(State),01442700,021417,N,,,,
279,20193,Bawasi (440),बवासी (440),Kunihar(Sub-District) / Solan(District) / Himachal Pradesh(State),01346500,020193,N,,,,
280,22070,Bawra (626),बावरा (626),Solan(Sub-District) / Solan(District) / Himachal Pradesh(State),01513800,022070,N,,,,
281,21719,Bayala Balahu (924),बायला बलाहू (924),Parwanoo(Sub-District) / Solan(District) / Himachal Pradesh(State),01478700,021719,N,,,,
282,20158,Bayantlu (429),बायंटलू (429),Kunihar(Sub-District) / Solan(District) / Himachal Pradesh(State),01343000,020158,N,,,,
283,22166,Bayla (541),बायला (541),Solan(Sub-District) / Solan(District) / Himachal Pradesh(State),01523400,022166,N,,,,
284,20933,Behal (353),बैहल (353),Nalagarh(Sub-District) / Solan(District) / Himachal Pradesh(State),01400600,020933,N,,,,
285,20576,Behandi (119),,Loharghat(Sub-District) / Solan(District) / Himachal Pradesh(State),01364900,020576,N,,,,
286,21139,Beh Kanaitan (428),बैह कनैतां (428),Baddi(Sub-District) / Solan(District) / Himachal Pradesh(State),01421700,021139,N,,,,
287,21124,Beh Kolian (438),बैह कोलियां (438),Baddi(Sub-District) / Solan(District) / Himachal Pradesh(State),01420200,021124,N,,,,
288,20755,Behli (13),बैहली (13),Panjehra(Sub-District) / Solan(District) / Himachal Pradesh(State),01382800,020755,N,,,,
289,20084,Behli (155),बैहली (155),Arki(Sub-District) / Solan(District) / Himachal Pradesh(State),01335600,020084,N,,,,
290,20785,Behli (24),बैहली (24),Panjehra(Sub-District) / Solan(District) / Himachal Pradesh(State),01385800,020785,N,,,,
291,20526,Behli (268),बैहली (268),Ramshahr(Sub-District) / Solan(District) / Himachal Pradesh(State),01359900,020526,N,,,,
292,22288,Behli (319),बैहली (319),Mamlig(Sub-District) / Solan(District) / Himachal Pradesh(State),01535600,022288,N,,,,
293,20925,Behli (356),बैहली (356),Nalagarh(Sub-District) / Solan(District) / Himachal Pradesh(State),01399800,020925,N,,,,
294,21243,Behli (402),बैहली (402),Krishangarh(Sub-District) / Solan(District) / Himachal Pradesh(State),01422100,021243,N,,,,
295,20274,Behli (471),बैहली (471),Kunihar(Sub-District) / Solan(District) / Himachal Pradesh(State),01354200,020274,N,,,,
296,20771,Behndu (29),बैहन्दू (29),Panjehra(Sub-District) / Solan(District) / Himachal Pradesh(State),01384400,020771,N,,,,
297,22111,Bel (16),बिल (16),Solan(Sub-District) / Solan(District) / Himachal Pradesh(State),01517900,022111,N,,,,
298,20958,Bela (121),बेला (121),Nalagarh(Sub-District) / Solan(District) / Himachal Pradesh(State),01403100,020958,N,,,,
299,21018,Beli Diyour (153),बेली दयोड (153),Nalagarh(Sub-District) / Solan(District) / Himachal Pradesh(State),01414600,021018,N,,,,
300,21080,Beli Khol (162),बेली खोल (162),Baddi(Sub-District) / Solan(District) / Himachal Pradesh(State),01415300,021080,N,,,,
301,21382,Bepar (409),बेपड (409),Krishangarh(Sub-District) / Solan(District) / Himachal Pradesh(State),01439200,021382,N,,,,
302,20655,Bepar Bisi (210),बेपड बीसी(210),Ramshahr(Sub-District) / Solan(District) / Himachal Pradesh(State),01372800,020655,N,,,,
303,20297,Beral (500),बेरल (500),Darlaghat(Sub-District) / Solan(District) / Himachal Pradesh(State),01305200,020297,N,,,,
304,20965,Berampur (104),बैरमपुर (104),Nalagarh(Sub-District) / Solan(District) / Himachal Pradesh(State),01403800,020965,N,,,,
305,20521,Ber Da Ghat (250),बैरी दा घाट (250),Ramshahr(Sub-District) / Solan(District) / Himachal Pradesh(State),01359400,020521,N,,,,
306,22101,Ber Khas (44),बेर खास (44),Solan(Sub-District) / Solan(District) / Himachal Pradesh(State),01516900,022101,N,,,,
307,939370,Ber Ki Ser,बेर की सेर,Solan(Sub-District) / Solan(District) / Himachal Pradesh(State),,000000,N,,,,
308,21060,Bersan (167),बेरसन (167),Baddi(Sub-District) / Solan(District) / Himachal Pradesh(State),01413000,021060,N,,,,
309,20963,Berson (111),बेरसन (111),Nalagarh(Sub-District) / Solan(District) / Himachal Pradesh(State),01403600,020963,N,,,,
310,21006,Berta (387),बैरटा (387),Nalagarh(Sub-District) / Solan(District) / Himachal Pradesh(State),01408200,021006,N,,,,
311,21906,Berti (681),बैरटी (681),Solan(Sub-District) / Solan(District) / Himachal Pradesh(State),01497400,021906,N,,,,
312,939369,Bhaalo,भालों,Solan(Sub-District) / Solan(District) / Himachal Pradesh(State),,000000,N,,,,
313,21780,Bhadol (285),भड़ोल (285),Solan(Sub-District) / Solan(District) / Himachal Pradesh(State),01484800,021780,N,,,,
314,21455,Bhaguri (504),भावगुडी (504),Krishangarh(Sub-District) / Solan(District) / Himachal Pradesh(State),01446500,021455,N,,,,
315,21869,Bhaira (67),भैरा (67),Solan(Sub-District) / Solan(District) / Himachal Pradesh(State),01493700,021869,N,,,,
316,22148,Bhajlog (27),भजलोग (27),Solan(Sub-District) / Solan(District) / Himachal Pradesh(State),01521600,022148,N,,,,
317,22170,Bhajo (528),भाजो (528),Solan(Sub-District) / Solan(District) / Himachal Pradesh(State),01523800,022170,N,,,,
318,22215,Bhajo (589),भाजों (589),Solan(Sub-District) / Solan(District) / Himachal Pradesh(State),01528300,022215,N,,,,
319,20292,Bhalag(510),भलग (510),Darlaghat(Sub-District) / Solan(District) / Himachal Pradesh(State),01304700,020292,N,,,,
320,21433,Bhalauri (460),भलोरी (460),Krishangarh(Sub-District) / Solan(District) / Himachal Pradesh(State),01444300,021433,N,,,,
321,20537,Bhalechari (69),भलेचडी(69),Loharghat(Sub-District) / Solan(District) / Himachal Pradesh(State),01361000,020537,N,,,,
322,20034,Bhaled (304),भलेड (304),Darlaghat(Sub-District) / Solan(District) / Himachal Pradesh(State),01328900,020034,N,,,,
323,21658,Bhali (742),भाली (742),Kasauli(Sub-District) / Solan(District) / Himachal Pradesh(State),01472600,021658,N,,,,
324,21641,Bhalo (694),भालो (694),Kasauli(Sub-District) / Solan(District) / Himachal Pradesh(State),01470900,021641,N,,,,
325,20676,Bhalsi (199),भलसी(199),Ramshahr(Sub-District) / Solan(District) / Himachal Pradesh(State),01374900,020676,N,,,,
326,22002,Bhamrada (911),भमराड़ा (911),Solan(Sub-District) / Solan(District) / Himachal Pradesh(State),01507000,022002,N,,,,
327,21523,Bhanat (159),भनेत (159),Kasauli(Sub-District) / Solan(District) / Himachal Pradesh(State),01456800,021523,N,,,,
328,21918,Bhanat (677),भानत (677),Solan(Sub-District) / Solan(District) / Himachal Pradesh(State),01498600,021918,N,,,,
329,20618,Bhanglan(222),भांगला(222),Ramshahr(Sub-District) / Solan(District) / Himachal Pradesh(State),01369100,020618,N,,,,
330,20836,Bhanglan (72),भांगला (72),Nalagarh(Sub-District) / Solan(District) / Himachal Pradesh(State),01390900,020836,N,,,,
331,21312,Bhaogpur (315),भोगपुर (315),Krishangarh(Sub-District) / Solan(District) / Himachal Pradesh(State),01429000,021312,N,,,,
332,20469,Bhara (51),बाहरा (51),Darlaghat(Sub-District) / Solan(District) / Himachal Pradesh(State),01331200,020469,N,,,,
333,21995,Bharat (887),भराट (887),Solan(Sub-District) / Solan(District) / Himachal Pradesh(State),01506300,021995,N,,,,
334,22443,Bharech (469),भड़ेच (469),Kandaghat(Sub-District) / Solan(District) / Himachal Pradesh(State),01551100,022443,N,,,,
335,20580,Bharech (91),भ़डेच(91),Loharghat(Sub-District) / Solan(District) / Himachal Pradesh(State),01365300,020580,N,,,,
336,21746,Bharol (235),भरोल (235),Solan(Sub-District) / Solan(District) / Himachal Pradesh(State),01481400,021746,N,,,,
337,21829,Bharti (300),भाड़ती (300),Solan(Sub-District) / Solan(District) / Himachal Pradesh(State),01489700,021829,N,,,,
338,20735,Bhasra (8),भासरा (8),Panjehra(Sub-District) / Solan(District) / Himachal Pradesh(State),01380800,020735,N,,,,
339,20907,Bhatian (86),भाटिंया (86),Nalagarh(Sub-District) / Solan(District) / Himachal Pradesh(State),01398000,020907,N,,,,
340,19998,Bhatka (323),भाटका (324),Darlaghat(Sub-District) / Solan(District) / Himachal Pradesh(State),01325300,019998,N,,,,
341,21556,Bhat Ka Gaon (119),भाट का गाँव (119),Kasauli(Sub-District) / Solan(District) / Himachal Pradesh(State),01462400,021556,N,,,,
342,20528,Bhatlog (263),भटलोग (263),Ramshahr(Sub-District) / Solan(District) / Himachal Pradesh(State),01360100,020528,N,,,,
343,20783,Bhatoli (3),भटौली (3),Panjehra(Sub-District) / Solan(District) / Himachal Pradesh(State),01385600,020783,N,,,,
344,20928,Bhatoli (346),भटौली (346),Nalagarh(Sub-District) / Solan(District) / Himachal Pradesh(State),01400100,020928,N,,,,
345,20894,Bhatoli (67),भटौली (67),Nalagarh(Sub-District) / Solan(District) / Himachal Pradesh(State),01396700,020894,N,,,,
346,21235,Bhatouli Kalan (214),भटौली कलां (214),Baddi(Sub-District) / Solan(District) / Himachal Pradesh(State),01419500,021235,N,,,,
347,21117,Bhatouli Khurd (213),भटौली खुर्द (213),Baddi(Sub-District) / Solan(District) / Himachal Pradesh(State),01419400,021117,N,,,,
348,20913,Bhattanwalan (129),भट्टावांला (129),Nalagarh(Sub-District) / Solan(District) / Himachal Pradesh(State),01398600,020913,N,,,,
349,21193,Bhawan (245),भवन (245),Baddi(Sub-District) / Solan(District) / Himachal Pradesh(State),01450000,021193,N,,,,
350,21254,Bhawani Pur (391),भवानीपुर (391),Krishangarh(Sub-District) / Solan(District) / Himachal Pradesh(State),01423200,021254,N,,,,
351,19991,Bhayli Nichli (336),भ्याली निचली (336),Darlaghat(Sub-District) / Solan(District) / Himachal Pradesh(State),01324600,019991,N,,,,
352,19990,Bhayli Uperli (313),भ्याली उपरली (313),Darlaghat(Sub-District) / Solan(District) / Himachal Pradesh(State),01324500,019990,N,,,,
353,20095,Bhel (355),भैल (355),Arki(Sub-District) / Solan(District) / Himachal Pradesh(State),01336700,020095,N,,,,
354,22229,Bhench (177),भैंच  (177),Mamlig(Sub-District) / Solan(District) / Himachal Pradesh(State),01529700,022229,N,,,,
355,21674,Bhere Ka Khech (773),भेडे का खेच (773),Kasauli(Sub-District) / Solan(District) / Himachal Pradesh(State),01474200,021674,N,,,,
356,20483,Bhini (281),भीणी(281),Ramshahr(Sub-District) / Solan(District) / Himachal Pradesh(State),01355600,020483,N,,,,
357,20884,Bhipar (337),भीफर (337),Nalagarh(Sub-District) / Solan(District) / Himachal Pradesh(State),01395700,020884,N,,,,
358,21328,Bhiwan (407),भीवां (407),Krishangarh(Sub-District) / Solan(District) / Himachal Pradesh(State),01430600,021328,N,,,,
359,20538,Bhiyunkhari (68),भियुंखरी(68),Loharghat(Sub-District) / Solan(District) / Himachal Pradesh(State),01361100,020538,N,,,,
360,21853,Bhiyunt (94),भियून्त (94),Solan(Sub-District) / Solan(District) / Himachal Pradesh(State),01492100,021853,N,,,,
361,22312,Bhodan (87),बोधन (87),Mamlig(Sub-District) / Solan(District) / Himachal Pradesh(State),01538000,022312,N,,,,
362,21984,Bhog (823),भोग (823),Solan(Sub-District) / Solan(District) / Himachal Pradesh(State),01505200,021984,N,,,,
363,20838,Bhogpur (73),भोगपुर (73),Nalagarh(Sub-District) / Solan(District) / Himachal Pradesh(State),01391100,020838,N,,,,
364,21993,Bhojnagar (888),भोजनगर (888),Solan(Sub-District) / Solan(District) / Himachal Pradesh(State),01506100,021993,N,,,,
365,22306,Bhola (210),भोला (210),Mamlig(Sub-District) / Solan(District) / Himachal Pradesh(State),01537400,022306,N,,,,
366,20770,Bhora (30),भौरा (30),Panjehra(Sub-District) / Solan(District) / Himachal Pradesh(State),01384300,020770,N,,,,
367,21092,Bhud (188),भूड (188),Baddi(Sub-District) / Solan(District) / Himachal Pradesh(State),01416500,021092,N,,,,
368,20311,Bhugar (202),बुघार (202),Darlaghat(Sub-District) / Solan(District) / Himachal Pradesh(State),01306600,020311,N,,,,
369,22490,Bhuira (488),भुईरा (488),Kandaghat(Sub-District) / Solan(District) / Himachal Pradesh(State),01555800,022490,N,,,,
370,21837,Bhumbal (32),भूम्बल (32),Solan(Sub-District) / Solan(District) / Himachal Pradesh(State),01490500,021837,N,,,,
371,20950,Bhumian (133),भूमिंया (86),Nalagarh(Sub-District) / Solan(District) / Himachal Pradesh(State),01402300,020950,N,,,,
372,20154,Bhumti (374),भूमति (374),Arki(Sub-District) / Solan(District) / Himachal Pradesh(State),01342600,020154,N,,,,
373,20407,Bhurjani (240),भुरजनी (240),Darlaghat(Sub-District) / Solan(District) / Himachal Pradesh(State),01316100,020407,N,,,,
374,20661,Bhusla (204),भुसला(204),Ramshahr(Sub-District) / Solan(District) / Himachal Pradesh(State),01373400,020661,N,,,,
375,21977,Bigad (814),बिगड़ (814),Solan(Sub-District) / Solan(District) / Himachal Pradesh(State),01504500,021977,N,,,,
376,22422,Bijaur (422),बजौर (422),Kandaghat(Sub-District) / Solan(District) / Himachal Pradesh(State),01549000,022422,N,,,,
377,21744,Bil (234),बिल (234),Solan(Sub-District) / Solan(District) / Himachal Pradesh(State),01481200,021744,N,,,,
378,21233,Bilanwali Gujjran (198),बिलांवाली गुज्जरां (198),Baddi(Sub-District) / Solan(District) / Himachal Pradesh(State),01417900,021233,N,,,,
379,21103,Bilanwali Lbana (207),बिलांवाली लबाणा (207),Baddi(Sub-District) / Solan(District) / Himachal Pradesh(State),01417800,021103,N,,,,
380,22244,Billi (224),बिल्ली (224),Mamlig(Sub-District) / Solan(District) / Himachal Pradesh(State),01531200,022244,N,,,,
381,22434,Binu (462),बिणू (462),Kandaghat(Sub-District) / Solan(District) / Himachal Pradesh(State),01550200,022434,N,,,,
382,22401,Birni (419),बिरनी (419),Kandaghat(Sub-District) / Solan(District) / Himachal Pradesh(State),01546900,022401,N,,,,
383,20960,Bir Plassi (101),बीड प्लासी (101),Nalagarh(Sub-District) / Solan(District) / Himachal Pradesh(State),01403300,020960,N,,,,
384,22408,Bisha (423),बीशा (423),Kandaghat(Sub-District) / Solan(District) / Himachal Pradesh(State),01547600,022408,N,,,,
385,21435,Bishanpur (458),विश्नपुर (458),Krishangarh(Sub-District) / Solan(District) / Himachal Pradesh(State),01444500,021435,N,,,,
386,20653,Bisi Chamaran (212),बीसी चमारां(212),Ramshahr(Sub-District) / Solan(District) / Himachal Pradesh(State),01372600,020653,N,,,,
387,21030,Bissian Brahmna (450),बिसियां ब्राहमणां (450),Baddi(Sub-District) / Solan(District) / Himachal Pradesh(State),01410000,021030,N,,,,
388,20613,Bithen (146),बिठन(146),Ramshahr(Sub-District) / Solan(District) / Himachal Pradesh(State),01368600,020613,N,,,,
389,22027,Biuli (877),बियूली (877),Solan(Sub-District) / Solan(District) / Himachal Pradesh(State),01509500,022027,N,,,,
390,19977,Biylu (168),ब्यूलू (168),Arki(Sub-District) / Solan(District) / Himachal Pradesh(State),01323100,019977,N,,,,
391,22036,Bohdo (871),बोहड़ों (871),Solan(Sub-District) / Solan(District) / Himachal Pradesh(State),01510400,022036,N,,,,
392,21986,Bohli (827),बोहली (827),Solan(Sub-District) / Solan(District) / Himachal Pradesh(State),01505400,021986,N,,,,
393,20761,Bohri (1),बोहरी (1),Panjehra(Sub-District) / Solan(District) / Himachal Pradesh(State),01383400,020761,N,,,,
394,20285,Boi (503),बोई (503),Darlaghat(Sub-District) / Solan(District) / Himachal Pradesh(State),01304000,020285,N,,,,
395,21791,Bokra (249),बोकरा (249),Solan(Sub-District) / Solan(District) / Himachal Pradesh(State),01485900,021791,N,,,,
396,20936,Bonta (357),बोन्टा (357),Nalagarh(Sub-District) / Solan(District) / Himachal Pradesh(State),01400900,020936,N,,,,
397,21340,Borni (273),बोडनी (273),Krishangarh(Sub-District) / Solan(District) / Himachal Pradesh(State),01431800,021340,N,,,,
398,21263,Borti Brahmna (390),बोडती ब्राहमणा (390),Krishangarh(Sub-District) / Solan(District) / Himachal Pradesh(State),01424100,021263,N,,,,
399,21264,Borti Kanaitan (389),बोडती कनैता (389),Krishangarh(Sub-District) / Solan(District) / Himachal Pradesh(State),01424200,021264,N,,,,
400,21356,Braghu (282),बरागु (282),Krishangarh(Sub-District) / Solan(District) / Himachal Pradesh(State),01436600,021356,N,,,,
401,20175,Brahmana (428),ब्राहम्णा (428),Kunihar(Sub-District) / Solan(District) / Himachal Pradesh(State),01344700,020175,N,,,,
402,21019,Brahman Beli (154),ब्राहमण बेली (154),Nalagarh(Sub-District) / Solan(District) / Himachal Pradesh(State),01414700,021019,N,,,,
403,21721,Budhon (941),बुद्दों (941),Parwanoo(Sub-District) / Solan(District) / Himachal Pradesh(State),01478900,021721,N,,,,
404,20450,Budmu (185),बुडमू (185),Darlaghat(Sub-District) / Solan(District) / Himachal Pradesh(State),01321400,020450,N,,,,
405,20606,Bughar (140),,Loharghat(Sub-District) / Solan(District) / Himachal Pradesh(State),01367900,020606,N,,,,
406,21394,Bughar Gujran (383),बुघार गुजरां (383),Krishangarh(Sub-District) / Solan(District) / Himachal Pradesh(State),01440400,021394,N,,,,
407,21389,Bughar Kanaitan (387),बुघार कनैता (387),Krishangarh(Sub-District) / Solan(District) / Himachal Pradesh(State),01439900,021389,N,,,,
408,19987,Buila (305),बुइला (305),Darlaghat(Sub-District) / Solan(District) / Himachal Pradesh(State),01324200,019987,N,,,,
409,21005,Bukhari Da Ghat (388),बुखारी दा घाट (388),Nalagarh(Sub-District) / Solan(District) / Himachal Pradesh(State),01408100,021005,N,,,,
410,21212,Buranwala (201),बुरांवाला (201),Baddi(Sub-District) / Solan(District) / Himachal Pradesh(State),01458100,021212,N,,,,
411,21339,Butaila (271),बुटाईला (271),Krishangarh(Sub-District) / Solan(District) / Himachal Pradesh(State),01431700,021339,N,,,,
412,21022,Bwasni (391),बवासनी (391),Baddi(Sub-District) / Solan(District) / Himachal Pradesh(State),01408000,021022,N,,,,
413,21716,Chaamo (921),चम्मों (921),Parwanoo(Sub-District) / Solan(District) / Himachal Pradesh(State),01478400,021716,N,,,,
414,21573,Chabal (715),  चाबल (715),Kasauli(Sub-District) / Solan(District) / Himachal Pradesh(State),01464100,021573,N,,,,
415,20540,Chabhan (75),चवाहाँ (75),Loharghat(Sub-District) / Solan(District) / Himachal Pradesh(State),01361300,020540,N,,,,
416,22463,Chabri (452),चाबरी (452),Kandaghat(Sub-District) / Solan(District) / Himachal Pradesh(State),01553100,022463,N,,,,
417,22144,Chachad (553),चाचड़ (553),Solan(Sub-District) / Solan(District) / Himachal Pradesh(State),01521200,022144,N,,,,
418,20784,Chack (23),चक (23),Panjehra(Sub-District) / Solan(District) / Himachal Pradesh(State),01385700,020784,N,,,,
419,21785,Chadav (287),चढ़ाव (287),Solan(Sub-District) / Solan(District) / Himachal Pradesh(State),01485300,021785,N,,,,
420,20178,Chadera (422),चडेरा (422),Kunihar(Sub-District) / Solan(District) / Himachal Pradesh(State),01345000,020178,N,,,,
421,21204,Chadiyar (231),चड़यार (231),Baddi(Sub-District) / Solan(District) / Himachal Pradesh(State),01451100,021204,N,,,,
422,21700,Chadon (917),छद्दों (917),Parwanoo(Sub-District) / Solan(District) / Himachal Pradesh(State),01476800,021700,N,,,,
423,22501,Chagaon (506),चगांव (506),Kandaghat(Sub-District) / Solan(District) / Himachal Pradesh(State),01556900,022501,N,,,,
424,20673,Chahnunoo (154),चाहननो(154),Ramshahr(Sub-District) / Solan(District) / Himachal Pradesh(State),01374600,020673,N,,,,
425,21736,Chainthon (926),चैंथों (926),Parwanoo(Sub-District) / Solan(District) / Himachal Pradesh(State),01480400,021736,N,,,,
426,20159,Chait (390),चैट (390),Kunihar(Sub-District) / Solan(District) / Himachal Pradesh(State),01343100,020159,N,,,,
427,20027,Chaiyaan (349),चईंया (349),Arki(Sub-District) / Solan(District) / Himachal Pradesh(State),01328200,020027,N,,,,
428,21105,Chak (196),चक (196),Baddi(Sub-District) / Solan(District) / Himachal Pradesh(State),01418200,021105,N,,,,
429,20312,Chakhar (209),चाखड़ (209),Darlaghat(Sub-District) / Solan(District) / Himachal Pradesh(State),01306700,020312,N,,,,
430,20348,Chakhru (32),चाखडू (32),Darlaghat(Sub-District) / Solan(District) / Himachal Pradesh(State),01310300,020348,N,,,,
431,21099,Chakjangi (203),चकजंगी (203),Baddi(Sub-District) / Solan(District) / Himachal Pradesh(State),01417200,021099,N,,,,
432,20990,Chakk (152),चक्क (152),Nalagarh(Sub-District) / Solan(District) / Himachal Pradesh(State),01406500,020990,N,,,,
433,20674,Chakli (155),चकली(155),Ramshahr(Sub-District) / Solan(District) / Himachal Pradesh(State),01374700,020674,N,,,,
434,21877,Chakli (77),चाकली (77),Solan(Sub-District) / Solan(District) / Himachal Pradesh(State),01494500,021877,N,,,,
435,21734,Chakli (925),चाकली  (925),Parwanoo(Sub-District) / Solan(District) / Himachal Pradesh(State),01480200,021734,N,,,,
436,20003,Chalama (326),चलामा (326),Darlaghat(Sub-District) / Solan(District) / Himachal Pradesh(State),01325800,020003,N,,,,
437,20110,Chalog (411),चलोग (411),Kunihar(Sub-District) / Solan(District) / Himachal Pradesh(State),01338200,020110,N,,,,
438,20571,Chalwana (112),,Loharghat(Sub-District) / Solan(District) / Himachal Pradesh(State),01364400,020571,N,,,,
439,20609,Chalyauni (143),चलयौणी(143),Ramshahr(Sub-District) / Solan(District) / Himachal Pradesh(State),01368200,020609,N,,,,
440,20454,Chalyawan (40),चल्यावण (40),Darlaghat(Sub-District) / Solan(District) / Himachal Pradesh(State),01321800,020454,N,,,,
441,20531,Chalyoni (265),चलयौणी(265),Ramshahr(Sub-District) / Solan(District) / Himachal Pradesh(State),01360400,020531,N,,,,
442,21453,Chamakali (481),चमाकली (481),Krishangarh(Sub-District) / Solan(District) / Himachal Pradesh(State),01446300,021453,N,,,,
443,20426,Chamakari (263),चमाकड़ी (263),Darlaghat(Sub-District) / Solan(District) / Himachal Pradesh(State),01318000,020426,N,,,,
444,21873,Chamat Bharech (71),चामत भड़ेच (71),Solan(Sub-District) / Solan(District) / Himachal Pradesh(State),01494100,021873,N,,,,
445,20361,Chamba (218),चंबा (218),Darlaghat(Sub-District) / Solan(District) / Himachal Pradesh(State),01311400,020361,N,,,,
446,20732,Chamba (33),चम्बा (33),Panjehra(Sub-District) / Solan(District) / Himachal Pradesh(State),01380500,020732,N,,,,
447,20608,Chamdar (142),चमदार(142),Ramshahr(Sub-District) / Solan(District) / Himachal Pradesh(State),01368100,020608,N,,,,
448,20694,Chamiasi (174),चमयासी(174),Ramshahr(Sub-District) / Solan(District) / Himachal Pradesh(State),01376700,020694,N,,,,
449,21576,Chamiya (4),चामियाँ (4),Kasauli(Sub-District) / Solan(District) / Himachal Pradesh(State),01464400,021576,N,,,,
450,22059,Chamrog (602),छमरोग (602),Solan(Sub-District) / Solan(District) / Himachal Pradesh(State),01512700,022059,N,,,,
451,20306,Chamrol Jeri (205),चमरोल जेरी (205),Darlaghat(Sub-District) / Solan(District) / Himachal Pradesh(State),01306100,020306,N,,,,
452,20305,Chamrol Wala (204),चमरोल वाला (204),Darlaghat(Sub-District) / Solan(District) / Himachal Pradesh(State),01306000,020305,N,,,,
453,21130,Chamyadi (424),चमयाड़ी (424),Baddi(Sub-District) / Solan(District) / Himachal Pradesh(State),01420800,021130,N,,,,
454,20074,Chamyawal (70),चम्यावल (70),Arki(Sub-District) / Solan(District) / Himachal Pradesh(State),01334600,020074,N,,,,
455,21083,Chanal Majra (177),चनाल माजरा (177),Baddi(Sub-District) / Solan(District) / Himachal Pradesh(State),01415600,021083,N,,,,
456,20440,Chanardi (252),चनारड़ी (252),Darlaghat(Sub-District) / Solan(District) / Himachal Pradesh(State),01319400,020440,N,,,,
457,20024,Chanda (408),चाण्डा (408),Kunihar(Sub-District) / Solan(District) / Himachal Pradesh(State),01327900,020024,N,,,,
458,21274,Chandi (375),चण्डी (375),Krishangarh(Sub-District) / Solan(District) / Himachal Pradesh(State),01425200,021274,N,,,,
459,22270,Chandoli (325),चन्ड़ोली (325),Mamlig(Sub-District) / Solan(District) / Himachal Pradesh(State),01533800,022270,N,,,,
460,20964,Chandpur (110),चन्दपुर (110),Nalagarh(Sub-District) / Solan(District) / Himachal Pradesh(State),01403700,020964,N,,,,
461,20097,Chandpur (143),चन्दपुर (143),Arki(Sub-District) / Solan(District) / Himachal Pradesh(State),01336900,020097,N,,,,
462,20692,Changar (172),चंगर(172),Ramshahr(Sub-District) / Solan(District) / Himachal Pradesh(State),01376500,020692,N,,,,
463,19966,Changar (294),चांगर (294),Darlaghat(Sub-District) / Solan(District) / Himachal Pradesh(State),01320900,019966,N,,,,
464,20002,Changar (327),चांगर (327),Darlaghat(Sub-District) / Solan(District) / Himachal Pradesh(State),01325700,020002,N,,,,
465,22100,Changar (41),चांगर (41),Solan(Sub-District) / Solan(District) / Himachal Pradesh(State),01516800,022100,N,,,,
466,20614,Changar Gumaran (147),चंगर घुमारा(147),Ramshahr(Sub-District) / Solan(District) / Himachal Pradesh(State),01368700,020614,N,,,,
467,20717,Changer Chiyauni (191),चंगर चयावणी(191),Ramshahr(Sub-District) / Solan(District) / Himachal Pradesh(State),01379000,020717,N,,,,
468,20542,Chaniari (76),चनयारी (76),Loharghat(Sub-District) / Solan(District) / Himachal Pradesh(State),01361500,020542,N,,,,
469,20843,Chanobari (325),चनोबरी (325),Nalagarh(Sub-District) / Solan(District) / Himachal Pradesh(State),01391600,020843,N,,,,
470,21438,Chanol (469),चनोल (469),Krishangarh(Sub-District) / Solan(District) / Himachal Pradesh(State),01444800,021438,N,,,,
471,22300,Chanor (202),चनोड़ (202),Mamlig(Sub-District) / Solan(District) / Himachal Pradesh(State),01536800,022300,N,,,,
472,21819,Chapla (17),चपला (17),Solan(Sub-District) / Solan(District) / Himachal Pradesh(State),01488700,021819,N,,,,
473,22302,Chapla (216),चपला (216),Mamlig(Sub-District) / Solan(District) / Himachal Pradesh(State),01537000,022302,N,,,,
474,21605,Chapla (747),चपला (747),Kasauli(Sub-District) / Solan(District) / Himachal Pradesh(State),01467300,021605,N,,,,
475,21849,Chaproli (23),छपरोली (23),Solan(Sub-District) / Solan(District) / Himachal Pradesh(State),01491700,021849,N,,,,
476,20926,Chara (348),चढा (348),Nalagarh(Sub-District) / Solan(District) / Himachal Pradesh(State),01399900,020926,N,,,,
477,22124,Charjeda (9),चरजेड़ा (9),Solan(Sub-District) / Solan(District) / Himachal Pradesh(State),01519200,022124,N,,,,
478,20478,Charog (54),चडोग (54),Ramshahr(Sub-District) / Solan(District) / Himachal Pradesh(State),01355100,020478,N,,,,
479,20698,Chaskar (177),चसकड(177),Ramshahr(Sub-District) / Solan(District) / Himachal Pradesh(State),01377100,020698,N,,,,
480,20141,Chathdyana (131),चथड़याणा (131),Arki(Sub-District) / Solan(District) / Himachal Pradesh(State),01341300,020141,N,,,,
481,20746,Chatlog (26),चत्लोग (26),Panjehra(Sub-District) / Solan(District) / Himachal Pradesh(State),01381900,020746,N,,,,
482,21524,Chatyan (157),छट्टयान (157),Kasauli(Sub-District) / Solan(District) / Himachal Pradesh(State),01456900,021524,N,,,,
483,20555,Chauk (96),चौक(96),Loharghat(Sub-District) / Solan(District) / Himachal Pradesh(State),01362800,020555,N,,,,
484,22345,Chausha (66),छावशा (66),Mamlig(Sub-District) / Solan(District) / Himachal Pradesh(State),01541300,022345,N,,,,
485,21609,Chavacha Khurd (700),च्वचा खुर्द (700),Kasauli(Sub-District) / Solan(District) / Himachal Pradesh(State),01467700,021609,N,,,,
486,21717,Chavanja (922),च्वाजा (922),Parwanoo(Sub-District) / Solan(District) / Himachal Pradesh(State),01478500,021717,N,,,,
487,22012,Chawal (855),चवाल (855),Solan(Sub-District) / Solan(District) / Himachal Pradesh(State),01508000,022012,N,,,,
488,21851,Chawal (90),चावल (90),Solan(Sub-District) / Solan(District) / Himachal Pradesh(State),01491900,021851,N,,,,
489,21636,Chayal (697),चायल (697),Kasauli(Sub-District) / Solan(District) / Himachal Pradesh(State),01470400,021636,N,,,,
490,21822,Chayawan (14),च्यावण (14),Solan(Sub-District) / Solan(District) / Himachal Pradesh(State),01489000,021822,N,,,,
491,21257,Chayawni Behalwala (361),च्यावणी बैहलवाला (361),Krishangarh(Sub-District) / Solan(District) / Himachal Pradesh(State),01423500,021257,N,,,,
492,21256,Chayawni Bhattan (362),च्यावणी भट्टान (362),Krishangarh(Sub-District) / Solan(District) / Himachal Pradesh(State),01423400,021256,N,,,,
493,21262,Chayawni Bughrat (367),च्यावणी बुघडाहट (367),Krishangarh(Sub-District) / Solan(District) / Himachal Pradesh(State),01424000,021262,N,,,,
494,21261,Chayawni Kamthanua (366),च्यावणी कमठानूआँ (366),Krishangarh(Sub-District) / Solan(District) / Himachal Pradesh(State),01423900,021261,N,,,,
495,21656,Chehad (708),चैहड़ (708),Kasauli(Sub-District) / Solan(District) / Himachal Pradesh(State),01472400,021656,N,,,,
496,21333,Cheog (260),च्योग (260),Krishangarh(Sub-District) / Solan(District) / Himachal Pradesh(State),01431100,021333,N,,,,
497,21462,Cheota (249),च्योटा (249),Krishangarh(Sub-District) / Solan(District) / Himachal Pradesh(State),01447600,021462,N,,,,
498,21951,Chewa (793),चेवा (793),Solan(Sub-District) / Solan(District) / Himachal Pradesh(State),01501900,021951,N,,,,
499,20663,Chhachhi (202),छयाछी(202),Ramshahr(Sub-District) / Solan(District) / Himachal Pradesh(State),01373600,020663,N,,,,
500,22305,Chhachi (213),छाछी (213),Mamlig(Sub-District) / Solan(District) / Himachal Pradesh(State),01537300,022305,N,,,,
501,21584,Chhadol (739),छडोल (739),Kasauli(Sub-District) / Solan(District) / Himachal Pradesh(State),01465200,021584,N,,,,
502,20873,Chhadoli (322),छडौली (322),Nalagarh(Sub-District) / Solan(District) / Himachal Pradesh(State),01394600,020873,N,,,,
503,911596,Chhadyanji (812),छड़यान्जी (812),Solan(Sub-District) / Solan(District) / Himachal Pradesh(State),,000000,N,,,,
504,21123,Chhalaundewali (418),छलौंदे वाली (418),Baddi(Sub-District) / Solan(District) / Himachal Pradesh(State),01420100,021123,N,,,,
505,21449,Chhalyana (483),छल्याणा (483),Krishangarh(Sub-District) / Solan(District) / Himachal Pradesh(State),01445900,021449,N,,,,
506,20374,Chhamla (229),छामला (229),Darlaghat(Sub-District) / Solan(District) / Himachal Pradesh(State),01312700,020374,N,,,,
507,21411,Chhamrog (444),छमरोग (444),Krishangarh(Sub-District) / Solan(District) / Himachal Pradesh(State),01442100,021411,N,,,,
508,20049,Chhamrol (78),छमरोल (78),Arki(Sub-District) / Solan(District) / Himachal Pradesh(State),01332100,020049,N,,,,
509,20923,Chhapru (331),छप्पडू (331),Nalagarh(Sub-District) / Solan(District) / Himachal Pradesh(State),01399600,020923,N,,,,
510,20557,Chharan (98),छडन(98),Loharghat(Sub-District) / Solan(District) / Himachal Pradesh(State),01363000,020557,N,,,,
511,21992,Chharot (891),छरोट (891),Solan(Sub-District) / Solan(District) / Himachal Pradesh(State),01506000,021992,N,,,,
512,20452,Chhatera (41),छटेरा (41),Darlaghat(Sub-District) / Solan(District) / Himachal Pradesh(State),01321600,020452,N,,,,
513,21616,Chhatera (750),छटेरा (750),Kasauli(Sub-District) / Solan(District) / Himachal Pradesh(State),01468400,021616,N,,,,
514,21396,Chhatyur (379),छटयूड (379),Krishangarh(Sub-District) / Solan(District) / Himachal Pradesh(State),01440600,021396,N,,,,
515,20421,Chheta (233),छेता (233),Darlaghat(Sub-District) / Solan(District) / Himachal Pradesh(State),01317500,020421,N,,,,
516,21944,Chhobal (792),छोबल (792),Solan(Sub-District) / Solan(District) / Himachal Pradesh(State),01501200,021944,N,,,,
517,20263,Chhoi (455),छोई (455),Arki(Sub-District) / Solan(District) / Himachal Pradesh(State),01353100,020263,N,,,,
518,20057,Chhoi (480),छोई (480),Arki(Sub-District) / Solan(District) / Himachal Pradesh(State),01332900,020057,N,,,,
519,20927,Chhuban (347),छुब्बन (347),Nalagarh(Sub-District) / Solan(District) / Himachal Pradesh(State),01400000,020927,N,,,,
520,21421,Chiala (451),च्याला (451),Krishangarh(Sub-District) / Solan(District) / Himachal Pradesh(State),01443100,021421,N,,,,
521,21425,Chiali Jhanjhati (450),च्याली झांझटी (450),Krishangarh(Sub-District) / Solan(District) / Himachal Pradesh(State),01443500,021425,N,,,,
522,21426,Chiali Nali (464),च्याली नाली (464),Krishangarh(Sub-District) / Solan(District) / Himachal Pradesh(State),01443600,021426,N,,,,
523,21470,Chibbri (135),छिवरी (135),Kasauli(Sub-District) / Solan(District) / Himachal Pradesh(State),01451500,021470,N,,,,
524,20142,Chikanhada (136),चिकनहाड़ा (136),Arki(Sub-District) / Solan(District) / Himachal Pradesh(State),01341400,020142,N,,,,
525,22250,Chiknahat (231),चिकनाहट (231),Mamlig(Sub-District) / Solan(District) / Himachal Pradesh(State),01531800,022250,N,,,,
526,21003,Chikni (389),चिकनी (389),Nalagarh(Sub-District) / Solan(District) / Himachal Pradesh(State),01407800,021003,N,,,,
527,22085,Chiladi (639),चिलड़ी (639),Solan(Sub-District) / Solan(District) / Himachal Pradesh(State),01515300,022085,N,,,,
528,20544,Chilla (81),चिल्ला (81),Loharghat(Sub-District) / Solan(District) / Himachal Pradesh(State),01361700,020544,N,,,,
529,22084,Chilla Kala (636),चिल्ला कलां (636),Solan(Sub-District) / Solan(District) / Himachal Pradesh(State),01515200,022084,N,,,,
530,22083,Chilla Khurd (633),चिल्ला खुर्द (633),Solan(Sub-District) / Solan(District) / Himachal Pradesh(State),01515100,022083,N,,,,
531,20691,Chillar (167),चिल्हड(167),Ramshahr(Sub-District) / Solan(District) / Himachal Pradesh(State),01376400,020691,N,,,,
532,22343,Chinni (55),चिणी (55),Mamlig(Sub-District) / Solan(District) / Himachal Pradesh(State),01541100,022343,N,,,,
533,20667,Chiyar (218),च्यार(218),Ramshahr(Sub-District) / Solan(District) / Himachal Pradesh(State),01374000,020667,N,,,,
534,22492,Chob (491),छोब (491),Kandaghat(Sub-District) / Solan(District) / Himachal Pradesh(State),01556000,022492,N,,,,
535,20341,Chohla (26),चोहला (26),Darlaghat(Sub-District) / Solan(District) / Himachal Pradesh(State),01309600,020341,N,,,,
536,22455,Chohra (476),चौहड़ा (476),Kandaghat(Sub-District) / Solan(District) / Himachal Pradesh(State),01552300,022455,N,,,,
537,22132,Chokhla (28),चौखला (28),Solan(Sub-District) / Solan(District) / Himachal Pradesh(State),01520000,022132,N,,,,
538,21878,Chora (76),चौंरा (76),Solan(Sub-District) / Solan(District) / Himachal Pradesh(State),01494600,021878,N,,,,
539,20547,Chouri (89),चौंरी(89),Loharghat(Sub-District) / Solan(District) / Himachal Pradesh(State),01362000,020547,N,,,,
540,22447,Chowki (413),चौकी (413),Kandaghat(Sub-District) / Solan(District) / Himachal Pradesh(State),01551500,022447,N,,,,
541,20949,Chuhuwal (136),चुहूवाल (136),Nalagarh(Sub-District) / Solan(District) / Himachal Pradesh(State),01402200,020949,N,,,,
542,20187,Chunadbrahmna (377),चुनाड़ ब्राह्मणा (377),Arki(Sub-District) / Solan(District) / Himachal Pradesh(State),01345900,020187,N,,,,
543,20184,Chunadkanaita (376),चुनाड़ कनैता (376),Arki(Sub-District) / Solan(District) / Himachal Pradesh(State),01345600,020184,N,,,,
544,20857,Chunarari (300),चुनारडी  (300),Panjehra(Sub-District) / Solan(District) / Himachal Pradesh(State),01393000,020857,N,,,,
545,22316,Chund (76),चूँड़ (76),Mamlig(Sub-District) / Solan(District) / Himachal Pradesh(State),01538400,022316,N,,,,
546,20765,Churangal (15),चुडंगल (15),Panjehra(Sub-District) / Solan(District) / Himachal Pradesh(State),01383800,020765,N,,,,
547,21608,Chwacha Kalan (701),च्वचा कलॉ (701),Kasauli(Sub-District) / Solan(District) / Himachal Pradesh(State),01467600,021608,N,,,,
548,21407,Chyali (419),च्याली (419),Krishangarh(Sub-District) / Solan(District) / Himachal Pradesh(State),01441700,021407,N,,,,
549,22330,Chyama (71),चियामा (71),Kandaghat(Sub-District) / Solan(District) / Himachal Pradesh(State),01539800,022330,N,,,,
550,22241,Chyawag (173),च्यावग (173),Mamlig(Sub-District) / Solan(District) / Himachal Pradesh(State),01530900,022241,N,,,,
551,21371,Chyawan Ka Hara (487),च्यावण का हाडा (487),Krishangarh(Sub-District) / Solan(District) / Himachal Pradesh(State),01438100,021371,N,,,,
552,21689,Chyawla (108),च्यावला (108),Kasauli(Sub-District) / Solan(District) / Himachal Pradesh(State),01475700,021689,N,,,,
553,21085,Dabani (179),दबनी  (179),Baddi(Sub-District) / Solan(District) / Himachal Pradesh(State),01415800,021085,N,,,,
554,20897,Dabhota (96),दभोटा (96),Nalagarh(Sub-District) / Solan(District) / Himachal Pradesh(State),01397000,020897,N,,,,
555,21194,Dabli (223),दाबली (223),Baddi(Sub-District) / Solan(District) / Himachal Pradesh(State),01450100,021194,N,,,,
556,21043,Dabra (407),डबरा (407),Baddi(Sub-District) / Solan(District) / Himachal Pradesh(State),01411300,021043,N,,,,
557,20164,Dadal (371),डाडल (371),Arki(Sub-District) / Solan(District) / Himachal Pradesh(State),01343600,020164,N,,,,
558,22127,Dadhog (30),दधोग (30),Solan(Sub-District) / Solan(District) / Himachal Pradesh(State),01519500,022127,N,,,,
559,22102,Dadhog (43),ड़ढोग (43),Solan(Sub-District) / Solan(District) / Himachal Pradesh(State),01517000,022102,N,,,,
560,22006,Dadhog (861),दधोग (861),Solan(Sub-District) / Solan(District) / Himachal Pradesh(State),01507400,022006,N,,,,
561,20065,Dadhogi (87),दधोगी (87),Arki(Sub-District) / Solan(District) / Himachal Pradesh(State),01333700,020065,N,,,,
562,22287,Dadhori (308),धधोरी (308),Mamlig(Sub-District) / Solan(District) / Himachal Pradesh(State),01535500,022287,N,,,,
563,21164,Dadhu (308),डाडू (308),Baddi(Sub-District) / Solan(District) / Himachal Pradesh(State),01434400,021164,N,,,,
564,20987,Dadi Bhola (146),डाडी भोला (146),Nalagarh(Sub-District) / Solan(District) / Himachal Pradesh(State),01406200,020987,N,,,,
565,20986,Dadi Harnam (145),डाडी हरनाम (145),Nalagarh(Sub-District) / Solan(District) / Himachal Pradesh(State),01406100,020986,N,,,,
566,20988,Dadi Kania (147),डाडी कनिंया (147),Nalagarh(Sub-District) / Solan(District) / Himachal Pradesh(State),01406300,020988,N,,,,
567,21590,Dadol Kalan (724),डडोल कलाँ (724),Kasauli(Sub-District) / Solan(District) / Himachal Pradesh(State),01465800,021590,N,,,,
568,21591,Dadol Khurd (725),डडोल खुर्द (725),Kasauli(Sub-District) / Solan(District) / Himachal Pradesh(State),01465900,021591,N,,,,
569,20075,Dadwana (71),डुडाणा (71),Arki(Sub-District) / Solan(District) / Himachal Pradesh(State),01334700,020075,N,,,,
570,22007,Dadyar Sihawari (859),डडयार सिहावरी (859),Solan(Sub-District) / Solan(District) / Himachal Pradesh(State),01507500,022007,N,,,,
571,21331,Daghota (429),दघोटा (429),Krishangarh(Sub-District) / Solan(District) / Himachal Pradesh(State),01430900,021331,N,,,,
572,939374,Dagshai (118),ड़गशाई (118),Solan(Sub-District) / Solan(District) / Himachal Pradesh(State),,000000,N,,,,
573,22497,Dahar (511),डाहर (511),Kandaghat(Sub-District) / Solan(District) / Himachal Pradesh(State),01556500,022497,N,,,,
574,20684,Dalchhab (160),दलछाम्ब(160),Ramshahr(Sub-District) / Solan(District) / Himachal Pradesh(State),01375700,020684,N,,,,
575,22129,Dalehan (17),डलैहण (17),Solan(Sub-District) / Solan(District) / Himachal Pradesh(State),01519700,022129,N,,,,
576,21379,Dalyanh (406),डल्यांह (406),Krishangarh(Sub-District) / Solan(District) / Himachal Pradesh(State),01438900,021379,N,,,,
577,22060,Dalyar (607),दलयार (607),Solan(Sub-District) / Solan(District) / Himachal Pradesh(State),01512800,022060,N,,,,
578,22486,Damdhar (483),डमढार (483),Kandaghat(Sub-District) / Solan(District) / Himachal Pradesh(State),01555400,022486,N,,,,
579,19983,Damlana Jeri (310),डमलाना जेरी (310),Darlaghat(Sub-District) / Solan(District) / Himachal Pradesh(State),01323700,019983,N,,,,
580,19964,Damlana Wala (289),डमलाना वाला (289),Darlaghat(Sub-District) / Solan(District) / Himachal Pradesh(State),01320700,019964,N,,,,
581,21217,Damowala (197),दामोवाला (197),Baddi(Sub-District) / Solan(District) / Himachal Pradesh(State),01458600,021217,N,,,,
582,20354,Damras (214),डमरास (214),Darlaghat(Sub-District) / Solan(District) / Himachal Pradesh(State),01310700,020354,N,,,,
583,22094,Damrog (615),ड़मरोग (615),Solan(Sub-District) / Solan(District) / Himachal Pradesh(State),01516200,022094,N,,,,
584,21632,Damudi (693),दमूडी (693),Kasauli(Sub-District) / Solan(District) / Himachal Pradesh(State),01470000,021632,N,,,,
585,21801,Danai (261),डनाई (261),Solan(Sub-District) / Solan(District) / Himachal Pradesh(State),01486900,021801,N,,,,
586,21543,Dangayar (950),डंगयार (950),Parwanoo(Sub-District) / Solan(District) / Himachal Pradesh(State),01461100,021543,N,,,,
587,20250,Dangri (122),डांगरी (122),Arki(Sub-District) / Solan(District) / Himachal Pradesh(State),01352100,020250,N,,,,
588,21912,Dangri (662),ड़ाँगरी (662),Solan(Sub-District) / Solan(District) / Himachal Pradesh(State),01498000,021912,N,,,,
589,20244,Dangrog (110),डंगरोग (110),Arki(Sub-District) / Solan(District) / Himachal Pradesh(State),01351500,020244,N,,,,
590,21635,Dangyari (698),डंगयारी (698),Kasauli(Sub-District) / Solan(District) / Himachal Pradesh(State),01470300,021635,N,,,,
591,21059,Dano Da Ghat (400),दानो दा घाट (400),Baddi(Sub-District) / Solan(District) / Himachal Pradesh(State),01412900,021059,N,,,,
592,20387,Dano Ka Jubar (39),दानो का जुबड़ (39),Darlaghat(Sub-District) / Solan(District) / Himachal Pradesh(State),01313900,020387,N,,,,
593,20425,Daon (264),दांव (264),Darlaghat(Sub-District) / Solan(District) / Himachal Pradesh(State),01317900,020425,N,,,,
594,21337,Daong (264),दावंग (264),Krishangarh(Sub-District) / Solan(District) / Himachal Pradesh(State),01431500,021337,N,,,,
595,21415,Daonta (455),दावंटा (455),Krishangarh(Sub-District) / Solan(District) / Himachal Pradesh(State),01442500,021415,N,,,,
596,22137,Darah (547),दराँ (547),Solan(Sub-District) / Solan(District) / Himachal Pradesh(State),01520500,022137,N,,,,
597,22165,Darana (542),दराना (542),Solan(Sub-District) / Solan(District) / Himachal Pradesh(State),01523300,022165,N,,,,
598,21381,Darat (410),दाडत (410),Krishangarh(Sub-District) / Solan(District) / Himachal Pradesh(State),01439100,021381,N,,,,
599,20040,Dareota (299),दड़ेवटा (299),Darlaghat(Sub-District) / Solan(District) / Himachal Pradesh(State),01329500,020040,N,,,,
600,22150,Darhog (562),डरहोग (562),Solan(Sub-District) / Solan(District) / Himachal Pradesh(State),01521800,022150,N,,,,
601,20394,Darla (189),दाड़ला (189),Darlaghat(Sub-District) / Solan(District) / Himachal Pradesh(State),01314600,020394,N,,,,
602,20376,Darlaghat,दाड़लाघाट,Darlaghat(Sub-District) / Solan(District) / Himachal Pradesh(State),01312800,020376,N,,,,
603,21404,Darwa (421),दाडवा (421),Krishangarh(Sub-District) / Solan(District) / Himachal Pradesh(State),01441400,021404,N,,,,
604,21899,Daryali (669),ड़रयाली (669),Solan(Sub-District) / Solan(District) / Himachal Pradesh(State),01496700,021899,N,,,,
605,20072,Dasal (67),दसल (67),Arki(Sub-District) / Solan(District) / Himachal Pradesh(State),01334400,020072,N,,,,
606,21131,Dasaura (425),दसौरा (425),Baddi(Sub-District) / Solan(District) / Himachal Pradesh(State),01420900,021131,N,,,,
607,20418,Daseran Jeri (260),दसेरन जेरी (260),Darlaghat(Sub-District) / Solan(District) / Himachal Pradesh(State),01317200,020418,N,,,,
608,20420,Daseran Wala (259),दसेरन वाला (259),Darlaghat(Sub-District) / Solan(District) / Himachal Pradesh(State),01317400,020420,N,,,,
609,21091,Daso Mjra (185),दासो माजरा (185),Baddi(Sub-District) / Solan(District) / Himachal Pradesh(State),01416400,021091,N,,,,
610,19973,Datibrahmana (176),दातीब्राह्मणा (176),Arki(Sub-District) / Solan(District) / Himachal Pradesh(State),01322700,019973,N,,,,
611,19972,Datighumradwa (175),दाती घुमराड़वा (175),Arki(Sub-District) / Solan(District) / Himachal Pradesh(State),01322600,019972,N,,,,
612,20714,Datla (193),दातला (193),Ramshahr(Sub-District) / Solan(District) / Himachal Pradesh(State),01378700,020714,N,,,,
613,20953,Dattowal (137),दत्तोवाल (137),Nalagarh(Sub-District) / Solan(District) / Himachal Pradesh(State),01402600,020953,N,,,,
614,21551,Datyar Khaas (131),दत्तयार खास (131),Kasauli(Sub-District) / Solan(District) / Himachal Pradesh(State),01461900,021551,N,,,,
615,20318,Daud (16),दौड़ (16),Darlaghat(Sub-District) / Solan(District) / Himachal Pradesh(State),01307300,020318,N,,,,
616,20254,Davaras (117),डवारस (117),Arki(Sub-District) / Solan(District) / Himachal Pradesh(State),01352500,020254,N,,,,
617,21651,Dawali (783),दावली (783),Kasauli(Sub-District) / Solan(District) / Himachal Pradesh(State),01471900,021651,N,,,,
618,22149,Dawan Dhar (561),दावनधार (561),Solan(Sub-District) / Solan(District) / Himachal Pradesh(State),01521700,022149,N,,,,
619,22279,Dawanti (350),दांवटी (350),Mamlig(Sub-District) / Solan(District) / Himachal Pradesh(State),01534700,022279,N,,,,
620,22182,Dawarali (526),डवारली (526),Solan(Sub-District) / Solan(District) / Himachal Pradesh(State),01525000,022182,N,,,,
621,21634,Dawlan Kalan (761),दावला कलाँ (761),Kasauli(Sub-District) / Solan(District) / Himachal Pradesh(State),01470200,021634,N,,,,
622,21633,Dawlan Khurd (762),दावला खुर्द (762),Kasauli(Sub-District) / Solan(District) / Himachal Pradesh(State),01470100,021633,N,,,,
623,22128,Dawnsi (11),दाँवसी (11),Solan(Sub-District) / Solan(District) / Himachal Pradesh(State),01519600,022128,N,,,,
624,21925,Dayargudi (657),दयारगुड़ी (657),Solan(Sub-District) / Solan(District) / Himachal Pradesh(State),01499300,021925,N,,,,
625,22393,Ded (446),डेड (446),Kandaghat(Sub-District) / Solan(District) / Himachal Pradesh(State),01546100,022393,N,,,,
626,21594,Ded (732),डेड (732),Kasauli(Sub-District) / Solan(District) / Himachal Pradesh(State),01466200,021594,N,,,,
627,21559,Deeb (120),डीब (120),Kasauli(Sub-District) / Solan(District) / Himachal Pradesh(State),01462700,021559,N,,,,
628,19975,Deeb (167),डीब (167),Arki(Sub-District) / Solan(District) / Himachal Pradesh(State),01322900,019975,N,,,,
629,21753,Dehal (245),डैहल (245),Solan(Sub-District) / Solan(District) / Himachal Pradesh(State),01482100,021753,N,,,,
630,22374,Dehun (429),देहूँ (429),Kandaghat(Sub-District) / Solan(District) / Himachal Pradesh(State),01544200,022374,N,,,,
631,21928,Dehun (652),देहूँ (652),Solan(Sub-District) / Solan(District) / Himachal Pradesh(State),01499600,021928,N,,,,
632,21748,Delgi (238),देलगी (238),Solan(Sub-District) / Solan(District) / Himachal Pradesh(State),01481600,021748,N,,,,
633,20806,Deoli (12),दयोली (12),Panjehra(Sub-District) / Solan(District) / Himachal Pradesh(State),01387900,020806,N,,,,
634,21570,Deori (98),देवरी (98),Kasauli(Sub-District) / Solan(District) / Himachal Pradesh(State),01463800,021570,N,,,,
635,21817,Deothi (6),देवठी (6),Solan(Sub-District) / Solan(District) / Himachal Pradesh(State),01488500,021817,N,,,,
636,21875,Deothi (78),देवठी (78),Solan(Sub-District) / Solan(District) / Himachal Pradesh(State),01494300,021875,N,,,,
637,22363,Dera (64),डेरा (64),Kandaghat(Sub-District) / Solan(District) / Himachal Pradesh(State),01543100,022363,N,,,,
638,20253,Devra (118),देवरा (118),Arki(Sub-District) / Solan(District) / Himachal Pradesh(State),01352400,020253,N,,,,
639,21810,Devthal (10),देवथल (10),Solan(Sub-District) / Solan(District) / Himachal Pradesh(State),01487800,021810,N,,,,
640,20033,Devthal (353),देवथल (353),Arki(Sub-District) / Solan(District) / Himachal Pradesh(State),01328800,020033,N,,,,
641,21323,Dhab (259),ढाब (259),Krishangarh(Sub-District) / Solan(District) / Himachal Pradesh(State),01430100,021323,N,,,,
642,21385,Dhab (414),ढाब (414),Krishangarh(Sub-District) / Solan(District) / Himachal Pradesh(State),01439500,021385,N,,,,
643,22257,Dhablog (221),ढबलोग (221),Mamlig(Sub-District) / Solan(District) / Himachal Pradesh(State),01532500,022257,N,,,,
644,22280,Dhadoi (349),धड़ोई (349),Mamlig(Sub-District) / Solan(District) / Himachal Pradesh(State),01534800,022280,N,,,,
645,21395,Dhadu (381),ढाडू (381),Krishangarh(Sub-District) / Solan(District) / Himachal Pradesh(State),01440500,021395,N,,,,
646,21953,Dhagota (798),दघोटा (798),Solan(Sub-District) / Solan(District) / Himachal Pradesh(State),01502100,021953,N,,,,
647,20170,Dhaina (391),धैणा (391),Arki(Sub-District) / Solan(District) / Himachal Pradesh(State),01344200,020170,N,,,,
648,20200,Dhaini (381),धैणी (381),Kunihar(Sub-District) / Solan(District) / Himachal Pradesh(State),01347200,020200,N,,,,
649,22003,Dhaiyan (908),धाईयाँ (908),Solan(Sub-District) / Solan(District) / Himachal Pradesh(State),01507100,022003,N,,,,
650,20553,Dhakerh (94),,Loharghat(Sub-District) / Solan(District) / Himachal Pradesh(State),01362600,020553,N,,,,
651,22197,Dhakho (570),ढ़ाखों (570),Solan(Sub-District) / Solan(District) / Himachal Pradesh(State),01526500,022197,N,,,,
652,21972,Dhakho (805),ढ़ाखों (805),Solan(Sub-District) / Solan(District) / Himachal Pradesh(State),01504000,021972,N,,,,
653,21115,Dhakhru Majra (212),धखड़ूमाजरा (212),Baddi(Sub-District) / Solan(District) / Himachal Pradesh(State),01419200,021115,N,,,,
654,21290,Dhakriana (337),ढकरियाणा (337),Krishangarh(Sub-District) / Solan(District) / Himachal Pradesh(State),01426800,021290,N,,,,
655,21477,Dhala (142),धाला (142),Kasauli(Sub-District) / Solan(District) / Himachal Pradesh(State),01452200,021477,N,,,,
656,22324,Dhala (80),धाला (80),Mamlig(Sub-District) / Solan(District) / Himachal Pradesh(State),01539200,022324,N,,,,
657,20768,Dhala Thaon (17),ढलाथौं (17),Panjehra(Sub-District) / Solan(District) / Himachal Pradesh(State),01384100,020768,N,,,,
658,20594,Dhaleri (127),धलेरी(127),Loharghat(Sub-District) / Solan(District) / Himachal Pradesh(State),01366700,020594,N,,,,
659,21657,Dhali (711),धाली (711),Kasauli(Sub-District) / Solan(District) / Himachal Pradesh(State),01472500,021657,N,,,,
660,20633,Dhalmoo (242),धलमु(242),Ramshahr(Sub-District) / Solan(District) / Himachal Pradesh(State),01370600,020633,N,,,,
661,20458,Dhamog (178),धमोग (178),Darlaghat(Sub-District) / Solan(District) / Himachal Pradesh(State),01322500,020458,N,,,,
662,22213,Dhamra (590),घमरा (590),Solan(Sub-District) / Solan(District) / Himachal Pradesh(State),01528100,022213,N,,,,
663,21186,Dhamrot (205),धमरोट (205),Baddi(Sub-District) / Solan(District) / Himachal Pradesh(State),01449300,021186,N,,,,
664,22373,Dhamyari (428),ढमयारी (428),Kandaghat(Sub-District) / Solan(District) / Himachal Pradesh(State),01544100,022373,N,,,,
665,21077,Dhana(159),ढाणा (159),Baddi(Sub-District) / Solan(District) / Himachal Pradesh(State),01415000,021077,N,,,,
666,20906,Dhana (95),ढाणा (95),Nalagarh(Sub-District) / Solan(District) / Himachal Pradesh(State),01397900,020906,N,,,,
667,22282,Dhando (312),धान्दो (312),Mamlig(Sub-District) / Solan(District) / Himachal Pradesh(State),01535000,022282,N,,,,
668,21369,Dhandri (488),धान्धडी (488),Krishangarh(Sub-District) / Solan(District) / Himachal Pradesh(State),01437900,021369,N,,,,
669,21774,Dhaneri (298 ),धनेरी (298),Solan(Sub-District) / Solan(District) / Himachal Pradesh(State),01484200,021774,N,,,,
670,22484,Dhangil (485),धंगील (485),Kandaghat(Sub-District) / Solan(District) / Himachal Pradesh(State),01555200,022484,N,,,,
671,20911,Dhang Nichli (90),ढांग  निचलली (90),Nalagarh(Sub-District) / Solan(District) / Himachal Pradesh(State),01398400,020911,N,,,,
672,21380,Dhangri Ki Ser (408),डांगरी की सेर (408),Krishangarh(Sub-District) / Solan(District) / Himachal Pradesh(State),01439000,021380,N,,,,
673,20910,Dhang Uperli (89),ढांग उपरली (89),Nalagarh(Sub-District) / Solan(District) / Himachal Pradesh(State),01398300,020910,N,,,,
674,21182,Dhaniawan (218),धन्यावन (218),Baddi(Sub-District) / Solan(District) / Himachal Pradesh(State),01448900,021182,N,,,,
675,21825,Dhanori (25/301),धनौरी (25/301),Solan(Sub-District) / Solan(District) / Himachal Pradesh(State),01489300,021825,N,,,,
676,22116,Dhar (22),धार (22),Solan(Sub-District) / Solan(District) / Himachal Pradesh(State),01518400,022116,N,,,,
677,21195,Dhar (224),धर (224),Baddi(Sub-District) / Solan(District) / Himachal Pradesh(State),01450200,021195,N,,,,
678,21175,Dhar (242),धार (242),Baddi(Sub-District) / Solan(District) / Himachal Pradesh(State),01447400,021175,N,,,,
679,20504,Dhar (273),धार (273),Ramshahr(Sub-District) / Solan(District) / Himachal Pradesh(State),01357700,020504,N,,,,
680,20505,Dhar (274),धार (274),Ramshahr(Sub-District) / Solan(District) / Himachal Pradesh(State),01357800,020505,N,,,,
681,21377,Dhar (423),धार (423),Krishangarh(Sub-District) / Solan(District) / Himachal Pradesh(State),01438700,021377,N,,,,
682,22190,Dhar (573),धार (573),Solan(Sub-District) / Solan(District) / Himachal Pradesh(State),01525800,022190,N,,,,
683,21871,Dhar (65),धार (65),Solan(Sub-District) / Solan(District) / Himachal Pradesh(State),01493900,021871,N,,,,
684,21685,Dhar (897),धार (897),Kasauli(Sub-District) / Solan(District) / Himachal Pradesh(State),01475300,021685,N,,,,
685,20059,Dharail (485),धरैल (485),Arki(Sub-District) / Solan(District) / Himachal Pradesh(State),01333100,020059,N,,,,
686,21113,Dharampur (193),धर्मपुर (193),Baddi(Sub-District) / Solan(District) / Himachal Pradesh(State),01419000,021113,N,,,,
687,20185,Dharampur (447),धर्मपुर (447),Arki(Sub-District) / Solan(District) / Himachal Pradesh(State),01345700,020185,N,,,,
688,21629,Dharampur Bathol (768),धर्मपुर बठोल (768),Kasauli(Sub-District) / Solan(District) / Himachal Pradesh(State),01469700,021629,N,,,,
689,22087,Dharanjati Kala (635),धराजटी कलां (635),Solan(Sub-District) / Solan(District) / Himachal Pradesh(State),01515500,022087,N,,,,
690,22080,Dharanjati Urf Dhobtan (628),धरांजटीउर्फ धोबटन (628),Solan(Sub-District) / Solan(District) / Himachal Pradesh(State),01514800,022080,N,,,,
691,22088,Dharanjti Khurd (634),धराजटी खुर्द (634),Solan(Sub-District) / Solan(District) / Himachal Pradesh(State),01515600,022088,N,,,,
692,19960,Dharath (277),धारठ  (277),Darlaghat(Sub-District) / Solan(District) / Himachal Pradesh(State),01320000,019960,N,,,,
693,21999,Dhar Banar (884),धार बनाड़ (884),Solan(Sub-District) / Solan(District) / Himachal Pradesh(State),01506700,021999,N,,,,
694,20169,Dharbrahmanan (385),धारब्राह्मणा (385),Arki(Sub-District) / Solan(District) / Himachal Pradesh(State),01344100,020169,N,,,,
695,20495,Dhar Brahmna (279),धार ब्राहम्रणा(279),Ramshahr(Sub-District) / Solan(District) / Himachal Pradesh(State),01356800,020495,N,,,,
696,21823,Dhar Brahmna (302),धार ब्राहमणा (302),Solan(Sub-District) / Solan(District) / Himachal Pradesh(State),01489100,021823,N,,,,
697,22010,Dharda (857),धारड़ा (857),Solan(Sub-District) / Solan(District) / Himachal Pradesh(State),01507800,022010,N,,,,
698,21031,Dhar Da Ghat (451),धार दा घाट (451),Baddi(Sub-District) / Solan(District) / Himachal Pradesh(State),01410100,021031,N,,,,
699,21177,Dhar Dhaniawan (215),धार धन्यावन (215),Baddi(Sub-District) / Solan(District) / Himachal Pradesh(State),01448400,021177,N,,,,
700,21360,Dhardu (254),धारडू (254),Krishangarh(Sub-District) / Solan(District) / Himachal Pradesh(State),01437000,021360,N,,,,
701,20719,Dharel (34),धरैल  (34),Panjehra(Sub-District) / Solan(District) / Himachal Pradesh(State),01379200,020719,N,,,,
702,21277,Dhar Guhag (351),धार गुहाग (351),Krishangarh(Sub-District) / Solan(District) / Himachal Pradesh(State),01425500,021277,N,,,,
703,22285,Dharin (305),धरीन (305),Mamlig(Sub-District) / Solan(District) / Himachal Pradesh(State),01535300,022285,N,,,,
704,22194,Dharja (578),धर्जा (578),Solan(Sub-District) / Solan(District) / Himachal Pradesh(State),01526200,022194,N,,,,
705,20168,Dharjatan (395),धारजट्टा (395),Arki(Sub-District) / Solan(District) / Himachal Pradesh(State),01344000,020168,N,,,,
706,21166,Dhar Jist (294),धार जिस्ट (294),Baddi(Sub-District) / Solan(District) / Himachal Pradesh(State),01434600,021166,N,,,,
707,21335,Dhar Jokhari (430),धार जोखडी (430),Krishangarh(Sub-District) / Solan(District) / Himachal Pradesh(State),01431300,021335,N,,,,
708,21293,Dhar Kanetain (336),धार कनैता (336),Krishangarh(Sub-District) / Solan(District) / Himachal Pradesh(State),01427100,021293,N,,,,
709,21824,Dhar Kaneta Koliyan (303),धार कनैता कोलियाँ (303),Solan(Sub-District) / Solan(District) / Himachal Pradesh(State),01489200,021824,N,,,,
710,21128,Dhar Kauliyan (436),धार कोलियां (436),Baddi(Sub-District) / Solan(District) / Himachal Pradesh(State),01420600,021128,N,,,,
711,21630,Dhar Ki Ber (763),धार की बेड (763),Kasauli(Sub-District) / Solan(District) / Himachal Pradesh(State),01469800,021630,N,,,,
712,22432,Dhar Ki Ser (464),धार की सेर (464),Kandaghat(Sub-District) / Solan(District) / Himachal Pradesh(State),01550000,022432,N,,,,
713,20943,Dhar Kotla (359),धार कोटला (359),Nalagarh(Sub-District) / Solan(District) / Himachal Pradesh(State),01401600,020943,N,,,,
714,20680,Dharmana (156),धरमाणा (156),Ramshahr(Sub-District) / Solan(District) / Himachal Pradesh(State),01375300,020680,N,,,,
715,20515,Dharmana (267),धरमाणा (267),Ramshahr(Sub-District) / Solan(District) / Himachal Pradesh(State),01358800,020515,N,,,,
716,21296,Dhar Mehtain (335),धार मैहता (335),Krishangarh(Sub-District) / Solan(District) / Himachal Pradesh(State),01427400,021296,N,,,,
717,22154,Dharo (557),धारों (557),Solan(Sub-District) / Solan(District) / Himachal Pradesh(State),01522200,022154,N,,,,
718,22039,Dharo (846),धारों (846),Solan(Sub-District) / Solan(District) / Himachal Pradesh(State),01510700,022039,N,,,,
719,21184,Dharoa (210),धरोआ (210),Baddi(Sub-District) / Solan(District) / Himachal Pradesh(State),01449100,021184,N,,,,
720,21974,Dharol (817),धरोल (817),Solan(Sub-District) / Solan(District) / Himachal Pradesh(State),01504200,021974,N,,,,
721,21891,Dharot (51),धरोट (51),Solan(Sub-District) / Solan(District) / Himachal Pradesh(State),01495900,021891,N,,,,
722,22439,Dharoti (457),धरोटी (457),Kandaghat(Sub-District) / Solan(District) / Himachal Pradesh(State),01550700,022439,N,,,,
723,20340,Dhar Parli (19),धार पारली (19),Darlaghat(Sub-District) / Solan(District) / Himachal Pradesh(State),01309500,020340,N,,,,
724,19970,Dharshawag (172),धार शावग (172),Arki(Sub-District) / Solan(District) / Himachal Pradesh(State),01322300,019970,N,,,,
725,21489,Dharti (175),धारठी (175),Kasauli(Sub-District) / Solan(District) / Himachal Pradesh(State),01453400,021489,N,,,,
726,21673,Dharti Khurd (776),घरटी खुर्द (776),Kasauli(Sub-District) / Solan(District) / Himachal Pradesh(State),01474100,021673,N,,,,
727,20336,Dhar Varli (20),धार वारली (20),Darlaghat(Sub-District) / Solan(District) / Himachal Pradesh(State),01309100,020336,N,,,,
728,21375,Dhaula (432),डल्यांह (432),Krishangarh(Sub-District) / Solan(District) / Himachal Pradesh(State),01438500,021375,N,,,,
729,21220,Dhaular (194),धौलर (194),Baddi(Sub-District) / Solan(District) / Himachal Pradesh(State),01458900,021220,N,,,,
730,21052,Dhaulghat (411),धौलघाट (411),Baddi(Sub-District) / Solan(District) / Himachal Pradesh(State),01412200,021052,N,,,,
731,20621,Dhauni (245),धोणी(245),Ramshahr(Sub-District) / Solan(District) / Himachal Pradesh(State),01369400,020621,N,,,,
732,22289,Dhawala (197),ढयावला (197),Mamlig(Sub-District) / Solan(District) / Himachal Pradesh(State),01535700,022289,N,,,,
733,19978,Dhayanpur (164),ध्यानपुर (164),Arki(Sub-District) / Solan(District) / Himachal Pradesh(State),01323200,019978,N,,,,
734,21258,Dhayla (360),धायला (360),Krishangarh(Sub-District) / Solan(District) / Himachal Pradesh(State),01423600,021258,N,,,,
735,21084,Dhela (178),ढेला (178),Baddi(Sub-District) / Solan(District) / Himachal Pradesh(State),01415700,021084,N,,,,
736,20961,Dher Majra (103),ढेर माजरा (103),Nalagarh(Sub-District) / Solan(District) / Himachal Pradesh(State),01403400,020961,N,,,,
737,22410,Dhiari (424),ध्यारी (424),Kandaghat(Sub-District) / Solan(District) / Himachal Pradesh(State),01547800,022410,N,,,,
738,21959,Dhillo (802),ढ़िल्लो (802),Solan(Sub-District) / Solan(District) / Himachal Pradesh(State),01502700,021959,N,,,,
739,20654,Dholsra (211),ढोलसिरा(211),Ramshahr(Sub-District) / Solan(District) / Himachal Pradesh(State),01372700,020654,N,,,,
740,20639,Dhoonher (223),धुंहर(223),Ramshahr(Sub-District) / Solan(District) / Himachal Pradesh(State),01371200,020639,N,,,,
741,20433,Dhundan (268),धुन्दन (268),Darlaghat(Sub-District) / Solan(District) / Himachal Pradesh(State),01318700,020433,N,,,,
742,20896,Dhundli Gopi (85),धंधली गोपी (85),Nalagarh(Sub-District) / Solan(District) / Himachal Pradesh(State),01396900,020896,N,,,,
743,21393,Dib (382),डीब (382),Krishangarh(Sub-District) / Solan(District) / Himachal Pradesh(State),01440300,021393,N,,,,
744,22028,Did (874),दीद (874),Solan(Sub-District) / Solan(District) / Himachal Pradesh(State),01509600,022028,N,,,,
745,20091,Didu (148),दिदू (148),Arki(Sub-District) / Solan(District) / Himachal Pradesh(State),01336300,020091,N,,,,
746,20578,Didu (92),दीदु(92),Loharghat(Sub-District) / Solan(District) / Himachal Pradesh(State),01365100,020578,N,,,,
747,20679,Digal (183),दीगल(183),Ramshahr(Sub-District) / Solan(District) / Himachal Pradesh(State),01375200,020679,N,,,,
748,21640,Dihari (683),दिहाडी (683),Kasauli(Sub-District) / Solan(District) / Himachal Pradesh(State),01470800,021640,N,,,,
749,20415,Dinan (253),डीनन (253),Darlaghat(Sub-District) / Solan(District) / Himachal Pradesh(State),01316900,020415,N,,,,
750,21983,Div Bagdi (822),डीव बागड़ी (822),Solan(Sub-District) / Solan(District) / Himachal Pradesh(State),01505100,021983,N,,,,
751,22253,Diwin (228),दींवी (228),Mamlig(Sub-District) / Solan(District) / Himachal Pradesh(State),01532100,022253,N,,,,
752,22334,Diyawanda (69),डियावन्ड़ा (69),Mamlig(Sub-District) / Solan(District) / Himachal Pradesh(State),01540200,022334,N,,,,
753,21966,Diyud (829),दियूड़ (829),Solan(Sub-District) / Solan(District) / Himachal Pradesh(State),01503400,021966,N,,,,
754,21155,Dochhanu (304),दोछनु (304),Baddi(Sub-District) / Solan(District) / Himachal Pradesh(State),01433500,021155,N,,,,
755,21566,Dochi (102),दोहची (102),Kasauli(Sub-District) / Solan(District) / Himachal Pradesh(State),01463400,021566,N,,,,
756,21762,Dochi Chamara (271),दोची चमारां (271),Solan(Sub-District) / Solan(District) / Himachal Pradesh(State),01483000,021762,N,,,,
757,21761,Dochi Kaneta (265),दोची कनैता (265),Solan(Sub-District) / Solan(District) / Himachal Pradesh(State),01482900,021761,N,,,,
758,20675,Dodanoo (198),डोडनु (198),Ramshahr(Sub-District) / Solan(District) / Himachal Pradesh(State),01374800,020675,N,,,,
759,21067,Doduwal (175),डोडुवाल (175),Baddi(Sub-District) / Solan(District) / Himachal Pradesh(State),01413700,021067,N,,,,
760,20281,Dohchi (474),दोहची (474),Kunihar(Sub-District) / Solan(District) / Himachal Pradesh(State),01354900,020281,N,,,,
761,20224,Dohchi (489),दोहची (489),Arki(Sub-District) / Solan(District) / Himachal Pradesh(State),01349500,020224,N,,,,
762,20922,Dohra (334),डोहरा (334),Nalagarh(Sub-District) / Solan(District) / Himachal Pradesh(State),01399500,020922,N,,,,
763,20582,Dohra (79),डोहरा(79),Loharghat(Sub-District) / Solan(District) / Himachal Pradesh(State),01365500,020582,N,,,,
764,21246,Dohra Katal (396),डोहरा काटल (396),Krishangarh(Sub-District) / Solan(District) / Himachal Pradesh(State),01422400,021246,N,,,,
765,20597,Dohri (134),डोहरी(134),Loharghat(Sub-District) / Solan(District) / Himachal Pradesh(State),01367000,020597,N,,,,
766,20789,Dol (27),डोल (27),Panjehra(Sub-District) / Solan(District) / Himachal Pradesh(State),01386200,020789,N,,,,
767,19996,Dol (321),डोल (321),Darlaghat(Sub-District) / Solan(District) / Himachal Pradesh(State),01325100,019996,N,,,,
768,20890,Dol (330),डोल (330),Nalagarh(Sub-District) / Solan(District) / Himachal Pradesh(State),01396300,020890,N,,,,
769,21712,Dol (915),डोल  (915),Parwanoo(Sub-District) / Solan(District) / Himachal Pradesh(State),01478000,021712,N,,,,
770,21901,Dol Abbal (668),ड़ोल अव्वल (668),Solan(Sub-District) / Solan(District) / Himachal Pradesh(State),01496900,021901,N,,,,
771,21902,Dol Dom (667),ड़ोल दोम (667),Solan(Sub-District) / Solan(District) / Himachal Pradesh(State),01497000,021902,N,,,,
772,20508,Doli (63),डोली(63),Ramshahr(Sub-District) / Solan(District) / Himachal Pradesh(State),01358100,020508,N,,,,
773,20839,Dolowal (69),दौलोवाल (69),Nalagarh(Sub-District) / Solan(District) / Himachal Pradesh(State),01391200,020839,N,,,,
774,20507,Dolru (62),डोलरू(62),Ramshahr(Sub-District) / Solan(District) / Himachal Pradesh(State),01358000,020507,N,,,,
775,22333,Domehar (70),डुमैहर (70),Kandaghat(Sub-District) / Solan(District) / Himachal Pradesh(State),01540100,022333,N,,,,
776,20363,Donru (222),डोंरू (222),Darlaghat(Sub-District) / Solan(District) / Himachal Pradesh(State),01311600,020363,N,,,,
777,22307,Dooh (209),डूह (209),Mamlig(Sub-District) / Solan(District) / Himachal Pradesh(State),01537500,022307,N,,,,
778,21330,Dooh (428),डूह (428),Krishangarh(Sub-District) / Solan(District) / Himachal Pradesh(State),01430800,021330,N,,,,
779,939361,D.P.F. Thandoo,डी.पी.एफ ठण्डू,Kasauli(Sub-District) / Solan(District) / Himachal Pradesh(State),,000000,N,,,,
780,22068,Dranh (624),दराँ (624),Solan(Sub-District) / Solan(District) / Himachal Pradesh(State),01513600,022068,N,,,,
781,20121,Dudhana (416),दूधाणा (416),Kunihar(Sub-District) / Solan(District) / Himachal Pradesh(State),01339300,020121,N,,,,
782,20355,Dugli (215),डुगली (215),Darlaghat(Sub-District) / Solan(District) / Himachal Pradesh(State),01310800,020355,N,,,,
783,20403,Dugniar (261),डुगनिहार (261),Darlaghat(Sub-District) / Solan(District) / Himachal Pradesh(State),01315700,020403,N,,,,
784,20427,Dugnu (262),डुगनू (262),Darlaghat(Sub-District) / Solan(District) / Himachal Pradesh(State),01318100,020427,N,,,,
785,21752,Dugri(246),दुगड़ी (246),Solan(Sub-District) / Solan(District) / Himachal Pradesh(State),01482000,021752,N,,,,
786,20881,Dunga Naal (340),डुन्गा नाल(340),Nalagarh(Sub-District) / Solan(District) / Himachal Pradesh(State),01395400,020881,N,,,,
787,21991,Dungi Beshagi (890),डूँगी बेशँगी (890),Solan(Sub-District) / Solan(District) / Himachal Pradesh(State),01505900,021991,N,,,,
788,21483,Dungi Ser (174),डुगी सैर (174),Kasauli(Sub-District) / Solan(District) / Himachal Pradesh(State),01452800,021483,N,,,,
789,21151,Duni (323),डुनी (323),Baddi(Sub-District) / Solan(District) / Himachal Pradesh(State),01433100,021151,N,,,,
790,22444,Duno (467),डुनो (467),Kandaghat(Sub-District) / Solan(District) / Himachal Pradesh(State),01551200,022444,N,,,,
791,22445,Dunti (466),डुन्टी (466),Kandaghat(Sub-District) / Solan(District) / Himachal Pradesh(State),01551300,022445,N,,,,
792,21248,Durgapur (397),दुर्गापुर (397),Krishangarh(Sub-District) / Solan(District) / Himachal Pradesh(State),01422600,021248,N,,,,
793,19993,Dwari (315),दवारी (315),Darlaghat(Sub-District) / Solan(District) / Himachal Pradesh(State),01324800,019993,N,,,,
794,20396,Dwaru (180),डवारु (180),Darlaghat(Sub-District) / Solan(District) / Himachal Pradesh(State),01314800,020396,N,,,,
795,22151,Dyarag Bukhar (563),डयारग बुखार (563),Solan(Sub-District) / Solan(District) / Himachal Pradesh(State),01521900,022151,N,,,,
796,20444,Er (276),एर (276),Darlaghat(Sub-District) / Solan(District) / Himachal Pradesh(State),01319800,020444,N,,,,
797,21267,Era (358),ऐरा (358),Krishangarh(Sub-District) / Solan(District) / Himachal Pradesh(State),01424500,021267,N,,,,
798,20389,Eyu (192),ईयू  (192),Darlaghat(Sub-District) / Solan(District) / Himachal Pradesh(State),01314100,020389,N,,,,
799,22179,Faago (525),फागो (525),Solan(Sub-District) / Solan(District) / Himachal Pradesh(State),01524700,022179,N,,,,
800,22263,Fagoli (314),फगोली (314),Mamlig(Sub-District) / Solan(District) / Himachal Pradesh(State),01533100,022263,N,,,,
801,21788,Fagwaya (250),फगवाया (250),Solan(Sub-District) / Solan(District) / Himachal Pradesh(State),01485600,021788,N,,,,
802,22142,Falayi (550 ),फलाई (550),Solan(Sub-District) / Solan(District) / Himachal Pradesh(State),01521000,022142,N,,,,
803,22123,Falog (8),फलोग (8),Solan(Sub-District) / Solan(District) / Himachal Pradesh(State),01519100,022123,N,,,,
804,22210,Fangadi (586),फँगाड़ी (586),Solan(Sub-District) / Solan(District) / Himachal Pradesh(State),01527800,022210,N,,,,
805,21765,Fangol (275),फंगोल (275),Solan(Sub-District) / Solan(District) / Himachal Pradesh(State),01483300,021765,N,,,,
806,20046,Fanjho (171),फान्जों (171),Arki(Sub-District) / Solan(District) / Himachal Pradesh(State),01330200,020046,N,,,,
807,22135,Fashkana (25),फशकना (25),Solan(Sub-District) / Solan(District) / Himachal Pradesh(State),01520300,022135,N,,,,
808,22138,Fashkana (545),फशकना (545),Solan(Sub-District) / Solan(District) / Himachal Pradesh(State),01520600,022138,N,,,,
809,20066,Fawan Brahmana (88),फांवा ब्राह्मणा (88),Arki(Sub-District) / Solan(District) / Himachal Pradesh(State),01333800,020066,N,,,,
810,20067,Fawan Kaneta (74),फांवाकनैता (74),Arki(Sub-District) / Solan(District) / Himachal Pradesh(State),01333900,020067,N,,,,
811,20506,Gabar (275),गाबर (275),Ramshahr(Sub-District) / Solan(District) / Himachal Pradesh(State),01357900,020506,N,,,,
812,20525,Gadaon (262),गडौण (262),Ramshahr(Sub-District) / Solan(District) / Himachal Pradesh(State),01359800,020525,N,,,,
813,21848,Gaddon (24),गद्दो (24),Solan(Sub-District) / Solan(District) / Himachal Pradesh(State),01491600,021848,N,,,,
814,22200,Gadhog (594),गड़होग (594),Solan(Sub-District) / Solan(District) / Himachal Pradesh(State),01526800,022200,N,,,,
815,939373,Gadhog (650),गड़होग (650),Solan(Sub-District) / Solan(District) / Himachal Pradesh(State),,000000,N,,,,
816,22180,Gadkhola (527),गड़खोला (527),Solan(Sub-District) / Solan(District) / Himachal Pradesh(State),01524800,022180,N,,,,
817,22337,Gadog (49),गड़ोग (49),Mamlig(Sub-District) / Solan(District) / Himachal Pradesh(State),01540500,022337,N,,,,
818,21622,Gadyana (756),गड़याना (756),Kasauli(Sub-District) / Solan(District) / Himachal Pradesh(State),01469000,021622,N,,,,
819,21703,Gadyar (901),गडयार (901),Parwanoo(Sub-District) / Solan(District) / Himachal Pradesh(State),01477100,021703,N,,,,
820,20979,Gaguwal (122),गागुवाल (122),Nalagarh(Sub-District) / Solan(District) / Himachal Pradesh(State),01405400,020979,N,,,,
821,20213,Gahar (126),गाहर (126),Arki(Sub-District) / Solan(District) / Himachal Pradesh(State),01348400,020213,N,,,,
822,21423,Gahar (448),गाहर (448),Krishangarh(Sub-District) / Solan(District) / Himachal Pradesh(State),01443300,021423,N,,,,
823,21364,Gahar (502),गाहर (502),Krishangarh(Sub-District) / Solan(District) / Himachal Pradesh(State),01437400,021364,N,,,,
824,20070,Gahar (75),गाहर (75),Arki(Sub-District) / Solan(District) / Himachal Pradesh(State),01334200,020070,N,,,,
825,21618,Gahar (754),गाहर (754),Kasauli(Sub-District) / Solan(District) / Himachal Pradesh(State),01468600,021618,N,,,,
826,20475,Gahda (65),गहदा (65),Darlaghat(Sub-District) / Solan(District) / Himachal Pradesh(State),01331900,020475,N,,,,
827,21564,Gahi (118),गाही (118),Kasauli(Sub-District) / Solan(District) / Himachal Pradesh(State),01463200,021564,N,,,,
828,20113,Gaind (404),गैण्ड (404),Arki(Sub-District) / Solan(District) / Himachal Pradesh(State),01338500,020113,N,,,,
829,22097,Galahan (36),गलां (36),Solan(Sub-District) / Solan(District) / Himachal Pradesh(State),01516500,022097,N,,,,
830,22073,Galanag (614),गलानग (614),Solan(Sub-District) / Solan(District) / Himachal Pradesh(State),01514100,022073,N,,,,
831,20219,Galog (495),गलोग (495),Arki(Sub-District) / Solan(District) / Himachal Pradesh(State),01349000,020219,N,,,,
832,20752,Galot (29),गलोट (29),Panjehra(Sub-District) / Solan(District) / Himachal Pradesh(State),01382500,020752,N,,,,
833,21956,Galyana (831),गलयाणा (831),Solan(Sub-District) / Solan(District) / Himachal Pradesh(State),01502400,021956,N,,,,
834,21798,Gamjhoon (257),गमझून (257),Solan(Sub-District) / Solan(District) / Himachal Pradesh(State),01486600,021798,N,,,,
835,20408,Ganana (243),गानना (243),Darlaghat(Sub-District) / Solan(District) / Himachal Pradesh(State),01316200,020408,N,,,,
836,21637,Gandhol (707),गन्धोल (707),Kasauli(Sub-District) / Solan(District) / Himachal Pradesh(State),01470500,021637,N,,,,
837,20431,Gandhyota (283),गन्धेवटा (283),Darlaghat(Sub-District) / Solan(District) / Himachal Pradesh(State),01318500,020431,N,,,,
838,20876,Gandu Ki Dhar (341),गैन्दु की धार (341),Nalagarh(Sub-District) / Solan(District) / Himachal Pradesh(State),01394900,020876,N,,,,
839,20861,Ganerhar (305),गनेहङ (305),Panjehra(Sub-District) / Solan(District) / Himachal Pradesh(State),01393400,020861,N,,,,
840,22114,Gan Ki Ser (21),गण की सेर (21),Solan(Sub-District) / Solan(District) / Himachal Pradesh(State),01518200,022114,N,,,,
841,21516,Ganol (718),गनोल (718),Kasauli(Sub-District) / Solan(District) / Himachal Pradesh(State),01456100,021516,N,,,,
842,22328,Ganrori (79),गनरोड़ी (79),Mamlig(Sub-District) / Solan(District) / Himachal Pradesh(State),01539600,022328,N,,,,
843,22350,Gara (40),गरा (40),Kandaghat(Sub-District) / Solan(District) / Himachal Pradesh(State),01541800,022350,N,,,,
844,21895,Gara (56),गरा (56),Solan(Sub-District) / Solan(District) / Himachal Pradesh(State),01496300,021895,N,,,,
845,21897,Gara (665),गरा (665),Solan(Sub-District) / Solan(District) / Himachal Pradesh(State),01496500,021897,N,,,,
846,20970,Garjewal (109),गरजेवाल (109),Nalagarh(Sub-District) / Solan(District) / Himachal Pradesh(State),01404300,020970,N,,,,
847,21569,Garkhal (713),गढ़खल (713),Kasauli(Sub-District) / Solan(District) / Himachal Pradesh(State),01463700,021569,N,,,,
848,20875,Garloh (339),गरलोह(339),Nalagarh(Sub-District) / Solan(District) / Himachal Pradesh(State),01394800,020875,N,,,,
849,22143,Garog (551),गरोग (551),Solan(Sub-District) / Solan(District) / Himachal Pradesh(State),01521100,022143,N,,,,
850,22315,Garu (75),गरू (75),Mamlig(Sub-District) / Solan(District) / Himachal Pradesh(State),01538300,022315,N,,,,
851,20439,Gatehr (250),गतेड़ (250),Darlaghat(Sub-District) / Solan(District) / Himachal Pradesh(State),01319300,020439,N,,,,
852,22026,Gatogda (872),गटोगड़ा (872),Solan(Sub-District) / Solan(District) / Himachal Pradesh(State),01509400,022026,N,,,,
853,21990,Gatoli (889),गटोली (889),Solan(Sub-District) / Solan(District) / Himachal Pradesh(State),01505800,021990,N,,,,
854,22161,Gatool (536),गटूल (536),Solan(Sub-District) / Solan(District) / Himachal Pradesh(State),01522900,022161,N,,,,
855,22499,Gaura (513),गौड़ा (513),Kandaghat(Sub-District) / Solan(District) / Himachal Pradesh(State),01556700,022499,N,,,,
856,20262,Gawada (454),गांवड़ा (454),Arki(Sub-District) / Solan(District) / Himachal Pradesh(State),01353000,020262,N,,,,
857,20395,Gawah (187),गवाह (187),Darlaghat(Sub-District) / Solan(District) / Himachal Pradesh(State),01314700,020395,N,,,,
858,20510,Gazed (65),गजेड़(65),Ramshahr(Sub-District) / Solan(District) / Himachal Pradesh(State),01358300,020510,N,,,,
859,22342,Gehar (67),गैहर (67),Mamlig(Sub-District) / Solan(District) / Himachal Pradesh(State),01541000,022342,N,,,,
860,20622,Gehlu (237),गेहलू(237),Ramshahr(Sub-District) / Solan(District) / Himachal Pradesh(State),01369500,020622,N,,,,
861,22206,Ghadsi (595),घड़सी (595),Solan(Sub-District) / Solan(District) / Himachal Pradesh(State),01527400,022206,N,,,,
862,21759,Ghadyan (269),घड़यान (269),Solan(Sub-District) / Solan(District) / Himachal Pradesh(State),01482700,021759,N,,,,
863,21592,Ghadyan (726),घडयान (726),Kasauli(Sub-District) / Solan(District) / Himachal Pradesh(State),01466000,021592,N,,,,
864,22395,Ghalai (449),घलाई (449),Kandaghat(Sub-District) / Solan(District) / Himachal Pradesh(State),01546300,022395,N,,,,
865,20470,Ghalot (53),घलोत (53),Darlaghat(Sub-District) / Solan(District) / Himachal Pradesh(State),01331300,020470,N,,,,
866,22107,Ghalut Kalan (4),घलूत कलाँ (4),Solan(Sub-District) / Solan(District) / Himachal Pradesh(State),01517500,022107,N,,,,
867,22106,Ghalut Khurd (3),घलूूत खुर्द (5),Solan(Sub-District) / Solan(District) / Himachal Pradesh(State),01517400,022106,N,,,,
868,21027,Ghamandal Khurd (393),घरमंडल खुर्द (393),Baddi(Sub-District) / Solan(District) / Himachal Pradesh(State),01409700,021027,N,,,,
869,20344,Ghamaro (27),घमारो (27),Darlaghat(Sub-District) / Solan(District) / Himachal Pradesh(State),01309900,020344,N,,,,
870,21708,Ghamaro (904),घमारों (904),Parwanoo(Sub-District) / Solan(District) / Himachal Pradesh(State),01477600,021708,N,,,,
871,20042,Ghanagu (161),घणागू (161),Arki(Sub-District) / Solan(District) / Himachal Pradesh(State),01329700,020042,N,,,,
872,21472,Ghandail (141),घन्डैल (141),Kasauli(Sub-District) / Solan(District) / Himachal Pradesh(State),01451700,021472,N,,,,
873,20948,Ghansot(135),घनसोत (135),Nalagarh(Sub-District) / Solan(District) / Himachal Pradesh(State),01402100,020948,N,,,,
874,21165,Gharer (296),घरेड़ (296),Baddi(Sub-District) / Solan(District) / Himachal Pradesh(State),01434500,021165,N,,,,
875,20104,Ghariach (400),घड़याच (400),Arki(Sub-District) / Solan(District) / Himachal Pradesh(State),01337600,020104,N,,,,
876,20581,Ghariach (90),घडयाच(90),Loharghat(Sub-District) / Solan(District) / Himachal Pradesh(State),01365400,020581,N,,,,
877,21026,Ghar Mandal Kalan (392),घरमंडल कलां (392),Baddi(Sub-District) / Solan(District) / Himachal Pradesh(State),01409600,021026,N,,,,
878,20098,Gharno (147),घरनो (147),Arki(Sub-District) / Solan(District) / Himachal Pradesh(State),01337000,020098,N,,,,
879,22066,Gharog (608),गरोग (608),Solan(Sub-District) / Solan(District) / Himachal Pradesh(State),01513400,022066,N,,,,
880,20810,Gharoti (9),घरोटी (9),Panjehra(Sub-District) / Solan(District) / Himachal Pradesh(State),01388300,020810,N,,,,
881,21260,Gharsi Brahmna (364),घडसी ब्राहमणा (364),Krishangarh(Sub-District) / Solan(District) / Himachal Pradesh(State),01423800,021260,N,,,,
882,21259,Gharsi Kanaitan (359),घडसी कनैता (359),Krishangarh(Sub-District) / Solan(District) / Himachal Pradesh(State),01423700,021259,N,,,,
883,21601,Gharsi Kukana (731),धडसी कुकाना (731),Kasauli(Sub-District) / Solan(District) / Himachal Pradesh(State),01466900,021601,N,,,,
884,21678,Gharti Banani (777),घरटी बनानी (777),Kasauli(Sub-District) / Solan(District) / Himachal Pradesh(State),01474600,021678,N,,,,
885,21681,Gharti Kalan (778),घरटी कलाँ (778),Kasauli(Sub-District) / Solan(District) / Himachal Pradesh(State),01474900,021681,N,,,,
886,20435,Gharturi (273),घरटुरी (273),Darlaghat(Sub-District) / Solan(District) / Himachal Pradesh(State),01318900,020435,N,,,,
887,20750,Gharyach (22),घडयाच (22),Panjehra(Sub-District) / Solan(District) / Himachal Pradesh(State),01382300,020750,N,,,,
888,20512,Ghasmana (271),घसमाना (271),Ramshahr(Sub-District) / Solan(District) / Himachal Pradesh(State),01358500,020512,N,,,,
889,21521,Ghat (154),घाट (154),Kasauli(Sub-District) / Solan(District) / Himachal Pradesh(State),01456600,021521,N,,,,
890,20683,Ghat (159),घाट(159),Ramshahr(Sub-District) / Solan(District) / Himachal Pradesh(State),01375600,020683,N,,,,
891,21469,Ghat (212),घाट (212),Krishangarh(Sub-District) / Solan(District) / Himachal Pradesh(State),01448300,021469,N,,,,
892,20709,Ghat Dohichi (189),घट दोहची(189),Ramshahr(Sub-District) / Solan(District) / Himachal Pradesh(State),01378200,020709,N,,,,
893,21473,Ghati (139),घाटी (139),Kasauli(Sub-District) / Solan(District) / Himachal Pradesh(State),01451800,021473,N,,,,
894,21654,Ghat Ki Bed (764),घाट की बेड़ (764),Kasauli(Sub-District) / Solan(District) / Himachal Pradesh(State),01472200,021654,N,,,,
895,22251,Ghat Kumhala (230),घाट कुम्हाला (230),Mamlig(Sub-District) / Solan(District) / Himachal Pradesh(State),01531900,022251,N,,,,
896,21909,Ghatti (680),घट्टी (680),Solan(Sub-District) / Solan(District) / Himachal Pradesh(State),01497700,021909,N,,,,
897,21786,Ghayach (266),घयाच (266),Solan(Sub-District) / Solan(District) / Himachal Pradesh(State),01485400,021786,N,,,,
898,21315,Ghayan (265),घयाण (265),Krishangarh(Sub-District) / Solan(District) / Himachal Pradesh(State),01429300,021315,N,,,,
899,22459,Ghenti (480),घैन्टी (480),Kandaghat(Sub-District) / Solan(District) / Himachal Pradesh(State),01552700,022459,N,,,,
900,22478,Ghewa (495),घेवा (495),Kandaghat(Sub-District) / Solan(District) / Himachal Pradesh(State),01554600,022478,N,,,,
901,20039,Ghial Khech (301),घ्याल खेच (301),Darlaghat(Sub-District) / Solan(District) / Himachal Pradesh(State),01329400,020039,N,,,,
902,20429,Ghiana (265),घ्याना (265),Darlaghat(Sub-District) / Solan(District) / Himachal Pradesh(State),01318300,020429,N,,,,
903,20967,Ghihar (106),घीहड़ (102),Nalagarh(Sub-District) / Solan(District) / Himachal Pradesh(State),01404000,020967,N,,,,
904,21760,Ghodi (273),घोड़ी (273),Solan(Sub-District) / Solan(District) / Himachal Pradesh(State),01482800,021760,N,,,,
905,20073,Ghodno (68),घोड़नों (68),Arki(Sub-District) / Solan(District) / Himachal Pradesh(State),01334500,020073,N,,,,
906,20980,Ghogarwal (124),घोघडवाल (124),Nalagarh(Sub-District) / Solan(District) / Himachal Pradesh(State),01405500,020980,N,,,,
907,20782,Gholowal (14),घोलोवाल (14),Panjehra(Sub-District) / Solan(District) / Himachal Pradesh(State),01385500,020782,N,,,,
908,22037,Ghumarda (873),घुमारड़ा (873),Solan(Sub-District) / Solan(District) / Himachal Pradesh(State),01510500,022037,N,,,,
909,20069,Ghumari (81),घुमारी (81),Arki(Sub-District) / Solan(District) / Himachal Pradesh(State),01334100,020069,N,,,,
910,22042,Ghuwaili (842),घुवाईली (842),Solan(Sub-District) / Solan(District) / Himachal Pradesh(State),01511000,022042,N,,,,
911,20230,Ghyana (97),घ्याणा (97),Arki(Sub-District) / Solan(District) / Himachal Pradesh(State),01350100,020230,N,,,,
912,20342,Giana (45),ग्याना (45),Darlaghat(Sub-District) / Solan(District) / Himachal Pradesh(State),01309700,020342,N,,,,
913,20360,Godhan (219),गोधन (219),Darlaghat(Sub-District) / Solan(District) / Himachal Pradesh(State),01311300,020360,N,,,,
914,21280,Goela (354),गोयला (354),Krishangarh(Sub-District) / Solan(District) / Himachal Pradesh(State),01425800,021280,N,,,,
915,21000,Goela (384),गोयला (384),Nalagarh(Sub-District) / Solan(District) / Himachal Pradesh(State),01407500,021000,N,,,,
916,20891,Goel Jamala (77),गोयल जमाला (77),Nalagarh(Sub-District) / Solan(District) / Himachal Pradesh(State),01396400,020891,N,,,,
917,22357,Gog (61),गोग (61),Kandaghat(Sub-District) / Solan(District) / Himachal Pradesh(State),01542500,022357,N,,,,
918,20424,Gohar (271),गोहर (271),Darlaghat(Sub-District) / Solan(District) / Himachal Pradesh(State),01317800,020424,N,,,,
919,20062,Gohari (478),गोहरी (478),Arki(Sub-District) / Solan(District) / Himachal Pradesh(State),01333400,020062,N,,,,
920,21943,Gol (789),गौल (789),Solan(Sub-District) / Solan(District) / Himachal Pradesh(State),01501100,021943,N,,,,
921,21126,Gorakhnath (434),गोरखनाथ (434),Baddi(Sub-District) / Solan(District) / Himachal Pradesh(State),01420400,021126,N,,,,
922,21511,Gorthi Nichli (152),गोड़ती निचली (152),Kasauli(Sub-District) / Solan(District) / Himachal Pradesh(State),01455600,021511,N,,,,
923,21513,Gorthi Uparli (153),गोड़ती उपरली (153),Kasauli(Sub-District) / Solan(District) / Himachal Pradesh(State),01455800,021513,N,,,,
924,21568,Goshan (101),गोसाण (101),Kasauli(Sub-District) / Solan(District) / Himachal Pradesh(State),01463600,021568,N,,,,
925,22458,Grehen (478),ग्रेहन (478),Kandaghat(Sub-District) / Solan(District) / Himachal Pradesh(State),01552600,022458,N,,,,
926,20365,Gujrehri (220),गुजरेड़ी (220),Darlaghat(Sub-District) / Solan(District) / Himachal Pradesh(State),01311800,020365,N,,,,
927,20832,Gulabpura (60),गुलाबपूरा (60),Panjehra(Sub-District) / Solan(District) / Himachal Pradesh(State),01390500,020832,N,,,,
928,21627,Gulhari (751),गुलहाडी (751),Kasauli(Sub-District) / Solan(District) / Himachal Pradesh(State),01469500,021627,N,,,,
929,21114,Gullarwala (194),गुल्लरवाला (194),Baddi(Sub-District) / Solan(District) / Himachal Pradesh(State),01419100,021114,N,,,,
930,21549,Gumma (949),महाल गुम्मा (949),Parwanoo(Sub-District) / Solan(District) / Himachal Pradesh(State),01461700,021549,N,,,,
931,21368,Gummu (491),गुम्मू (491),Krishangarh(Sub-District) / Solan(District) / Himachal Pradesh(State),01437800,021368,N,,,,
932,20520,Gunah Kalan (252),गुनाह कलां (252),Ramshahr(Sub-District) / Solan(District) / Himachal Pradesh(State),01359300,020520,N,,,,
933,20518,Gunah Khurd (253),गुुनाह खुर्द (253),Ramshahr(Sub-District) / Solan(District) / Himachal Pradesh(State),01359100,020518,N,,,,
934,21497,Gunai (162),गुनाई (162),Kasauli(Sub-District) / Solan(District) / Himachal Pradesh(State),01454200,021497,N,,,,
935,20552,Gurad (88),,Loharghat(Sub-District) / Solan(District) / Himachal Pradesh(State),01362500,020552,N,,,,
936,20160,Guradu (392),गुराडू (392),Kunihar(Sub-District) / Solan(District) / Himachal Pradesh(State),01343200,020160,N,,,,
937,22360,Gurash (57),गुराश (57),Kandaghat(Sub-District) / Solan(District) / Himachal Pradesh(State),01542800,022360,N,,,,
938,21197,Gurdaspura (226),गुरदासपुरा (226),Baddi(Sub-District) / Solan(District) / Himachal Pradesh(State),01450400,021197,N,,,,
939,21088,Guru Majra (182),गुरूमाजरा (182),Baddi(Sub-District) / Solan(District) / Himachal Pradesh(State),01416100,021088,N,,,,
940,22117,Guthahan (23),गुठाँह (23),Solan(Sub-District) / Solan(District) / Himachal Pradesh(State),01518500,022117,N,,,,
941,21553,Hadli (130),हडली (130),Kasauli(Sub-District) / Solan(District) / Himachal Pradesh(State),01462100,021553,N,,,,
942,22019,Halda (869),हल्दा (869),Solan(Sub-District) / Solan(District) / Himachal Pradesh(State),01508700,022019,N,,,,
943,21015,Halyaran (377),हल्यारां (377),Nalagarh(Sub-District) / Solan(District) / Himachal Pradesh(State),01409100,021015,N,,,,
944,22291,Hamni (318),हामणी (318),Mamlig(Sub-District) / Solan(District) / Himachal Pradesh(State),01535900,022291,N,,,,
945,21021,Handa Kundi (156),हांडा कुंडी (156),Baddi(Sub-District) / Solan(District) / Himachal Pradesh(State),01404900,021021,N,,,,
946,21276,Hara Chandyar (374),हाडा चडयार (374),Krishangarh(Sub-District) / Solan(District) / Himachal Pradesh(State),01425400,021276,N,,,,
947,21302,Hara Mehtain (332),हाडा मैहता (332),Krishangarh(Sub-District) / Solan(District) / Himachal Pradesh(State),01428000,021302,N,,,,
948,22112,Harath (18),हरठ (18),Solan(Sub-District) / Solan(District) / Himachal Pradesh(State),01518000,022112,N,,,,
949,21270,Harath (388),हरत (388),Krishangarh(Sub-District) / Solan(District) / Himachal Pradesh(State),01424800,021270,N,,,,
950,20417,Harda (249),हरडा (249),Darlaghat(Sub-District) / Solan(District) / Himachal Pradesh(State),01317100,020417,N,,,,
951,20261,Hardevpura (458),हरदेवपुरा (458),Kunihar(Sub-District) / Solan(District) / Himachal Pradesh(State),01352900,020261,N,,,,
952,21799,Hardi Dal (258),हरड़ी दल (258),Solan(Sub-District) / Solan(District) / Himachal Pradesh(State),01486700,021799,N,,,,
953,21533,Hari Ka Khel (958),हरी का खील (960),Parwanoo(Sub-District) / Solan(District) / Himachal Pradesh(State),01460100,021533,N,,,,
954,21209,Haripur (199),हरीपुर  (199),Baddi(Sub-District) / Solan(District) / Himachal Pradesh(State),01457800,021209,N,,,,
955,21778,Haripur (292),हरिपुर (292),Solan(Sub-District) / Solan(District) / Himachal Pradesh(State),01484600,021778,N,,,,
956,20273,Haripur (463),हरीपुर (463),Kunihar(Sub-District) / Solan(District) / Himachal Pradesh(State),01354100,020273,N,,,,
957,21947,Haripur (786),हरिपूर (786),Solan(Sub-District) / Solan(District) / Himachal Pradesh(State),01501500,021947,N,,,,
958,21234,Haripur Sandoli (206),हरीपुर संडोली (206),Baddi(Sub-District) / Solan(District) / Himachal Pradesh(State),01418000,021234,N,,,,
959,21089,Harraipur (183),हरायेपुर (183),Baddi(Sub-District) / Solan(District) / Himachal Pradesh(State),01416200,021089,N,,,,
960,20096,Harthu (361),हरथू (361),Arki(Sub-District) / Solan(District) / Himachal Pradesh(State),01336800,020096,N,,,,
961,20445,Haryal (279),हरयाल (279),Darlaghat(Sub-District) / Solan(District) / Himachal Pradesh(State),01320100,020445,N,,,,
962,22380,Hathon (437),हाथों (437),Kandaghat(Sub-District) / Solan(District) / Himachal Pradesh(State),01544800,022380,N,,,,
963,20677,Hathyora (197),हथयौडा (197),Ramshahr(Sub-District) / Solan(District) / Himachal Pradesh(State),01375000,020677,N,,,,
964,20256,Hatkot (467),हाटकोट (467),Kunihar(Sub-District) / Solan(District) / Himachal Pradesh(State),01352700,020256,N,,,,
965,20834,Hatra (58),हटडा (58),Panjehra(Sub-District) / Solan(District) / Himachal Pradesh(State),01390700,020834,N,,,,
966,20767,Hawani (18),ह्वाणी (18),Panjehra(Sub-District) / Solan(District) / Himachal Pradesh(State),01384000,020767,N,,,,
967,20282,Hawani Kol(513),हवाणी कोल (513),Darlaghat(Sub-District) / Solan(District) / Himachal Pradesh(State),01303800,020282,N,,,,
968,21948,Himmatpur Dawli (795),हिम्मतपूर दावली (795),Solan(Sub-District) / Solan(District) / Himachal Pradesh(State),01501600,021948,N,,,,
969,22502,Hinner (507),हिन्नर (507),Kandaghat(Sub-District) / Solan(District) / Himachal Pradesh(State),01557000,022502,N,,,,
970,22224,Hiyun Kalan (170),हिऊण कलां (170),Mamlig(Sub-District) / Solan(District) / Himachal Pradesh(State),01529200,022224,N,,,,
971,22227,Hiyun Khurd (169),हिऊण खुर्द (169),Mamlig(Sub-District) / Solan(District) / Himachal Pradesh(State),01529500,022227,N,,,,
972,20602,Holag (130),,Loharghat(Sub-District) / Solan(District) / Himachal Pradesh(State),01367500,020602,N,,,,
973,20025,Hudoo (405),हुडू (405),Arki(Sub-District) / Solan(District) / Himachal Pradesh(State),01328000,020025,N,,,,
974,22481,Hukkal (493),हुक्कल (493),Kandaghat(Sub-District) / Solan(District) / Himachal Pradesh(State),01554900,022481,N,,,,
975,21614,Hurang (706),हुड़ंग (706),Kasauli(Sub-District) / Solan(District) / Himachal Pradesh(State),01468200,021614,N,,,,
976,20203,Iqwabrahmna (380),ईक्वाब्राह्मणा (380),Arki(Sub-District) / Solan(District) / Himachal Pradesh(State),01347500,020203,N,,,,
977,20201,Iqwakanaita (379),ईक्वाकनैता (379),Arki(Sub-District) / Solan(District) / Himachal Pradesh(State),01347300,020201,N,,,,
978,21790,Ishwa (248),ईश्वा (248),Solan(Sub-District) / Solan(District) / Himachal Pradesh(State),01485800,021790,N,,,,
979,21812,Jaadla (8),जाड़ली (8),Solan(Sub-District) / Solan(District) / Himachal Pradesh(State),01488000,021812,N,,,,
980,20586,Jabal (118),जाबल(118),Loharghat(Sub-District) / Solan(District) / Himachal Pradesh(State),01365900,020586,N,,,,
981,20657,Jabal (208),जाबल(208),Ramshahr(Sub-District) / Solan(District) / Himachal Pradesh(State),01373000,020657,N,,,,
982,20514,Jabal (269),जाबल(269),Ramshahr(Sub-District) / Solan(District) / Himachal Pradesh(State),01358700,020514,N,,,,
983,20345,Jabal (29),जाबल (29),Darlaghat(Sub-District) / Solan(District) / Himachal Pradesh(State),01310000,020345,N,,,,
984,20223,Jabal (491),जाबल (491),Arki(Sub-District) / Solan(District) / Himachal Pradesh(State),01349400,020223,N,,,,
985,22072,Jabal (620),जाबल (620),Solan(Sub-District) / Solan(District) / Himachal Pradesh(State),01514000,022072,N,,,,
986,21981,Jabal (820),जाबल (820),Solan(Sub-District) / Solan(District) / Himachal Pradesh(State),01504900,021981,N,,,,
987,21996,Jabal (886),जाबल (886),Solan(Sub-District) / Solan(District) / Himachal Pradesh(State),01506400,021996,N,,,,
988,20379,Jabal Jablu (236),जाबल जाबलू (236),Darlaghat(Sub-District) / Solan(District) / Himachal Pradesh(State),01313100,020379,N,,,,
989,21749,Jabal Jamrot (239),जाबल जमरोट (239),Solan(Sub-District) / Solan(District) / Himachal Pradesh(State),01481700,021749,N,,,,
990,22049,Jabal Rashesh (837),जाबल रशेश (837),Solan(Sub-District) / Solan(District) / Himachal Pradesh(State),01511700,022049,N,,,,
991,21004,Jabal Taprian (390),जाबल टपरिंया (390),Nalagarh(Sub-District) / Solan(District) / Himachal Pradesh(State),01407900,021004,N,,,,
992,22113,Jablaati (19),जबलाटी (19),Solan(Sub-District) / Solan(District) / Himachal Pradesh(State),01518100,022113,N,,,,
993,22061,Jabli (605),जाबल (605),Solan(Sub-District) / Solan(District) / Himachal Pradesh(State),01512900,022061,N,,,,
994,21916,Jabli (675),जाबल (675),Solan(Sub-District) / Solan(District) / Himachal Pradesh(State),01498400,021916,N,,,,
995,20133,Jablu (142),जाबलु (142),Arki(Sub-District) / Solan(District) / Himachal Pradesh(State),01340500,020133,N,,,,
996,20630,Jablu (247),जाबलु(247),Ramshahr(Sub-District) / Solan(District) / Himachal Pradesh(State),01370300,020630,N,,,,
997,20572,Jadaun (113),जडौण (113),Loharghat(Sub-District) / Solan(District) / Himachal Pradesh(State),01364500,020572,N,,,,
998,22223,Jadhana (167),जधाना (167),Mamlig(Sub-District) / Solan(District) / Himachal Pradesh(State),01529100,022223,N,,,,
999,21422,Jadla (446),जाडला (446),Krishangarh(Sub-District) / Solan(District) / Himachal Pradesh(State),01443200,021422,N,,,,
1000,21793,Jadli (251),जाड़ली (251),Solan(Sub-District) / Solan(District) / Himachal Pradesh(State),01486100,021793,N,,,,
1001,22473,Jadyal (498),जडयाल (498),Kandaghat(Sub-District) / Solan(District) / Himachal Pradesh(State),01554100,022473,N,,,,
1002,20929,Jagar (350),जगर (350),Nalagarh(Sub-District) / Solan(District) / Himachal Pradesh(State),01400200,020929,N,,,,
1003,20793,Jagatpur (35),जगतपुर (35),Panjehra(Sub-District) / Solan(District) / Himachal Pradesh(State),01386600,020793,N,,,,
1004,20611,Jaged (164),जगेड(164),Ramshahr(Sub-District) / Solan(District) / Himachal Pradesh(State),01368400,020611,N,,,,
1005,20204,Jaghana (446),जघाणा (446),Arki(Sub-District) / Solan(District) / Himachal Pradesh(State),01347600,020204,N,,,,
1006,20021,Jaghoon (348),जघून (348),Arki(Sub-District) / Solan(District) / Himachal Pradesh(State),01327600,020021,N,,,,
1007,21450,Jagjit Nagar (478),जगजीत नगर (478),Krishangarh(Sub-District) / Solan(District) / Himachal Pradesh(State),01446000,021450,N,,,,
1008,20853,Jagli (304),जागली (304),Panjehra(Sub-District) / Solan(District) / Himachal Pradesh(State),01392600,020853,N,,,,
1009,20878,Jagli (345),जागली (345),Nalagarh(Sub-District) / Solan(District) / Himachal Pradesh(State),01395100,020878,N,,,,
1010,20523,Jaglog (257),जगलोग (257),Ramshahr(Sub-District) / Solan(District) / Himachal Pradesh(State),01359600,020523,N,,,,
1011,20486,Jagni (284),जगनी (284),Ramshahr(Sub-District) / Solan(District) / Himachal Pradesh(State),01355900,020486,N,,,,
1012,21771,Jagota (297),जगोटा (297),Solan(Sub-District) / Solan(District) / Himachal Pradesh(State),01483900,021771,N,,,,
1013,21434,Jagtawan (456),जगतावन (456),Krishangarh(Sub-District) / Solan(District) / Himachal Pradesh(State),01444400,021434,N,,,,
1014,22035,Jahjyar (892),जझयार (892),Solan(Sub-District) / Solan(District) / Himachal Pradesh(State),01510300,022035,N,,,,
1015,20588,Jai Nagar (121),जयनगर(121),Loharghat(Sub-District) / Solan(District) / Himachal Pradesh(State),01366100,020588,N,,,,
1016,21583,Jakh (738),जाख (738),Kasauli(Sub-District) / Solan(District) / Himachal Pradesh(State),01465100,021583,N,,,,
1017,22485,Jakhed (484),जखेड़ (484),Kandaghat(Sub-District) / Solan(District) / Himachal Pradesh(State),01555300,022485,N,,,,
1018,20527,Jakhol (266),जखौल (266),Ramshahr(Sub-District) / Solan(District) / Himachal Pradesh(State),01360000,020527,N,,,,
1019,20210,Jakholi (123),जखौली (123),Arki(Sub-District) / Solan(District) / Himachal Pradesh(State),01348100,020210,N,,,,
1020,22308,Jakhrioun (208),जखडिऊँ (208),Mamlig(Sub-District) / Solan(District) / Himachal Pradesh(State),01537600,022308,N,,,,
1021,21738,Jakhroda (932),जखरोडा (932),Parwanoo(Sub-District) / Solan(District) / Himachal Pradesh(State),01480600,021738,N,,,,
1022,20214,Jalana (90),जलाणा (90),Arki(Sub-District) / Solan(District) / Himachal Pradesh(State),01348500,020214,N,,,,
1023,22173,Jalkhada (531),जलखड़ा (531),Solan(Sub-District) / Solan(District) / Himachal Pradesh(State),01524100,022173,N,,,,
1024,20877,Jalni (342),जलनी (342),Nalagarh(Sub-District) / Solan(District) / Himachal Pradesh(State),01395000,020877,N,,,,
1025,22005,Jalyana (910),जलयाणा (910),Solan(Sub-District) / Solan(District) / Himachal Pradesh(State),01507300,022005,N,,,,
1026,21024,Jaman Ka Dohra (398),जामन दा डोहरा (398),Baddi(Sub-District) / Solan(District) / Himachal Pradesh(State),01409400,021024,N,,,,
1027,21501,Jamli Nichali (165),जामली निचली (165),Kasauli(Sub-District) / Solan(District) / Himachal Pradesh(State),01454600,021501,N,,,,
1028,21502,Jamli Uparli (164),जामली उपरली (164),Kasauli(Sub-District) / Solan(District) / Himachal Pradesh(State),01454700,021502,N,,,,
1029,20105,Jamni Dee Baishank (401),जामनीदीबैशंक (401),Arki(Sub-District) / Solan(District) / Himachal Pradesh(State),01337700,020105,N,,,,
1030,21001,Jamrari (385),जमराडी (385),Nalagarh(Sub-District) / Solan(District) / Himachal Pradesh(State),01407600,021001,N,,,,
1031,20186,Jamroti (382),जमरोटी (382),Arki(Sub-District) / Solan(District) / Himachal Pradesh(State),01345800,020186,N,,,,
1032,20762,Janaun (3),जनौन (3),Panjehra(Sub-District) / Solan(District) / Himachal Pradesh(State),01383500,020762,N,,,,
1033,21742,Jandauri (933),जन्दोरी  (933),Parwanoo(Sub-District) / Solan(District) / Himachal Pradesh(State),01481000,021742,N,,,,
1034,20300,Jandoi (496),जन्दोई (496),Darlaghat(Sub-District) / Solan(District) / Himachal Pradesh(State),01305500,020300,N,,,,
1035,20302,Jandrehr(2),जन्दरेड़ (2),Darlaghat(Sub-District) / Solan(District) / Himachal Pradesh(State),01305700,020302,N,,,,
1036,20672,Jandu (153),जांडु(153),Ramshahr(Sub-District) / Solan(District) / Himachal Pradesh(State),01374500,020672,N,,,,
1037,20842,Jangal Aduwal Jandori (66/1),जंगल आदुवाल जंडौरी(66/1),Panjehra(Sub-District) / Solan(District) / Himachal Pradesh(State),01391500,020842,N,,,,
1038,20171,Jangal Aulti (426),जंगल ओल्टी (426),Kunihar(Sub-District) / Solan(District) / Himachal Pradesh(State),01344300,020171,N,,,,
1039,20596,Jangal Badhal (132),जंगल बडल(132),Loharghat(Sub-District) / Solan(District) / Himachal Pradesh(State),01366900,020596,N,,,,
1040,20645,Jangal Badhu (230),जंगल  बडु(230),Ramshahr(Sub-District) / Solan(District) / Himachal Pradesh(State),01371800,020645,N,,,,
1041,21291,Jangal Badhu (346),जंगल बड्डू (346),Krishangarh(Sub-District) / Solan(District) / Himachal Pradesh(State),01426900,021291,N,,,,
1042,20625,Jangal Baheri (258),जंगल बेहडी(258),Ramshahr(Sub-District) / Solan(District) / Himachal Pradesh(State),01369800,020625,N,,,,
1043,20108,Jangal Baila (409),जंगल बायला (409),Kunihar(Sub-District) / Solan(District) / Himachal Pradesh(State),01338000,020108,N,,,,
1044,20304,Jangal Banaula(206),जंगल बनोला (206),Darlaghat(Sub-District) / Solan(District) / Himachal Pradesh(State),01305900,020304,N,,,,
1045,20268,Jangal Bani (460),जंगल बणी (460),Kunihar(Sub-District) / Solan(District) / Himachal Pradesh(State),01353600,020268,N,,,,
1046,21305,Jangal Bara Gaon (353),जंगल बारा गांव (353),Krishangarh(Sub-District) / Solan(District) / Himachal Pradesh(State),01428300,021305,N,,,,
1047,19988,Jangal Baraghat (337),जंगल बाड़ाघाट (337),Darlaghat(Sub-District) / Solan(District) / Himachal Pradesh(State),01324300,019988,N,,,,
1048,21346,Jangal Baraghu (283),जंगल बरागु (283),Krishangarh(Sub-District) / Solan(District) / Himachal Pradesh(State),01435600,021346,N,,,,
1049,20463,Jangal Bariahal (50),जंगल बरयाल (50),Darlaghat(Sub-District) / Solan(District) / Himachal Pradesh(State),01330600,020463,N,,,,
1050,21289,Jangal Bassi (340),जंगल बस्सी (340),Krishangarh(Sub-District) / Solan(District) / Himachal Pradesh(State),01426700,021289,N,,,,
1051,20722,Jangal Baswahr (38),जंगल बसवाड (38),Panjehra(Sub-District) / Solan(District) / Himachal Pradesh(State),01379500,020722,N,,,,
1052,20183,Jangal Buili (434),जंगल बियूली (434),Kunihar(Sub-District) / Solan(District) / Himachal Pradesh(State),01345500,020183,N,,,,
1053,20574,Jangal Chalwana (115),जंगल चलवाणा(115),Loharghat(Sub-District) / Solan(District) / Himachal Pradesh(State),01364700,020574,N,,,,
1054,20733,Jangal Chamba (32),जंगल चम्बा (32),Panjehra(Sub-District) / Solan(District) / Himachal Pradesh(State),01380600,020733,N,,,,
1055,21278,Jangal Chandi (376),जंगल चण्डी (376),Krishangarh(Sub-District) / Solan(District) / Himachal Pradesh(State),01425600,021278,N,,,,
1056,20599,Jangal Dabrota (137),जंगल दबरोटा(137),Loharghat(Sub-District) / Solan(District) / Himachal Pradesh(State),01367200,020599,N,,,,
1057,20715,Jangal Datla (192),जंगल  दातला(192),Ramshahr(Sub-District) / Solan(District) / Himachal Pradesh(State),01378800,020715,N,,,,
1058,21292,Jangal Dhakriana (338),जंगल ढकरियाणा (338),Krishangarh(Sub-District) / Solan(District) / Himachal Pradesh(State),01427000,021292,N,,,,
1059,20851,Jangal Dhangoh (293),जंगल डगोह (293),Panjehra(Sub-District) / Solan(District) / Himachal Pradesh(State),01392400,020851,N,,,,
1060,20737,Jangal Dhar Chamba (31),जंगल धार चम्बा (31),Panjehra(Sub-District) / Solan(District) / Himachal Pradesh(State),01381000,020737,N,,,,
1061,20720,Jangal Dharel (35),जंगल धरैल (35),Panjehra(Sub-District) / Solan(District) / Himachal Pradesh(State),01379300,020720,N,,,,
1062,20579,Jangal Didu (93),जगल  दीदु(93),Loharghat(Sub-District) / Solan(District) / Himachal Pradesh(State),01365200,020579,N,,,,
1063,20939,Jangal Flanwalan (367),जंगल फ्लानवालन (367),Nalagarh(Sub-District) / Solan(District) / Himachal Pradesh(State),01401200,020939,N,,,,
1064,20441,Jangal Gatehr (251),जंगल गतेड़ (251),Darlaghat(Sub-District) / Solan(District) / Himachal Pradesh(State),01319500,020441,N,,,,
1065,20112,Jangal Ghanidal (406),जंगल घनीडाल (406),Kunihar(Sub-District) / Solan(District) / Himachal Pradesh(State),01338400,020112,N,,,,
1066,21268,Jangal Gharsi (365),जंगल घडसी (365),Krishangarh(Sub-District) / Solan(District) / Himachal Pradesh(State),01424600,021268,N,,,,
1067,20319,Jangal Harsang (18),जंगल हरसंग (18),Darlaghat(Sub-District) / Solan(District) / Himachal Pradesh(State),01307400,020319,N,,,,
1068,20516,Jangal Jaglog (255),जगल जगलोग(255),Ramshahr(Sub-District) / Solan(District) / Himachal Pradesh(State),01358900,020516,N,,,,
1069,20123,Jangal Jayawali (425),जंगल ज्यावली (425),Kunihar(Sub-District) / Solan(District) / Himachal Pradesh(State),01339500,020123,N,,,,
1070,21294,Jangal Jharabal (333),जंगल झराबल (333),Krishangarh(Sub-District) / Solan(District) / Himachal Pradesh(State),01427200,021294,N,,,,
1071,21344,Jangal Johar Ka Hara (284),जंगल जोहड का हाडा (284),Krishangarh(Sub-District) / Solan(District) / Himachal Pradesh(State),01435400,021344,N,,,,
1072,20519,Jangal Jorh Johru (251),जंगल जोड जोहडू(251),Ramshahr(Sub-District) / Solan(District) / Himachal Pradesh(State),01359200,020519,N,,,,
1073,21285,Jangal Jubber (344),जंगल जुब्बड (344),Krishangarh(Sub-District) / Solan(District) / Himachal Pradesh(State),01426300,021285,N,,,,
1074,20766,Jangal Kala Amb (19),जंगल काला अम्ब (19),Panjehra(Sub-District) / Solan(District) / Himachal Pradesh(State),01383900,020766,N,,,,
1075,20502,Jangal Kalri (306),जगल कालरी (306),Ramshahr(Sub-District) / Solan(District) / Himachal Pradesh(State),01357500,020502,N,,,,
1076,20554,Jangal Kalti (95),जंगल कालटी(95),Loharghat(Sub-District) / Solan(District) / Himachal Pradesh(State),01362700,020554,N,,,,
1077,20706,Jangal Kamal Pandal (186),जंगल कामल  पंदल(186),Ramshahr(Sub-District) / Solan(District) / Himachal Pradesh(State),01377900,020706,N,,,,
1078,20190,Jangal Kanlah (437),जंगल कनलाह (437),Kunihar(Sub-District) / Solan(District) / Himachal Pradesh(State),01346200,020190,N,,,,
1079,21358,Jangal Kasal (279),जंगल कासल (279),Krishangarh(Sub-District) / Solan(District) / Himachal Pradesh(State),01436800,021358,N,,,,
1080,20294,Jangal Kathpol(508),जंगल कठपोल (508),Darlaghat(Sub-District) / Solan(District) / Himachal Pradesh(State),01304900,020294,N,,,,
1081,21442,Jangal Katli Bohli (477),जंगल काटल बोहली (477),Krishangarh(Sub-District) / Solan(District) / Himachal Pradesh(State),01445200,021442,N,,,,
1082,20503,Jangal Kehdaban (316),जगल काहे दा बन(316),Ramshahr(Sub-District) / Solan(District) / Himachal Pradesh(State),01357600,020503,N,,,,
1083,21342,Jangal Khalag (281),जंगल खलग (281),Krishangarh(Sub-District) / Solan(District) / Himachal Pradesh(State),01432000,021342,N,,,,
1084,20885,Jangal Khobal (333),जंगल खोबल (333),Nalagarh(Sub-District) / Solan(District) / Himachal Pradesh(State),01395800,020885,N,,,,
1085,20935,Jangal Khobal (355),जंगल खोबल (355),Nalagarh(Sub-District) / Solan(District) / Himachal Pradesh(State),01400800,020935,N,,,,
1086,20641,Jangal Kot Kahi (216),जंगल कोट काही (216),Ramshahr(Sub-District) / Solan(District) / Himachal Pradesh(State),01371400,020641,N,,,,
1087,19994,Jangal Koyal Sanog (316),जंगल कोयल सनोग (316),Darlaghat(Sub-District) / Solan(District) / Himachal Pradesh(State),01324900,019994,N,,,,
1088,20118,Jangal Kurmala (415),जंगल कुरमला (415),Kunihar(Sub-District) / Solan(District) / Himachal Pradesh(State),01339000,020118,N,,,,
1089,20080,Jangal Lade Ki Bayen (130),जंगल लाडे की बायें (130),Arki(Sub-District) / Solan(District) / Himachal Pradesh(State),01335200,020080,N,,,,
1090,21298,Jangal Ldai Ka Katal (342),जंगल लडाई का काटल (342),Krishangarh(Sub-District) / Solan(District) / Himachal Pradesh(State),01427600,021298,N,,,,
1091,20757,Jangal Luhand (7),जंगल लूह्न्द (7),Panjehra(Sub-District) / Solan(District) / Himachal Pradesh(State),01383000,020757,N,,,,
1092,20700,Jangal Lun (169),जंगल लुन(169),Ramshahr(Sub-District) / Solan(District) / Himachal Pradesh(State),01377300,020700,N,,,,
1093,20604,Jangal Lun (72),जंगल लुन(72),Loharghat(Sub-District) / Solan(District) / Himachal Pradesh(State),01367700,020604,N,,,,
1094,20724,Jangal Lunda (50),जंगल लुहण्डा (50),Panjehra(Sub-District) / Solan(District) / Himachal Pradesh(State),01379700,020724,N,,,,
1095,21348,Jangal Madphal (286),जंगल मदफल (286),Krishangarh(Sub-District) / Solan(District) / Himachal Pradesh(State),01435800,021348,N,,,,
1096,20659,Jangal Mahmla (206),जंगल माहमला(206),Ramshahr(Sub-District) / Solan(District) / Himachal Pradesh(State),01373200,020659,N,,,,
1097,20301,Jangal Majhatal(1),जंगल मझाटल (1),Darlaghat(Sub-District) / Solan(District) / Himachal Pradesh(State),01305600,020301,N,,,,
1098,20022,Jangal Majhatu (346),जंगल मझाटू (346),Darlaghat(Sub-District) / Solan(District) / Himachal Pradesh(State),01327700,020022,N,,,,
1099,20562,Jangal Malaun (104),जंगल मलोण(104),Loharghat(Sub-District) / Solan(District) / Himachal Pradesh(State),01363500,020562,N,,,,
1100,20001,Jangal Malen (325),जंगल मलैहण  (325),Darlaghat(Sub-District) / Solan(District) / Himachal Pradesh(State),01325600,020001,N,,,,
1101,20402,Jangal Manlog (286),जंगल मन्लोग (286),Darlaghat(Sub-District) / Solan(District) / Himachal Pradesh(State),01315600,020402,N,,,,
1102,939323,Jangal Mehfuja Mehduda 225-224 Shillu Kalan,जंगल  मैहदुदा मेहफुजा शिल्लू कलां,Parwanoo(Sub-District) / Solan(District) / Himachal Pradesh(State),,000000,N,,,,
1103,938966,Jangal Mehfuja Mehduda Dadan D49,जंगल महफूजा मेहदूदा डी-49,Darlaghat(Sub-District) / Solan(District) / Himachal Pradesh(State),,000000,N,,,,
1104,938965,Jangal Mehfuja Mehduda Daran,जंगल महफुजा मेहदूदा दाड़न,Darlaghat(Sub-District) / Solan(District) / Himachal Pradesh(State),,000000,N,,,,
1105,20467,Jangal Mehfuja Mehduda Ser Gharakaru D-51 (59),जंगल महफूजा मेहदूदा सेर घराकडू डी-51 (59),Darlaghat(Sub-District) / Solan(District) / Himachal Pradesh(State),01331000,020467,N,,,,
1106,20280,Jangal Mehfuza Mehduda Dhar (475),जंगल मेहफुजा मेह्दुदा धार (475),Kunihar(Sub-District) / Solan(District) / Himachal Pradesh(State),01354800,020280,N,,,,
1107,21439,Jangal Nalka (462),जंगल नालका (462),Krishangarh(Sub-District) / Solan(District) / Himachal Pradesh(State),01444900,021439,N,,,,
1108,20484,Jangal Nand (282),जंगल नण्ड (282),Ramshahr(Sub-District) / Solan(District) / Himachal Pradesh(State),01355700,020484,N,,,,
1109,20612,Jangal Nisal Chamdar (145),जंगल निसल चमदार(145),Ramshahr(Sub-District) / Solan(District) / Himachal Pradesh(State),01368500,020612,N,,,,
1110,20702,Jangal Paungni (179),जंगल पौगणी(179),Ramshahr(Sub-District) / Solan(District) / Himachal Pradesh(State),01377500,020702,N,,,,
1111,21017,Jangal Plahwalan (374),जंगल पलांवाला (374),Nalagarh(Sub-District) / Solan(District) / Himachal Pradesh(State),01414400,021017,N,,,,
1112,20855,Jangal Rajai (301),जंगल रजाई (301),Panjehra(Sub-District) / Solan(District) / Himachal Pradesh(State),01392800,020855,N,,,,
1113,21367,Jangal Rakh Bagi (497),जंगल रख बागी (497),Krishangarh(Sub-District) / Solan(District) / Himachal Pradesh(State),01437700,021367,N,,,,
1114,20643,Jangal Ramgarh (233),जंगल रामगढ(233),Ramshahr(Sub-District) / Solan(District) / Himachal Pradesh(State),01371600,020643,N,,,,
1115,20844,Jangal Ratwari (310),जंगल रतवाडी (310),Nalagarh(Sub-District) / Solan(District) / Himachal Pradesh(State),01391700,020844,N,,,,
1116,20728,Jangal Saharli (46),जंगल सहारली (46),Panjehra(Sub-District) / Solan(District) / Himachal Pradesh(State),01380100,020728,N,,,,
1117,949442,Jangal Sailan (307),जंगल सायलन (307),Darlaghat(Sub-District) / Solan(District) / Himachal Pradesh(State),,000000,N,,,,
1118,19995,Jangal Sarman (319),जंगल सारमा (319),Darlaghat(Sub-District) / Solan(District) / Himachal Pradesh(State),01325000,019995,N,,,,
1119,21304,Jangal Sherla (326),जंगल शेरला (326),Krishangarh(Sub-District) / Solan(District) / Himachal Pradesh(State),01428200,021304,N,,,,
1120,21359,Jangal Shukal (324),जंगल शुकल (324),Krishangarh(Sub-District) / Solan(District) / Himachal Pradesh(State),01436900,021359,N,,,,
1121,20489,Jangal Sihal (287),जंगल सील्ह (287),Ramshahr(Sub-District) / Solan(District) / Himachal Pradesh(State),01356200,020489,N,,,,
1122,20535,Jangal Sihal (71),जंगल सील्ह (71),Loharghat(Sub-District) / Solan(District) / Himachal Pradesh(State),01360800,020535,N,,,,
1123,20997,Jangal Silnu (363),जंगल सिलनू (363),Nalagarh(Sub-District) / Solan(District) / Himachal Pradesh(State),01407200,020997,N,,,,
1124,20585,Jangal Soon (123),जंगल सुन (123),Loharghat(Sub-District) / Solan(District) / Himachal Pradesh(State),01365800,020585,N,,,,
1125,21299,Jangal Sua (331),जंगल सुआ (331),Krishangarh(Sub-District) / Solan(District) / Himachal Pradesh(State),01427700,021299,N,,,,
1126,20583,Jangal Suraj Pur (78),जंगल सुरजपुर(78),Loharghat(Sub-District) / Solan(District) / Himachal Pradesh(State),01365600,020583,N,,,,
1127,20109,Jangal Tihra (410),जंगल टीहरा (410),Kunihar(Sub-District) / Solan(District) / Himachal Pradesh(State),01338100,020109,N,,,,
1128,20179,Jangal Tunnu (424),जंगल टूनणू (424),Kunihar(Sub-District) / Solan(District) / Himachal Pradesh(State),01345100,020179,N,,,,
1129,20744,Jangal Ukhu (27),जंगल ऊखू (27),Panjehra(Sub-District) / Solan(District) / Himachal Pradesh(State),01381700,020744,N,,,,
1130,21528,Jangeshu (955),जंगेशू  (955),Parwanoo(Sub-District) / Solan(District) / Himachal Pradesh(State),01457300,021528,N,,,,
1131,22022,Jangiriya (851),जंगीरीया (851),Solan(Sub-District) / Solan(District) / Himachal Pradesh(State),01509000,022022,N,,,,
1132,20255,Jangledavaras (116),जंगल डवारस (116),Arki(Sub-District) / Solan(District) / Himachal Pradesh(State),01352600,020255,N,,,,
1133,20106,Jangle Gaind (403),जंगल गैण्ड (403),Arki(Sub-District) / Solan(District) / Himachal Pradesh(State),01337800,020106,N,,,,
1134,20207,Janglekangu (119),जंगल कांगू (119),Arki(Sub-District) / Solan(District) / Himachal Pradesh(State),01347900,020207,N,,,,
1135,20240,Jangle Manjhu (106),जंगल मांझू (106),Arki(Sub-District) / Solan(District) / Himachal Pradesh(State),01351100,020240,N,,,,
1136,939344,Jangle Mehfuja Mehduda Bhanet D-109,जंगल मैहफूजा मैहदूदा भनेत डी -109,Kasauli(Sub-District) / Solan(District) / Himachal Pradesh(State),,000000,N,,,,
1137,939342,Jangle Mehfuja Mehduda Mashobra C 1,जंगल मैहफूजा मैहदूदा मशोबरा  सी-1,Kasauli(Sub-District) / Solan(District) / Himachal Pradesh(State),,000000,N,,,,
1138,939343,Jangle Mehfuja Mehduda Mashobra C 2,जंगल मैहफूजा मैहदूदा मशोबरा  सी-2,Kasauli(Sub-District) / Solan(District) / Himachal Pradesh(State),,000000,N,,,,
1139,20103,Jangle Paniharu (358),जंगल पनिहारू (358),Arki(Sub-District) / Solan(District) / Himachal Pradesh(State),01337500,020103,N,,,,
1140,939335,Jangle Reserve 34 Tibba Mansa Devi,जंगल आरक्षित 34 टिब्बा मनसा देवी,Kasauli(Sub-District) / Solan(District) / Himachal Pradesh(State),,000000,N,,,,
1141,20079,Jangleshakni (129),जंगल शकनी (129),Arki(Sub-District) / Solan(District) / Himachal Pradesh(State),01335100,020079,N,,,,
1142,21448,Janjoa (484),जन्जोआ (484),Krishangarh(Sub-District) / Solan(District) / Himachal Pradesh(State),01445800,021448,N,,,,
1143,22104,Jarayi (33),जरई (33),Solan(Sub-District) / Solan(District) / Himachal Pradesh(State),01517200,022104,N,,,,
1144,20626,Jarh (256),जाड (256),Ramshahr(Sub-District) / Solan(District) / Himachal Pradesh(State),01369900,020626,N,,,,
1145,21452,Jariana (493),जडयाणा (493),Krishangarh(Sub-District) / Solan(District) / Himachal Pradesh(State),01446200,021452,N,,,,
1146,21137,Jasuwana (427),जसुवाना (427),Baddi(Sub-District) / Solan(District) / Himachal Pradesh(State),01421500,021137,N,,,,
1147,21314,Jataun (314),जतौन (314),Krishangarh(Sub-District) / Solan(District) / Himachal Pradesh(State),01429200,021314,N,,,,
1148,20373,Jathot (225),जठोत (225),Darlaghat(Sub-District) / Solan(District) / Himachal Pradesh(State),01312600,020373,N,,,,
1149,22081,Jatoli (603),जटोली (603),Solan(Sub-District) / Solan(District) / Himachal Pradesh(State),01514900,022081,N,,,,
1150,21374,Jatrog (433),जतरोग (433),Krishangarh(Sub-District) / Solan(District) / Himachal Pradesh(State),01438400,021374,N,,,,
1151,21070,Jatti Majra (172),जट्टी माजरा (172),Baddi(Sub-District) / Solan(District) / Himachal Pradesh(State),01414000,021070,N,,,,
1152,21478,Jaul (143),जौल (143),Kasauli(Sub-District) / Solan(District) / Himachal Pradesh(State),01452300,021478,N,,,,
1153,22152,Jauna Marad (560),जौणा मारड़ (560),Solan(Sub-District) / Solan(District) / Himachal Pradesh(State),01522000,022152,N,,,,
1154,20391,Javi (195),जावी (195),Darlaghat(Sub-District) / Solan(District) / Himachal Pradesh(State),01314300,020391,N,,,,
1155,939377,Jawahar Park Solan,जवाहर पार्क सोलन,Solan(Sub-District) / Solan(District) / Himachal Pradesh(State),,000000,N,,,,
1156,20235,Jayawda (98),ज्यावडृा (98),Arki(Sub-District) / Solan(District) / Himachal Pradesh(State),01350600,020235,N,,,,
1157,22034,Jehar (881),जेहर (881),Solan(Sub-District) / Solan(District) / Himachal Pradesh(State),01510200,022034,N,,,,
1158,21604,Jehun (745),जेहू (745),Kasauli(Sub-District) / Solan(District) / Himachal Pradesh(State),01467200,021604,N,,,,
1159,20153,Jekhari (373),जेखड़ी (373),Arki(Sub-District) / Solan(District) / Himachal Pradesh(State),01342500,020153,N,,,,
1160,22281,Jekhri (311),जेखड़ी (311),Mamlig(Sub-District) / Solan(District) / Himachal Pradesh(State),01534900,022281,N,,,,
1161,20631,Jeora (243),ज्यौरा (243),Ramshahr(Sub-District) / Solan(District) / Himachal Pradesh(State),01370400,020631,N,,,,
1162,21244,Jepla (400),जेपला (400),Krishangarh(Sub-District) / Solan(District) / Himachal Pradesh(State),01422200,021244,N,,,,
1163,21779,Jerakh (278),जेरख (278),Solan(Sub-District) / Solan(District) / Himachal Pradesh(State),01484700,021779,N,,,,
1164,21416,Jethi (457),जेठी (457),Krishangarh(Sub-District) / Solan(District) / Himachal Pradesh(State),01442600,021416,N,,,,
1165,22474,Jethna (499),जेठना (499),Kandaghat(Sub-District) / Solan(District) / Himachal Pradesh(State),01554200,022474,N,,,,
1166,22461,Jhajha (451),झाझा (451),Kandaghat(Sub-District) / Solan(District) / Himachal Pradesh(State),01552900,022461,N,,,,
1167,20816,Jhajra (56),झझरा (56),Panjehra(Sub-District) / Solan(District) / Himachal Pradesh(State),01388900,020816,N,,,,
1168,21154,Jhakhad Brahmna (301),झाखड़ ब्राहमणां (301),Baddi(Sub-District) / Solan(District) / Himachal Pradesh(State),01433400,021154,N,,,,
1169,21153,Jhakhad Kanaitan (302),झाखड़ कनैतां (302),Baddi(Sub-District) / Solan(District) / Himachal Pradesh(State),01433300,021153,N,,,,
1170,21311,Jhamrara (356),जमराडा (356),Krishangarh(Sub-District) / Solan(District) / Himachal Pradesh(State),01428900,021311,N,,,,
1171,22045,Jhana (813),झाणा (813),Solan(Sub-District) / Solan(District) / Himachal Pradesh(State),01511300,022045,N,,,,
1172,20944,Jhandian (361),झांडिंया (361),Nalagarh(Sub-District) / Solan(District) / Himachal Pradesh(State),01401700,020944,N,,,,
1173,20879,Jhanog (344),झनोग (344),Nalagarh(Sub-District) / Solan(District) / Himachal Pradesh(State),01395200,020879,N,,,,
1174,22147,Jhanu (42),झाणू (42),Solan(Sub-District) / Solan(District) / Himachal Pradesh(State),01521500,022147,N,,,,
1175,21295,Jharabal (334),झराबल (334),Krishangarh(Sub-District) / Solan(District) / Himachal Pradesh(State),01427300,021295,N,,,,
1176,21135,Jharmajri (215),झाड़माजरी (215),Baddi(Sub-District) / Solan(District) / Himachal Pradesh(State),01421300,021135,N,,,,
1177,20973,Jhiran (113),झींडा (113),Nalagarh(Sub-District) / Solan(District) / Himachal Pradesh(State),01404600,020973,N,,,,
1178,21976,Jhojho (815),झोजों,Solan(Sub-District) / Solan(District) / Himachal Pradesh(State),01504400,021976,N,,,,
1179,20115,Jhundla (402),झुण्डला (402),Arki(Sub-District) / Solan(District) / Himachal Pradesh(State),01338700,020115,N,,,,
1180,20194,Jialang (441),ज्यालंग (441),Kunihar(Sub-District) / Solan(District) / Himachal Pradesh(State),01346600,020194,N,,,,
1181,21814,Jiara (12),ज्यारा (12),Solan(Sub-District) / Solan(District) / Himachal Pradesh(State),01488200,021814,N,,,,
1182,20195,Jiawala (442),ज्यावला (442),Kunihar(Sub-District) / Solan(District) / Himachal Pradesh(State),01346700,020195,N,,,,
1183,20086,Jijhawan (157),जिझावण (157),Arki(Sub-District) / Solan(District) / Himachal Pradesh(State),01335800,020086,N,,,,
1184,21619,Jindo (755),जिन्दो (755),Kasauli(Sub-District) / Solan(District) / Himachal Pradesh(State),01468700,021619,N,,,,
1185,21885,Jiun (58),जीऊँ (58),Solan(Sub-District) / Solan(District) / Himachal Pradesh(State),01495300,021885,N,,,,
1186,20564,Jobi (106),जोबी(106),Loharghat(Sub-District) / Solan(District) / Himachal Pradesh(State),01363700,020564,N,,,,
1187,21727,Jodhpur (946),जोधपुर  (946),Parwanoo(Sub-District) / Solan(District) / Himachal Pradesh(State),01479500,021727,N,,,,
1188,21975,Jogan (816),जोगण (816),Solan(Sub-District) / Solan(District) / Himachal Pradesh(State),01504300,021975,N,,,,
1189,20791,Joghon (32),जोघों (32),Panjehra(Sub-District) / Solan(District) / Himachal Pradesh(State),01386400,020791,N,,,,
1190,21847,Johar (22),जौहर (22),Solan(Sub-District) / Solan(District) / Himachal Pradesh(State),01491500,021847,N,,,,
1191,20695,Johari (175),जोहडी(175),Ramshahr(Sub-District) / Solan(District) / Himachal Pradesh(State),01376800,020695,N,,,,
1192,21319,Johar Ji (268),जोहड जी (268),Krishangarh(Sub-District) / Solan(District) / Himachal Pradesh(State),01429700,021319,N,,,,
1193,21989,Johar Patiyala (847),जोहड़ पटियाला (847),Solan(Sub-District) / Solan(District) / Himachal Pradesh(State),01505700,021989,N,,,,
1194,21216,Johranpur (192),जोहड़ांपुर (192),Baddi(Sub-District) / Solan(District) / Himachal Pradesh(State),01458500,021216,N,,,,
1195,22109,Jokhadi (1),जोखड़ी (1),Solan(Sub-District) / Solan(District) / Himachal Pradesh(State),01517700,022109,N,,,,
1196,20589,Jol (122),जोल(122),Loharghat(Sub-District) / Solan(District) / Himachal Pradesh(State),01366200,020589,N,,,,
1197,21896,Jola Jodan (664),जोला जोड़न (664),Solan(Sub-District) / Solan(District) / Himachal Pradesh(State),01496400,021896,N,,,,
1198,21973,Jol Bhaili (809),जौल भाईली (809),Solan(Sub-District) / Solan(District) / Himachal Pradesh(State),01504100,021973,N,,,,
1199,21286,Jubber (343),जुब्बड (343),Krishangarh(Sub-District) / Solan(District) / Himachal Pradesh(State),01426400,021286,N,,,,
1200,21102,Juddi Kalan (210),जुड्डी कलां (210),Baddi(Sub-District) / Solan(District) / Himachal Pradesh(State),01417700,021102,N,,,,
1201,21101,Juddi Khurd (209),जुड्डी खुर्द  (209),Baddi(Sub-District) / Solan(District) / Himachal Pradesh(State),01417600,021101,N,,,,
1202,20731,Jukhari (39),जौखाडी (39),Panjehra(Sub-District) / Solan(District) / Himachal Pradesh(State),01380400,020731,N,,,,
1203,21198,Jumlapur (233),जुमलापुर (233),Baddi(Sub-District) / Solan(District) / Himachal Pradesh(State),01450500,021198,N,,,,
1204,20011,Jun (333),जून (333),Darlaghat(Sub-District) / Solan(District) / Himachal Pradesh(State),01326600,020011,N,,,,
1205,21129,Jungle Ambka (437),जंगल अंबका (437),Baddi(Sub-District) / Solan(District) / Himachal Pradesh(State),01420700,021129,N,,,,
1206,21148,Jungle Avared (322),जंगल अवार्ड (322),Baddi(Sub-District) / Solan(District) / Himachal Pradesh(State),01432800,021148,N,,,,
1207,22424,Jungle Bagetu (D-59),जंगल बगेटू (D-59),Kandaghat(Sub-District) / Solan(District) / Himachal Pradesh(State),01549200,022424,N,,,,
1208,22421,Jungle Basha (D-58),जंगल बाशा (D-58),Kandaghat(Sub-District) / Solan(District) / Himachal Pradesh(State),01548900,022421,N,,,,
1209,21203,Jungle Bhawan (232),जंगल भवन (232),Baddi(Sub-District) / Solan(District) / Himachal Pradesh(State),01451000,021203,N,,,,
1210,21032,Jungle Bhlawa (453),जंगल भलावा (453),Baddi(Sub-District) / Solan(District) / Himachal Pradesh(State),01410200,021032,N,,,,
1211,21208,Jungle Bijliwalaa (204),जंगल बिजलीवाला (204),Baddi(Sub-District) / Solan(District) / Himachal Pradesh(State),01457700,021208,N,,,,
1212,22402,Jungle Birni (D-64),जंंगल बिरनी (D-64),Kandaghat(Sub-District) / Solan(District) / Himachal Pradesh(State),01547000,022402,N,,,,
1213,22409,Jungle Bisha (R-20),जंगल बीशा (R-20),Kandaghat(Sub-District) / Solan(District) / Himachal Pradesh(State),01547700,022409,N,,,,
1214,20060,Jungle Chaiyaan (481),जंगल चईंया (481),Arki(Sub-District) / Solan(District) / Himachal Pradesh(State),01333200,020060,N,,,,
1215,22425,Jungle Chaklen (R-16),जंगल चकलैन (R-16),Kandaghat(Sub-District) / Solan(District) / Himachal Pradesh(State),01549300,022425,N,,,,
1216,21133,Jungle Dasaura (431),जंगल दसौरा (431),Baddi(Sub-District) / Solan(District) / Himachal Pradesh(State),01421100,021133,N,,,,
1217,22384,Jungle Dhali Karol (D-73),जंगल धाली करोल (D-73),Kandaghat(Sub-District) / Solan(District) / Himachal Pradesh(State),01545200,022384,N,,,,
1218,21181,Jungle Dhaniawan (216),जंगल धन्यावन (216),Baddi(Sub-District) / Solan(District) / Himachal Pradesh(State),01448800,021181,N,,,,
1219,22406,Jungle Dhanoh (D-61),जंगल धनोई (D-61),Kandaghat(Sub-District) / Solan(District) / Himachal Pradesh(State),01547400,022406,N,,,,
1220,21112,Jungle Dharampur (422),जंगल धर्मपुर (422),Baddi(Sub-District) / Solan(District) / Himachal Pradesh(State),01418900,021112,N,,,,
1221,21196,Jungle Dhar Ka Chhamba (227),जंगल धर का छांबा (227),Baddi(Sub-District) / Solan(District) / Himachal Pradesh(State),01450300,021196,N,,,,
1222,21185,Jungle Dharoa (211),जंगल धरोआ (211),Baddi(Sub-District) / Solan(District) / Himachal Pradesh(State),01449200,021185,N,,,,
1223,20198,Jungle Dhau Ki Dhar (445),जंगल धौ की धार (445),Arki(Sub-District) / Solan(District) / Himachal Pradesh(State),01347000,020198,N,,,,
1224,22453,Jungle Dom Kanewla (D-41),जंगल दोम कनैवला (D-41),Kandaghat(Sub-District) / Solan(District) / Himachal Pradesh(State),01552100,022453,N,,,,
1225,22290,Jungle Dom Syarighat (D-113),जंगल दोम सायरीघाट (D-113),Mamlig(Sub-District) / Solan(District) / Himachal Pradesh(State),01535800,022290,N,,,,
1226,22296,Jungle Dom Tathol (D-111),जंगल दोल ठठोल (D-111),Mamlig(Sub-District) / Solan(District) / Himachal Pradesh(State),01536400,022296,N,,,,
1227,939339,Jungle Doyam Kasauli,जंगल दोयम कसौली,Kasauli(Sub-District) / Solan(District) / Himachal Pradesh(State),,000000,N,,,,
1228,21144,Jungle Gariwala (309),जंगल गरीवाला (309),Baddi(Sub-District) / Solan(District) / Himachal Pradesh(State),01432400,021144,N,,,,
1229,21207,Jungle Gujjran Thadi (230),जंगल गुज्जरां थड़ी (230),Baddi(Sub-District) / Solan(District) / Himachal Pradesh(State),01451400,021207,N,,,,
1230,22385,Jungle Jatri Ka Dhala (D-22),जंगल जातरी का धाला (D-22),Kandaghat(Sub-District) / Solan(District) / Himachal Pradesh(State),01545300,022385,N,,,,
1231,21503,Jungle Jharan (163),जंगल झरण (163),Kasauli(Sub-District) / Solan(District) / Himachal Pradesh(State),01454800,021503,N,,,,
1232,21191,Jungle Jumlapur (234),जंगल जुमलापुर (234),Baddi(Sub-District) / Solan(District) / Himachal Pradesh(State),01449800,021191,N,,,,
1233,22389,Jungle Kalog (D-75),जंगल कलोग (D-75),Kandaghat(Sub-District) / Solan(District) / Himachal Pradesh(State),01545700,022389,N,,,,
1234,22400,Jungle Kasauli (D-66),जंगल कसौली (D-66),Kandaghat(Sub-District) / Solan(District) / Himachal Pradesh(State),01546800,022400,N,,,,
1235,22462,Jungle Khadiun (R-15),जंगल खड़ीउन (R-15),Kandaghat(Sub-District) / Solan(District) / Himachal Pradesh(State),01553000,022462,N,,,,
1236,22454,Jungle Khani Ka Nala (D-40),जंगल खानी का नाला (D-40),Kandaghat(Sub-District) / Solan(District) / Himachal Pradesh(State),01552200,022454,N,,,,
1237,21205,Jungle Kharota (229),जंगल खरोटा (229),Baddi(Sub-District) / Solan(District) / Himachal Pradesh(State),01451200,021205,N,,,,
1238,21020,Jungle Khol (115),जंगल खोल (115),Baddi(Sub-District) / Solan(District) / Himachal Pradesh(State),01404800,021020,N,,,,
1239,21095,Jungle Khol (187),जंगल खोल (187),Baddi(Sub-District) / Solan(District) / Himachal Pradesh(State),01416800,021095,N,,,,
1240,22351,Jungle Kothi (35),जंगल कोठी (35),Kandaghat(Sub-District) / Solan(District) / Himachal Pradesh(State),01541900,022351,N,,,,
1241,21057,Jungle Majru (404),जंगल माजरू (404),Baddi(Sub-District) / Solan(District) / Himachal Pradesh(State),01412700,021057,N,,,,
1242,939359,Jungle Mehfuja Mehduda Bhalo,जंगल मैहफुजा मैहदुदा भालो,Kasauli(Sub-District) / Solan(District) / Himachal Pradesh(State),,000000,N,,,,
1243,939347,Jungle Mehfuja Mehduda Chabal Ki Dhar 116,  जंगल मैहफूजा मैहदुदा चाबल की धार-116,Kasauli(Sub-District) / Solan(District) / Himachal Pradesh(State),,000000,N,,,,
1244,939348,Jungle Mehfuja Mehduda Chabal Ki Dhar 117,जंगल मैहफूजा मैहदुदा चाबल की धार-117,Kasauli(Sub-District) / Solan(District) / Himachal Pradesh(State),,000000,N,,,,
1245,939349,Jungle Mehfuja Mehduda Chabal Ki Dhar -118,जंगल मैहफूजा मैहदुदा चाबल की धार-118,Kasauli(Sub-District) / Solan(District) / Himachal Pradesh(State),,000000,N,,,,
1246,939350,Jungle Mehfuja Mehduda Chabal Ki Dhar -119,जंगल मैहफूजा मैहदुदा चाबल की धार-119,Kasauli(Sub-District) / Solan(District) / Himachal Pradesh(State),,000000,N,,,,
1247,939351,Jungle Mehfuja Mehduda Chabal Ki Dhar -120,जंगल मैहफूजा मैहदुदा चाबल की धार-120,Kasauli(Sub-District) / Solan(District) / Himachal Pradesh(State),,000000,N,,,,
1248,939333,Jungle Mehfuja Mehduda Chamgah,जंगल मैहफूजा मेहदुदा  चमगाह,Kasauli(Sub-District) / Solan(District) / Himachal Pradesh(State),,000000,N,,,,
1249,939355,Jungle Mehfuja Mehduda Dawlan Kalan And Khurd,जंगल मेहफुजा मेहदुदा दावला कला व खुर्द,Kasauli(Sub-District) / Solan(District) / Himachal Pradesh(State),,000000,N,,,,
1250,939332,Jungle Mehfuja Mehduda Dhamyana,जंगल मैहफूजा मेहदुदा  धमयाणा,Kasauli(Sub-District) / Solan(District) / Himachal Pradesh(State),,000000,N,,,,
1251,939356,Jungle Mehfuja Mehduda Gulhari 135/135,जंगल मेहफुजा मेहदुदा गुलहाडी 135/135,Kasauli(Sub-District) / Solan(District) / Himachal Pradesh(State),,000000,N,,,,
1252,939360,Jungle Mehfuja Mehduda Gulhari 136/136,जंगल मेहफुजा मेहदुदा गुलहाडी 136/136,Kasauli(Sub-District) / Solan(District) / Himachal Pradesh(State),,000000,N,,,,
1253,939357,Jungle Mehfuja Mehduda Hurang,जंगल मैहफुजा मैहदुदा हुड़ंग,Kasauli(Sub-District) / Solan(District) / Himachal Pradesh(State),,000000,N,,,,
1254,939336,Jungle Mehfuja Mehduda Maltu D162,जंगल मेहफुजा मेहदुदा मालटु D-162,Kasauli(Sub-District) / Solan(District) / Himachal Pradesh(State),,000000,N,,,,
1255,939340,Jungle Mehfuja Mehduda Samol D -148,जंगल मैहफूजा मैहदूदा समोल डी -148,Kasauli(Sub-District) / Solan(District) / Himachal Pradesh(State),,000000,N,,,,
1256,939341,Jungle Mehfuja Mehduda Sanhol D -149,जंगल मैहफूजा मैहदूदा सनहोल डी -149,Kasauli(Sub-District) / Solan(District) / Himachal Pradesh(State),,000000,N,,,,
1257,939352,Jungle Mehfuja Mehduda Shilli Badyar,जंगल मैहफूजा मैहदूदा शिल्ली बडयार,Kasauli(Sub-District) / Solan(District) / Himachal Pradesh(State),,000000,N,,,,
1258,21223,Jungle Nalaki (205),जंगल नालकी (205),Baddi(Sub-District) / Solan(District) / Himachal Pradesh(State),01459200,021223,N,,,,
1259,21200,Jungle Naseri (237),जंगल नसेरी (237),Baddi(Sub-District) / Solan(District) / Himachal Pradesh(State),01450700,021200,N,,,,
1260,21162,Jungle Phophdla (307),जंगल फोफड़ला (307),Baddi(Sub-District) / Solan(District) / Himachal Pradesh(State),01434200,021162,N,,,,
1261,939337,Jungle Reserve 35 Kadon,जंगल आरक्षित 35 कादो,Kasauli(Sub-District) / Solan(District) / Himachal Pradesh(State),,000000,N,,,,
1262,939334,Jungle Reserve 36/38 Anji,जंगल आरक्षीत 36/38 आँजी,Kasauli(Sub-District) / Solan(District) / Himachal Pradesh(State),,000000,N,,,,
1263,21122,Jungle Retwali (419),जंगल रेतवाली (419),Baddi(Sub-District) / Solan(District) / Himachal Pradesh(State),01420000,021122,N,,,,
1264,22441,Jungle Sakori (D-50),जंगल स्कोड़ी (D-50),Kandaghat(Sub-District) / Solan(District) / Himachal Pradesh(State),01550900,022441,N,,,,
1265,20140,Jungle Saron (133),जंगल सरोन (133),Arki(Sub-District) / Solan(District) / Himachal Pradesh(State),01341200,020140,N,,,,
1266,20135,Jungle Ser (141),जंगल सेर (141),Arki(Sub-District) / Solan(District) / Himachal Pradesh(State),01340700,020135,N,,,,
1267,22415,Jungle Shadyal (D-54),जंगल शढयाल (D-54),Kandaghat(Sub-District) / Solan(District) / Himachal Pradesh(State),01548300,022415,N,,,,
1268,21046,Jungle Sidh Chalauni (405),जंगल सिंह चलौणी (405),Baddi(Sub-District) / Solan(District) / Himachal Pradesh(State),01411600,021046,N,,,,
1269,22414,Jungle Suro (D-55),जंगल सूरहो (D-55),Kandaghat(Sub-District) / Solan(District) / Himachal Pradesh(State),01548200,022414,N,,,,
1270,22418,Jungle Suro (D-56),जंगल सूरहो (D-56),Kandaghat(Sub-District) / Solan(District) / Himachal Pradesh(State),01548600,022418,N,,,,
1271,21050,Jungle Tali (440),जंगल टाली (440),Baddi(Sub-District) / Solan(District) / Himachal Pradesh(State),01412000,021050,N,,,,
1272,21179,Jungle Tujhar (209),जंगल तुझार (209),Baddi(Sub-District) / Solan(District) / Himachal Pradesh(State),01448600,021179,N,,,,
1273,21623,Junti (757),जुन्ती (757),Kasauli(Sub-District) / Solan(District) / Himachal Pradesh(State),01469100,021623,N,,,,
1274,22024,Kaba Kala (850),काबा कलां (850),Solan(Sub-District) / Solan(District) / Himachal Pradesh(State),01509200,022024,N,,,,
1275,22171,Kadari Kalan (532),कढ़ारी कलां (532),Solan(Sub-District) / Solan(District) / Himachal Pradesh(State),01523900,022171,N,,,,
1276,22172,Kadari Khurd (533),कढ़ारी खुर्द (533),Solan(Sub-District) / Solan(District) / Himachal Pradesh(State),01524000,022172,N,,,,
1277,22457,Kadela (477),कडैला (477),Kandaghat(Sub-District) / Solan(District) / Himachal Pradesh(State),01552500,022457,N,,,,
1278,22387,Kadhar (442),कढार (442),Kandaghat(Sub-District) / Solan(District) / Himachal Pradesh(State),01545500,022387,N,,,,
1279,21652,Kadon (691),कादो (691),Kasauli(Sub-District) / Solan(District) / Himachal Pradesh(State),01472000,021652,N,,,,
1280,22320,Kador (90),कदौर (90),Mamlig(Sub-District) / Solan(District) / Himachal Pradesh(State),01538800,022320,N,,,,
1281,20052,Kadyah (479),कड़याह (479),Arki(Sub-District) / Solan(District) / Himachal Pradesh(State),01332400,020052,N,,,,
1282,20051,Kadyah (79),कड़याह (79),Arki(Sub-District) / Solan(District) / Himachal Pradesh(State),01332300,020051,N,,,,
1283,21567,Kafal Ka Hada (100),काफल का हाड़ा (100),Kasauli(Sub-District) / Solan(District) / Himachal Pradesh(State),01463500,021567,N,,,,
1284,20529,Kafled (261),कफलेड(261),Ramshahr(Sub-District) / Solan(District) / Himachal Pradesh(State),01360200,020529,N,,,,
1285,22274,Kahla (94),काहला (94),Mamlig(Sub-District) / Solan(District) / Himachal Pradesh(State),01534200,022274,N,,,,
1286,22239,Kahli Kamlyaru (175),काहली कमल्याडू (175),Mamlig(Sub-District) / Solan(District) / Himachal Pradesh(State),01530700,022239,N,,,,
1287,20651,Kahnani (214),काहननी (214),Ramshahr(Sub-District) / Solan(District) / Himachal Pradesh(State),01372400,020651,N,,,,
1288,21924,Kailar (658),कायलर (658),Solan(Sub-District) / Solan(District) / Himachal Pradesh(State),01499200,021924,N,,,,
1289,21226,Kaimbawala (189),कैंबावाला (189),Baddi(Sub-District) / Solan(District) / Himachal Pradesh(State),01459500,021226,N,,,,
1290,21187,Kaindol (206),कैंडोल (206),Baddi(Sub-District) / Solan(District) / Himachal Pradesh(State),01449400,021187,N,,,,
1291,21096,Kainduwala (200),कैंदुवाला (200),Baddi(Sub-District) / Solan(District) / Himachal Pradesh(State),01416900,021096,N,,,,
1292,21202,Kaintha (238),कैंथा (238),Baddi(Sub-District) / Solan(District) / Himachal Pradesh(State),01450900,021202,N,,,,
1293,21704,Kainthi (902),कैंथी (902),Parwanoo(Sub-District) / Solan(District) / Himachal Pradesh(State),01477200,021704,N,,,,
1294,21941,Kainthri (790),कैन्थड़ी (790),Solan(Sub-District) / Solan(District) / Himachal Pradesh(State),01500900,021941,N,,,,
1295,20461,Kajyara (57),कज्यारा (57),Darlaghat(Sub-District) / Solan(District) / Himachal Pradesh(State),01330400,020461,N,,,,
1296,20716,Kakar Dohichi (190),ककड  दोहची(190),Ramshahr(Sub-District) / Solan(District) / Himachal Pradesh(State),01378900,020716,N,,,,
1297,21816,Kakarghat (7),ककडघाट (7),Solan(Sub-District) / Solan(District) / Himachal Pradesh(State),01488400,021816,N,,,,
1298,22158,Kakdanji(555),ककड़ांजी (555),Solan(Sub-District) / Solan(District) / Himachal Pradesh(State),01522600,022158,N,,,,
1299,20448,Kaker (181),ककेड़ (181),Darlaghat(Sub-District) / Solan(District) / Himachal Pradesh(State),01321200,020448,N,,,,
1300,20399,Kakra (183),काकड़ा (183),Darlaghat(Sub-District) / Solan(District) / Himachal Pradesh(State),01315100,020399,N,,,,
1301,22256,Kakra (215),काकड़ा (215),Mamlig(Sub-District) / Solan(District) / Himachal Pradesh(State),01532400,022256,N,,,,
1302,20089,Kalahran (162),कलाहरन (162),Arki(Sub-District) / Solan(District) / Himachal Pradesh(State),01336100,020089,N,,,,
1303,20092,Kalar (146),कालर (146),Arki(Sub-District) / Solan(District) / Himachal Pradesh(State),01336400,020092,N,,,,
1304,20414,Kalar Bala (248),कलर वाला (248),Darlaghat(Sub-District) / Solan(District) / Himachal Pradesh(State),01316800,020414,N,,,,
1305,20413,Kalar-Jairi (247),कलर जेरी (247),Darlaghat(Sub-District) / Solan(District) / Himachal Pradesh(State),01316700,020413,N,,,,
1306,21649,Kalawan (785),कलावन (785),Kasauli(Sub-District) / Solan(District) / Himachal Pradesh(State),01471700,021649,N,,,,
1307,21686,Kalhech (896),कलहेच (896),Kasauli(Sub-District) / Solan(District) / Himachal Pradesh(State),01475400,021686,N,,,,
1308,22430,Kalhog (410),कल्होग (410),Kandaghat(Sub-District) / Solan(District) / Himachal Pradesh(State),01549800,022430,N,,,,
1309,20014,Kaliana (340),कल्याणा (340),Darlaghat(Sub-District) / Solan(District) / Himachal Pradesh(State),01326900,020014,N,,,,
1310,20781,Kalibari (15),कालीबड़ी (15),Panjehra(Sub-District) / Solan(District) / Himachal Pradesh(State),01385400,020781,N,,,,
1311,22195,Kalod (574),कलौड़ (574),Solan(Sub-District) / Solan(District) / Himachal Pradesh(State),01526300,022195,N,,,,
1312,22390,Kalog (444),कलोग (444),Kandaghat(Sub-District) / Solan(District) / Himachal Pradesh(State),01545800,022390,N,,,,
1313,21706,Kalog (895),कलोग (895),Kasauli(Sub-District) / Solan(District) / Himachal Pradesh(State),01477400,021706,N,,,,
1314,20202,Kalowa (435),कलोवा (435),Kunihar(Sub-District) / Solan(District) / Himachal Pradesh(State),01347400,020202,N,,,,
1315,21230,Kalranwali (184),कलरांवाली (184),Baddi(Sub-District) / Solan(District) / Himachal Pradesh(State),01459900,021230,N,,,,
1316,21711,Kalth (907),काल्थ (907),Parwanoo(Sub-District) / Solan(District) / Himachal Pradesh(State),01477900,021711,N,,,,
1317,21228,Kalujhinda (186),कालुझिंडा (186),Baddi(Sub-District) / Solan(District) / Himachal Pradesh(State),01459700,021228,N,,,,
1318,21424,Kalyan (449),कल्याण (449),Krishangarh(Sub-District) / Solan(District) / Himachal Pradesh(State),01443400,021424,N,,,,
1319,21097,Kalyanpur (201),कल्याणपुर (201),Baddi(Sub-District) / Solan(District) / Himachal Pradesh(State),01417000,021097,N,,,,
1320,20802,Kalyanpur (329),कल्याणपुर (329),Nalagarh(Sub-District) / Solan(District) / Himachal Pradesh(State),01387500,020802,N,,,,
1321,20129,Kalyanpur (365),कल्याणपुर (365),Arki(Sub-District) / Solan(District) / Himachal Pradesh(State),01340100,020129,N,,,,
1322,20889,Kalyanpur (38),कलयानपुर (38),Panjehra(Sub-District) / Solan(District) / Himachal Pradesh(State),01396200,020889,N,,,,
1323,20892,Kalyanpur (76),कल्याणपुर  (76),Nalagarh(Sub-District) / Solan(District) / Himachal Pradesh(State),01396500,020892,N,,,,
1324,20678,Kamal (184),कामल (184),Ramshahr(Sub-District) / Solan(District) / Himachal Pradesh(State),01375100,020678,N,,,,
1325,21324,Kamli (424),कामली (424),Krishangarh(Sub-District) / Solan(District) / Himachal Pradesh(State),01430200,021324,N,,,,
1326,21548,Kamli (948),कामली (948),Parwanoo(Sub-District) / Solan(District) / Himachal Pradesh(State),01461600,021548,N,,,,
1327,22014,Kamlog (865),कमलोग (865),Solan(Sub-District) / Solan(District) / Himachal Pradesh(State),01508200,022014,N,,,,
1328,22304,Kamlyar (212),कमल्याड़ (212),Mamlig(Sub-District) / Solan(District) / Himachal Pradesh(State),01537200,022304,N,,,,
1329,21596,Kamthan Kalan (730),कमठान कलाँ (730),Kasauli(Sub-District) / Solan(District) / Himachal Pradesh(State),01466400,021596,N,,,,
1330,21595,Kamthan Khurd (729),कमठान खुर्द (729),Kasauli(Sub-District) / Solan(District) / Himachal Pradesh(State),01466300,021595,N,,,,
1331,22139,Kanah Bajnal (544),कनाह बजनाल (544),Solan(Sub-District) / Solan(District) / Himachal Pradesh(State),01520700,022139,N,,,,
1332,20751,Kanali (21),कनाली (21),Panjehra(Sub-District) / Solan(District) / Himachal Pradesh(State),01382400,020751,N,,,,
1333,22011,Kanana (856),कनाना (856),Solan(Sub-District) / Solan(District) / Himachal Pradesh(State),01507900,022011,N,,,,
1334,21613,Kanda (704),कण्डा (704),Kasauli(Sub-District) / Solan(District) / Himachal Pradesh(State),01468100,021613,N,,,,
1335,20288,Kandhar (506),कंधर (506),Darlaghat(Sub-District) / Solan(District) / Himachal Pradesh(State),01304300,020288,N,,,,
1336,21804,Kandla (264),कण्डला (264),Solan(Sub-District) / Solan(District) / Himachal Pradesh(State),01487200,021804,N,,,,
1337,21803,Kandlu (263),कण्डलू (263),Solan(Sub-District) / Solan(District) / Himachal Pradesh(State),01487100,021803,N,,,,
1338,20412,Kandryali (241),कन्द्रयाली (241),Darlaghat(Sub-District) / Solan(District) / Himachal Pradesh(State),01316600,020412,N,,,,
1339,21384,Kandryar (412),कन्द्रयाड (412),Krishangarh(Sub-District) / Solan(District) / Himachal Pradesh(State),01439400,021384,N,,,,
1340,22237,Kaneir (185),कनैर (185),Mamlig(Sub-District) / Solan(District) / Himachal Pradesh(State),01530500,022237,N,,,,
1341,20551,Kaneta (87),कनेटा(87),Loharghat(Sub-District) / Solan(District) / Himachal Pradesh(State),01362400,020551,N,,,,
1342,20909,Kanganwal (88),कंगनवाल (88),Nalagarh(Sub-District) / Solan(District) / Himachal Pradesh(State),01398200,020909,N,,,,
1343,21152,Kangi (303),कांगी (303),Baddi(Sub-District) / Solan(District) / Himachal Pradesh(State),01433200,021152,N,,,,
1344,20206,Kangu (120),कांगू (120),Arki(Sub-District) / Solan(District) / Himachal Pradesh(State),01347800,020206,N,,,,
1345,21610,Kangu Ka Thada (744),कांगू का थडा (744),Kasauli(Sub-District) / Solan(District) / Himachal Pradesh(State),01467800,021610,N,,,,
1346,22353,Kanguti (37),कांगुटी (37),Kandaghat(Sub-District) / Solan(District) / Himachal Pradesh(State),01542100,022353,N,,,,
1347,21638,Kanho (696),कानो (696),Kasauli(Sub-District) / Solan(District) / Himachal Pradesh(State),01470600,021638,N,,,,
1348,22292,Kanholi (306),कन्होली (306),Mamlig(Sub-District) / Solan(District) / Himachal Pradesh(State),01536000,022292,N,,,,
1349,22480,Kano (492),कानो (492),Kandaghat(Sub-District) / Solan(District) / Himachal Pradesh(State),01554800,022480,N,,,,
1350,22503,Kanodi (502),कनोड़ी (502),Kandaghat(Sub-District) / Solan(District) / Himachal Pradesh(State),01557100,022503,N,,,,
1351,20863,Kanoela Nichla (317),कनोयला निचला (317),Nalagarh(Sub-District) / Solan(District) / Himachal Pradesh(State),01393600,020863,N,,,,
1352,20862,Kanoela Uperla (315),कनोयला उपरला (315),Nalagarh(Sub-District) / Solan(District) / Himachal Pradesh(State),01393500,020862,N,,,,
1353,22243,Kanshi Patta (226),कांशी पट्टा (226),Mamlig(Sub-District) / Solan(District) / Himachal Pradesh(State),01531100,022243,N,,,,
1354,20351,Kanswala (201),कन्सवाला (201),Darlaghat(Sub-District) / Solan(District) / Himachal Pradesh(State),01310600,020351,N,,,,
1355,20803,Kanwan Wali (25),कावांवाली (25),Panjehra(Sub-District) / Solan(District) / Himachal Pradesh(State),01387600,020803,N,,,,
1356,21787,Kanyara (277),कन्यारा (277),Solan(Sub-District) / Solan(District) / Himachal Pradesh(State),01485500,021787,N,,,,
1357,22228,Kanyari (168),कन्यारी (168),Mamlig(Sub-District) / Solan(District) / Himachal Pradesh(State),01529600,022228,N,,,,
1358,20739,Kaphleda (41),कफलेडा (41),Panjehra(Sub-District) / Solan(District) / Himachal Pradesh(State),01381200,020739,N,,,,
1359,20730,Kapohli (47),कपोहली (47),Panjehra(Sub-District) / Solan(District) / Himachal Pradesh(State),01380300,020730,N,,,,
1360,20455,Karara (44),कराड़ा (44),Darlaghat(Sub-District) / Solan(District) / Himachal Pradesh(State),01321900,020455,N,,,,
1361,22493,Karog (490),कड़ोग (490),Kandaghat(Sub-District) / Solan(District) / Himachal Pradesh(State),01556100,022493,N,,,,
1362,20290,Karog (512),करोग (512),Darlaghat(Sub-District) / Solan(District) / Himachal Pradesh(State),01304500,020290,N,,,,
1363,21718,Karol (923),करौल  (923),Parwanoo(Sub-District) / Solan(District) / Himachal Pradesh(State),01478600,021718,N,,,,
1364,20177,Karoli (421),करोली (421),Kunihar(Sub-District) / Solan(District) / Himachal Pradesh(State),01344900,020177,N,,,,
1365,20807,Karsoli (4),करसौली (4),Panjehra(Sub-District) / Solan(District) / Himachal Pradesh(State),01388000,020807,N,,,,
1366,21106,Karuwana (197),कड़ुवाना (197),Baddi(Sub-District) / Solan(District) / Himachal Pradesh(State),01418300,021106,N,,,,
1367,21894,Karyali (49),करयाली (49),Solan(Sub-District) / Solan(District) / Himachal Pradesh(State),01496200,021894,N,,,,
1368,21357,Kasal (278),कासल (278),Krishangarh(Sub-District) / Solan(District) / Himachal Pradesh(State),01436700,021357,N,,,,
1369,21076,Kasambowal Gujran (157),कसम्बोवाल गुज्जरा (157),Baddi(Sub-District) / Solan(District) / Himachal Pradesh(State),01414900,021076,N,,,,
1370,21075,Kasambowal Kanaitan (155),कसम्बोवाल कनैतां (155),Baddi(Sub-District) / Solan(District) / Himachal Pradesh(State),01414800,021075,N,,,,
1371,22399,Kasauli (420),कसौली (420),Kandaghat(Sub-District) / Solan(District) / Himachal Pradesh(State),01546700,022399,N,,,,
1372,21518,Kasauli (99),कसौली (99),Kasauli(Sub-District) / Solan(District) / Himachal Pradesh(State),01456300,021518,N,,,,
1373,939338,Kasauli Cantt.(395),कसौली कैन्ट (395),Kasauli(Sub-District) / Solan(District) / Himachal Pradesh(State),,000000,N,,,,
1374,20328,Kashlog (11),कशलोग (11),Darlaghat(Sub-District) / Solan(District) / Himachal Pradesh(State),01308300,020328,N,,,,
1375,22331,Kashmari (73),कश्माड़ी (73),Kandaghat(Sub-District) / Solan(District) / Himachal Pradesh(State),01539900,022331,N,,,,
1376,20801,Kashmirpur Brahmna (40),कश्मीरपुर ब्राह्मणा (40),Panjehra(Sub-District) / Solan(District) / Himachal Pradesh(State),01387400,020801,N,,,,
1377,20745,Kasla (23),कासला (23),Panjehra(Sub-District) / Solan(District) / Himachal Pradesh(State),01381800,020745,N,,,,
1378,21054,Kasla (414),कासला (414),Baddi(Sub-District) / Solan(District) / Himachal Pradesh(State),01412400,021054,N,,,,
1379,20800,Kasmirpur Gujjran (42),कश्मीरपुर गुज्जरां (42),Panjehra(Sub-District) / Solan(District) / Himachal Pradesh(State),01387300,020800,N,,,,
1380,20359,Kasumbla (212),कसुम्बला (212),Darlaghat(Sub-District) / Solan(District) / Himachal Pradesh(State),01311200,020359,N,,,,
1381,20144,Kasyat (137),कस्याट (137),Arki(Sub-District) / Solan(District) / Himachal Pradesh(State),01341600,020144,N,,,,
1382,21676,Katal (109),काटल (109),Kasauli(Sub-District) / Solan(District) / Himachal Pradesh(State),01474400,021676,N,,,,
1383,20248,Katal (111),काटल (111),Arki(Sub-District) / Solan(District) / Himachal Pradesh(State),01351900,020248,N,,,,
1384,20687,Katal (162),कटल (162),Ramshahr(Sub-District) / Solan(District) / Himachal Pradesh(State),01376000,020687,N,,,,
1385,21491,Katal (172),काटल (172),Kasauli(Sub-District) / Solan(District) / Himachal Pradesh(State),01453600,021491,N,,,,
1386,20707,Katal (187),कटल (187),Ramshahr(Sub-District) / Solan(District) / Himachal Pradesh(State),01378000,020707,N,,,,
1387,20530,Katal (264),कटल (264),Ramshahr(Sub-District) / Solan(District) / Himachal Pradesh(State),01360300,020530,N,,,,
1388,20886,Katal (328),कटल (328),Nalagarh(Sub-District) / Solan(District) / Himachal Pradesh(State),01395900,020886,N,,,,
1389,20265,Katal (456),काटल (456),Arki(Sub-District) / Solan(District) / Himachal Pradesh(State),01353300,020265,N,,,,
1390,21515,Katal (722),काटल (722),Kasauli(Sub-District) / Solan(District) / Himachal Pradesh(State),01456000,021515,N,,,,
1391,21297,Katal Brahmna (348),काटल ब्राहमणा (348),Krishangarh(Sub-District) / Solan(District) / Himachal Pradesh(State),01427500,021297,N,,,,
1392,21585,Katal Ka Baag (740),काटल का बाग (740),Kasauli(Sub-District) / Solan(District) / Himachal Pradesh(State),01465300,021585,N,,,,
1393,21969,Katal Kathar (828),कटल कठार (828),Solan(Sub-District) / Solan(District) / Himachal Pradesh(State),01503700,021969,N,,,,
1394,21161,Katal Koliyan (305),काटल कोलियां (305),Baddi(Sub-District) / Solan(District) / Himachal Pradesh(State),01434100,021161,N,,,,
1395,21116,Katha (211),काठा (211),Baddi(Sub-District) / Solan(District) / Himachal Pradesh(State),01419300,021116,N,,,,
1396,22044,Kathari (840),कठारी (840),Solan(Sub-District) / Solan(District) / Himachal Pradesh(State),01511200,022044,N,,,,
1397,21479,Kathech (144),कथैच (144),Kasauli(Sub-District) / Solan(District) / Himachal Pradesh(State),01452400,021479,N,,,,
1398,939378,Kather Solan,कथेड़ सोलन,Solan(Sub-District) / Solan(District) / Himachal Pradesh(State),,000000,N,,,,
1399,20758,Kathimb (6),कठिम्ब (6),Panjehra(Sub-District) / Solan(District) / Himachal Pradesh(State),01383100,020758,N,,,,
1400,20023,Kathla (345),काथला (345),Darlaghat(Sub-District) / Solan(District) / Himachal Pradesh(State),01327800,020023,N,,,,
1401,22468,Kathla (454),काथला (454),Kandaghat(Sub-District) / Solan(District) / Himachal Pradesh(State),01553600,022468,N,,,,
1402,21611,Kathla (699),काथला (699),Kasauli(Sub-District) / Solan(District) / Himachal Pradesh(State),01467900,021611,N,,,,
1403,22412,Kathli (425),काथली (425),Kandaghat(Sub-District) / Solan(District) / Himachal Pradesh(State),01548000,022412,N,,,,
1404,22329,Kathli (72),काथली (72),Kandaghat(Sub-District) / Solan(District) / Himachal Pradesh(State),01539700,022329,N,,,,
1405,21192,Kathloh (222),कथलोह (222),Baddi(Sub-District) / Solan(District) / Himachal Pradesh(State),01449900,021192,N,,,,
1406,21158,Kathnaradu (299),कठनारड़ू (299),Baddi(Sub-District) / Solan(District) / Himachal Pradesh(State),01433800,021158,N,,,,
1407,21159,Kathnar Jogiyan (297),कठनार जोगिया (297),Baddi(Sub-District) / Solan(District) / Himachal Pradesh(State),01433900,021159,N,,,,
1408,21160,Kathnar Kanaitan (300),कठनार कनैतां (300),Baddi(Sub-District) / Solan(District) / Himachal Pradesh(State),01434000,021160,N,,,,
1409,21612,Kathni (743),कठनी (743),Kasauli(Sub-District) / Solan(District) / Himachal Pradesh(State),01468000,021612,N,,,,
1410,22125,Kathog (10),कथोग (10),Solan(Sub-District) / Solan(District) / Himachal Pradesh(State),01519300,022125,N,,,,
1411,21938,Kathyala (648),कथयाला (648),Solan(Sub-District) / Solan(District) / Himachal Pradesh(State),01500600,021938,N,,,,
1412,21794,Kathyar (254),कथयाड़ (254),Solan(Sub-District) / Solan(District) / Himachal Pradesh(State),01486200,021794,N,,,,
1413,22033,Kathyar (880),कथयाड़ (880),Solan(Sub-District) / Solan(District) / Himachal Pradesh(State),01510100,022033,N,,,,
1414,21603,Kathyaru (702),कथयाडू (702),Kasauli(Sub-District) / Solan(District) / Himachal Pradesh(State),01467100,021603,N,,,,
1415,20814,Katiraru Majra (39),कटीरडू माजरा (39),Panjehra(Sub-District) / Solan(District) / Himachal Pradesh(State),01388700,020814,N,,,,
1416,20501,Katli (276),कटली(276),Ramshahr(Sub-District) / Solan(District) / Himachal Pradesh(State),01357400,020501,N,,,,
1417,20018,Katli (343),काटली (343),Darlaghat(Sub-District) / Solan(District) / Himachal Pradesh(State),01327300,020018,N,,,,
1418,20652,Katlu (213),कटलु (213),Ramshahr(Sub-District) / Solan(District) / Himachal Pradesh(State),01372500,020652,N,,,,
1419,22411,Katoh (276),कटोह (276),Mamlig(Sub-District) / Solan(District) / Himachal Pradesh(State),01547900,022411,N,,,,
1420,949818,Kattal (445),काटल (445),Krishangarh(Sub-District) / Solan(District) / Himachal Pradesh(State),,000000,N,eSignGOFile662648_18_02_2025_13_59_31.pdf,,,
1421,21229,Kattiwala (183),कट्टीवाला (183),Baddi(Sub-District) / Solan(District) / Himachal Pradesh(State),01459800,021229,N,,,,
1422,21882,Katyara (62),कत्यारा (62),Solan(Sub-District) / Solan(District) / Himachal Pradesh(State),01495000,021882,N,,,,
1423,20825,Kaulanwala (52),कौलांवाला (52),Panjehra(Sub-District) / Solan(District) / Himachal Pradesh(State),01389800,020825,N,,,,
1424,21086,Kaundi (180),कौंडी (180),Baddi(Sub-District) / Solan(District) / Himachal Pradesh(State),01415900,021086,N,,,,
1425,21120,Kaundi (416),कौंडी (416),Baddi(Sub-District) / Solan(District) / Himachal Pradesh(State),01419800,021120,N,,,,
1426,21354,Kaunta Parla (250),कांवटा पारला (250),Krishangarh(Sub-District) / Solan(District) / Himachal Pradesh(State),01436400,021354,N,,,,
1427,21355,Kaunta Warla (251),कांवटा वारला (251),Krishangarh(Sub-District) / Solan(District) / Himachal Pradesh(State),01436500,021355,N,,,,
1428,22023,Kawa Dhar Guda (870),काबा धारगुडा (870),Solan(Sub-District) / Solan(District) / Himachal Pradesh(State),01509100,022023,N,,,,
1429,20088,Kawag (159),कावग (159),Arki(Sub-District) / Solan(District) / Himachal Pradesh(State),01336000,020088,N,,,,
1430,22371,Kawarag (435),क्वारग (435),Kandaghat(Sub-District) / Solan(District) / Himachal Pradesh(State),01543900,022371,N,,,,
1431,20865,Kawaran (314),कवारन(314),Nalagarh(Sub-District) / Solan(District) / Himachal Pradesh(State),01393800,020865,N,,,,
1432,20419,Kawarla (230),कवारला (230),Darlaghat(Sub-District) / Solan(District) / Himachal Pradesh(State),01317300,020419,N,,,,
1433,22092,Kawgadi (617),कावगड़ी (617),Solan(Sub-District) / Solan(District) / Himachal Pradesh(State),01516000,022092,N,,,,
1434,21252,Kayal Manjhali (393),कायल मंझली (393),Krishangarh(Sub-District) / Solan(District) / Himachal Pradesh(State),01423000,021252,N,,,,
1435,21251,Kayal Mehtan (394),कायल मैहता (394),Krishangarh(Sub-District) / Solan(District) / Himachal Pradesh(State),01422900,021251,N,,,,
1436,21391,Kayal Sappar (386),कायल सप्पड (386),Krishangarh(Sub-District) / Solan(District) / Himachal Pradesh(State),01440100,021391,N,,,,
1437,22056,Kayar (604),क्यार (604),Solan(Sub-District) / Solan(District) / Himachal Pradesh(State),01512400,022056,N,,,,
1438,21900,Kayar (666),क्यार (666),Solan(Sub-District) / Solan(District) / Himachal Pradesh(State),01496800,021900,N,,,,
1439,22403,Kayartu (421),क्यारटू (421),Kandaghat(Sub-District) / Solan(District) / Himachal Pradesh(State),01547100,022403,N,,,,
1440,21917,Kayartu (676),क्यारटू (676),Solan(Sub-District) / Solan(District) / Himachal Pradesh(State),01498500,021917,N,,,,
1441,22046,Kayartu (836),क्यारटू (836),Solan(Sub-District) / Solan(District) / Himachal Pradesh(State),01511400,022046,N,,,,
1442,21047,Keha (406),केहा (406),Baddi(Sub-District) / Solan(District) / Himachal Pradesh(State),01411700,021047,N,,,,
1443,20100,Kehdog (363),कैहड़ोग (363),Arki(Sub-District) / Solan(District) / Himachal Pradesh(State),01337200,020100,N,,,,
1444,21949,Khaali (796),खाली (796),Solan(Sub-District) / Solan(District) / Himachal Pradesh(State),01501700,021949,N,,,,
1445,20690,Khabra (166),खाबडा(166),Ramshahr(Sub-District) / Solan(District) / Himachal Pradesh(State),01376300,020690,N,,,,
1446,21726,Khadin (947),खडीन (947),Parwanoo(Sub-District) / Solan(District) / Himachal Pradesh(State),01479400,021726,N,,,,
1447,20029,Khadjatta (357),खड़ जटा (357),Arki(Sub-District) / Solan(District) / Himachal Pradesh(State),01328400,020029,N,,,,
1448,20030,Khadkaneta (356),खड़ कनैता (356),Arki(Sub-District) / Solan(District) / Himachal Pradesh(State),01328500,020030,N,,,,
1449,20161,Khadkayali (396),खड़कयाली (396),Kunihar(Sub-District) / Solan(District) / Himachal Pradesh(State),01343300,020161,N,,,,
1450,21758,Khadki (268),खड़की (268),Solan(Sub-District) / Solan(District) / Himachal Pradesh(State),01482600,021758,N,,,,
1451,22211,Khadkog (591),खड़कोग (591),Solan(Sub-District) / Solan(District) / Himachal Pradesh(State),01527900,022211,N,,,,
1452,21336,Khadli (256),खडली (256),Krishangarh(Sub-District) / Solan(District) / Himachal Pradesh(State),01431400,021336,N,,,,
1453,21362,Khadli (495),खडली (495),Krishangarh(Sub-District) / Solan(District) / Himachal Pradesh(State),01437200,021362,N,,,,
1454,21617,Khadog (709),खड़ोग (709),Kasauli(Sub-District) / Solan(District) / Himachal Pradesh(State),01468500,021617,N,,,,
1455,21572,Khadoli (717),खडोली (717),Kasauli(Sub-District) / Solan(District) / Himachal Pradesh(State),01464000,021572,N,,,,
1456,21862,Khadota (81),खड़ोटा (81),Solan(Sub-District) / Solan(District) / Himachal Pradesh(State),01493000,021862,N,,,,
1457,21857,Khadyana (92),खड़याणा (92),Solan(Sub-District) / Solan(District) / Himachal Pradesh(State),01492500,021857,N,,,,
1458,21835,Khair (46),खैर (46),Solan(Sub-District) / Solan(District) / Himachal Pradesh(State),01490300,021835,N,,,,
1459,21250,Khairi (403),खैरी (403),Krishangarh(Sub-District) / Solan(District) / Himachal Pradesh(State),01422800,021250,N,,,,
1460,21797,Khaiyri (256),खायरी (256),Solan(Sub-District) / Solan(District) / Himachal Pradesh(State),01486500,021797,N,,,,
1461,21836,Khaiyri (31),खायरी (31),Solan(Sub-District) / Solan(District) / Himachal Pradesh(State),01490400,021836,N,,,,
1462,21796,Khaiyri Ghaghar (255),खायरी घाघर (255),Solan(Sub-District) / Solan(District) / Himachal Pradesh(State),01486400,021796,N,,,,
1463,20474,Khajla (64),खजला (64),Darlaghat(Sub-District) / Solan(District) / Himachal Pradesh(State),01331700,020474,N,,,,
1464,21580,Khajrat (472),खजरेट (472),Kasauli(Sub-District) / Solan(District) / Himachal Pradesh(State),01464800,021580,N,,,,
1465,22238,Khajri (176),खजरी (176),Mamlig(Sub-District) / Solan(District) / Himachal Pradesh(State),01530600,022238,N,,,,
1466,21033,Khakhraun (452),खखरौण (452),Baddi(Sub-District) / Solan(District) / Himachal Pradesh(State),01410300,021033,N,,,,
1467,21345,Khalag (280),खलग (280),Krishangarh(Sub-District) / Solan(District) / Himachal Pradesh(State),01435500,021345,N,,,,
1468,20063,Khalayana (82),खल्याणा (82),Arki(Sub-District) / Solan(District) / Himachal Pradesh(State),01333500,020063,N,,,,
1469,20932,Khaled Nichli (352),खलेड निचली (352),Nalagarh(Sub-District) / Solan(District) / Himachal Pradesh(State),01400500,020932,N,,,,
1470,20934,Khaled Uperli (354),खलेड उपरली (354),Nalagarh(Sub-District) / Solan(District) / Himachal Pradesh(State),01400700,020934,N,,,,
1471,20093,Khali (144),खाली (144),Arki(Sub-District) / Solan(District) / Himachal Pradesh(State),01336500,020093,N,,,,
1472,21028,Khali (394),खाली (394),Baddi(Sub-District) / Solan(District) / Himachal Pradesh(State),01409800,021028,N,,,,
1473,20325,Khali (7),खाली (7),Darlaghat(Sub-District) / Solan(District) / Himachal Pradesh(State),01308000,020325,N,,,,
1474,21961,Khalogra (807),खलोगड़ा (807),Solan(Sub-District) / Solan(District) / Himachal Pradesh(State),01502900,021961,N,,,,
1475,21427,Khaltu (465),खालटू (465),Krishangarh(Sub-District) / Solan(District) / Himachal Pradesh(State),01443700,021427,N,,,,
1476,21763,Khalwa (272),खालवा (272),Solan(Sub-District) / Solan(District) / Himachal Pradesh(State),01483100,021763,N,,,,
1477,21987,Khalyanti (843),खलयान्टी (843),Solan(Sub-District) / Solan(District) / Himachal Pradesh(State),01505500,021987,N,,,,
1478,20239,Khanalag (103),खनलग (103),Arki(Sub-District) / Solan(District) / Himachal Pradesh(State),01351000,020239,N,,,,
1479,22075,Khandar (623),खान्दड़ (623),Solan(Sub-District) / Solan(District) / Himachal Pradesh(State),01514300,022075,N,,,,
1480,21170,Khanei (289),खनेई (289),Baddi(Sub-District) / Solan(District) / Himachal Pradesh(State),01435000,021170,N,,,,
1481,20047,Khangad (173),खांगड़ (173),Arki(Sub-District) / Solan(District) / Himachal Pradesh(State),01330300,020047,N,,,,
1482,21373,Khangar (435),खांगड (435),Krishangarh(Sub-District) / Solan(District) / Himachal Pradesh(State),01438300,021373,N,,,,
1483,20786,Khanoa (23),खनोआ (23),Panjehra(Sub-District) / Solan(District) / Himachal Pradesh(State),01385900,020786,N,,,,
1484,22096,Khanog (612),खनोग (612),Solan(Sub-District) / Solan(District) / Himachal Pradesh(State),01516400,022096,N,,,,
1485,20279,Khanol (473),खनोल (473),Kunihar(Sub-District) / Solan(District) / Himachal Pradesh(State),01354700,020279,N,,,,
1486,20485,Kharak (283),खड़क(283),Ramshahr(Sub-District) / Solan(District) / Himachal Pradesh(State),01355800,020485,N,,,,
1487,22491,Kharanji (487),खड़ांजी (487),Kandaghat(Sub-District) / Solan(District) / Himachal Pradesh(State),01555900,022491,N,,,,
1488,20438,Kharaun Bala (255),खड़ोन वाला (255),Darlaghat(Sub-District) / Solan(District) / Himachal Pradesh(State),01319200,020438,N,,,,
1489,20437,Kharaun Jeri (256),खड़ोन जेरी (256),Darlaghat(Sub-District) / Solan(District) / Himachal Pradesh(State),01319100,020437,N,,,,
1490,21206,Kharota (228),खरोटा (228),Baddi(Sub-District) / Solan(District) / Himachal Pradesh(State),01451300,021206,N,,,,
1491,20500,Kharpana (278),खरपाना (278),Ramshahr(Sub-District) / Solan(District) / Himachal Pradesh(State),01357300,020500,N,,,,
1492,21430,Kharsi (467),खारशी (467),Krishangarh(Sub-District) / Solan(District) / Himachal Pradesh(State),01444000,021430,N,,,,
1493,20798,Kharuni (49),खरुनी (49),Panjehra(Sub-District) / Solan(District) / Himachal Pradesh(State),01387100,020798,N,,,,
1494,21056,Kharyana (413),खरयाणा (413),Baddi(Sub-District) / Solan(District) / Himachal Pradesh(State),01412600,021056,N,,,,
1495,20383,Khata (199),खाता (199),Darlaghat(Sub-District) / Solan(District) / Himachal Pradesh(State),01313500,020383,N,,,,
1496,21326,Khechi (425),खेची (425),Krishangarh(Sub-District) / Solan(District) / Himachal Pradesh(State),01430400,021326,N,,,,
1497,21950,Kheel Ber Ser (794),खील बरसेर (794),Solan(Sub-District) / Solan(District) / Himachal Pradesh(State),01501800,021950,N,,,,
1498,21945,Kheel Jashli (788),खील जाशली (788),Solan(Sub-District) / Solan(District) / Himachal Pradesh(State),01501300,021945,N,,,,
1499,20712,Khera (196),खेडा (196),Ramshahr(Sub-District) / Solan(District) / Himachal Pradesh(State),01378500,020712,N,,,,
1500,21014,Khera (376),खेडा (376),Nalagarh(Sub-District) / Solan(District) / Himachal Pradesh(State),01409000,021014,N,,,,
1501,20989,Khera Nichla (150),खेडा निचला (150),Nalagarh(Sub-District) / Solan(District) / Himachal Pradesh(State),01406400,020989,N,,,,
1502,20991,Khera Uperla (149),खेडा उपरला (149),Nalagarh(Sub-District) / Solan(District) / Himachal Pradesh(State),01406600,020991,N,,,,
1503,20976,Kheri (116),खेडी (116),Nalagarh(Sub-District) / Solan(District) / Himachal Pradesh(State),01405100,020976,N,,,,
1504,21409,Khertu Ghat (415),खैरटूघाट (415),Krishangarh(Sub-District) / Solan(District) / Himachal Pradesh(State),01441900,021409,N,,,,
1505,21307,Khetra (316),खेतडा (316),Krishangarh(Sub-District) / Solan(District) / Himachal Pradesh(State),01428500,021307,N,,,,
1506,20772,Khillian (28),खिल्लियां (28),Panjehra(Sub-District) / Solan(District) / Himachal Pradesh(State),01384500,020772,N,,,,
1507,22438,Khinna (458),खिन्ना (458),Kandaghat(Sub-District) / Solan(District) / Himachal Pradesh(State),01550600,022438,N,,,,
1508,20888,Khobal (327),खोबल (327),Nalagarh(Sub-District) / Solan(District) / Himachal Pradesh(State),01396100,020888,N,,,,
1509,20490,Khobla (288),खोबला(288),Ramshahr(Sub-District) / Solan(District) / Himachal Pradesh(State),01356300,020490,N,,,,
1510,20992,Khokhra (148),खोखरा (148),Nalagarh(Sub-District) / Solan(District) / Himachal Pradesh(State),01406700,020992,N,,,,
1511,21094,Khol (186),खोल (186),Baddi(Sub-District) / Solan(District) / Himachal Pradesh(State),01416700,021094,N,,,,
1512,22029,Khutar (875),खुतड़ (875),Solan(Sub-District) / Solan(District) / Himachal Pradesh(State),01509700,022029,N,,,,
1513,20410,Kiarad (245),क्यारड़ (245),Darlaghat(Sub-District) / Solan(District) / Himachal Pradesh(State),01316400,020410,N,,,,
1514,21684,Kiarad (781),क्यारद (781),Parwanoo(Sub-District) / Solan(District) / Himachal Pradesh(State),01475200,021684,N,,,,
1515,20479,Kiardu (55),क्यारडू (55),Ramshahr(Sub-District) / Solan(District) / Himachal Pradesh(State),01355200,020479,N,,,,
1516,20541,Kiarghat (77),क्यारघाट(77),Loharghat(Sub-District) / Solan(District) / Himachal Pradesh(State),01361400,020541,N,,,,
1517,20688,Kiari (165),क्यारी(165),Ramshahr(Sub-District) / Solan(District) / Himachal Pradesh(State),01376100,020688,N,,,,
1518,20573,Kiar Kanaitan (114),क्यार कनैता(114),Loharghat(Sub-District) / Solan(District) / Himachal Pradesh(State),01364600,020573,N,,,,
1519,20662,Kiar Ra Ghat (203),क्यार दा घाट(203),Ramshahr(Sub-District) / Solan(District) / Himachal Pradesh(State),01373500,020662,N,,,,
1520,21789,Kimta (247),किमटा (247),Solan(Sub-District) / Solan(District) / Himachal Pradesh(State),01485700,021789,N,,,,
1521,20984,Kirpalpur (143),किरपालपुर (143),Nalagarh(Sub-District) / Solan(District) / Himachal Pradesh(State),01405900,020984,N,,,,
1522,20116,Kishan Pur (417),किशनपूर (417),Kunihar(Sub-District) / Solan(District) / Himachal Pradesh(State),01338800,020116,N,,,,
1523,21082,Kishanpura (163),किशनपुरा (163),Baddi(Sub-District) / Solan(District) / Himachal Pradesh(State),01415500,021082,N,,,,
1524,20705,Kiyararu (182),क्यारडू(182),Ramshahr(Sub-District) / Solan(District) / Himachal Pradesh(State),01377800,020705,N,,,,
1525,22464,Kodon (474),कोड़ों (474),Kandaghat(Sub-District) / Solan(District) / Himachal Pradesh(State),01553200,022464,N,,,,
1526,20937,Koedi (358),कोईडी (358),Nalagarh(Sub-District) / Solan(District) / Himachal Pradesh(State),01401000,020937,N,,,,
1527,21013,Koewal (375),कुईवाल (375),Nalagarh(Sub-District) / Solan(District) / Himachal Pradesh(State),01408900,021013,N,,,,
1528,20718,Kohala (36),कोहला (36),Panjehra(Sub-District) / Solan(District) / Himachal Pradesh(State),01379100,020718,N,,,,
1529,22396,Kohari (418),कोहारी (418),Kandaghat(Sub-District) / Solan(District) / Himachal Pradesh(State),01546400,022396,N,,,,
1530,20866,Kohataa (313),कोहाटा (313),Nalagarh(Sub-District) / Solan(District) / Himachal Pradesh(State),01393900,020866,N,,,,
1531,22465,Kohla (473),कोहला (473),Kandaghat(Sub-District) / Solan(District) / Himachal Pradesh(State),01553300,022465,N,,,,
1532,20561,Kohoo Nichla (103),कोहु निचला (103),Loharghat(Sub-District) / Solan(District) / Himachal Pradesh(State),01363400,020561,N,,,,
1533,20560,Kohoo Uperla (102),कोहु उपरला (102),Loharghat(Sub-District) / Solan(District) / Himachal Pradesh(State),01363300,020560,N,,,,
1534,20208,Kokhari (121),कोखड़ी (121),Arki(Sub-District) / Solan(District) / Himachal Pradesh(State),01348000,020208,N,,,,
1535,21602,Kol (733),कोल (733),Kasauli(Sub-District) / Solan(District) / Himachal Pradesh(State),01467000,021602,N,,,,
1536,21108,Kolimajra (191),कोलीमाजरा (191),Baddi(Sub-District) / Solan(District) / Himachal Pradesh(State),01418500,021108,N,,,,
1537,21023,Kolka (399),कोलका (399),Baddi(Sub-District) / Solan(District) / Himachal Pradesh(State),01409300,021023,N,,,,
1538,20460,Kolka (66),कोलका (66),Darlaghat(Sub-District) / Solan(District) / Himachal Pradesh(State),01330000,020460,N,,,,
1539,21782,Kolthi Chamara (280),कोलथी चमारां (280),Solan(Sub-District) / Solan(District) / Himachal Pradesh(State),01485000,021782,N,,,,
1540,21783,Kolthi Haridut (283),कोलथी हरिदत्त (283),Solan(Sub-District) / Solan(District) / Himachal Pradesh(State),01485100,021783,N,,,,
1541,21781,Kolthi Kanaita (279),कोलथी कनैता (279),Solan(Sub-District) / Solan(District) / Himachal Pradesh(State),01484900,021781,N,,,,
1542,21784,Kolthi Mohlu (284),कोलथी मोहलू (284),Solan(Sub-District) / Solan(District) / Himachal Pradesh(State),01485200,021784,N,,,,
1543,22354,Koon (38),कून (38),Kandaghat(Sub-District) / Solan(District) / Himachal Pradesh(State),01542200,022354,N,,,,
1544,20465,Koon (54),कून (54),Darlaghat(Sub-District) / Solan(District) / Himachal Pradesh(State),01330800,020465,N,,,,
1545,21940,Koro (791),कोरों (791),Solan(Sub-District) / Solan(District) / Himachal Pradesh(State),01500800,021940,N,,,,
1546,21036,Kosari (444),कोसरी (444),Baddi(Sub-District) / Solan(District) / Himachal Pradesh(State),01410600,021036,N,,,,
1547,21486,Kot (182),कोट (182),Kasauli(Sub-District) / Solan(District) / Himachal Pradesh(State),01453100,021486,N,,,,
1548,22242,Kot (225),कोट (225),Mamlig(Sub-District) / Solan(District) / Himachal Pradesh(State),01531000,022242,N,,,,
1549,20648,Kot (227),कोट(227),Ramshahr(Sub-District) / Solan(District) / Himachal Pradesh(State),01372100,020648,N,,,,
1550,22271,Kot (326),कोट (326),Mamlig(Sub-District) / Solan(District) / Himachal Pradesh(State),01533900,022271,N,,,,
1551,22370,Kot (434),कोट (434),Kandaghat(Sub-District) / Solan(District) / Himachal Pradesh(State),01543800,022370,N,,,,
1552,22469,Kot (468),कोट (468),Kandaghat(Sub-District) / Solan(District) / Himachal Pradesh(State),01553700,022469,N,,,,
1553,21593,Kot (727),कोट (727),Kasauli(Sub-District) / Solan(District) / Himachal Pradesh(State),01466100,021593,N,,,,
1554,22314,Kot (86),कोट (86),Mamlig(Sub-District) / Solan(District) / Himachal Pradesh(State),01538200,022314,N,,,,
1555,21008,Kotha Kanon (383),कोठा कनौण (383),Nalagarh(Sub-District) / Solan(District) / Himachal Pradesh(State),01408400,021008,N,,,,
1556,21844,Kothi (18),कोठी (18),Solan(Sub-District) / Solan(District) / Himachal Pradesh(State),01491200,021844,N,,,,
1557,20369,Kothi (224),कोठी (224),Darlaghat(Sub-District) / Solan(District) / Himachal Pradesh(State),01312200,020369,N,,,,
1558,20632,Kothi (244),कोठी (244),Ramshahr(Sub-District) / Solan(District) / Himachal Pradesh(State),01370500,020632,N,,,,
1559,19968,Kothi (292),कोठी (292),Darlaghat(Sub-District) / Solan(District) / Himachal Pradesh(State),01321100,019968,N,,,,
1560,20867,Kothi (312),कोठी (312),Nalagarh(Sub-District) / Solan(District) / Himachal Pradesh(State),01394000,020867,N,,,,
1561,22352,Kothi (36),कोठी (36),Kandaghat(Sub-District) / Solan(District) / Himachal Pradesh(State),01542000,022352,N,,,,
1562,22192,Kothi (576),कोठी (576),Solan(Sub-District) / Solan(District) / Himachal Pradesh(State),01526000,022192,N,,,,
1563,20044,Kothi (76),कोठी (76),Arki(Sub-District) / Solan(District) / Himachal Pradesh(State),01329900,020044,N,,,,
1564,21861,Kothi (80),कोठी (80),Solan(Sub-District) / Solan(District) / Himachal Pradesh(State),01492900,021861,N,,,,
1565,21908,Kothi Deora (672),कोठी देवरा (672),Solan(Sub-District) / Solan(District) / Himachal Pradesh(State),01497600,021908,N,,,,
1566,939141,Kothi First (466),कोठी प्रथम,Kunihar(Sub-District) / Solan(District) / Himachal Pradesh(State),,000000,N,,,,
1567,20056,Kothi Jamogi (482),कोठी जमोगी (482),Arki(Sub-District) / Solan(District) / Himachal Pradesh(State),01332800,020056,N,,,,
1568,20220,Kothi Kanwal (492),कोठी कनवाल (492),Arki(Sub-District) / Solan(District) / Himachal Pradesh(State),01349100,020220,N,,,,
1569,22126,Kothon (13),कोठों (13),Solan(Sub-District) / Solan(District) / Himachal Pradesh(State),01519400,022126,N,,,,
1570,22077,Kothon (629),कोठों (629),Solan(Sub-District) / Solan(District) / Himachal Pradesh(State),01514500,022077,N,,,,
1571,21224,Koti (187),कोटी (187),Baddi(Sub-District) / Solan(District) / Himachal Pradesh(State),01459300,021224,N,,,,
1572,22067,Koti Kalan (625),कोटी कलां (625),Solan(Sub-District) / Solan(District) / Himachal Pradesh(State),01513500,022067,N,,,,
1573,21697,Koti Khas (128),कोटी खास (128),Kasauli(Sub-District) / Solan(District) / Himachal Pradesh(State),01476500,021697,N,,,,
1574,22062,Koti Khurd (611),कोटी खुर्द (611),Solan(Sub-District) / Solan(District) / Himachal Pradesh(State),01513000,022062,N,,,,
1575,21210,Kotla (203),कोटला (203),Baddi(Sub-District) / Solan(District) / Himachal Pradesh(State),01457900,021210,N,,,,
1576,20459,Kotla (311),कोटला (311),Darlaghat(Sub-District) / Solan(District) / Himachal Pradesh(State),01323800,020459,N,,,,
1577,21271,Kotla (370),कोटला (370),Krishangarh(Sub-District) / Solan(District) / Himachal Pradesh(State),01424900,021271,N,,,,
1578,22323,Kotla (417),कोटला (417),Kandaghat(Sub-District) / Solan(District) / Himachal Pradesh(State),01539100,022323,N,,,,
1579,21111,Kotla (421),कोटला (421),Baddi(Sub-District) / Solan(District) / Himachal Pradesh(State),01418800,021111,N,,,,
1580,20275,Kotla (469),कोटला (469),Kunihar(Sub-District) / Solan(District) / Himachal Pradesh(State),01354300,020275,N,,,,
1581,21460,Kotla (505),कोटला (505),Krishangarh(Sub-District) / Solan(District) / Himachal Pradesh(State),01447000,021460,N,,,,
1582,22183,Kotla (517),कोटला (517),Solan(Sub-District) / Solan(District) / Himachal Pradesh(State),01525100,022183,N,,,,
1583,22057,Kotla (600),कोटला (600),Solan(Sub-District) / Solan(District) / Himachal Pradesh(State),01512500,022057,N,,,,
1584,21653,Kotla (685),कोटला (685),Kasauli(Sub-District) / Solan(District) / Himachal Pradesh(State),01472100,021653,N,,,,
1585,21598,Kotla (705),कोटला (705),Kasauli(Sub-District) / Solan(District) / Himachal Pradesh(State),01466600,021598,N,,,,
1586,22397,Kotla (83),कोटला (83),Mamlig(Sub-District) / Solan(District) / Himachal Pradesh(State),01546500,022397,N,,,,
1587,22050,Kotla (833),कोटला (833),Solan(Sub-District) / Solan(District) / Himachal Pradesh(State),01511800,022050,N,,,,
1588,20773,Kotla Jhajjar (20),कोटला झज्जर (20),Panjehra(Sub-District) / Solan(District) / Himachal Pradesh(State),01384600,020773,N,,,,
1589,20812,Kotla Kalan (8),कोटला कलां (8),Panjehra(Sub-District) / Solan(District) / Himachal Pradesh(State),01388500,020812,N,,,,
1590,20393,Kotla Namhala (193),कोटला नमवाला (193),Darlaghat(Sub-District) / Solan(District) / Himachal Pradesh(State),01314500,020393,N,,,,
1591,20397,Kotla Pujariyan (182),कोटला पुजारिया (182),Darlaghat(Sub-District) / Solan(District) / Himachal Pradesh(State),01314900,020397,N,,,,
1592,20048,Kotli (77),कोटली (77),Arki(Sub-District) / Solan(District) / Himachal Pradesh(State),01331800,020048,N,,,,
1593,20350,Kotlu (35),कोटलू (35),Darlaghat(Sub-District) / Solan(District) / Himachal Pradesh(State),01310500,020350,N,,,,
1594,20166,Kotlu (370),कोटलू (370),Arki(Sub-District) / Solan(District) / Himachal Pradesh(State),01343800,020166,N,,,,
1595,20007,Koyal Sanog (317),कोयल सनोग (317),Darlaghat(Sub-District) / Solan(District) / Himachal Pradesh(State),01326200,020007,N,,,,
1596,21431,Krishangarh (463),कृष्णगढ (463),Krishangarh(Sub-District) / Solan(District) / Himachal Pradesh(State),01444100,021431,N,,,,
1597,20259,Kueru Shehrol I,कुयरु शहरोल प्रथम,Arki(Sub-District) / Solan(District) / Himachal Pradesh(State),01352800,020259,N,,,,
1598,20127,Kuerushehrolkhas (366),कुयरू शेहरोल खास (366),Arki(Sub-District) / Solan(District) / Himachal Pradesh(State),01339900,020127,N,,,,
1599,22221,Kuhar Khaltu (348),कुहर खालटू (348),Solan(Sub-District) / Solan(District) / Himachal Pradesh(State),01528900,022221,N,,,,
1600,20016,Kuhawi (339),कुहावी (339),Darlaghat(Sub-District) / Solan(District) / Himachal Pradesh(State),01327100,020016,N,,,,
1601,21225,Kuhranwala (188),कुहड़ावाला (188),Baddi(Sub-District) / Solan(District) / Himachal Pradesh(State),01459400,021225,N,,,,
1602,20370,Kuiru (239),कुईरू (239),Darlaghat(Sub-District) / Solan(District) / Himachal Pradesh(State),01312300,020370,N,,,,
1603,20777,Kulari (16),कुलाडी  (16),Panjehra(Sub-District) / Solan(District) / Himachal Pradesh(State),01385000,020777,N,,,,
1604,20094,Kulawan (303),कुलावन (303),Darlaghat(Sub-District) / Solan(District) / Himachal Pradesh(State),01336600,020094,N,,,,
1605,21221,Kulhariwala (193),कुल्हाड़ीवाला (193),Baddi(Sub-District) / Solan(District) / Himachal Pradesh(State),01459000,021221,N,,,,
1606,21988,Kumal Richhad (824),कुमला रिछड़ (824),Solan(Sub-District) / Solan(District) / Himachal Pradesh(State),01505600,021988,N,,,,
1607,21655,Kumarda (766),कुमारड़ा (766),Kasauli(Sub-District) / Solan(District) / Himachal Pradesh(State),01472300,021655,N,,,,
1608,22419,Kumhala (401),कुम्हाला (401),Kandaghat(Sub-District) / Solan(District) / Himachal Pradesh(State),01548700,022419,N,,,,
1609,22247,Kumhali (229),कुम्हाली (229),Mamlig(Sub-District) / Solan(District) / Himachal Pradesh(State),01531500,022247,N,,,,
1610,22348,Kumharari(42),कुम्हारड़ी (42),Kandaghat(Sub-District) / Solan(District) / Himachal Pradesh(State),01541600,022348,N,,,,
1611,21461,Kunana (241),कुनाना (241),Krishangarh(Sub-District) / Solan(District) / Himachal Pradesh(State),01447300,021461,N,,,,
1612,20416,Kund (254),कुंद (254),Darlaghat(Sub-District) / Solan(District) / Himachal Pradesh(State),01317000,020416,N,,,,
1613,22055,Kundla (596),कुन्दला (596),Solan(Sub-District) / Solan(District) / Himachal Pradesh(State),01512300,022055,N,,,,
1614,22069,Kundla (627),कुन्दला (627),Solan(Sub-District) / Solan(District) / Himachal Pradesh(State),01513700,022069,N,,,,
1615,20769,Kundlu (16),कुण्डलू (16),Panjehra(Sub-District) / Solan(District) / Himachal Pradesh(State),01384200,020769,N,,,,
1616,20028,Kunhar (351),कुंहर (351),Arki(Sub-District) / Solan(District) / Himachal Pradesh(State),01328300,020028,N,,,,
1617,19980,Kunhi (163),कुन्ही (163),Arki(Sub-District) / Solan(District) / Himachal Pradesh(State),01323400,019980,N,,,,
1618,21136,Kunjahal (216),कुंजाहल (216),Baddi(Sub-District) / Solan(District) / Himachal Pradesh(State),01421400,021136,N,,,,
1619,21313,Kunjyara (357),कंजयारा (357),Krishangarh(Sub-District) / Solan(District) / Himachal Pradesh(State),01429100,021313,N,,,,
1620,20372,Kun Kunu (234),कुनकुनू (234),Darlaghat(Sub-District) / Solan(District) / Himachal Pradesh(State),01312500,020372,N,,,,
1621,20734,Kunpalet (9),कुनप्लेट (9),Panjehra(Sub-District) / Solan(District) / Himachal Pradesh(State),01380700,020734,N,,,,
1622,20000,Kurahu (324),कुराहू (324),Darlaghat(Sub-District) / Solan(District) / Himachal Pradesh(State),01325500,020000,N,,,,
1623,21702,Kurar (134),कुराड़ (134),Parwanoo(Sub-District) / Solan(District) / Himachal Pradesh(State),01477000,021702,N,,,,
1624,22495,Kurgal (509),कुरगल (509),Kandaghat(Sub-District) / Solan(District) / Himachal Pradesh(State),01556300,022495,N,,,,
1625,20120,Kurmla (414),कुरमला (414),Kunihar(Sub-District) / Solan(District) / Himachal Pradesh(State),01339200,020120,N,,,,
1626,20942,Kusri (360),कुसरी (360),Nalagarh(Sub-District) / Solan(District) / Himachal Pradesh(State),01401500,020942,N,,,,
1627,20481,Kusri (57),कुसरी(57),Ramshahr(Sub-District) / Solan(District) / Himachal Pradesh(State),01355400,020481,N,,,,
1628,20534,Kusri (70),कुसरी(70),Loharghat(Sub-District) / Solan(District) / Himachal Pradesh(State),01360700,020534,N,,,,
1629,21560,Kutaghat (124),कुटाघाट (124),Kasauli(Sub-District) / Solan(District) / Himachal Pradesh(State),01462800,021560,N,,,,
1630,22031,Kuyina Kala (878),कुईना कलां (878),Solan(Sub-District) / Solan(District) / Himachal Pradesh(State),01509900,022031,N,,,,
1631,22030,Kuyina Khurd (879),कुईना खुर्द (879),Solan(Sub-District) / Solan(District) / Himachal Pradesh(State),01509800,022030,N,,,,
1632,21588,Kwalai Ka Khech (735),कवाली का खेच (735),Kasauli(Sub-District) / Solan(District) / Himachal Pradesh(State),01465600,021588,N,,,,
1633,21642,Kyar (686),क्यार (686),Kasauli(Sub-District) / Solan(District) / Himachal Pradesh(State),01471000,021642,N,,,,
1634,20076,Kyar (72),क्यार (72),Arki(Sub-District) / Solan(District) / Himachal Pradesh(State),01334800,020076,N,,,,
1635,21029,Kyararoo (449),क्यारडू (449),Baddi(Sub-District) / Solan(District) / Himachal Pradesh(State),01409900,021029,N,,,,
1636,20132,Kyardu (151),क्यारडु (151),Arki(Sub-District) / Solan(District) / Himachal Pradesh(State),01340400,020132,N,,,,
1637,19982,Kyari (297),क्यारी (297),Darlaghat(Sub-District) / Solan(District) / Himachal Pradesh(State),01323600,019982,N,,,,
1638,20012,Kyari (335),क्यारी (335),Darlaghat(Sub-District) / Solan(District) / Himachal Pradesh(State),01326700,020012,N,,,,
1639,22368,Kyari (427),क्यारी (427),Kandaghat(Sub-District) / Solan(District) / Himachal Pradesh(State),01543600,022368,N,,,,
1640,20010,Kyar Sarli (332),क्यार सरली (332),Darlaghat(Sub-District) / Solan(District) / Himachal Pradesh(State),01326500,020010,N,,,,
1641,21443,Kyarta (489),क्यारटा (489),Krishangarh(Sub-District) / Solan(District) / Himachal Pradesh(State),01445300,021443,N,,,,
1642,21740,Kyarua (929),क्यारुआ (929),Parwanoo(Sub-District) / Solan(District) / Himachal Pradesh(State),01480800,021740,N,,,,
1643,22303,Kyashu (211),कायसु (211),Mamlig(Sub-District) / Solan(District) / Himachal Pradesh(State),01537100,022303,N,,,,
1644,21962,Laado (808),लाडो (808),Solan(Sub-District) / Solan(District) / Himachal Pradesh(State),01503000,021962,N,,,,
1645,22326,Lachog (82),लछोग (82),Mamlig(Sub-District) / Solan(District) / Himachal Pradesh(State),01539400,022326,N,,,,
1646,22260,Ladadi (320),लाड़ड़ी (320),Mamlig(Sub-District) / Solan(District) / Himachal Pradesh(State),01532800,022260,N,,,,
1647,19971,Ladhi (177),लाधी (177),Arki(Sub-District) / Solan(District) / Himachal Pradesh(State),01322400,019971,N,,,,
1648,20148,Ladhi (450),लाधी (450),Arki(Sub-District) / Solan(District) / Himachal Pradesh(State),01342000,020148,N,,,,
1649,20032,Ladog (352),लड़ोग (352),Arki(Sub-District) / Solan(District) / Himachal Pradesh(State),01328700,020032,N,,,,
1650,20592,Lag (129),लग(129),Loharghat(Sub-District) / Solan(District) / Himachal Pradesh(State),01366500,020592,N,,,,
1651,21942,Laghech (97),लघेच (97),Solan(Sub-District) / Solan(District) / Himachal Pradesh(State),01501000,021942,N,,,,
1652,21275,Lagog (373),लगोग (373),Krishangarh(Sub-District) / Solan(District) / Himachal Pradesh(State),01425300,021275,N,,,,
1653,20045,Lahamo (170),लाहमों (170),Arki(Sub-District) / Solan(District) / Himachal Pradesh(State),01330100,020045,N,,,,
1654,20422,Lahlana (258),लहलाणा (258),Darlaghat(Sub-District) / Solan(District) / Himachal Pradesh(State),01317600,020422,N,,,,
1655,21890,Lahog (52),लहोग (52),Solan(Sub-District) / Solan(District) / Himachal Pradesh(State),01495800,021890,N,,,,
1656,20053,Lahtana Jeri (85),लहतानाजैरी (85),Arki(Sub-District) / Solan(District) / Himachal Pradesh(State),01332500,020053,N,,,,
1657,20054,Lahtana Wala (84),लहतानावाला (84),Arki(Sub-District) / Solan(District) / Himachal Pradesh(State),01332600,020054,N,,,,
1658,21150,Laihad (320),लैहड़ (320),Baddi(Sub-District) / Solan(District) / Himachal Pradesh(State),01433000,021150,N,,,,
1659,21145,Laiharu (319),लैहरू (319),Baddi(Sub-District) / Solan(District) / Himachal Pradesh(State),01432500,021145,N,,,,
1660,20974,Lakhanpur (114),लखनपुर (114),Nalagarh(Sub-District) / Solan(District) / Himachal Pradesh(State),01404700,020974,N,,,,
1661,22178,Lakhdanji (524),लखड़ाँजी (524),Solan(Sub-District) / Solan(District) / Himachal Pradesh(State),01524600,022178,N,,,,
1662,21481,Lalhar (180),ललहार (180),Kasauli(Sub-District) / Solan(District) / Himachal Pradesh(State),01452600,021481,N,,,,
1663,21482,Lalhartu (179),लल्हारटु (179),Kasauli(Sub-District) / Solan(District) / Himachal Pradesh(State),01452700,021482,N,,,,
1664,22240,Lalyana (174),लल्याणा (174),Mamlig(Sub-District) / Solan(District) / Himachal Pradesh(State),01530800,022240,N,,,,
1665,20999,Lambi Dohri (368),लम्बी डोहरी (368),Nalagarh(Sub-District) / Solan(District) / Himachal Pradesh(State),01407400,020999,N,,,,
1666,21098,Landewal (202),लंडेवाल (202),Baddi(Sub-District) / Solan(District) / Himachal Pradesh(State),01417100,021098,N,,,,
1667,20191,Larhech (438),लड़हेच (438),Kunihar(Sub-District) / Solan(District) / Himachal Pradesh(State),01346300,020191,N,,,,
1668,20868,Larkot (319),लडकोट (319),Nalagarh(Sub-District) / Solan(District) / Himachal Pradesh(State),01394100,020868,N,,,,
1669,21351,Lathog (253),लठोग (253),Krishangarh(Sub-District) / Solan(District) / Himachal Pradesh(State),01436100,021351,N,,,,
1670,21414,Lavkhani (454),लावखणी (454),Krishangarh(Sub-District) / Solan(District) / Himachal Pradesh(State),01442400,021414,N,,,,
1671,21919,Lawi Kala (660),लावी कलां (660),Solan(Sub-District) / Solan(District) / Himachal Pradesh(State),01498700,021919,N,,,,
1672,21921,Lawi Khurd (659),लावी खुर्द (659),Solan(Sub-District) / Solan(District) / Himachal Pradesh(State),01498900,021921,N,,,,
1673,22184,Layan (518),लायण (518),Solan(Sub-District) / Solan(District) / Himachal Pradesh(State),01525200,022184,N,,,,
1674,21107,Lehi (195),लेही (195),Baddi(Sub-District) / Solan(District) / Himachal Pradesh(State),01418400,021107,N,,,,
1675,21065,Lodimajra (173),लोदीमाजरा (173),Baddi(Sub-District) / Solan(District) / Himachal Pradesh(State),01413500,021065,N,,,,
1676,20647,Lodiwala (231),लोदीवाला(231),Ramshahr(Sub-District) / Solan(District) / Himachal Pradesh(State),01372000,020647,N,,,,
1677,20130,Loha (367),लोहा (367),Arki(Sub-District) / Solan(District) / Himachal Pradesh(State),01340200,020130,N,,,,
1678,20634,Lohana (240),लोहाणा(240),Ramshahr(Sub-District) / Solan(District) / Himachal Pradesh(State),01370700,020634,N,,,,
1679,21958,Lohanji (803),लोहान्जी (803),Solan(Sub-District) / Solan(District) / Himachal Pradesh(State),01502600,021958,N,,,,
1680,20188,Lohara (378),लोहारा (378),Arki(Sub-District) / Solan(District) / Himachal Pradesh(State),01346000,020188,N,,,,
1681,21035,Lohar Bain (441),लोहार बायें (441),Baddi(Sub-District) / Solan(District) / Himachal Pradesh(State),01410500,021035,N,,,,
1682,20570,Loharghat (111),लोहारघाट (111),Loharghat(Sub-District) / Solan(District) / Himachal Pradesh(State),01364300,020570,N,,,,
1683,21480,Lohari (145),लौहारी (145),Kasauli(Sub-District) / Solan(District) / Himachal Pradesh(State),01452500,021480,N,,,,
1684,20546,Lohari (83),लोहारी(83),Loharghat(Sub-District) / Solan(District) / Himachal Pradesh(State),01361900,020546,N,,,,
1685,21892,Loharon (52),लोहारों (52),Solan(Sub-District) / Solan(District) / Himachal Pradesh(State),01496000,021892,N,,,,
1686,21910,Loharon (679),लोहारों (679),Solan(Sub-District) / Solan(District) / Himachal Pradesh(State),01497800,021910,N,,,,
1687,21805,Loon (265),लूण (265),Solan(Sub-District) / Solan(District) / Himachal Pradesh(State),01487300,021805,N,,,,
1688,939379,Lower Bazar Solan,लोअर बाजार सोलन,Solan(Sub-District) / Solan(District) / Himachal Pradesh(State),,000000,N,,,,
1689,22160,Lugasan Sihardi (538),लुगासन सिहारड़ी (538),Solan(Sub-District) / Solan(District) / Himachal Pradesh(State),01522800,022160,N,,,,
1690,20699,Lun (170),लुन(170),Ramshahr(Sub-District) / Solan(District) / Himachal Pradesh(State),01377200,020699,N,,,,
1691,20536,Lun (73),लुन(73),Loharghat(Sub-District) / Solan(District) / Himachal Pradesh(State),01360900,020536,N,,,,
1692,20496,Lunas (59),लूनस (59),Ramshahr(Sub-District) / Solan(District) / Himachal Pradesh(State),01356900,020496,N,,,,
1693,21400,Lunkyar (443),लूनक्यार (443),Krishangarh(Sub-District) / Solan(District) / Himachal Pradesh(State),01441000,021400,N,,,,
1694,21809,Lunso (24-297),लूणसू (24-297),Solan(Sub-District) / Solan(District) / Himachal Pradesh(State),01487700,021809,N,,,,
1695,21826,Maalgi (48),मालगी (48),Solan(Sub-District) / Solan(District) / Himachal Pradesh(State),01489400,021826,N,,,,
1696,20192,Maan (439),मान (439),Kunihar(Sub-District) / Solan(District) / Himachal Pradesh(State),01346400,020192,N,,,,
1697,20600,Machhaun (135),मच्छयौण(135),Loharghat(Sub-District) / Solan(District) / Himachal Pradesh(State),01367300,020600,N,,,,
1698,20071,Madaiti (69),मडैती (69),Arki(Sub-District) / Solan(District) / Himachal Pradesh(State),01334300,020071,N,,,,
1699,21845,Madd Ka Nala (21),मड़ का नाल (21),Solan(Sub-District) / Solan(District) / Himachal Pradesh(State),01491300,021845,N,,,,
1700,22133,Madhanji (26),मड़ाँजी (26),Solan(Sub-District) / Solan(District) / Himachal Pradesh(State),01520100,022133,N,,,,
1701,21507,Madhyana Manjhla (148),मध्याणा मझला (148),Kasauli(Sub-District) / Solan(District) / Himachal Pradesh(State),01455200,021507,N,,,,
1702,21508,Madhyana Nichla (146),मध्याणा निचला (146),Kasauli(Sub-District) / Solan(District) / Himachal Pradesh(State),01455300,021508,N,,,,
1703,21347,Madphal (285),मदफल (285),Krishangarh(Sub-District) / Solan(District) / Himachal Pradesh(State),01435700,021347,N,,,,
1704,21512,Madyana Uperla (149),मध्याणा उपरला (149),Kasauli(Sub-District) / Solan(District) / Himachal Pradesh(State),01455700,021512,N,,,,
1705,20959,Maganpura (120),मगनपुरा (120),Nalagarh(Sub-District) / Solan(District) / Himachal Pradesh(State),01403200,020959,N,,,,
1706,20371,Magroor Tepra (238),मंगरुर टेपरा (238),Darlaghat(Sub-District) / Solan(District) / Himachal Pradesh(State),01312400,020371,N,,,,
1707,20640,Mahadeo (221),महादेव(221),Ramshahr(Sub-District) / Solan(District) / Himachal Pradesh(State),01371300,020640,N,,,,
1708,20840,Mahadeo (68),महादेव (67),Nalagarh(Sub-District) / Solan(District) / Himachal Pradesh(State),01391300,020840,N,,,,
1709,21532,Mahal Tidon (959),महाल तिडों  (959),Parwanoo(Sub-District) / Solan(District) / Himachal Pradesh(State),01460000,021532,N,,,,
1710,22394,Mahi (445),मही (445),Kandaghat(Sub-District) / Solan(District) / Himachal Pradesh(State),01546200,022394,N,,,,
1711,22015,Mahiwan (853),महीवण (853),Solan(Sub-District) / Solan(District) / Himachal Pradesh(State),01508300,022015,N,,,,
1712,21174,Mahli (240),माहली (240),Baddi(Sub-District) / Solan(District) / Himachal Pradesh(State),01447200,021174,N,,,,
1713,20660,Mahmla (205),माहमला (205),Ramshahr(Sub-District) / Solan(District) / Himachal Pradesh(State),01373300,020660,N,,,,
1714,22301,Mahog (201),महोग (201),Mamlig(Sub-District) / Solan(District) / Himachal Pradesh(State),01536900,022301,N,,,,
1715,22467,Mahog (471),महोग (471),Kandaghat(Sub-District) / Solan(District) / Himachal Pradesh(State),01553500,022467,N,,,,
1716,20090,Mahol (145),महोल (145),Arki(Sub-District) / Solan(District) / Himachal Pradesh(State),01336200,020090,N,,,,
1717,21011,Mahuwa (381),महुआ (381),Nalagarh(Sub-District) / Solan(District) / Himachal Pradesh(State),01408700,021011,N,,,,
1718,20883,Maithal (336),मैथल (336),Nalagarh(Sub-District) / Solan(District) / Himachal Pradesh(State),01395600,020883,N,,,,
1719,21994,Maiyan (893),माईयाँ (893),Solan(Sub-District) / Solan(District) / Himachal Pradesh(State),01506200,021994,N,,,,
1720,22235,Majhat (182),मझाट (182),Mamlig(Sub-District) / Solan(District) / Himachal Pradesh(State),01530300,022235,N,,,,
1721,21465,Majher (244),मंझेड (244),Krishangarh(Sub-District) / Solan(District) / Himachal Pradesh(State),01447900,021465,N,,,,
1722,22078,Majhgaon Kala (631),मझगाँव कलाँ (631),Solan(Sub-District) / Solan(District) / Himachal Pradesh(State),01514600,022078,N,,,,
1723,22079,Majhgaon Khurd (630),मझगाँव खुर्द (630),Solan(Sub-District) / Solan(District) / Himachal Pradesh(State),01514700,022079,N,,,,
1724,20251,Majhiat (114),मंज्याट (114),Arki(Sub-District) / Solan(District) / Himachal Pradesh(State),01352200,020251,N,,,,
1725,22047,Majhlodi (839),मझलोड़ी (839),Solan(Sub-District) / Solan(District) / Himachal Pradesh(State),01511500,022047,N,,,,
1726,22367,Majhol (62),मझोल (62),Kandaghat(Sub-District) / Solan(District) / Himachal Pradesh(State),01543500,022367,N,,,,
1727,20972,Majholi (119),मंझौली (119),Nalagarh(Sub-District) / Solan(District) / Himachal Pradesh(State),01404500,020972,N,,,,
1728,22051,Majholi (832),मझौली (832),Solan(Sub-District) / Solan(District) / Himachal Pradesh(State),01511900,022051,N,,,,
1729,21828,Majholti (28),मझोलटी (28),Solan(Sub-District) / Solan(District) / Himachal Pradesh(State),01489600,021828,N,,,,
1730,21800,Majhyar (259),मझयार (259),Solan(Sub-District) / Solan(District) / Himachal Pradesh(State),01486800,021800,N,,,,
1731,22041,Majhyar (844),मझयार (844),Solan(Sub-District) / Solan(District) / Himachal Pradesh(State),01510900,022041,N,,,,
1732,20805,Majra (11),माजरा (11),Panjehra(Sub-District) / Solan(District) / Himachal Pradesh(State),01387800,020805,N,,,,
1733,21349,Majra (276),माजरा (276),Krishangarh(Sub-District) / Solan(District) / Himachal Pradesh(State),01435900,021349,N,,,,
1734,20898,Majra (97),माजरा (97),Nalagarh(Sub-District) / Solan(District) / Himachal Pradesh(State),01397100,020898,N,,,,
1735,21132,Majri (430),माजरी (430),Baddi(Sub-District) / Solan(District) / Himachal Pradesh(State),01421000,021132,N,,,,
1736,20837,Majri (70),माजरी (70),Nalagarh(Sub-District) / Solan(District) / Himachal Pradesh(State),01391000,020837,N,,,,
1737,21064,Majru (169),माजरू (169),Baddi(Sub-District) / Solan(District) / Himachal Pradesh(State),01413400,021064,N,,,,
1738,21063,Majru Pahar (402),माजरू पहाड़ (402),Baddi(Sub-District) / Solan(District) / Himachal Pradesh(State),01413300,021063,N,,,,
1739,21109,Makhnumajra (190),मखनुमाजरा (190),Baddi(Sub-District) / Solan(District) / Himachal Pradesh(State),01418600,021109,N,,,,
1740,22325,Maklyan (78),मकलयाण (78),Mamlig(Sub-District) / Solan(District) / Himachal Pradesh(State),01539300,022325,N,,,,
1741,20499,Malag (277),मलग (277),Ramshahr(Sub-District) / Solan(District) / Himachal Pradesh(State),01357200,020499,N,,,,
1742,20593,Malari (128),,Loharghat(Sub-District) / Solan(District) / Himachal Pradesh(State),01366600,020593,N,,,,
1743,22134,Malaun (32),मलौण (32),Solan(Sub-District) / Solan(District) / Himachal Pradesh(State),01520200,022134,N,,,,
1744,20565,Malaun Bhagtan (107),,Loharghat(Sub-District) / Solan(District) / Himachal Pradesh(State),01363800,020565,N,,,,
1745,20563,Malaun Khas (105),मलौण खास (105),Loharghat(Sub-District) / Solan(District) / Himachal Pradesh(State),01363600,020563,N,,,,
1746,20337,Malawan (48),मलावण (48),Darlaghat(Sub-District) / Solan(District) / Himachal Pradesh(State),01309200,020337,N,,,,
1747,21406,Malera (440),मलेरा (440),Krishangarh(Sub-District) / Solan(District) / Himachal Pradesh(State),01441600,021406,N,,,,
1748,20405,Malethi (232),मलेठी (232),Darlaghat(Sub-District) / Solan(District) / Himachal Pradesh(State),01315900,020405,N,,,,
1749,22359,Malga (59),मालगा (59),Kandaghat(Sub-District) / Solan(District) / Himachal Pradesh(State),01542700,022359,N,,,,
1750,21119,Malgan (420),मलगन (420),Baddi(Sub-District) / Solan(District) / Himachal Pradesh(State),01419700,021119,N,,,,
1751,21332,Malhari (261),मल्हाडी (261),Krishangarh(Sub-District) / Solan(District) / Himachal Pradesh(State),01431000,021332,N,,,,
1752,20850,Malheni (294),मलैहणी (294),Panjehra(Sub-District) / Solan(District) / Himachal Pradesh(State),01392300,020850,N,,,,
1753,21090,Malkumajra (184),मलकुमाजरा (184),Baddi(Sub-District) / Solan(District) / Himachal Pradesh(State),01416300,021090,N,,,,
1754,21012,Malowal (373),मालोवाल (373),Nalagarh(Sub-District) / Solan(District) / Himachal Pradesh(State),01408800,021012,N,,,,
1755,21093,Malpur (189),मलपुर (189),Baddi(Sub-District) / Solan(District) / Himachal Pradesh(State),01416600,021093,N,,,,
1756,20817,Malpur (45),मलपुर (45),Panjehra(Sub-District) / Solan(District) / Himachal Pradesh(State),01389000,020817,N,,,,
1757,21680,Maltu (779),माल्टु (779),Kasauli(Sub-District) / Solan(District) / Himachal Pradesh(State),01474800,021680,N,,,,
1758,21265,Maluka Bahan (363),मालू का बाण (363),Krishangarh(Sub-District) / Solan(District) / Himachal Pradesh(State),01424300,021265,N,,,,
1759,20813,Malwalan Nihli (44),मलवालां निहली (44),Panjehra(Sub-District) / Solan(District) / Himachal Pradesh(State),01388600,020813,N,,,,
1760,20815,Malwala Uperali (43),मलवालां उपरली (43),Panjehra(Sub-District) / Solan(District) / Himachal Pradesh(State),01388800,020815,N,,,,
1761,22156,Mamlada (556),ममलाड़ा (556),Solan(Sub-District) / Solan(District) / Himachal Pradesh(State),01522400,022156,N,,,,
1762,22297,Mamligh (214),ममलीग (214),Mamlig(Sub-District) / Solan(District) / Himachal Pradesh(State),01536500,022297,N,,,,
1763,22082,Manaji (638),मनांजी (638),Solan(Sub-District) / Solan(District) / Himachal Pradesh(State),01515000,022082,N,,,,
1764,21068,Manakpur (176),मानकपुर (176),Baddi(Sub-District) / Solan(District) / Himachal Pradesh(State),01413800,021068,N,,,,
1765,20245,Manan (112),मानण (112),Arki(Sub-District) / Solan(District) / Himachal Pradesh(State),01351600,020245,N,,,,
1766,19986,Mandano (291),मान्दनो (291),Darlaghat(Sub-District) / Solan(District) / Himachal Pradesh(State),01324100,019986,N,,,,
1767,21811,Mandap (9),मण्ड़प (9),Solan(Sub-District) / Solan(District) / Himachal Pradesh(State),01487900,021811,N,,,,
1768,21222,Mandhala (190),मंधाला (190),Baddi(Sub-District) / Solan(District) / Himachal Pradesh(State),01459100,021222,N,,,,
1769,19992,Mandherana (314),मंडेरना (314),Darlaghat(Sub-District) / Solan(District) / Himachal Pradesh(State),01324700,019992,N,,,,
1770,21413,Mandhesar (437),मंडेसर (437),Krishangarh(Sub-District) / Solan(District) / Himachal Pradesh(State),01442300,021413,N,,,,
1771,19962,Mandhoti (290),मन्धोटी (290),Darlaghat(Sub-District) / Solan(District) / Himachal Pradesh(State),01320500,019962,N,,,,
1772,21138,Mandi (429),मंडी (429),Baddi(Sub-District) / Solan(District) / Himachal Pradesh(State),01421600,021138,N,,,,
1773,20978,Mandiar Pur (118),मंडयारपुर (118),Nalagarh(Sub-District) / Solan(District) / Himachal Pradesh(State),01405300,020978,N,,,,
1774,21663,Mando Matkanda (107),मान्डो मटकंडा (107),Kasauli(Sub-District) / Solan(District) / Himachal Pradesh(State),01473100,021663,N,,,,
1775,21245,Maneshi (399),मनेशी (399),Krishangarh(Sub-District) / Solan(District) / Himachal Pradesh(State),01422300,021245,N,,,,
1776,22346,Mangna (44),मंगणा (44),Kandaghat(Sub-District) / Solan(District) / Himachal Pradesh(State),01541400,022346,N,,,,
1777,20339,Mangoo (46),मांगू (46),Darlaghat(Sub-District) / Solan(District) / Himachal Pradesh(State),01309400,020339,N,,,,
1778,21664,Mangoti (105),मगोटी (105),Kasauli(Sub-District) / Solan(District) / Himachal Pradesh(State),01473200,021664,N,,,,
1779,20908,Manguwal (87),मंगुवाल (87),Nalagarh(Sub-District) / Solan(District) / Himachal Pradesh(State),01398100,020908,N,,,,
1780,21690,Manjh (111),मांझ (111),Kasauli(Sub-District) / Solan(District) / Himachal Pradesh(State),01475800,021690,N,,,,
1781,21769,Manjhathru (259),मझाथरू (259),Solan(Sub-District) / Solan(District) / Himachal Pradesh(State),01483700,021769,N,,,,
1782,21688,Manjhed (110),मझेड़ (110),Kasauli(Sub-District) / Solan(District) / Himachal Pradesh(State),01475600,021688,N,,,,
1783,21485,Manjhed (181),मझेड़ (181),Kasauli(Sub-District) / Solan(District) / Himachal Pradesh(State),01453000,021485,N,,,,
1784,20539,Manjhiari (74),मंझयारी(74),Loharghat(Sub-District) / Solan(District) / Himachal Pradesh(State),01361200,020539,N,,,,
1785,21723,Manjhol (940),मंझोल (940),Parwanoo(Sub-District) / Solan(District) / Himachal Pradesh(State),01479100,021723,N,,,,
1786,22219,Manjhrangri (580),मझरांगडी (580),Solan(Sub-District) / Solan(District) / Himachal Pradesh(State),01528700,022219,N,,,,
1787,20241,Manjhu (107),मांझू (107),Arki(Sub-District) / Solan(District) / Himachal Pradesh(State),01351200,020241,N,,,,
1788,22277,Manjhyari (346),मन्झयारी (346),Mamlig(Sub-District) / Solan(District) / Himachal Pradesh(State),01534500,022277,N,,,,
1789,20197,Manla (452),मानला (452),Arki(Sub-District) / Solan(District) / Himachal Pradesh(State),01346900,020197,N,,,,
1790,21879,Manlog (73),मनलोग (73),Solan(Sub-District) / Solan(District) / Himachal Pradesh(State),01494700,021879,N,,,,
1791,20697,Manlog Kalan (171),मनलोग कलां(171),Ramshahr(Sub-District) / Solan(District) / Himachal Pradesh(State),01377000,020697,N,,,,
1792,20670,Manlog Khurd (151),मनलोग खुर्द(151),Ramshahr(Sub-District) / Solan(District) / Himachal Pradesh(State),01374300,020670,N,,,,
1793,22136,Manooh (546),मनूह (546),Solan(Sub-District) / Solan(District) / Himachal Pradesh(State),01520400,022136,N,,,,
1794,22168,Manooh Tikkari (534),मनूह टिकरी (534),Solan(Sub-District) / Solan(District) / Himachal Pradesh(State),01523600,022168,N,,,,
1795,21081,Manpura (164),मानपुरा (164),Baddi(Sub-District) / Solan(District) / Himachal Pradesh(State),01415400,021081,N,,,,
1796,22110,Mansar (14),मनसार (14),Solan(Sub-District) / Solan(District) / Himachal Pradesh(State),01517800,022110,N,,,,
1797,20856,Manwala (302),मनवाल (302),Panjehra(Sub-District) / Solan(District) / Himachal Pradesh(State),01392900,020856,N,,,,
1798,21408,Marheta (418),मरहेटा (418),Krishangarh(Sub-District) / Solan(District) / Himachal Pradesh(State),01441800,021408,N,,,,
1799,21322,Mariun (263),मरीऊं (263),Krishangarh(Sub-District) / Solan(District) / Himachal Pradesh(State),01430000,021322,N,,,,
1800,21156,Maroa (298),मरोआ (298),Baddi(Sub-District) / Solan(District) / Himachal Pradesh(State),01433600,021156,N,,,,
1801,22220,Masariya Majhgaon (579),मसड़ियाँ मझगाँव (579),Solan(Sub-District) / Solan(District) / Himachal Pradesh(State),01528800,022220,N,,,,
1802,22169,Mashiwar (530),मशीवर (530),Solan(Sub-District) / Solan(District) / Himachal Pradesh(State),01523700,022169,N,,,,
1803,20367,Mashlog (227),मशलोग (227),Darlaghat(Sub-District) / Solan(District) / Himachal Pradesh(State),01312000,020367,N,,,,
1804,21965,Mashon (830),मशौण (830),Solan(Sub-District) / Solan(District) / Himachal Pradesh(State),01503300,021965,N,,,,
1805,22284,Mashru (309),माशड़ू (309),Mamlig(Sub-District) / Solan(District) / Himachal Pradesh(State),01535200,022284,N,,,,
1806,21525,Masobara (158),मशोबरा (158),Kasauli(Sub-District) / Solan(District) / Himachal Pradesh(State),01457000,021525,N,,,,
1807,20671,Masohal (152),मसौहल(152),Ramshahr(Sub-District) / Solan(District) / Himachal Pradesh(State),01374400,020671,N,,,,
1808,20787,Mastanpur (22),मस्तानपुर (22),Panjehra(Sub-District) / Solan(District) / Himachal Pradesh(State),01386000,020787,N,,,,
1809,21856,Matando (93),मटाण्ड़ो (93),Solan(Sub-District) / Solan(District) / Himachal Pradesh(State),01492400,021856,N,,,,
1810,20009,Materani (331),मटेरनी (331),Darlaghat(Sub-District) / Solan(District) / Himachal Pradesh(State),01326400,020009,N,,,,
1811,21852,Mathan (91),मथान (91),Solan(Sub-District) / Solan(District) / Himachal Pradesh(State),01492000,021852,N,,,,
1812,22108,Mathiya (2),मथिया (2),Solan(Sub-District) / Solan(District) / Himachal Pradesh(State),01517600,022108,N,,,,
1813,22299,Matimu (203),मतीमू (203),Mamlig(Sub-District) / Solan(District) / Himachal Pradesh(State),01536700,022299,N,,,,
1814,22095,Matiwal (613),मतिवल (613),Solan(Sub-District) / Solan(District) / Himachal Pradesh(State),01516300,022095,N,,,,
1815,21266,Matkanda (368),मटकंडा (368),Krishangarh(Sub-District) / Solan(District) / Himachal Pradesh(State),01424400,021266,N,,,,
1816,21456,Matkuda (494),मटकुडा (494),Krishangarh(Sub-District) / Solan(District) / Himachal Pradesh(State),01446600,021456,N,,,,
1817,21682,Matla (899),मातला (899),Kasauli(Sub-District) / Solan(District) / Himachal Pradesh(State),01475000,021682,N,,,,
1818,20295,Matrech (507),मट्रेच (507),Darlaghat(Sub-District) / Solan(District) / Himachal Pradesh(State),01305000,020295,N,,,,
1819,20668,Matuli (219),मटुली(219),Ramshahr(Sub-District) / Solan(District) / Himachal Pradesh(State),01374100,020668,N,,,,
1820,21606,Mauri (748),मौरी (748),Kasauli(Sub-District) / Solan(District) / Himachal Pradesh(State),01467400,021606,N,,,,
1821,22479,Mawri (494),मावरी (494),Kandaghat(Sub-District) / Solan(District) / Himachal Pradesh(State),01554700,022479,N,,,,
1822,20064,Mayawan (89),म्यावण (89),Arki(Sub-District) / Solan(District) / Himachal Pradesh(State),01333600,020064,N,,,,
1823,20644,Mehdood (232),मैहदुद(232),Ramshahr(Sub-District) / Solan(District) / Himachal Pradesh(State),01371700,020644,N,,,,
1824,22381,Mehli (439),मैहली (439),Kandaghat(Sub-District) / Solan(District) / Himachal Pradesh(State),01544900,022381,N,,,,
1825,22040,Mehlo (845),मैहलों (845),Solan(Sub-District) / Solan(District) / Himachal Pradesh(State),01510800,022040,N,,,,
1826,21731,Mehlo (937),मैहलों (937),Parwanoo(Sub-District) / Solan(District) / Himachal Pradesh(State),01479900,021731,N,,,,
1827,22145,Mehlog (552),महलोग,Solan(Sub-District) / Solan(District) / Himachal Pradesh(State),01521300,022145,N,,,,
1828,20971,Mhaisa Tibba (112),मैस्साटिब्बा (112),Nalagarh(Sub-District) / Solan(District) / Himachal Pradesh(State),01404400,020971,N,,,,
1829,20985,Mhaisi Palasi (144),मैहसी पलासी (144),Nalagarh(Sub-District) / Solan(District) / Himachal Pradesh(State),01406000,020985,N,,,,
1830,20430,Miana (266),मयाणा (266),Darlaghat(Sub-District) / Solan(District) / Himachal Pradesh(State),01318400,020430,N,,,,
1831,22482,Mihani (472),मिहाणी (472),Kandaghat(Sub-District) / Solan(District) / Himachal Pradesh(State),01555000,022482,N,,,,
1832,20882,Mittian (338),मितिंया (338),Nalagarh(Sub-District) / Solan(District) / Himachal Pradesh(State),01395500,020882,N,,,,
1833,22065,Mohlu Kalan (609),मोहलू कलां (609),Solan(Sub-District) / Solan(District) / Himachal Pradesh(State),01513300,022065,N,,,,
1834,22064,Mohlu Khurd (610),मोहलू खुर्द (610),Solan(Sub-District) / Solan(District) / Himachal Pradesh(State),01513200,022064,N,,,,
1835,21939,Mowri (647),मोवरी (647),Solan(Sub-District) / Solan(District) / Himachal Pradesh(State),01500700,021939,N,,,,
1836,19959,Muknata (278),मुक़नाटा (278),Darlaghat(Sub-District) / Solan(District) / Himachal Pradesh(State),01319900,019959,N,,,,
1837,22236,Mundi Kalan (180),मुन्ड़ी कलां (180),Mamlig(Sub-District) / Solan(District) / Himachal Pradesh(State),01530400,022236,N,,,,
1838,22231,Mundi Khurdh (179),मुन्ड़ी खुर्द (179),Mamlig(Sub-District) / Solan(District) / Himachal Pradesh(State),01529900,022231,N,,,,
1839,21578,Mundru (2),मुन्दडु (2),Kasauli(Sub-District) / Solan(District) / Himachal Pradesh(State),01464600,021578,N,,,,
1840,21911,Mungru (678),मुँगरू (678),Solan(Sub-District) / Solan(District) / Himachal Pradesh(State),01497900,021911,N,,,,
1841,20956,Musewal (126),मुस्सेवाल (126),Nalagarh(Sub-District) / Solan(District) / Himachal Pradesh(State),01402900,020956,N,,,,
1842,21735,Nabbon (934),नबों  (934),Parwanoo(Sub-District) / Solan(District) / Himachal Pradesh(State),01480300,021735,N,,,,
1843,21555,Nabh Chyawla (125),नाम्ब च्यावला (125),Kasauli(Sub-District) / Solan(District) / Himachal Pradesh(State),01462300,021555,N,,,,
1844,22099,Nadoh (39),नड़ोह (39),Solan(Sub-District) / Solan(District) / Himachal Pradesh(State),01516700,022099,N,,,,
1845,22472,Nagali (497),नगाली (497),Kandaghat(Sub-District) / Solan(District) / Himachal Pradesh(State),01554000,022472,N,,,,
1846,22176,Nagali (522),नगाली (522),Solan(Sub-District) / Solan(District) / Himachal Pradesh(State),01524400,022176,N,,,,
1847,22054,Nagali (597),नगाली (597),Solan(Sub-District) / Solan(District) / Himachal Pradesh(State),01512200,022054,N,,,,
1848,21937,Nagali (646),नगाली (646),Solan(Sub-District) / Solan(District) / Himachal Pradesh(State),01500500,021937,N,,,,
1849,22233,Nagalti (184),नगालटी (184),Mamlig(Sub-District) / Solan(District) / Himachal Pradesh(State),01530100,022233,N,,,,
1850,22212,Naganji (584),नगांजी (584),Solan(Sub-District) / Solan(District) / Himachal Pradesh(State),01528000,022212,N,,,,
1851,22404,Nagaon (415),नगाँव (415),Kandaghat(Sub-District) / Solan(District) / Himachal Pradesh(State),01547200,022404,N,,,,
1852,20278,Nagar Sihanwan (472),नगर सिहांवाँ (472),Kunihar(Sub-District) / Solan(District) / Himachal Pradesh(State),01354600,020278,N,,,,
1853,20150,Nagarwar (383),नगरवाड़ (383),Arki(Sub-District) / Solan(District) / Himachal Pradesh(State),01342200,020150,N,,,,
1854,21321,Nahal (267),नाहल (267),Krishangarh(Sub-District) / Solan(District) / Himachal Pradesh(State),01429900,021321,N,,,,
1855,20247,Nahanu (104),नाहणू (104),Arki(Sub-District) / Solan(District) / Himachal Pradesh(State),01351800,020247,N,,,,
1856,22470,Nahar (455),नाहर (455),Kandaghat(Sub-District) / Solan(District) / Himachal Pradesh(State),01553800,022470,N,,,,
1857,21520,Nahari (155),नाहरी (155),Kasauli(Sub-District) / Solan(District) / Himachal Pradesh(State),01456500,021520,N,,,,
1858,20977,Nahar Singh (117),नाहर सिह (117),Nalagarh(Sub-District) / Solan(District) / Himachal Pradesh(State),01405200,020977,N,,,,
1859,21563,Nahaun (121),नाहौन (121),Kasauli(Sub-District) / Solan(District) / Himachal Pradesh(State),01463100,021563,N,,,,
1860,21980,Nahech (819),नहेच (819),Solan(Sub-District) / Solan(District) / Himachal Pradesh(State),01504800,021980,N,,,,
1861,22355,Nain (39),नैन (39),Kandaghat(Sub-District) / Solan(District) / Himachal Pradesh(State),01542300,022355,N,,,,
1862,21714,Nakyar (914),नक्यार (914),Parwanoo(Sub-District) / Solan(District) / Himachal Pradesh(State),01478200,021714,N,,,,
1863,20736,Nal (10),नाल (10),Panjehra(Sub-District) / Solan(District) / Himachal Pradesh(State),01380900,020736,N,,,,
1864,20517,Nal (254),नाल(254),Ramshahr(Sub-District) / Solan(District) / Himachal Pradesh(State),01359000,020517,N,,,,
1865,21173,Nalag (239),नालग (239),Baddi(Sub-District) / Solan(District) / Himachal Pradesh(State),01447100,021173,N,,,,
1866,20409,Nalag (244),नलाग (224),Darlaghat(Sub-District) / Solan(District) / Himachal Pradesh(State),01316300,020409,N,,,,
1867,21562,Nalhari (122),नलहारी (122),Kasauli(Sub-District) / Solan(District) / Himachal Pradesh(State),01463000,021562,N,,,,
1868,21867,Nalhog Brahmna (70),नलहोग ब्राहमणा (70),Solan(Sub-District) / Solan(District) / Himachal Pradesh(State),01493500,021867,N,,,,
1869,21866,Nalhog Khasha (85),नलहोग खशां (85),Solan(Sub-District) / Solan(District) / Himachal Pradesh(State),01493400,021866,N,,,,
1870,21147,Nali (318),नाली (318),Baddi(Sub-District) / Solan(District) / Himachal Pradesh(State),01432700,021147,N,,,,
1871,21040,Nali (401),नाली (401),Baddi(Sub-District) / Solan(District) / Himachal Pradesh(State),01411000,021040,N,,,,
1872,21437,Nali (470),नली (470),Krishangarh(Sub-District) / Solan(District) / Himachal Pradesh(State),01444700,021437,N,,,,
1873,21074,Nalka (158),नालका (158),Baddi(Sub-District) / Solan(District) / Himachal Pradesh(State),01414500,021074,N,,,,
1874,21168,Nalka Brahmna (292),नालका ब्राहमणां (292),Baddi(Sub-District) / Solan(District) / Himachal Pradesh(State),01434800,021168,N,,,,
1875,22327,Nal Ka Gaon (81),नालका गांव (81),Mamlig(Sub-District) / Solan(District) / Himachal Pradesh(State),01539500,022327,N,,,,
1876,21167,Nalka Kanaitan (293),नालका कनैतां (293),Baddi(Sub-District) / Solan(District) / Himachal Pradesh(State),01434700,021167,N,,,,
1877,20269,Namol (462),नमोल (462),Kunihar(Sub-District) / Solan(District) / Himachal Pradesh(State),01353700,020269,N,,,,
1878,20494,Nand (280),नण्ड(280),Ramshahr(Sub-District) / Solan(District) / Himachal Pradesh(State),01356700,020494,N,,,,
1879,22208,Nandal (587),नन्दल (587),Solan(Sub-District) / Solan(District) / Himachal Pradesh(State),01527600,022208,N,,,,
1880,22214,Nando (593),नान्डो (593),Solan(Sub-District) / Solan(District) / Himachal Pradesh(State),01528200,022214,N,,,,
1881,21565,Nandoh (103),नन्दोह (103),Kasauli(Sub-District) / Solan(District) / Himachal Pradesh(State),01463300,021565,N,,,,
1882,19979,Nandol (165),नंदोल (165),Arki(Sub-District) / Solan(District) / Himachal Pradesh(State),01323300,019979,N,,,,
1883,21069,Nandpur (170),नन्दपुर (170),Baddi(Sub-District) / Solan(District) / Himachal Pradesh(State),01413900,021069,N,,,,
1884,20776,Nangal Dhakka (19),नंगल ढक्का (19),Panjehra(Sub-District) / Solan(District) / Himachal Pradesh(State),01384900,020776,N,,,,
1885,20795,Nangal Kuhl (37),नंगल कूहल (37),Panjehra(Sub-District) / Solan(District) / Himachal Pradesh(State),01386800,020795,N,,,,
1886,20916,Nangal Nihla (83),नंगल निहला (83),Nalagarh(Sub-District) / Solan(District) / Himachal Pradesh(State),01398900,020916,N,,,,
1887,20917,Nangal Uperla (78),नंगल उपरला (78),Nalagarh(Sub-District) / Solan(District) / Himachal Pradesh(State),01399000,020917,N,,,,
1888,20610,Nanoa (144),ननौआ(144),Ramshahr(Sub-District) / Solan(District) / Himachal Pradesh(State),01368300,020610,N,,,,
1889,20180,Nanog (431),ननोग (431),Kunihar(Sub-District) / Solan(District) / Himachal Pradesh(State),01345200,020180,N,,,,
1890,20975,Nanowal (151),नानोवाल (151),Nalagarh(Sub-District) / Solan(District) / Himachal Pradesh(State),01405000,020975,N,,,,
1891,20199,Nanto (444),नानतो (444),Arki(Sub-District) / Solan(District) / Himachal Pradesh(State),01347100,020199,N,,,,
1892,21176,Nara (243),नारा (243),Baddi(Sub-District) / Solan(District) / Himachal Pradesh(State),01447500,021176,N,,,,
1893,21741,Naraini (931),नरैणी  (931),Parwanoo(Sub-District) / Solan(District) / Himachal Pradesh(State),01480900,021741,N,,,,
1894,20492,Narla (291),नरला(291),Ramshahr(Sub-District) / Solan(District) / Himachal Pradesh(State),01356500,020492,N,,,,
1895,22435,Narudh (461),नरुद्ध (461),Kandaghat(Sub-District) / Solan(District) / Himachal Pradesh(State),01550300,022435,N,,,,
1896,21201,Naseri (236),नसेरी (236),Baddi(Sub-District) / Solan(District) / Himachal Pradesh(State),01450800,021201,N,,,,
1897,22273,Natayala (328),नटायला (328),Mamlig(Sub-District) / Solan(District) / Himachal Pradesh(State),01534100,022273,N,,,,
1898,21279,Nathal (355),नथाल (355),Krishangarh(Sub-District) / Solan(District) / Himachal Pradesh(State),01425700,021279,N,,,,
1899,22494,Nauhra (508),नौरा(508),Kandaghat(Sub-District) / Solan(District) / Himachal Pradesh(State),01556200,022494,N,,,,
1900,20382,Nauni (188),नौणी (188),Darlaghat(Sub-District) / Solan(District) / Himachal Pradesh(State),01313400,020382,N,,,,
1901,21872,Nauni Greti (69),नौणी ग्रेटी (69),Solan(Sub-District) / Solan(District) / Himachal Pradesh(State),01494000,021872,N,,,,
1902,22216,Nauni Majhgaon (581),नौणी मझगाँव (581),Solan(Sub-District) / Solan(District) / Himachal Pradesh(State),01528400,022216,N,,,,
1903,21880,Naura Khandol (64),नौरा खण्ड़ोल (64),Solan(Sub-District) / Solan(District) / Himachal Pradesh(State),01494800,021880,N,,,,
1904,20362,Navgaon (221),नवगाँव (221),Darlaghat(Sub-District) / Solan(District) / Himachal Pradesh(State),01311500,020362,N,,,,
1905,20050,Navin (80),नावीं (80),Arki(Sub-District) / Solan(District) / Himachal Pradesh(State),01332200,020050,N,,,,
1906,19961,Nawa (282),नावां (282),Darlaghat(Sub-District) / Solan(District) / Himachal Pradesh(State),01320400,019961,N,,,,
1907,22498,Nawag (512),नावग (512),Kandaghat(Sub-District) / Solan(District) / Himachal Pradesh(State),01556600,022498,N,,,,
1908,21127,Nawanagar (433),नवांनगर (433),Baddi(Sub-District) / Solan(District) / Himachal Pradesh(State),01420500,021127,N,,,,
1909,20821,Nawan Graon (55),नवांग्राओं (55),Panjehra(Sub-District) / Solan(District) / Himachal Pradesh(State),01389400,020821,N,,,,
1910,20830,Nawan Nagar (65),नवांनगर (65),Panjehra(Sub-District) / Solan(District) / Himachal Pradesh(State),01390300,020830,N,,,,
1911,21589,Nawati (736),नावती (736),Kasauli(Sub-District) / Solan(District) / Himachal Pradesh(State),01465700,021589,N,,,,
1912,21242,Nehar (405),निहर (405),Krishangarh(Sub-District) / Solan(District) / Himachal Pradesh(State),01422000,021242,N,,,,
1913,22186,Nehar (516),नेहर (516),Solan(Sub-District) / Solan(District) / Himachal Pradesh(State),01525400,022186,N,,,,
1914,20317,Neori (15),नेव्डी (15),Darlaghat(Sub-District) / Solan(District) / Himachal Pradesh(State),01307200,020317,N,,,,
1915,20324,Neori (8),नेव्डी (8),Darlaghat(Sub-District) / Solan(District) / Himachal Pradesh(State),01307900,020324,N,,,,
1916,20242,Ner (108),नेर (108),Arki(Sub-District) / Solan(District) / Himachal Pradesh(State),01351300,020242,N,,,,
1917,20619,Ner (236),नेर(236),Ramshahr(Sub-District) / Solan(District) / Himachal Pradesh(State),01369200,020619,N,,,,
1918,22115,Neri (20),नेरी (20),Solan(Sub-District) / Solan(District) / Himachal Pradesh(State),01518300,022115,N,,,,
1919,22309,Neri (207),नेरी (207),Mamlig(Sub-District) / Solan(District) / Himachal Pradesh(State),01537700,022309,N,,,,
1920,22347,Neri (43),नेरी (43),Kandaghat(Sub-District) / Solan(District) / Himachal Pradesh(State),01541500,022347,N,,,,
1921,21870,Neri (66),नेरी (66),Solan(Sub-District) / Solan(District) / Himachal Pradesh(State),01493800,021870,N,,,,
1922,20473,Neri Chamara (62),नेरी चमारा (62),Darlaghat(Sub-District) / Solan(District) / Himachal Pradesh(State),01331600,020473,N,,,,
1923,20472,Neri Devara (61),नेरी देवड़ा (61),Darlaghat(Sub-District) / Solan(District) / Himachal Pradesh(State),01331500,020472,N,,,,
1924,21968,Neri Kala (835),नेरी कलां (835),Solan(Sub-District) / Solan(District) / Himachal Pradesh(State),01503600,021968,N,,,,
1925,22020,Neri Kalan (863),नेरी कलां (863),Solan(Sub-District) / Solan(District) / Himachal Pradesh(State),01508800,022020,N,,,,
1926,21967,Neri Khurd (834),नेरी खुर्द (834),Solan(Sub-District) / Solan(District) / Himachal Pradesh(State),01503500,021967,N,,,,
1927,22021,Neri Khurd (862),नेरी खुर्द (862),Solan(Sub-District) / Solan(District) / Himachal Pradesh(State),01508900,022021,N,,,,
1928,20725,Nerli Brahmna (51),नेरली ब्रह्मणा (51),Panjehra(Sub-District) / Solan(District) / Himachal Pradesh(State),01379800,020725,N,,,,
1929,20498,Nerli Chanalan (61),नेरली चनाला(61),Ramshahr(Sub-District) / Solan(District) / Himachal Pradesh(State),01357100,020498,N,,,,
1930,21756,Niata (244),न्याटा (244),Solan(Sub-District) / Solan(District) / Himachal Pradesh(State),01482400,021756,N,,,,
1931,21447,Nichla Badoh (485),निचला बडोह (485),Krishangarh(Sub-District) / Solan(District) / Himachal Pradesh(State),01445700,021447,N,,,,
1932,21444,Nichla Palhech (490),निचला पल्हेच (490),Krishangarh(Sub-District) / Solan(District) / Himachal Pradesh(State),01445400,021444,N,,,,
1933,21581,Nichli Ganuri (474),निचली गांवगुड़ी (474),Kasauli(Sub-District) / Solan(District) / Himachal Pradesh(State),01464900,021581,N,,,,
1934,22262,Niew (313),निऊँ (313),Mamlig(Sub-District) / Solan(District) / Himachal Pradesh(State),01533000,022262,N,,,,
1935,22431,Nihara (411),निहारा (411),Kandaghat(Sub-District) / Solan(District) / Himachal Pradesh(State),01549900,022431,N,,,,
1936,20617,Nihari (150),निहारी(150),Ramshahr(Sub-District) / Solan(District) / Himachal Pradesh(State),01369000,020617,N,,,,
1937,20587,Nihun (120),नियुं(120),Loharghat(Sub-District) / Solan(District) / Himachal Pradesh(State),01366000,020587,N,,,,
1938,20983,Nikoowal (142),निक्कुवाल (142),Nalagarh(Sub-District) / Solan(District) / Himachal Pradesh(State),01405800,020983,N,,,,
1939,20615,Nisal (149),निसल(149),Ramshahr(Sub-District) / Solan(District) / Himachal Pradesh(State),01368800,020615,N,,,,
1940,20493,Niyar (290),नियार(290),Ramshahr(Sub-District) / Solan(District) / Himachal Pradesh(State),01356600,020493,N,,,,
1941,22205,Oach (592),ओच्छ (592),Solan(Sub-District) / Solan(District) / Himachal Pradesh(State),01527300,022205,N,,,,
1942,20682,Oda (157),ओडा(157),Ramshahr(Sub-District) / Solan(District) / Himachal Pradesh(State),01375500,020682,N,,,,
1943,22017,Odar (868),ओड़र (868),Solan(Sub-District) / Solan(District) / Himachal Pradesh(State),01508500,022017,N,,,,
1944,22076,Odna (618),ओड़ना (618),Solan(Sub-District) / Solan(District) / Himachal Pradesh(State),01514400,022076,N,,,,
1945,21846,Olgi (20),ओलगी (20),Solan(Sub-District) / Solan(District) / Himachal Pradesh(State),01491400,021846,N,,,,
1946,21715,Oyal (913),ओयल (913),Parwanoo(Sub-District) / Solan(District) / Himachal Pradesh(State),01478300,021715,N,,,,
1947,20384,Pachhiwar (197),पछीवर (197),Darlaghat(Sub-District) / Solan(District) / Himachal Pradesh(State),01313600,020384,N,,,,
1948,22103,Padag (35),पड़ग (35),Solan(Sub-District) / Solan(District) / Himachal Pradesh(State),01517100,022103,N,,,,
1949,21929,Padgal (651),पड़गल (651),Solan(Sub-District) / Solan(District) / Himachal Pradesh(State),01499700,021929,N,,,,
1950,22341,Padli (68),पाड़ली (68),Mamlig(Sub-District) / Solan(District) / Himachal Pradesh(State),01540900,022341,N,,,,
1951,20283,Padyar (504),पडयार (504),Darlaghat(Sub-District) / Solan(District) / Himachal Pradesh(State),01303900,020283,N,,,,
1952,22248,Paiddi (233),पैड़ी (233),Mamlig(Sub-District) / Solan(District) / Himachal Pradesh(State),01531600,022248,N,,,,
1953,21863,Paidi (82),पैड़ी (82),Solan(Sub-District) / Solan(District) / Himachal Pradesh(State),01493100,021863,N,,,,
1954,20871,Paihrur (323),पहरुड (323),Nalagarh(Sub-District) / Solan(District) / Himachal Pradesh(State),01394400,020871,N,,,,
1955,20316,Pajeena (6),पजीणा (6),Darlaghat(Sub-District) / Solan(District) / Himachal Pradesh(State),01307100,020316,N,,,,
1956,22196,Pajo (571),पाजों (571),Solan(Sub-District) / Solan(District) / Himachal Pradesh(State),01526400,022196,N,,,,
1957,20156,Pakhrer (372),पखरेड़ (372),Arki(Sub-District) / Solan(District) / Himachal Pradesh(State),01342800,020156,N,,,,
1958,20334,Pakoti (22),पकोटी (22),Darlaghat(Sub-District) / Solan(District) / Himachal Pradesh(State),01308900,020334,N,,,,
1959,20701,Pakungi (178),पकुन्गी (178),Ramshahr(Sub-District) / Solan(District) / Himachal Pradesh(State),01377400,020701,N,,,,
1960,22336,Palah (50),पलाह (50),Mamlig(Sub-District) / Solan(District) / Himachal Pradesh(State),01540400,022336,N,,,,
1961,20471,Palahta (60),पलाहटा (60),Darlaghat(Sub-District) / Solan(District) / Himachal Pradesh(State),01331400,020471,N,,,,
1962,20218,Palaniya (493),पलानियां (493),Arki(Sub-District) / Solan(District) / Himachal Pradesh(State),01348900,020218,N,,,,
1963,20904,Palasi Boota (93),प्लासी बुटा (93),Nalagarh(Sub-District) / Solan(District) / Himachal Pradesh(State),01397700,020904,N,,,,
1964,20902,Palasi Kalan (92),पलासी कंला (92),Nalagarh(Sub-District) / Solan(District) / Himachal Pradesh(State),01397500,020902,N,,,,
1965,20905,Palasi Mangta (94),मंगता पलासी (94),Nalagarh(Sub-District) / Solan(District) / Himachal Pradesh(State),01397800,020905,N,,,,
1966,20962,Palasi Nathoo (102),प्लासी नत्थु (102),Nalagarh(Sub-District) / Solan(District) / Himachal Pradesh(State),01403500,020962,N,,,,
1967,20919,Palasra Dittoo (82),पलासडा घाडवा (82),Nalagarh(Sub-District) / Solan(District) / Himachal Pradesh(State),01399200,020919,N,,,,
1968,20920,Palasra Gharwan (81),पलासडा दित्तू (81),Nalagarh(Sub-District) / Solan(District) / Himachal Pradesh(State),01399300,020920,N,,,,
1969,20946,Palasra Kaloo (80),पलासडा कालू (80),Nalagarh(Sub-District) / Solan(District) / Himachal Pradesh(State),01401900,020946,N,,,,
1970,20918,Palasra Nihala (79),पलासडा निहला (79),Nalagarh(Sub-District) / Solan(District) / Himachal Pradesh(State),01399100,020918,N,,,,
1971,20569,Palaun (110),पलौण(110),Loharghat(Sub-District) / Solan(District) / Himachal Pradesh(State),01364200,020569,N,,,,
1972,20721,Palet (37),पलेट (37),Panjehra(Sub-District) / Solan(District) / Himachal Pradesh(State),01379400,020721,N,,,,
1973,22379,Palhech (438),पल्हेच (438),Kandaghat(Sub-District) / Solan(District) / Himachal Pradesh(State),01544700,022379,N,,,,
1974,20215,Palkari (477),पलकड़ी (477),Arki(Sub-District) / Solan(District) / Himachal Pradesh(State),01348600,020215,N,,,,
1975,20829,Palli (64),पल्ली (64),Panjehra(Sub-District) / Solan(District) / Himachal Pradesh(State),01390200,020829,N,,,,
1976,20228,Palog (94),पलोग (94),Arki(Sub-District) / Solan(District) / Himachal Pradesh(State),01349900,020228,N,,,,
1977,20558,Paloha Brahmna (99),पलोआ ब्राह्मणा(99),Loharghat(Sub-District) / Solan(District) / Himachal Pradesh(State),01363100,020558,N,,,,
1978,20559,Paloha Kanaitan (100),पलोआ कनैता(100),Loharghat(Sub-District) / Solan(District) / Himachal Pradesh(State),01363200,020559,N,,,,
1979,21509,Palthi (150),पाल्थी (150),Kasauli(Sub-District) / Solan(District) / Himachal Pradesh(State),01455400,021509,N,,,,
1980,20432,Palyani (267),पलयानी (267),Darlaghat(Sub-District) / Solan(District) / Himachal Pradesh(State),01318600,020432,N,,,,
1981,21310,Panathari (313),पनाथरी (313),Krishangarh(Sub-District) / Solan(District) / Himachal Pradesh(State),01428800,021310,N,,,,
1982,22209,Pandah (585),पडाँह (585),Solan(Sub-District) / Solan(District) / Himachal Pradesh(State),01527700,022209,N,,,,
1983,20711,Pandal (185),पंदल(185),Ramshahr(Sub-District) / Solan(District) / Himachal Pradesh(State),01378400,020711,N,,,,
1984,20681,Panedh (158),पनेड(158),Ramshahr(Sub-District) / Solan(District) / Himachal Pradesh(State),01375400,020681,N,,,,
1985,21722,Paneva (942),पनेवा (942),Parwanoo(Sub-District) / Solan(District) / Himachal Pradesh(State),01479000,021722,N,,,,
1986,22153,Panewa (559),पनेवा (559),Solan(Sub-District) / Solan(District) / Himachal Pradesh(State),01522100,022153,N,,,,
1987,20102,Paniharu (359),पनिहारू (359),Arki(Sub-District) / Solan(District) / Himachal Pradesh(State),01337400,020102,N,,,,
1988,20232,Panjail (484),पंजैल (484),Arki(Sub-District) / Solan(District) / Himachal Pradesh(State),01350300,020232,N,,,,
1989,20603,Panjal (138),,Loharghat(Sub-District) / Solan(District) / Himachal Pradesh(State),01367600,020603,N,,,,
1990,20017,Panjal (342),पंजल (342),Darlaghat(Sub-District) / Solan(District) / Himachal Pradesh(State),01327200,020017,N,,,,
1991,20826,Panjehra (51),पन्जैहरा (51),Panjehra(Sub-District) / Solan(District) / Himachal Pradesh(State),01389900,020826,N,,,,
1992,20753,Panjeli (30),पन्जैहली (30),Panjehra(Sub-District) / Solan(District) / Himachal Pradesh(State),01382600,020753,N,,,,
1993,21505,Panji (161),पाँजी (161),Kasauli(Sub-District) / Solan(District) / Himachal Pradesh(State),01455000,021505,N,,,,
1994,21338,Panjli (258),पंजली (258),Krishangarh(Sub-District) / Solan(District) / Himachal Pradesh(State),01431600,021338,N,,,,
1995,21390,Panjoa (385),पंजोआ (385),Krishangarh(Sub-District) / Solan(District) / Himachal Pradesh(State),01440000,021390,N,,,,
1996,21831,Panjyana (27),पन्जयाणा (27),Solan(Sub-District) / Solan(District) / Himachal Pradesh(State),01489900,021831,N,,,,
1997,21007,Pannar (379),पन्नर (379),Nalagarh(Sub-District) / Solan(District) / Himachal Pradesh(State),01408300,021007,N,,,,
1998,22140,Panog Damkari (548),पनोग दामकड़ी (548),Solan(Sub-District) / Solan(District) / Himachal Pradesh(State),01520800,022140,N,,,,
1999,20994,Panoh (371),पनोह (371),Nalagarh(Sub-District) / Solan(District) / Himachal Pradesh(State),01406900,020994,N,,,,
2000,21841,Panooh Chibran (25),पनूह छिबरान (25),Solan(Sub-District) / Solan(District) / Himachal Pradesh(State),01490900,021841,N,,,,
2001,20511,Panseta (272),पनसेटा (272),Ramshahr(Sub-District) / Solan(District) / Himachal Pradesh(State),01358400,020511,N,,,,
2002,21860,Panshoda (86),पन्शोड़ा (86),Solan(Sub-District) / Solan(District) / Himachal Pradesh(State),01492800,021860,N,,,,
2003,20368,Pansora (228),पनसौड़ा (228),Darlaghat(Sub-District) / Solan(District) / Himachal Pradesh(State),01312100,020368,N,,,,
2004,21842,Panuh Kuthalan (29),पनूह कुठालन (29),Solan(Sub-District) / Solan(District) / Himachal Pradesh(State),01491000,021842,N,,,,
2005,22344,Paodhana (56),पौधना (56),Mamlig(Sub-District) / Solan(District) / Himachal Pradesh(State),01541200,022344,N,,,,
2006,20860,Paonla (307),पावला (307),Nalagarh(Sub-District) / Solan(District) / Himachal Pradesh(State),01393300,020860,N,,,,
2007,21318,Paplog (266),पपलोग (266),Krishangarh(Sub-District) / Solan(District) / Himachal Pradesh(State),01429600,021318,N,,,,
2008,20924,Paplohi (335),पपलोही (335),Nalagarh(Sub-District) / Solan(District) / Himachal Pradesh(State),01399700,020924,N,,,,
2009,22338,Paplol (51),पपलोल (51),Mamlig(Sub-District) / Solan(District) / Himachal Pradesh(State),01540600,022338,N,,,,
2010,20930,Paprali (349),पपराली (349),Nalagarh(Sub-District) / Solan(District) / Himachal Pradesh(State),01400300,020930,N,,,,
2011,21737,Paratha (927),पराथा (927),Parwanoo(Sub-District) / Solan(District) / Himachal Pradesh(State),01480500,021737,N,,,,
2012,21889,Parihar Ki Ber (54),परिहाड़ की बेड़ (54),Solan(Sub-District) / Solan(District) / Himachal Pradesh(State),01495700,021889,N,,,,
2013,20298,Parla Kyar (498),परला क्यार (498),Darlaghat(Sub-District) / Solan(District) / Himachal Pradesh(State),01305300,020298,N,,,,
2014,20013,Paroa (334),परोआ (334),Darlaghat(Sub-District) / Solan(District) / Himachal Pradesh(State),01326800,020013,N,,,,
2015,20217,Paroi (476),परोई (476),Arki(Sub-District) / Solan(District) / Himachal Pradesh(State),01348800,020217,N,,,,
2016,21466,Parol (246),परोल (246),Krishangarh(Sub-District) / Solan(District) / Himachal Pradesh(State),01448000,021466,N,,,,
2017,22392,Parotha (448),पड़ौथा (448),Kandaghat(Sub-District) / Solan(District) / Himachal Pradesh(State),01546000,022392,N,,,,
2018,20477,Parwah (53),पड़वाह (53),Ramshahr(Sub-District) / Solan(District) / Himachal Pradesh(State),01355000,020477,N,,,,
2019,20315,Paryav (5),परयाब (5),Darlaghat(Sub-District) / Solan(District) / Himachal Pradesh(State),01307000,020315,N,,,,
2020,20428,Pasal Jeri (269),पसल जेरी (269),Darlaghat(Sub-District) / Solan(District) / Himachal Pradesh(State),01318200,020428,N,,,,
2021,20423,Pasal Wala (270),पसल वाला (270),Darlaghat(Sub-District) / Solan(District) / Himachal Pradesh(State),01317700,020423,N,,,,
2022,20901,Paswala (100),पंसवाला (100),Nalagarh(Sub-District) / Solan(District) / Himachal Pradesh(State),01397400,020901,N,,,,
2023,20824,Pater Bhaunkhoo (53),पटेड भौंखू (53),Panjehra(Sub-District) / Solan(District) / Himachal Pradesh(State),01389700,020824,N,,,,
2024,20823,Pater Miani (59),पटेड मियाणी  (59),Panjehra(Sub-District) / Solan(District) / Himachal Pradesh(State),01389600,020823,N,,,,
2025,20822,Pater Phaloo (57),पटेड फल्लू (57),Panjehra(Sub-District) / Solan(District) / Himachal Pradesh(State),01389500,020822,N,,,,
2026,19963,Pathed (296),पथेड़ (296),Darlaghat(Sub-District) / Solan(District) / Himachal Pradesh(State),01320600,019963,N,,,,
2027,21661,Pathia (710),पठिया (710),Kasauli(Sub-District) / Solan(District) / Himachal Pradesh(State),01472900,021661,N,,,,
2028,21683,Pathia (774),पठीया (774),Kasauli(Sub-District) / Solan(District) / Himachal Pradesh(State),01475100,021683,N,,,,
2029,20457,Pathragal (42),पथरागल (42),Darlaghat(Sub-District) / Solan(District) / Himachal Pradesh(State),01322100,020457,N,,,,
2030,21770,Pathru (290),पाथरू (290),Solan(Sub-District) / Solan(District) / Himachal Pradesh(State),01483800,021770,N,,,,
2031,21475,Pathru Manjhla (138),पाथरु मंझला (138),Kasauli(Sub-District) / Solan(District) / Himachal Pradesh(State),01452000,021475,N,,,,
2032,21474,Pathru Nichla (137),पाथरु निचला (137),Kasauli(Sub-District) / Solan(District) / Himachal Pradesh(State),01451900,021474,N,,,,
2033,21476,Pathru Uparala (140),पाथरु उपरला (140),Kasauli(Sub-District) / Solan(District) / Himachal Pradesh(State),01452100,021476,N,,,,
2034,21913,Pati Brahmana (673),पाटी ब्राहम्णा (673),Solan(Sub-District) / Solan(District) / Himachal Pradesh(State),01498100,021913,N,,,,
2035,21888,Pati Chabyar (55),पाटी चब्यार (55),Solan(Sub-District) / Solan(District) / Himachal Pradesh(State),01495600,021888,N,,,,
2036,20252,Pati Khalsa (115),पाटी खालसा (115),Arki(Sub-District) / Solan(District) / Himachal Pradesh(State),01352300,020252,N,,,,
2037,21915,Pati Kolian (674),पाटी कोलियाँ (674),Solan(Sub-District) / Solan(District) / Himachal Pradesh(State),01498300,021915,N,,,,
2038,20491,Patith (289),पटिठ(289),Ramshahr(Sub-District) / Solan(District) / Himachal Pradesh(State),01356400,020491,N,,,,
2039,20685,Patta (163),पटटा(163),Ramshahr(Sub-District) / Solan(District) / Himachal Pradesh(State),01375800,020685,N,,,,
2040,20747,Patta (25),पट्टा (25),Panjehra(Sub-District) / Solan(District) / Himachal Pradesh(State),01382000,020747,N,,,,
2041,21352,Patta (252),पट्टा (252),Krishangarh(Sub-District) / Solan(District) / Himachal Pradesh(State),01436200,021352,N,,,,
2042,20019,Patta (344),पट्टा (344),Darlaghat(Sub-District) / Solan(District) / Himachal Pradesh(State),01327400,020019,N,,,,
2043,21392,Patta (384),पट्टा (384),Krishangarh(Sub-District) / Solan(District) / Himachal Pradesh(State),01440200,021392,N,,,,
2044,21048,Patta (410),पट्टा (410),Baddi(Sub-District) / Solan(District) / Himachal Pradesh(State),01411800,021048,N,,,,
2045,21644,Patta (784),पट्टा (784),Kasauli(Sub-District) / Solan(District) / Himachal Pradesh(State),01471200,021644,N,,,,
2046,20329,Patti (28),पाटी (28),Darlaghat(Sub-District) / Solan(District) / Himachal Pradesh(State),01308400,020329,N,,,,
2047,20143,Patti Jagir (138),पाटीजागीर (138),Arki(Sub-District) / Solan(District) / Himachal Pradesh(State),01341500,020143,N,,,,
2048,20231,Paud Nichli (486),पौड़ निचली (486),Arki(Sub-District) / Solan(District) / Himachal Pradesh(State),01350200,020231,N,,,,
2049,20222,Paud Uperli (487),पौड़ उपरली (487),Arki(Sub-District) / Solan(District) / Himachal Pradesh(State),01349300,020222,N,,,,
2050,20664,Paundi (201),पौंडी(201),Ramshahr(Sub-District) / Solan(District) / Himachal Pradesh(State),01373700,020664,N,,,,
2051,20703,Paungni (180),पौगणी(180),Ramshahr(Sub-District) / Solan(District) / Himachal Pradesh(State),01377600,020703,N,,,,
2052,22452,Pawash (475),पवाश (475),Kandaghat(Sub-District) / Solan(District) / Himachal Pradesh(State),01552000,022452,N,,,,
2053,21038,Persada (445),परशादा (445),Baddi(Sub-District) / Solan(District) / Himachal Pradesh(State),01410800,021038,N,,,,
2054,20068,Pevtha (83),पेवठा (83),Arki(Sub-District) / Solan(District) / Himachal Pradesh(State),01334000,020068,N,,,,
2055,21301,Phagla (329),फावगला (329),Krishangarh(Sub-District) / Solan(District) / Himachal Pradesh(State),01427900,021301,N,,,,
2056,20380,Phagwana (36),फगवाना (36),Darlaghat(Sub-District) / Solan(District) / Himachal Pradesh(State),01313200,020380,N,,,,
2057,21118,Phala (423),फला (423),Baddi(Sub-District) / Solan(District) / Himachal Pradesh(State),01419600,021118,N,,,,
2058,20811,Phalahi (7),फलाही (7),Panjehra(Sub-District) / Solan(District) / Himachal Pradesh(State),01388400,020811,N,,,,
2059,20313,Phalodan (203),फलोदन (203),Darlaghat(Sub-District) / Solan(District) / Himachal Pradesh(State),01306800,020313,N,,,,
2060,20568,Phogan (109)(109),फोगन(109),Loharghat(Sub-District) / Solan(District) / Himachal Pradesh(State),01364100,020568,N,,,,
2061,21163,Phophrala (306),फोफड़ला (306),Baddi(Sub-District) / Solan(District) / Himachal Pradesh(State),01434300,021163,N,,,,
2062,21183,Pipalta (207),पिपलटा (207),Baddi(Sub-District) / Solan(District) / Himachal Pradesh(State),01449000,021183,N,,,,
2063,21898,Plani Ki Dhali (663),प्लानी की धाली (663),Solan(Sub-District) / Solan(District) / Himachal Pradesh(State),01496600,021898,N,,,,
2064,22254,Plasta Panjrol (220),पलास्टा पंजडोल (220),Mamlig(Sub-District) / Solan(District) / Himachal Pradesh(State),01532200,022254,N,,,,
2065,20864,Pokhari (318),पोखरी (318),Nalagarh(Sub-District) / Solan(District) / Himachal Pradesh(State),01393700,020864,N,,,,
2066,21350,Pratappur (274),प्रतापपुर (274),Krishangarh(Sub-District) / Solan(District) / Himachal Pradesh(State),01436000,021350,N,,,,
2067,21773,Pratha Kalan (294),प्राथा कलां (294),Solan(Sub-District) / Solan(District) / Himachal Pradesh(State),01484100,021773,N,,,,
2068,21772,Pratha Khurd (295),प्राथा खुर्द (295),Solan(Sub-District) / Solan(District) / Himachal Pradesh(State),01484000,021772,N,,,,
2069,22268,Pubabo (324),पुवाबो (324),Mamlig(Sub-District) / Solan(District) / Himachal Pradesh(State),01533600,022268,N,,,,
2070,22448,Pujarli (414),पुजारली (414),Kandaghat(Sub-District) / Solan(District) / Himachal Pradesh(State),01551600,022448,N,,,,
2071,20689,Punahla (168),पुनैहला(168),Ramshahr(Sub-District) / Solan(District) / Himachal Pradesh(State),01376200,020689,N,,,,
2072,20759,Punahli (5),पुनैहली (5),Panjehra(Sub-District) / Solan(District) / Himachal Pradesh(State),01383200,020759,N,,,,
2073,20099,Purayana (362),पुरायणा (362),Arki(Sub-District) / Solan(District) / Himachal Pradesh(State),01337100,020099,N,,,,
2074,20487,Purla (285),पुरला(285),Ramshahr(Sub-District) / Solan(District) / Himachal Pradesh(State),01356000,020487,N,,,,
2075,21932,Rabon (644),रबौन (644),Solan(Sub-District) / Solan(District) / Himachal Pradesh(State),01500000,021932,N,,,,
2076,19967,Rachhakra (293),रछाकड़ा (293),Darlaghat(Sub-District) / Solan(District) / Himachal Pradesh(State),01321000,019967,N,,,,
2077,20723,Rachhoh (48),रछोह (48),Panjehra(Sub-District) / Solan(District) / Himachal Pradesh(State),01379600,020723,N,,,,
2078,22365,Rachiana (92),रछियाणा (92),Kandaghat(Sub-District) / Solan(District) / Himachal Pradesh(State),01543300,022365,N,,,,
2079,21818,Radiyana (5),रड़ियाना (5),Solan(Sub-District) / Solan(District) / Himachal Pradesh(State),01488600,021818,N,,,,
2080,21667,Rado Paind (767),रडो पैन्द (767),Kasauli(Sub-District) / Solan(District) / Himachal Pradesh(State),01473500,021667,N,,,,
2081,20954,Radyali (138),रडियाली (138),Nalagarh(Sub-District) / Solan(District) / Himachal Pradesh(State),01402700,020954,N,,,,
2082,20041,Raheota (300),रहेवटा (300),Darlaghat(Sub-District) / Solan(District) / Himachal Pradesh(State),01329600,020041,N,,,,
2083,21903,Rahon (670),राहों (670),Solan(Sub-District) / Solan(District) / Himachal Pradesh(State),01497100,021903,N,,,,
2084,20226,Rahu (91),राहू (91),Arki(Sub-District) / Solan(District) / Himachal Pradesh(State),01349700,020226,N,,,,
2085,20584,Raila (124),,Loharghat(Sub-District) / Solan(District) / Himachal Pradesh(State),01365700,020584,N,,,,
2086,21062,Raipur (401),रायेपुर  (401),Baddi(Sub-District) / Solan(District) / Himachal Pradesh(State),01413200,021062,N,,,,
2087,20808,Raipur (5),रायेपुर (5),Panjehra(Sub-District) / Solan(District) / Himachal Pradesh(State),01388100,020808,N,,,,
2088,21858,Raipur (88),रायपुर (88),Solan(Sub-District) / Solan(District) / Himachal Pradesh(State),01492600,021858,N,,,,
2089,21061,Raipur Jakhauli (168),रायेपुर जखौली (168),Baddi(Sub-District) / Solan(District) / Himachal Pradesh(State),01413100,021061,N,,,,
2090,20797,Raiya (48),रईया (48),Panjehra(Sub-District) / Solan(District) / Himachal Pradesh(State),01387000,020797,N,,,,
2091,20847,Rajati (297),रजाती (297),Panjehra(Sub-District) / Solan(District) / Himachal Pradesh(State),01392000,020847,N,,,,
2092,21698,Rajdi (115),राजडी (115),Kasauli(Sub-District) / Solan(District) / Himachal Pradesh(State),01476600,021698,N,,,,
2093,20172,Rajhina (423),रझीणा (423),Kunihar(Sub-District) / Solan(District) / Himachal Pradesh(State),01344400,020172,N,,,,
2094,21832,Rajimu (47),रजीमू (47),Solan(Sub-District) / Solan(District) / Himachal Pradesh(State),01490000,021832,N,,,,
2095,21696,Rajpur (114),राजपूर (114),Kasauli(Sub-District) / Solan(District) / Himachal Pradesh(State),01476400,021696,N,,,,
2096,20912,Rajpura (128),राजपुरा   (128),Nalagarh(Sub-District) / Solan(District) / Himachal Pradesh(State),01398500,020912,N,,,,
2097,20658,Rajpura (207),राजपुरा(207),Ramshahr(Sub-District) / Solan(District) / Himachal Pradesh(State),01373100,020658,N,,,,
2098,20854,Rajwaen (303),रजांई (303),Panjehra(Sub-District) / Solan(District) / Himachal Pradesh(State),01392700,020854,N,,,,
2099,20543,Rajwah (80),रजवाह (80),Loharghat(Sub-District) / Solan(District) / Himachal Pradesh(State),01361600,020543,N,,,,
2100,20480,Rajwahan (56),रजवाहन (56),Ramshahr(Sub-District) / Solan(District) / Himachal Pradesh(State),01355300,020480,N,,,,
2101,20993,Rakh Mahanta (140),रख महन्ता (140),Nalagarh(Sub-District) / Solan(District) / Himachal Pradesh(State),01406800,020993,N,,,,
2102,21827,Rakhog (299),रखोग (299),Solan(Sub-District) / Solan(District) / Himachal Pradesh(State),01489500,021827,N,,,,
2103,20809,Rakh Raipur (6),रख रायेपुर (6),Panjehra(Sub-District) / Solan(District) / Himachal Pradesh(State),01388200,020809,N,,,,
2104,20981,Rakh Ram Singh (141),रख राम सिह (141),Nalagarh(Sub-District) / Solan(District) / Himachal Pradesh(State),01405600,020981,N,,,,
2105,21494,Rali Rug (169),रली रुग (169),Kasauli(Sub-District) / Solan(District) / Himachal Pradesh(State),01453900,021494,N,,,,
2106,20779,Rampur (1),रामपुर  (1),Panjehra(Sub-District) / Solan(District) / Himachal Pradesh(State),01385200,020779,N,,,,
2107,20620,Rampur (235),रामपुर(235),Ramshahr(Sub-District) / Solan(District) / Himachal Pradesh(State),01369300,020620,N,,,,
2108,20165,Rampur (369),रामपुर (369),Arki(Sub-District) / Solan(District) / Himachal Pradesh(State),01343700,020165,N,,,,
2109,21397,Rampur (380),रामपुर (380),Krishangarh(Sub-District) / Solan(District) / Himachal Pradesh(State),01440700,021397,N,,,,
2110,21436,Rampur (459),रामपुर (459),Krishangarh(Sub-District) / Solan(District) / Himachal Pradesh(State),01444600,021436,N,,,,
2111,21963,Rampur (810),रामपुर (810),Solan(Sub-District) / Solan(District) / Himachal Pradesh(State),01503100,021963,N,,,,
2112,20900,Rampur (99),रामपुर (99),Nalagarh(Sub-District) / Solan(District) / Himachal Pradesh(State),01397300,020900,N,,,,
2113,20638,Ramshahr (225),रामशहर(225),Ramshahr(Sub-District) / Solan(District) / Himachal Pradesh(State),01371100,020638,N,,,,
2114,20729,Randhala (45),रन्डाला  (45),Panjehra(Sub-District) / Solan(District) / Himachal Pradesh(State),01380200,020729,N,,,,
2115,22203,Rangah (567),रंगाह (567),Solan(Sub-District) / Solan(District) / Himachal Pradesh(State),01527100,022203,N,,,,
2116,20955,Ranguwal (127),रंगूवाल (127),Nalagarh(Sub-District) / Solan(District) / Himachal Pradesh(State),01402800,020955,N,,,,
2117,20940,Ranguwal (365),रंगुवाल (365),Nalagarh(Sub-District) / Solan(District) / Himachal Pradesh(State),01401300,020940,N,,,,
2118,22340,Ranhog (54),रणहोग (54),Mamlig(Sub-District) / Solan(District) / Himachal Pradesh(State),01540800,022340,N,,,,
2119,21720,Rani Gaon (133),रानी गांव (133),Parwanoo(Sub-District) / Solan(District) / Himachal Pradesh(State),01478800,021720,N,,,,
2120,21859,Rano (87),रणों (87),Solan(Sub-District) / Solan(District) / Himachal Pradesh(State),01492700,021859,N,,,,
2121,20401,Ranoh Khalsa (285),रणोह खालसा (285),Darlaghat(Sub-District) / Solan(District) / Himachal Pradesh(State),01315500,020401,N,,,,
2122,20400,Ranoh Sasan (284),रणोह सासन (284),Darlaghat(Sub-District) / Solan(District) / Himachal Pradesh(State),01315400,020400,N,,,,
2123,20686,Raori (161),रौडी(161),Ramshahr(Sub-District) / Solan(District) / Himachal Pradesh(State),01375900,020686,N,,,,
2124,21125,Ratangarh (435),रतनगढ़ (435),Baddi(Sub-District) / Solan(District) / Himachal Pradesh(State),01420300,021125,N,,,,
2125,20349,Rathoh (33),रठोह (33),Darlaghat(Sub-District) / Solan(District) / Himachal Pradesh(State),01310400,020349,N,,,,
2126,20859,Ratwari (308),रतवाडी (308),Nalagarh(Sub-District) / Solan(District) / Himachal Pradesh(State),01393200,020859,N,,,,
2127,20835,Ratyor (71),रतयोड (71),Panjehra(Sub-District) / Solan(District) / Himachal Pradesh(State),01390800,020835,N,,,,
2128,20243,Rau (109),रौ (109),Arki(Sub-District) / Solan(District) / Himachal Pradesh(State),01351400,020243,N,,,,
2129,20646,Raukhan (229),रौखान(229),Ramshahr(Sub-District) / Solan(District) / Himachal Pradesh(State),01371900,020646,N,,,,
2130,21751,Raurh (241),रौड़ (241),Solan(Sub-District) / Solan(District) / Himachal Pradesh(State),01481900,021751,N,,,,
2131,20246,Rauri (105),रौड़ी (105),Arki(Sub-District) / Solan(District) / Himachal Pradesh(State),01351700,020246,N,,,,
2132,20386,Rauri (200),रौड़ी (200),Darlaghat(Sub-District) / Solan(District) / Himachal Pradesh(State),01313800,020386,N,,,,
2133,21383,Rauri (411),रौडी (411),Krishangarh(Sub-District) / Solan(District) / Himachal Pradesh(State),01439300,021383,N,,,,
2134,21607,Rauri (749),रोडी (749),Kasauli(Sub-District) / Solan(District) / Himachal Pradesh(State),01467500,021607,N,,,,
2135,21073,Rautan Wala (166),रौतांवाला (166),Baddi(Sub-District) / Solan(District) / Himachal Pradesh(State),01414300,021073,N,,,,
2136,21463,Rawanh (248),रवांह (248),Krishangarh(Sub-District) / Solan(District) / Himachal Pradesh(State),01447700,021463,N,,,,
2137,22163,Rawi (539),रांवी (539),Solan(Sub-District) / Solan(District) / Himachal Pradesh(State),01523100,022163,N,,,,
2138,20114,Ree Wala (399),री वाला (399),Arki(Sub-District) / Solan(District) / Himachal Pradesh(State),01338600,020114,N,,,,
2139,22500,Rehed (505),रेहड़ (505),Kandaghat(Sub-District) / Solan(District) / Himachal Pradesh(State),01556800,022500,N,,,,
2140,22489,Reh Ka Katal (489),रेह का काटल (489),Kandaghat(Sub-District) / Solan(District) / Himachal Pradesh(State),01555700,022489,N,,,,
2141,20895,Reru Jhiri Wala (74),रेडू-झिडिवाला (74),Nalagarh(Sub-District) / Solan(District) / Himachal Pradesh(State),01396800,020895,N,,,,
2142,20893,Reru Uperla (75),रेडू उपरला (75),Nalagarh(Sub-District) / Solan(District) / Himachal Pradesh(State),01396600,020893,N,,,,
2143,939346,Reserve Jangle Chabal Ki Dar-30, रिजर्व जंगल चाबल की धार-30,Kasauli(Sub-District) / Solan(District) / Himachal Pradesh(State),,000000,N,,,,
2144,939358,Reserve Jungle 33 Gulhari -1,रिजर्व जंगल -33 गुलहाडी 1,Kasauli(Sub-District) / Solan(District) / Himachal Pradesh(State),,000000,N,,,,
2145,949821,Reserve Jungle 33 Gulhari II,आरक्षित जंगल 33 गुल्हाडी -II,Kasauli(Sub-District) / Solan(District) / Himachal Pradesh(State),,000000,N,,,,
2146,20845,Retar (309),रेतड (309),Panjehra(Sub-District) / Solan(District) / Himachal Pradesh(State),01391800,020845,N,,,,
2147,20880,Ria (343),रिया (343),Nalagarh(Sub-District) / Solan(District) / Himachal Pradesh(State),01395300,020880,N,,,,
2148,20693,Ridog (173),रडोग(173),Ramshahr(Sub-District) / Solan(District) / Himachal Pradesh(State),01376600,020693,N,,,,
2149,21834,Rihana (45),रिहाणा (45),Solan(Sub-District) / Solan(District) / Himachal Pradesh(State),01490200,021834,N,,,,
2150,21419,Rihar (438),रिहार (438),Krishangarh(Sub-District) / Solan(District) / Himachal Pradesh(State),01442900,021419,N,,,,
2151,20163,Rihawan (389),रिहावण (389),Arki(Sub-District) / Solan(District) / Himachal Pradesh(State),01343500,020163,N,,,,
2152,21978,Rihu (826),रिहूँ (826),Solan(Sub-District) / Solan(District) / Himachal Pradesh(State),01504600,021978,N,,,,
2153,21745,Rihun (236),रिहूँ (236),Solan(Sub-District) / Solan(District) / Himachal Pradesh(State),01481300,021745,N,,,,
2154,21171,Rilli Kalan (291),रिलि कलां (291),Baddi(Sub-District) / Solan(District) / Himachal Pradesh(State),01435100,021171,N,,,,
2155,21169,Rilli Manjhli (290),रिलि मंझली (290),Baddi(Sub-District) / Solan(District) / Himachal Pradesh(State),01434900,021169,N,,,,
2156,21172,Rilli Nichli (288),रिलि निचली (288),Baddi(Sub-District) / Solan(District) / Himachal Pradesh(State),01435200,021172,N,,,,
2157,20740,Riya (42),रिया (42),Panjehra(Sub-District) / Solan(District) / Himachal Pradesh(State),01381300,020740,N,,,,
2158,20126,Rizeri (398),रिजेरी (398),Arki(Sub-District) / Solan(District) / Himachal Pradesh(State),01339800,020126,N,,,,
2159,19997,Roog (320),रुग (320),Darlaghat(Sub-District) / Solan(District) / Himachal Pradesh(State),01325200,019997,N,,,,
2160,22349,Roog (41),रुग (41),Kandaghat(Sub-District) / Solan(District) / Himachal Pradesh(State),01541700,022349,N,,,,
2161,20357,Ropadi (216),रोपड़ी (216),Darlaghat(Sub-District) / Solan(District) / Himachal Pradesh(State),01311000,020357,N,,,,
2162,21420,Ropar (452),रोपड (452),Krishangarh(Sub-District) / Solan(District) / Himachal Pradesh(State),01443000,021420,N,,,,
2163,20333,Rouri (25),रौड़ी (25),Darlaghat(Sub-District) / Solan(District) / Himachal Pradesh(State),01308800,020333,N,,,,
2164,21855,Ruala (96),रूआला (96),Solan(Sub-District) / Solan(District) / Himachal Pradesh(State),01492300,021855,N,,,,
2165,20320,Rudal (17),रुडाल (17),Darlaghat(Sub-District) / Solan(District) / Himachal Pradesh(State),01307500,020320,N,,,,
2166,20708,Rug Dohichi (188),रुग दोहची(188),Ramshahr(Sub-District) / Solan(District) / Himachal Pradesh(State),01378100,020708,N,,,,
2167,21188,Rugi Bhogpur (220),रूगी भोगपुर (220),Baddi(Sub-District) / Solan(District) / Himachal Pradesh(State),01449500,021188,N,,,,
2168,22232,Rugra (183),रूगड़ा (183),Mamlig(Sub-District) / Solan(District) / Himachal Pradesh(State),01530000,022232,N,,,,
2169,22322,Rugta (77),रूगटा (77),Mamlig(Sub-District) / Solan(District) / Himachal Pradesh(State),01539000,022322,N,,,,
2170,21957,Runan Ghodo (800),रूनन घोडों (800),Solan(Sub-District) / Solan(District) / Himachal Pradesh(State),01502500,021957,N,,,,
2171,20378,Rundal (235),रूडल (235),Darlaghat(Sub-District) / Solan(District) / Himachal Pradesh(State),01313000,020378,N,,,,
2172,20061,Rupe Ki Ber (483),रूपे की बेड़ (483),Arki(Sub-District) / Solan(District) / Himachal Pradesh(State),01333300,020061,N,,,,
2173,22427,Rura (405),रुड़ा (405),Kandaghat(Sub-District) / Solan(District) / Himachal Pradesh(State),01549500,022427,N,,,,
2174,22008,Saath (860),साथ (860),Solan(Sub-District) / Solan(District) / Himachal Pradesh(State),01507600,022008,N,,,,
2175,20952,Sabhowal (131),शब्बोवाल (131),Nalagarh(Sub-District) / Solan(District) / Himachal Pradesh(State),01402500,020952,N,,,,
2176,20128,Sahlana (364),सहलाणा (364),Arki(Sub-District) / Solan(District) / Himachal Pradesh(State),01340000,020128,N,,,,
2177,20293,Sahnali (507),सहनाली (507),Darlaghat(Sub-District) / Solan(District) / Himachal Pradesh(State),01304800,020293,N,,,,
2178,20696,Sai (176),साई(176),Ramshahr(Sub-District) / Solan(District) / Himachal Pradesh(State),01376900,020696,N,,,,
2179,21042,Sai (408),साई (408),Baddi(Sub-District) / Solan(District) / Himachal Pradesh(State),01411200,021042,N,,,,
2180,20111,Sai (412),साई (412),Kunihar(Sub-District) / Solan(District) / Himachal Pradesh(State),01338300,020111,N,,,,
2181,20726,Sai (52),साईं (52),Panjehra(Sub-District) / Solan(District) / Himachal Pradesh(State),01379900,020726,N,,,,
2182,20903,Saini Majra (91),सैणी माजरा (91),Nalagarh(Sub-District) / Solan(District) / Himachal Pradesh(State),01397600,020903,N,,,,
2183,20078,Sainj (128),सैयंज (128),Arki(Sub-District) / Solan(District) / Himachal Pradesh(State),01335000,020078,N,,,,
2184,22398,Sainj (416),सैंज (416),Kandaghat(Sub-District) / Solan(District) / Himachal Pradesh(State),01546600,022398,N,,,,
2185,22356,Sainj (436),सैंज (436),Kandaghat(Sub-District) / Solan(District) / Himachal Pradesh(State),01542400,022356,N,,,,
2186,22058,Sainj (601),सैन्ज (601),Solan(Sub-District) / Solan(District) / Himachal Pradesh(State),01512600,022058,N,,,,
2187,21215,Sainsiwala (191),सैंसीवाला (191),Baddi(Sub-District) / Solan(District) / Himachal Pradesh(State),01458400,021215,N,,,,
2188,21343,Sakarla (287),सकराला (287),Krishangarh(Sub-District) / Solan(District) / Himachal Pradesh(State),01435300,021343,N,,,,
2189,20788,Sakedi Jagir (26),सकेडी जागीर (26),Panjehra(Sub-District) / Solan(District) / Himachal Pradesh(State),01386100,020788,N,,,,
2190,20790,Sakedi Khalsa (31),सकेडी खालसा (31),Panjehra(Sub-District) / Solan(District) / Himachal Pradesh(State),01386300,020790,N,,,,
2191,20299,Sakor(497),सकोर (497),Darlaghat(Sub-District) / Solan(District) / Himachal Pradesh(State),01305400,020299,N,,,,
2192,22442,Sakori (470),स्कोड़ी (470),Kandaghat(Sub-District) / Solan(District) / Himachal Pradesh(State),01551000,022442,N,,,,
2193,22267,Sakret (323),शकरेट (323),Mamlig(Sub-District) / Solan(District) / Himachal Pradesh(State),01533500,022267,N,,,,
2194,22258,Salah Brahmna (219),शलाह ब्राहम्णा (219),Mamlig(Sub-District) / Solan(District) / Himachal Pradesh(State),01532600,022258,N,,,,
2195,22252,Salah Koliyan (218),शलाह कोलिंया (218),Mamlig(Sub-District) / Solan(District) / Himachal Pradesh(State),01532000,022252,N,,,,
2196,21376,Salan (431),सालन (431),Krishangarh(Sub-District) / Solan(District) / Himachal Pradesh(State),01438600,021376,N,,,,
2197,22339,Salana (53),शलाणा (53),Mamlig(Sub-District) / Solan(District) / Himachal Pradesh(State),01540700,022339,N,,,,
2198,22313,Salani (88),शलाणी (88),Mamlig(Sub-District) / Solan(District) / Himachal Pradesh(State),01538100,022313,N,,,,
2199,20623,Salaon (260),सलोण(260),Ramshahr(Sub-District) / Solan(District) / Himachal Pradesh(State),01369600,020623,N,,,,
2200,20995,Salehran (372),सलैहडां  (372),Nalagarh(Sub-District) / Solan(District) / Himachal Pradesh(State),01407000,020995,N,,,,
2201,21464,Salga (247),सलगा (247),Krishangarh(Sub-District) / Solan(District) / Himachal Pradesh(State),01447800,021464,N,,,,
2202,21034,Salhar (442),सल्हार (442),Baddi(Sub-District) / Solan(District) / Himachal Pradesh(State),01410400,021034,N,,,,
2203,20914,Sallewal (130),सल्लेवाल (130),Nalagarh(Sub-District) / Solan(District) / Himachal Pradesh(State),01398700,020914,N,,,,
2204,22119,Salogra (5),सलोगड़ा (5),Solan(Sub-District) / Solan(District) / Himachal Pradesh(State),01518700,022119,N,,,,
2205,939380,Salogra Solan,सलोगड़ा सोलन,Solan(Sub-District) / Solan(District) / Himachal Pradesh(State),,000000,N,,,,
2206,20704,Salwana (181),सलवाना(81),Ramshahr(Sub-District) / Solan(District) / Himachal Pradesh(State),01377700,020704,N,,,,
2207,20601,Salyach (131),सलयाच(131),Loharghat(Sub-District) / Solan(District) / Himachal Pradesh(State),01367400,020601,N,,,,
2208,20162,Salyat (388),सल्याट (388),Arki(Sub-District) / Solan(District) / Himachal Pradesh(State),01343400,020162,N,,,,
2209,20326,Samana (9),समाणा (9),Darlaghat(Sub-District) / Solan(District) / Himachal Pradesh(State),01308100,020326,N,,,,
2210,21241,Samanu (404),समाणू (404),Krishangarh(Sub-District) / Solan(District) / Himachal Pradesh(State),01421900,021241,N,,,,
2211,20398,Sameli (184),समेली (184),Darlaghat(Sub-District) / Solan(District) / Himachal Pradesh(State),01315000,020398,N,,,,
2212,21317,Samlog (270),समलोग (270),Krishangarh(Sub-District) / Solan(District) / Himachal Pradesh(State),01429500,021317,N,,,,
2213,20364,Samloh (223),समलोह (223),Darlaghat(Sub-District) / Solan(District) / Himachal Pradesh(State),01311700,020364,N,,,,
2214,20476,Samog (63),समोग (63),Darlaghat(Sub-District) / Solan(District) / Himachal Pradesh(State),01332000,020476,N,,,,
2215,20131,Samoh Brahmanan (368),समोहब्राह्मणा (368),Arki(Sub-District) / Solan(District) / Himachal Pradesh(State),01340300,020131,N,,,,
2216,20124,Samoh Kanaita (419),समोह कनैता (419),Kunihar(Sub-District) / Solan(District) / Himachal Pradesh(State),01339600,020124,N,,,,
2217,21517,Samol (719),समोल (719),Kasauli(Sub-District) / Solan(District) / Himachal Pradesh(State),01456200,021517,N,,,,
2218,20249,Samot (113),समोत (113),Arki(Sub-District) / Solan(District) / Himachal Pradesh(State),01352000,020249,N,,,,
2219,22222,Samot (166),समोत (166),Mamlig(Sub-District) / Solan(District) / Himachal Pradesh(State),01529000,022222,N,,,,
2220,20077,Samoti (73),समोती (73),Arki(Sub-District) / Solan(District) / Himachal Pradesh(State),01334900,020077,N,,,,
2221,20289,Samtyari (505),समत्याड़ी (505),Darlaghat(Sub-District) / Solan(District) / Himachal Pradesh(State),01304400,020289,N,,,,
2222,21429,Sanah (468),सन्नाह (468),Krishangarh(Sub-District) / Solan(District) / Himachal Pradesh(State),01443900,021429,N,,,,
2223,21713,Sanana (920),सानणा  (920),Parwanoo(Sub-District) / Solan(District) / Himachal Pradesh(State),01478100,021713,N,,,,
2224,20145,Sanan Bragiya (135),सानणबरागीया (135),Arki(Sub-District) / Solan(District) / Himachal Pradesh(State),01341700,020145,N,,,,
2225,20146,Sananpandtan (134),सानणपंण्डितान (134),Arki(Sub-District) / Solan(District) / Himachal Pradesh(State),01341800,020146,N,,,,
2226,21418,Sanaogi (453),सनावगी (453),Krishangarh(Sub-District) / Solan(District) / Himachal Pradesh(State),01442800,021418,N,,,,
2227,21662,Sanawad (104),सनावड़ (104),Kasauli(Sub-District) / Solan(District) / Himachal Pradesh(State),01473000,021662,N,,,,
2228,21802,Sanawag (262),सनावग (262),Solan(Sub-District) / Solan(District) / Himachal Pradesh(State),01487000,021802,N,,,,
2229,22198,Sanawal (569),सनावल (569),Solan(Sub-District) / Solan(District) / Himachal Pradesh(State),01526600,022198,N,,,,
2230,21665,Sanawar (396),सनावर (396),Kasauli(Sub-District) / Solan(District) / Himachal Pradesh(State),01473300,021665,N,,,,
2231,20233,Sandali (488),सान्दली (488),Arki(Sub-District) / Solan(District) / Himachal Pradesh(State),01350400,020233,N,,,,
2232,21920,Sandhdol (661),सन्धड़ोल (661),Solan(Sub-District) / Solan(District) / Himachal Pradesh(State),01498800,021920,N,,,,
2233,21724,Sandhol (943),संढोग (943),Parwanoo(Sub-District) / Solan(District) / Himachal Pradesh(State),01479200,021724,N,,,,
2234,21104,Sandholi (199),संडोली (199),Baddi(Sub-District) / Solan(District) / Himachal Pradesh(State),01418100,021104,N,,,,
2235,21079,Sanerh (161),सनेड़ (161),Baddi(Sub-District) / Solan(District) / Himachal Pradesh(State),01415200,021079,N,,,,
2236,20635,Sanerh (241),सनेड(241),Ramshahr(Sub-District) / Solan(District) / Himachal Pradesh(State),01370800,020635,N,,,,
2237,20915,Sanerh (84),सनेड (84),Nalagarh(Sub-District) / Solan(District) / Himachal Pradesh(State),01398800,020915,N,,,,
2238,22295,Sanet (205),सनेट (205),Mamlig(Sub-District) / Solan(District) / Himachal Pradesh(State),01536300,022295,N,,,,
2239,20335,Sanghoi (47),संघोई (47),Darlaghat(Sub-District) / Solan(District) / Himachal Pradesh(State),01309000,020335,N,,,,
2240,22016,Sanhog (852),सनहोग (852),Solan(Sub-District) / Solan(District) / Himachal Pradesh(State),01508400,022016,N,,,,
2241,22063,Sanhol (606),सनहोल (606),Solan(Sub-District) / Solan(District) / Himachal Pradesh(State),01513100,022063,N,,,,
2242,21519,Sanhol (720),सनहोल (720),Kasauli(Sub-District) / Solan(District) / Himachal Pradesh(State),01456400,021519,N,,,,
2243,21907,Sanjara (671),सन्जाड़ा (671),Solan(Sub-District) / Solan(District) / Himachal Pradesh(State),01497500,021907,N,,,,
2244,20229,Sanjher (92),संझेर (92),Arki(Sub-District) / Solan(District) / Himachal Pradesh(State),01350000,020229,N,,,,
2245,20605,Sanog (139),सनोग(139),Loharghat(Sub-District) / Solan(District) / Himachal Pradesh(State),01367800,020605,N,,,,
2246,20556,Sanwad (97),सनवाड(97),Loharghat(Sub-District) / Solan(District) / Himachal Pradesh(State),01362900,020556,N,,,,
2247,21666,Sanwara (106),सनवारा (106),Kasauli(Sub-District) / Solan(District) / Himachal Pradesh(State),01473400,021666,N,,,,
2248,21157,Sanyaon (295),सन्यावण (295),Baddi(Sub-District) / Solan(District) / Himachal Pradesh(State),01433700,021157,N,,,,
2249,20377,Sanyari (237),सन्याड़ी (237),Darlaghat(Sub-District) / Solan(District) / Himachal Pradesh(State),01312900,020377,N,,,,
2250,20849,Saori (295),सौहरी (295),Panjehra(Sub-District) / Solan(District) / Himachal Pradesh(State),01392200,020849,N,,,,
2251,21927,Saproon (653),सपरून (653),Solan(Sub-District) / Solan(District) / Himachal Pradesh(State),01499500,021927,N,,,,
2252,22204,Sarawan (564),सरावन (564),Solan(Sub-District) / Solan(District) / Himachal Pradesh(State),01527200,022204,N,,,,
2253,22230,Sarer (178),शरैर (178),Mamlig(Sub-District) / Solan(District) / Himachal Pradesh(State),01529800,022230,N,,,,
2254,20031,Sarhech (354),सरहेच (354),Arki(Sub-District) / Solan(District) / Himachal Pradesh(State),01328600,020031,N,,,,
2255,21554,Sari (129),सरी (129),Kasauli(Sub-District) / Solan(District) / Himachal Pradesh(State),01462200,021554,N,,,,
2256,20043,Sari (160),सरी (160),Arki(Sub-District) / Solan(District) / Himachal Pradesh(State),01329800,020043,N,,,,
2257,22018,Sari (864),सरी (864),Solan(Sub-District) / Solan(District) / Himachal Pradesh(State),01508600,022018,N,,,,
2258,20189,Sarli (436),सरली (436),Kunihar(Sub-District) / Solan(District) / Himachal Pradesh(State),01346100,020189,N,,,,
2259,20004,Sarma (318),सारमा (318),Darlaghat(Sub-District) / Solan(District) / Himachal Pradesh(State),01325900,020004,N,,,,
2260,20138,Sarog (139),सरोग (139),Arki(Sub-District) / Solan(District) / Himachal Pradesh(State),01341000,020138,N,,,,
2261,20139,Saron (132),सरोन (132),Arki(Sub-District) / Solan(District) / Himachal Pradesh(State),01341100,020139,N,,,,
2262,20869,Saror (324),सरौर (324),Nalagarh(Sub-District) / Solan(District) / Himachal Pradesh(State),01394200,020869,N,,,,
2263,20577,Sarsa (117),सरसा(117),Loharghat(Sub-District) / Solan(District) / Himachal Pradesh(State),01365000,020577,N,,,,
2264,21269,Saryala (369),सरयाला (369),Krishangarh(Sub-District) / Solan(District) / Himachal Pradesh(State),01424700,021269,N,,,,
2265,20321,Saryali (14),सरयाली (14),Darlaghat(Sub-District) / Solan(District) / Himachal Pradesh(State),01307600,020321,N,,,,
2266,19984,Saryanj (312),सरयांज (312),Darlaghat(Sub-District) / Solan(District) / Himachal Pradesh(State),01323900,019984,N,,,,
2267,20449,Satoti (179),सतोटी (179),Darlaghat(Sub-District) / Solan(District) / Himachal Pradesh(State),01321300,020449,N,,,,
2268,22245,Satrol (223),सतड़ोल (223),Mamlig(Sub-District) / Solan(District) / Himachal Pradesh(State),01531300,022245,N,,,,
2269,21743,Satrol (928),सतरोल (928),Parwanoo(Sub-District) / Solan(District) / Himachal Pradesh(State),01481100,021743,N,,,,
2270,21051,Sauri (439),सौड़ी (439),Baddi(Sub-District) / Solan(District) / Himachal Pradesh(State),01412100,021051,N,,,,
2271,20833,Sauri Gujran (61),सौडी गुजरां (61),Panjehra(Sub-District) / Solan(District) / Himachal Pradesh(State),01390600,020833,N,,,,
2272,20831,Sauri Rajputan (62),सौडी राजपूतां (62),Panjehra(Sub-District) / Solan(District) / Himachal Pradesh(State),01390400,020831,N,,,,
2273,20548,Saur Nichla (85),,Loharghat(Sub-District) / Solan(District) / Himachal Pradesh(State),01362100,020548,N,,,,
2274,20549,Saur Uperla (84),,Loharghat(Sub-District) / Solan(District) / Himachal Pradesh(State),01362200,020549,N,,,,
2275,20607,Sawasan (141),सवासन (141),Ramshahr(Sub-District) / Solan(District) / Himachal Pradesh(State),01368000,020607,N,,,,
2276,22269,Sayari (322),सायरी (322),Mamlig(Sub-District) / Solan(District) / Himachal Pradesh(State),01533700,022269,N,,,,
2277,20267,Sayari (453),स्यारी (453),Arki(Sub-District) / Solan(District) / Himachal Pradesh(State),01353500,020267,N,,,,
2278,20234,Sayatha (99),स्याथा (99),Arki(Sub-District) / Solan(District) / Himachal Pradesh(State),01350500,020234,N,,,,
2279,21838,Sehal (30),सैहल (30),Solan(Sub-District) / Solan(District) / Himachal Pradesh(State),01490600,021838,N,,,,
2280,20107,Sehal (407),सेहल (407),Kunihar(Sub-District) / Solan(District) / Himachal Pradesh(State),01337900,020107,N,,,,
2281,22157,Sehal (554),सैहल (554),Solan(Sub-District) / Solan(District) / Himachal Pradesh(State),01522500,022157,N,,,,
2282,20134,Ser (140),सेर (140),Arki(Sub-District) / Solan(District) / Himachal Pradesh(State),01340600,020134,N,,,,
2283,22234,Ser (181),सेर (181),Mamlig(Sub-District) / Solan(District) / Himachal Pradesh(State),01530200,022234,N,,,,
2284,21934,Ser (45),सेर (45),Solan(Sub-District) / Solan(District) / Himachal Pradesh(State),01500200,021934,N,,,,
2285,20327,Sera (10),सेरा (10),Darlaghat(Sub-District) / Solan(District) / Himachal Pradesh(State),01308200,020327,N,,,,
2286,22188,Ser Banera (514),सेर बनेड़ा (514),Solan(Sub-District) / Solan(District) / Himachal Pradesh(State),01525600,022188,N,,,,
2287,22159,Ser Chirag (537),सेर चिराग (537),Solan(Sub-District) / Solan(District) / Himachal Pradesh(State),01522700,022159,N,,,,
2288,20466,Ser Galotia (58),सेर गलोटिया (58),Darlaghat(Sub-District) / Solan(District) / Himachal Pradesh(State),01330900,020466,N,,,,
2289,20947,Seri (134),सेरी (134),Nalagarh(Sub-District) / Solan(District) / Himachal Pradesh(State),01402000,020947,N,,,,
2290,21776,Seri (304),सेरी (304),Solan(Sub-District) / Solan(District) / Himachal Pradesh(State),01484400,021776,N,,,,
2291,20945,Seri (362),सेरी (362),Nalagarh(Sub-District) / Solan(District) / Himachal Pradesh(State),01401800,020945,N,,,,
2292,21730,Seri (938),सेरी (938),Parwanoo(Sub-District) / Solan(District) / Himachal Pradesh(State),01479800,021730,N,,,,
2293,21002,Serri (386),सेरडी (387),Nalagarh(Sub-District) / Solan(District) / Himachal Pradesh(State),01407700,021002,N,,,,
2294,939367,Ser Solan,सेर सोलन,Solan(Sub-District) / Solan(District) / Himachal Pradesh(State),,000000,N,,,,
2295,20346,Ser Wala (31),सेर वाला (31),Darlaghat(Sub-District) / Solan(District) / Himachal Pradesh(State),01310100,020346,N,,,,
2296,20343,Ser Zeri (30),सेर जेरी (30),Darlaghat(Sub-District) / Solan(District) / Himachal Pradesh(State),01309800,020343,N,,,,
2297,20330,Sewara (24),सेवड़ा (24),Darlaghat(Sub-District) / Solan(District) / Himachal Pradesh(State),01308500,020330,N,,,,
2298,22483,Sewla (486),सेवला (486),Kandaghat(Sub-District) / Solan(District) / Himachal Pradesh(State),01555100,022483,N,,,,
2299,21775,Shaak (293),शाक (293),Solan(Sub-District) / Solan(District) / Himachal Pradesh(State),01484300,021775,N,,,,
2300,22416,Shadhyal (399),शड़याल (399),Kandaghat(Sub-District) / Solan(District) / Himachal Pradesh(State),01548400,022416,N,,,,
2301,21843,Shadyana (19),शड़याना (19),Solan(Sub-District) / Solan(District) / Himachal Pradesh(State),01491100,021843,N,,,,
2302,22261,Shaghlyana (317),शघलयाणा (317),Mamlig(Sub-District) / Solan(District) / Himachal Pradesh(State),01532900,022261,N,,,,
2303,21071,Shahpur (171),शाहपुर (171),Baddi(Sub-District) / Solan(District) / Himachal Pradesh(State),01414100,021071,N,,,,
2304,21692,Shai (112),शाई (112),Kasauli(Sub-District) / Solan(District) / Himachal Pradesh(State),01476000,021692,N,,,,
2305,21646,Shai (687),शाई (687),Kasauli(Sub-District) / Solan(District) / Himachal Pradesh(State),01471400,021646,N,,,,
2306,21561,Shakdi (123),शाकडी (123),Kasauli(Sub-District) / Solan(District) / Himachal Pradesh(State),01462900,021561,N,,,,
2307,20266,Shakli (459),शाकली (459),Kunihar(Sub-District) / Solan(District) / Himachal Pradesh(State),01353400,020266,N,,,,
2308,22466,Shakog (453),शकोग (453),Kandaghat(Sub-District) / Solan(District) / Himachal Pradesh(State),01553400,022466,N,,,,
2309,22131,Shalakana (31),शलाकणा (31),Solan(Sub-District) / Solan(District) / Himachal Pradesh(State),01519900,022131,N,,,,
2310,22369,Shalaon (426),शलाँउ (426),Kandaghat(Sub-District) / Solan(District) / Himachal Pradesh(State),01543700,022369,N,,,,
2311,22264,Shalog Jogiya (315),शलोग जोगिया (315),Mamlig(Sub-District) / Solan(District) / Himachal Pradesh(State),01533200,022264,N,,,,
2312,22265,Shalog Koliya (316),शलोग कोलियां (316),Mamlig(Sub-District) / Solan(District) / Himachal Pradesh(State),01533300,022265,N,,,,
2313,21886,Shalumna (59),शलूमना (59),Solan(Sub-District) / Solan(District) / Himachal Pradesh(State),01495400,021886,N,,,,
2314,22120,Shambar (24),शाम्बर (24),Solan(Sub-District) / Solan(District) / Himachal Pradesh(State),01518800,022120,N,,,,
2315,20182,Shamlech (433),शमलेहच (433),Kunihar(Sub-District) / Solan(District) / Himachal Pradesh(State),01345400,020182,N,,,,
2316,21936,Shamlech (643),शमलेच (643),Solan(Sub-District) / Solan(District) / Himachal Pradesh(State),01500400,021936,N,,,,
2317,21979,Shamlech (818),शमलेच (818),Solan(Sub-District) / Solan(District) / Himachal Pradesh(State),01504700,021979,N,,,,
2318,21487,Shamli Nichli (176),शामली निचली (176),Kasauli(Sub-District) / Solan(District) / Himachal Pradesh(State),01453200,021487,N,,,,
2319,21488,Shamli Uparli (177),शामली उपरली (177),Kasauli(Sub-District) / Solan(District) / Himachal Pradesh(State),01453300,021488,N,,,,
2320,22048,Shamlog (838),शमलोग (838),Solan(Sub-District) / Solan(District) / Himachal Pradesh(State),01511600,022048,N,,,,
2321,21693,Shamral (116),शमराल (116),Kasauli(Sub-District) / Solan(District) / Himachal Pradesh(State),01476100,021693,N,,,,
2322,22202,Shamrod (568),शमरोड़ (568),Solan(Sub-District) / Solan(District) / Himachal Pradesh(State),01527000,022202,N,,,,
2323,22093,Shamti (616),शामती (616),Solan(Sub-District) / Solan(District) / Himachal Pradesh(State),01516100,022093,N,,,,
2324,21398,Shan (413),शन (413),Krishangarh(Sub-District) / Solan(District) / Himachal Pradesh(State),01440800,021398,N,,,,
2325,22391,Shanech (447),शन्हेच (447),Kandaghat(Sub-District) / Solan(District) / Himachal Pradesh(State),01545900,022391,N,,,,
2326,21457,Shanghela (496),शंघेला (496),Krishangarh(Sub-District) / Solan(District) / Himachal Pradesh(State),01446700,021457,N,,,,
2327,20157,Shangli (387),शांगली (387),Arki(Sub-District) / Solan(District) / Himachal Pradesh(State),01342900,020157,N,,,,
2328,21621,Shangli Kalan (753),शागली कलां (753),Kasauli(Sub-District) / Solan(District) / Himachal Pradesh(State),01468900,021621,N,,,,
2329,21620,Shangli Khurd (752),शागली खुर्द (752),Kasauli(Sub-District) / Solan(District) / Himachal Pradesh(State),01468800,021620,N,,,,
2330,21868,Shangri (68),शाँगड़ी (68),Solan(Sub-District) / Solan(District) / Himachal Pradesh(State),01493600,021868,N,,,,
2331,21725,Shanvli (944),शांवली  (944),Parwanoo(Sub-District) / Solan(District) / Himachal Pradesh(State),01479300,021725,N,,,,
2332,21386,Shanwali Bag (416),शांवली बाग (416),Krishangarh(Sub-District) / Solan(District) / Himachal Pradesh(State),01439600,021386,N,,,,
2333,21850,Sharad (89),शर्द (89),Solan(Sub-District) / Solan(District) / Himachal Pradesh(State),01491800,021850,N,,,,
2334,21933,Sharanu (642),शरानू (642),Solan(Sub-District) / Solan(District) / Himachal Pradesh(State),01500100,021933,N,,,,
2335,22001,Sharar (912),शराड़ (912),Solan(Sub-District) / Solan(District) / Himachal Pradesh(State),01506900,022001,N,,,,
2336,21821,Sharde Ki Naali (15),शरड़े की नाली (15),Solan(Sub-District) / Solan(District) / Himachal Pradesh(State),01488900,021821,N,,,,
2337,21459,Shashal (479),शाशल (479),Krishangarh(Sub-District) / Solan(District) / Himachal Pradesh(State),01446900,021459,N,,,,
2338,21874,Shashal (72),शशल (72),Solan(Sub-District) / Solan(District) / Himachal Pradesh(State),01494200,021874,N,,,,
2339,21876,Shattal (79),शत्तल (79),Solan(Sub-District) / Solan(District) / Himachal Pradesh(State),01494400,021876,N,,,,
2340,21574,Shatyana (716),शटयाणा (716),Kasauli(Sub-District) / Solan(District) / Himachal Pradesh(State),01464200,021574,N,,,,
2341,19969,Shawag (174),शावग (174),Arki(Sub-District) / Solan(District) / Himachal Pradesh(State),01322200,019969,N,,,,
2342,21884,Shawag (61),शावग (61),Solan(Sub-District) / Solan(District) / Himachal Pradesh(State),01495200,021884,N,,,,
2343,21659,Shawar (746),शवाड (746),Kasauli(Sub-District) / Solan(District) / Himachal Pradesh(State),01472700,021659,N,,,,
2344,22038,Shaya (848),शाया (848),Solan(Sub-District) / Solan(District) / Himachal Pradesh(State),01510600,022038,N,,,,
2345,21815,Sheel (13),शील (13),Solan(Sub-District) / Solan(District) / Himachal Pradesh(State),01488300,021815,N,,,,
2346,20020,Sheel (347),शील (347),Arki(Sub-District) / Solan(District) / Himachal Pradesh(State),01327500,020020,N,,,,
2347,21458,Sheel (480),शील (480),Krishangarh(Sub-District) / Solan(District) / Himachal Pradesh(State),01446800,021458,N,,,,
2348,22207,Sheel (588),शील (588),Solan(Sub-District) / Solan(District) / Himachal Pradesh(State),01527500,022207,N,,,,
2349,21905,Sheel (74),शील (74),Solan(Sub-District) / Solan(District) / Himachal Pradesh(State),01497300,021905,N,,,,
2350,22174,Sheel Shamlog (529),शील शमलोग (529),Solan(Sub-District) / Solan(District) / Himachal Pradesh(State),01524200,022174,N,,,,
2351,19999,Sheli (322),शेली (322),Darlaghat(Sub-District) / Solan(District) / Himachal Pradesh(State),01325400,019999,N,,,,
2352,22199,Sheola Brati (565),शेवला बराटी (565),Solan(Sub-District) / Solan(District) / Himachal Pradesh(State),01526700,022199,N,,,,
2353,21227,Sheran (185),सेरां (185),Baddi(Sub-District) / Solan(District) / Himachal Pradesh(State),01459600,021227,N,,,,
2354,21699,Sherla (113),शेरला (113),Kasauli(Sub-District) / Solan(District) / Himachal Pradesh(State),01476700,021699,N,,,,
2355,21303,Sherla (325),शेरला (325),Krishangarh(Sub-District) / Solan(District) / Himachal Pradesh(State),01428100,021303,N,,,,
2356,21467,Sherla Brahmna (213),शेरला ब्राहमणा (213),Krishangarh(Sub-District) / Solan(District) / Himachal Pradesh(State),01448100,021467,N,,,,
2357,21468,Sherla Kanaitan (214),शेरला कनैता (214),Krishangarh(Sub-District) / Solan(District) / Himachal Pradesh(State),01448200,021468,N,,,,
2358,20087,Sherpur (158),शेरपुर (158),Arki(Sub-District) / Solan(District) / Himachal Pradesh(State),01335900,020087,N,,,,
2359,21306,Sherta (352),शेरटा (352),Krishangarh(Sub-District) / Solan(District) / Himachal Pradesh(State),01428400,021306,N,,,,
2360,21732,Shevala (936),शेवला (936),Parwanoo(Sub-District) / Solan(District) / Himachal Pradesh(State),01480000,021732,N,,,,
2361,21557,Shevla (127),शेवला (127),Kasauli(Sub-District) / Solan(District) / Himachal Pradesh(State),01462500,021557,N,,,,
2362,22091,Shevthal (619),शेवथल (619),Solan(Sub-District) / Solan(District) / Himachal Pradesh(State),01515900,022091,N,,,,
2363,21840,Shewar (33),शेवर (33),Solan(Sub-District) / Solan(District) / Himachal Pradesh(State),01490800,021840,N,,,,
2364,21792,Shewra (253),शेवर (253),Solan(Sub-District) / Solan(District) / Himachal Pradesh(State),01486000,021792,N,,,,
2365,22375,Shichra (432),शिचड़ा (432),Kandaghat(Sub-District) / Solan(District) / Himachal Pradesh(State),01544300,022375,N,,,,
2366,21141,Shil (311),शील (311),Baddi(Sub-District) / Solan(District) / Himachal Pradesh(State),01432100,021141,N,,,,
2367,22436,Shilai (460),शिलाई (460),Kandaghat(Sub-District) / Solan(District) / Himachal Pradesh(State),01550400,022436,N,,,,
2368,21660,Shilar (712),शिल्लड (712),Kasauli(Sub-District) / Solan(District) / Himachal Pradesh(State),01472800,021660,N,,,,
2369,21625,Shili Kalan (758),शिल्ली कलां (758),Kasauli(Sub-District) / Solan(District) / Himachal Pradesh(State),01469300,021625,N,,,,
2370,21626,Shili Khurd (759),शिल्ली खुर्द (759),Kasauli(Sub-District) / Solan(District) / Himachal Pradesh(State),01469400,021626,N,,,,
2371,22130,Shilli (29),शिल्ली (29),Solan(Sub-District) / Solan(District) / Himachal Pradesh(State),01519800,022130,N,,,,
2372,21530,Shillu Kalan (954),शिल्लू कलां  (954),Parwanoo(Sub-District) / Solan(District) / Himachal Pradesh(State),01457500,021530,N,,,,
2373,21531,Shillu Khurd (960),शिल्लू खूर्द (956),Parwanoo(Sub-District) / Solan(District) / Himachal Pradesh(State),01457600,021531,N,,,,
2374,21526,Shilora Kalan (957),शिलोड़ा कला (957),Kasauli(Sub-District) / Solan(District) / Himachal Pradesh(State),01457100,021526,N,,,,
2375,21527,Shilora Khurd (956),शिलोड़ा खुर्द (956),Kasauli(Sub-District) / Solan(District) / Himachal Pradesh(State),01457200,021527,N,,,,
2376,22259,Shilru (222),शिलड़ू (222),Mamlig(Sub-District) / Solan(District) / Himachal Pradesh(State),01532700,022259,N,,,,
2377,20058,Shilru (494),शिलडू (494),Arki(Sub-District) / Solan(District) / Himachal Pradesh(State),01333000,020058,N,,,,
2378,22175,Shingar (523),शिंगर (523),Solan(Sub-District) / Solan(District) / Himachal Pradesh(State),01524300,022175,N,,,,
2379,22255,Shiv Shankargarh (217),शिव शंकरगढ़ (217),Mamlig(Sub-District) / Solan(District) / Himachal Pradesh(State),01532300,022255,N,,,,
2380,21579,Shiwa (1),शिवा (1),Kasauli(Sub-District) / Solan(District) / Himachal Pradesh(State),01464700,021579,N,,,,
2381,21701,Shodon (916),शोड़ों (916),Parwanoo(Sub-District) / Solan(District) / Himachal Pradesh(State),01476900,021701,N,,,,
2382,21733,Shoghi (935),शोधी (935),Parwanoo(Sub-District) / Solan(District) / Himachal Pradesh(State),01480100,021733,N,,,,
2383,22181,Shron Bona (520),श्रौण बौना (520),Solan(Sub-District) / Solan(District) / Himachal Pradesh(State),01524900,022181,N,,,,
2384,22413,Shungal (398),शुंगल (398),Kandaghat(Sub-District) / Solan(District) / Himachal Pradesh(State),01548100,022413,N,,,,
2385,20575,Sianj (116),सिंयाज(116),Loharghat(Sub-District) / Solan(District) / Himachal Pradesh(State),01364800,020575,N,,,,
2386,20296,Siharali (499),सिहारली (499),Darlaghat(Sub-District) / Solan(District) / Himachal Pradesh(State),01305100,020296,N,,,,
2387,21926,Sihardi (654),सिहारड़ी (654),Solan(Sub-District) / Solan(District) / Himachal Pradesh(State),01499400,021926,N,,,,
2388,21668,Sihardi Mushlmana (769),सिहारडी मुसलमाना (769),Kasauli(Sub-District) / Solan(District) / Himachal Pradesh(State),01473600,021668,N,,,,
2389,21669,Siharri Brahmna (772),सिहारडी ब्राहमणा (772),Kasauli(Sub-District) / Solan(District) / Himachal Pradesh(State),01473700,021669,N,,,,
2390,21670,Siharri Chamaran (770),सिहारडी चमारा (770),Kasauli(Sub-District) / Solan(District) / Himachal Pradesh(State),01473800,021670,N,,,,
2391,21671,Siharri Kolian (771),सिहारडी कोलिया (771),Kasauli(Sub-District) / Solan(District) / Himachal Pradesh(State),01473900,021671,N,,,,
2392,22118,Sihawala (15),सिहावला (15),Solan(Sub-District) / Solan(District) / Himachal Pradesh(State),01518600,022118,N,,,,
2393,22377,Silhari (430),सिलहारी (430),Kandaghat(Sub-District) / Solan(District) / Himachal Pradesh(State),01544500,022377,N,,,,
2394,20887,Sill (326),सिल्ल (326),Nalagarh(Sub-District) / Solan(District) / Himachal Pradesh(State),01396000,020887,N,,,,
2395,21309,Simbal Ka Pani (328),सिम्बल का पानी (328),Krishangarh(Sub-District) / Solan(District) / Himachal Pradesh(State),01428700,021309,N,,,,
2396,21055,Simbli (412),सिंबली (412),Baddi(Sub-District) / Solan(District) / Himachal Pradesh(State),01412500,021055,N,,,,
2397,20026,Simlta (350),सिमलटा (350),Arki(Sub-District) / Solan(District) / Himachal Pradesh(State),01328100,020026,N,,,,
2398,20636,Simni (224),सिमणी (224),Ramshahr(Sub-District) / Solan(District) / Himachal Pradesh(State),01370900,020636,N,,,,
2399,19981,Simu (298),सिमू (298),Darlaghat(Sub-District) / Solan(District) / Himachal Pradesh(State),01323500,019981,N,,,,
2400,20846,Siras (298),सिरस (298),Panjehra(Sub-District) / Solan(District) / Himachal Pradesh(State),01391900,020846,N,,,,
2401,20820,Sobhan Majra (54),सोबन माजरा (54),Panjehra(Sub-District) / Solan(District) / Himachal Pradesh(State),01389300,020820,N,,,,
2402,22043,Sobru (841),सोबडू (841),Solan(Sub-District) / Solan(District) / Himachal Pradesh(State),01511100,022043,N,,,,
2403,21484,Sohal (178),सोहल (178),Kasauli(Sub-District) / Solan(District) / Himachal Pradesh(State),01452900,021484,N,,,,
2404,19965,Sokhar (295),सोखर (295),Darlaghat(Sub-District) / Solan(District) / Himachal Pradesh(State),01320800,019965,N,,,,
2405,22446,Sona Khurd (465),सोना खुर्द (465),Kandaghat(Sub-District) / Solan(District) / Himachal Pradesh(State),01551400,022446,N,,,,
2406,20591,Soon (125),सुण(125),Loharghat(Sub-District) / Solan(District) / Himachal Pradesh(State),01366400,020591,N,,,,
2407,20303,Sora Brahmna (3),सोरा ब्राह्मणा (3),Darlaghat(Sub-District) / Solan(District) / Himachal Pradesh(State),01305800,020303,N,,,,
2408,20314,Sora Kanaita (4),सोरा कनैता (4),Darlaghat(Sub-District) / Solan(District) / Himachal Pradesh(State),01306900,020314,N,,,,
2409,20468,Soriya(52),सोहरिया (52),Darlaghat(Sub-District) / Solan(District) / Himachal Pradesh(State),01331100,020468,N,,,,
2410,20037,Sosai (308),सोसाए (308),Darlaghat(Sub-District) / Solan(District) / Himachal Pradesh(State),01329200,020037,N,,,,
2411,20155,Sothi (386),सोथी (386),Arki(Sub-District) / Solan(District) / Himachal Pradesh(State),01342700,020155,N,,,,
2412,20951,Souri (132),सौडी (132),Nalagarh(Sub-District) / Solan(District) / Himachal Pradesh(State),01402400,020951,N,,,,
2413,20152,Soyali (375),सोयली (375),Arki(Sub-District) / Solan(District) / Himachal Pradesh(State),01342400,020152,N,,,,
2414,21506,Soyata (147),सोयता (147),Kasauli(Sub-District) / Solan(District) / Himachal Pradesh(State),01455100,021506,N,,,,
2415,21100,Sraj Majra Gujjran (208),सराज माजरा गुज्जरां (208),Baddi(Sub-District) / Solan(District) / Himachal Pradesh(State),01417500,021100,N,,,,
2416,21232,Sraj Majra Lbana (205),सराज माजरा लबाणा (205),Baddi(Sub-District) / Solan(District) / Himachal Pradesh(State),01417400,021232,N,,,,
2417,21300,Sua (330),सुआ (330),Krishangarh(Sub-District) / Solan(District) / Himachal Pradesh(State),01427800,021300,N,,,,
2418,939381,Subathu Chawni (119),स्पाटू छावनी (119),Solan(Sub-District) / Solan(District) / Himachal Pradesh(State),,000000,N,,,,
2419,22361,Sudharag (58),सुधारग (58),Kandaghat(Sub-District) / Solan(District) / Himachal Pradesh(State),01542900,022361,N,,,,
2420,20390,Suhali (196),सुहली (196),Darlaghat(Sub-District) / Solan(District) / Himachal Pradesh(State),01314200,020390,N,,,,
2421,20308,Suhani (208),सुहणी (208),Darlaghat(Sub-District) / Solan(District) / Himachal Pradesh(State),01306300,020308,N,,,,
2422,20287,Sui Nichali (501),सुई निचली (501),Darlaghat(Sub-District) / Solan(District) / Himachal Pradesh(State),01304200,020287,N,,,,
2423,20286,Sui Uperli (502),सुई उपरली (502),Darlaghat(Sub-District) / Solan(District) / Himachal Pradesh(State),01304100,020286,N,,,,
2424,20085,Sujhaila (156),सुझाईला (156),Arki(Sub-District) / Solan(District) / Himachal Pradesh(State),01335700,020085,N,,,,
2425,21691,Suji Charjan (117),सूजि चारजा (117),Kasauli(Sub-District) / Solan(District) / Himachal Pradesh(State),01475900,021691,N,,,,
2426,21755,Sujni (243),सूजनी (243),Solan(Sub-District) / Solan(District) / Himachal Pradesh(State),01482300,021755,N,,,,
2427,20456,Sukhan (43),सुखन (43),Darlaghat(Sub-District) / Solan(District) / Himachal Pradesh(State),01322000,020456,N,,,,
2428,21964,Sultanpur (811),सुल्तानपुर (811),Solan(Sub-District) / Solan(District) / Himachal Pradesh(State),01503200,021964,N,,,,
2429,21930,Sumti (649),सुमटी (649),Solan(Sub-District) / Solan(District) / Himachal Pradesh(State),01499800,021930,N,,,,
2430,20533,Suna (66),सुना(66),Ramshahr(Sub-District) / Solan(District) / Himachal Pradesh(State),01360600,020533,N,,,,
2431,21044,Sunani (395),सुनानी (395),Baddi(Sub-District) / Solan(District) / Himachal Pradesh(State),01411400,021044,N,,,,
2432,21403,Sunani (420),सुनाणी (420),Krishangarh(Sub-District) / Solan(District) / Himachal Pradesh(State),01441300,021403,N,,,,
2433,21597,Sunardi (728),सुनारडी (728),Kasauli(Sub-District) / Solan(District) / Himachal Pradesh(State),01466500,021597,N,,,,
2434,22266,Sunkhi (321),सुनखी (321),Mamlig(Sub-District) / Solan(District) / Himachal Pradesh(State),01533400,022266,N,,,,
2435,20590,Sunli Roog (126),,Loharghat(Sub-District) / Solan(District) / Himachal Pradesh(State),01366300,020590,N,,,,
2436,22167,Sunnu Tikri (543),सुनु टिक्क री (543),Solan(Sub-District) / Solan(District) / Himachal Pradesh(State),01523500,022167,N,,,,
2437,21219,Surajpur (198),सुरजपुर (198),Baddi(Sub-District) / Solan(District) / Himachal Pradesh(State),01458800,021219,N,,,,
2438,20036,Surajpur (306),सूरजपुर (306),Darlaghat(Sub-District) / Solan(District) / Himachal Pradesh(State),01329100,020036,N,,,,
2439,22417,Suro (400),सुरहो (400),Kandaghat(Sub-District) / Solan(District) / Himachal Pradesh(State),01548500,022417,N,,,,
2440,20173,Suwawa (427),सुवावा (427),Kunihar(Sub-District) / Solan(District) / Himachal Pradesh(State),01344500,020173,N,,,,
2441,20392,Syar (194),स्यार (194),Darlaghat(Sub-District) / Solan(District) / Himachal Pradesh(State),01314400,020392,N,,,,
2442,20436,Syari (257),स्यारी (257),Darlaghat(Sub-District) / Solan(District) / Himachal Pradesh(State),01319000,020436,N,,,,
2443,20117,Syawta (418),स्यावटा (418),Kunihar(Sub-District) / Solan(District) / Himachal Pradesh(State),01338900,020117,N,,,,
2444,20083,Taal (153),ताल (153),Arki(Sub-District) / Solan(District) / Himachal Pradesh(State),01335500,020083,N,,,,
2445,20938,Taal (366),ताल (366),Nalagarh(Sub-District) / Solan(District) / Himachal Pradesh(State),01401100,020938,N,,,,
2446,21830,Tagri (26),तंगडी (26),Solan(Sub-District) / Solan(District) / Himachal Pradesh(State),01489800,021830,N,,,,
2447,21078,Tahliwala (160),टाहलीवाल (160),Baddi(Sub-District) / Solan(District) / Himachal Pradesh(State),01415100,021078,N,,,,
2448,20238,Takawana Galogda (101),टकवाणा गलोगडृा (101),Arki(Sub-District) / Solan(District) / Himachal Pradesh(State),01350900,020238,N,,,,
2449,20236,Takawana Rangolda (100),टकवाणा रंगोलडृा (100),Arki(Sub-District) / Solan(District) / Himachal Pradesh(State),01350700,020236,N,,,,
2450,22496,Takrana (510),टकराणा (510),Kandaghat(Sub-District) / Solan(District) / Himachal Pradesh(State),01556400,022496,N,,,,
2451,21729,Takrota (939),टकरोटा (939),Parwanoo(Sub-District) / Solan(District) / Himachal Pradesh(State),01479700,021729,N,,,,
2452,21542,Taksal (951),टकसाल (951),Parwanoo(Sub-District) / Solan(District) / Himachal Pradesh(State),01461000,021542,N,,,,
2453,21363,Tal (498),ताल (498),Krishangarh(Sub-District) / Solan(District) / Himachal Pradesh(State),01437300,021363,N,,,,
2454,21777,Talad (291),तालड़ (291),Solan(Sub-District) / Solan(District) / Himachal Pradesh(State),01484500,021777,N,,,,
2455,20748,Talao (24),तलाऔ (24),Panjehra(Sub-District) / Solan(District) / Himachal Pradesh(State),01382100,020748,N,,,,
2456,21039,Talar Basi (446),ताल्लड़ बस्सी (446),Baddi(Sub-District) / Solan(District) / Himachal Pradesh(State),01410900,021039,N,,,,
2457,21041,Talar Wahad (448),ताल्लड़ वाहद (448),Baddi(Sub-District) / Solan(District) / Himachal Pradesh(State),01411100,021041,N,,,,
2458,21049,Tali (409),टाली (409),Baddi(Sub-District) / Solan(District) / Himachal Pradesh(State),01411900,021049,N,,,,
2459,20272,Taloch (465),तलोच (465),Kunihar(Sub-District) / Solan(District) / Himachal Pradesh(State),01354000,020272,N,,,,
2460,21813,Talona (11),तलौना (11),Solan(Sub-District) / Solan(District) / Himachal Pradesh(State),01488100,021813,N,,,,
2461,21440,Tamlog (476),तमलोग (476),Krishangarh(Sub-District) / Solan(District) / Himachal Pradesh(State),01445000,021440,N,,,,
2462,20225,Tamred (95),तमरेड़ (95),Arki(Sub-District) / Solan(District) / Himachal Pradesh(State),01349600,020225,N,,,,
2463,20874,Tamroh (321),तमडोह (321),Nalagarh(Sub-District) / Solan(District) / Himachal Pradesh(State),01394700,020874,N,,,,
2464,22504,Tananji (503),टणाँजी (503),Kandaghat(Sub-District) / Solan(District) / Himachal Pradesh(State),01557200,022504,N,,,,
2465,20181,Tanseta (432),तनसेटा (432),Kunihar(Sub-District) / Solan(District) / Himachal Pradesh(State),01345300,020181,N,,,,
2466,20628,Tansog (248),तनसोग(248),Ramshahr(Sub-District) / Solan(District) / Himachal Pradesh(State),01370100,020628,N,,,,
2467,20271,Tansola (464),तनसोला (464),Kunihar(Sub-District) / Solan(District) / Himachal Pradesh(State),01353900,020271,N,,,,
2468,20792,Taprian (33),टप्परियां (33),Panjehra(Sub-District) / Solan(District) / Himachal Pradesh(State),01386500,020792,N,,,,
2469,939372,Taraf Tarla Kuhl (348),तरफ तरला कूहल (348),Solan(Sub-District) / Solan(District) / Himachal Pradesh(State),,000000,N,,,,
2470,939371,Taraf Uprla Kuhl (348),तरफ तरला कूहल (348),Solan(Sub-District) / Solan(District) / Himachal Pradesh(State),,000000,N,,,,
2471,21325,Tarngala (426),तंरगाला (426),Krishangarh(Sub-District) / Solan(District) / Himachal Pradesh(State),01430300,021325,N,,,,
2472,21709,Tarol (894),तड़ोल (894),Parwanoo(Sub-District) / Solan(District) / Himachal Pradesh(State),01477700,021709,N,,,,
2473,21754,Tathol (242),टठौल (242),Solan(Sub-District) / Solan(District) / Himachal Pradesh(State),01482200,021754,N,,,,
2474,21121,Tatoa (417),ततोआ (417),Baddi(Sub-District) / Solan(District) / Himachal Pradesh(State),01419900,021121,N,,,,
2475,22053,Tatool (598),टटूल (598),Solan(Sub-District) / Solan(District) / Himachal Pradesh(State),01512100,022053,N,,,,
2476,20656,Taungri (209),तोंगडी(209),Ramshahr(Sub-District) / Solan(District) / Himachal Pradesh(State),01372900,020656,N,,,,
2477,22162,Tawatalara (535),तवा तलाड़ा (535),Solan(Sub-District) / Solan(District) / Himachal Pradesh(State),01523000,022162,N,,,,
2478,20338,Tayamla (49),त्यामला  (49),Darlaghat(Sub-District) / Solan(District) / Himachal Pradesh(State),01309300,020338,N,,,,
2479,21624,Teeyuri (760),टियुरी (760),Kasauli(Sub-District) / Solan(District) / Himachal Pradesh(State),01469200,021624,N,,,,
2480,22460,Tehtu (479),तैहतू (479),Kandaghat(Sub-District) / Solan(District) / Himachal Pradesh(State),01552800,022460,N,,,,
2481,22311,Teli (198),तेली (198),Mamlig(Sub-District) / Solan(District) / Himachal Pradesh(State),01537900,022311,N,,,,
2482,20966,Teliwal (105),तेलीवाल (105),Nalagarh(Sub-District) / Solan(District) / Himachal Pradesh(State),01403900,020966,N,,,,
2483,20872,Terli Behad(320),तरली बेहड (320),Nalagarh(Sub-District) / Solan(District) / Himachal Pradesh(State),01394500,020872,N,,,,
2484,20411,Thach (242),थाच (242),Darlaghat(Sub-District) / Solan(District) / Himachal Pradesh(State),01316500,020411,N,,,,
2485,21180,Thaidpura (217),ठेडपुरा (217),Baddi(Sub-District) / Solan(District) / Himachal Pradesh(State),01448700,021180,N,,,,
2486,20237,Thala (102),थला (102),Arki(Sub-District) / Solan(District) / Himachal Pradesh(State),01350800,020237,N,,,,
2487,20858,Thala (299),थला (299),Panjehra(Sub-District) / Solan(District) / Himachal Pradesh(State),01393100,020858,N,,,,
2488,20055,Thalog (86),थलोग (86),Arki(Sub-District) / Solan(District) / Himachal Pradesh(State),01332700,020055,N,,,,
2489,22298,Than (204),थान (204),Mamlig(Sub-District) / Solan(District) / Himachal Pradesh(State),01536600,022298,N,,,,
2490,21631,Than (695),ठां (695),Kasauli(Sub-District) / Solan(District) / Himachal Pradesh(State),01469900,021631,N,,,,
2491,21558,Thana (126),ठण्डू (126),Kasauli(Sub-District) / Solan(District) / Himachal Pradesh(State),01462600,021558,N,,,,
2492,20764,Thana (14),थाना (14),Panjehra(Sub-District) / Solan(District) / Himachal Pradesh(State),01383700,020764,N,,,,
2493,21110,Thana (192),थाना (192),Baddi(Sub-District) / Solan(District) / Himachal Pradesh(State),01418700,021110,N,,,,
2494,21767,Thana (288),थाना (288),Solan(Sub-District) / Solan(District) / Himachal Pradesh(State),01483500,021767,N,,,,
2495,21273,Thana (372),ठाणा (372),Krishangarh(Sub-District) / Solan(District) / Himachal Pradesh(State),01425100,021273,N,,,,
2496,22426,Thana Bharol (406),थाना भड़ोल (406),Kandaghat(Sub-District) / Solan(District) / Himachal Pradesh(State),01549400,022426,N,,,,
2497,21807,Thana Panda (281),थाना पाण्ड़ा (281),Solan(Sub-District) / Solan(District) / Himachal Pradesh(State),01487500,021807,N,,,,
2498,21496,Thandu (167),ठन्डू (167),Kasauli(Sub-District) / Solan(District) / Himachal Pradesh(State),01454100,021496,N,,,,
2499,20167,Thangar (394),ठाँगर (394),Kunihar(Sub-District) / Solan(District) / Himachal Pradesh(State),01343900,020167,N,,,,
2500,20957,Thanthewal (125),थांथेवाल (125),Nalagarh(Sub-District) / Solan(District) / Himachal Pradesh(State),01403000,020957,N,,,,
2501,21510,Thapal (151),थापल (151),Kasauli(Sub-District) / Solan(District) / Himachal Pradesh(State),01455500,021510,N,,,,
2502,21361,Thapal (255),थापल (255),Krishangarh(Sub-District) / Solan(District) / Himachal Pradesh(State),01437100,021361,N,,,,
2503,21971,Thapo (804),थापों (804),Solan(Sub-District) / Solan(District) / Himachal Pradesh(State),01503900,021971,N,,,,
2504,21253,Thar (392),थड (392),Krishangarh(Sub-District) / Solan(District) / Himachal Pradesh(State),01423100,021253,N,,,,
2505,21628,Thare Ka Thakurdawara (765),थड़े का ठाकुर द्वारा (765),Kasauli(Sub-District) / Solan(District) / Himachal Pradesh(State),01469600,021628,N,,,,
2506,21687,Thari (900),थडी (900),Kasauli(Sub-District) / Solan(District) / Himachal Pradesh(State),01475500,021687,N,,,,
2507,22433,Tharola (463),थरौला (463),Kandaghat(Sub-District) / Solan(District) / Himachal Pradesh(State),01550100,022433,N,,,,
2508,20366,Thathli (226),ठाठली (226),Darlaghat(Sub-District) / Solan(District) / Himachal Pradesh(State),01311900,020366,N,,,,
2509,20276,Thawna (470),थावना (470),Kunihar(Sub-District) / Solan(District) / Himachal Pradesh(State),01354400,020276,N,,,,
2510,21072,Theda (165),ठेडा (165),Baddi(Sub-District) / Solan(District) / Himachal Pradesh(State),01414200,021072,N,,,,
2511,21820,Thetho (16),ठेठों (16),Solan(Sub-District) / Solan(District) / Himachal Pradesh(State),01488800,021820,N,,,,
2512,21387,Thimber (378),ठीम्बर (378),Krishangarh(Sub-District) / Solan(District) / Himachal Pradesh(State),01439700,021387,N,,,,
2513,939368,Thodo Solan,ठोड़ो सोलन,Solan(Sub-District) / Solan(District) / Himachal Pradesh(State),,000000,N,,,,
2514,20738,Thohan (40),थोहन (40),Panjehra(Sub-District) / Solan(District) / Himachal Pradesh(State),01381100,020738,N,,,,
2515,22275,Thol Chamaran (329),थौल चमारा (329),Mamlig(Sub-District) / Solan(District) / Himachal Pradesh(State),01534300,022275,N,,,,
2516,22276,Thol Koliyan (347),थौल कोलियां (347),Mamlig(Sub-District) / Solan(District) / Himachal Pradesh(State),01534400,022276,N,,,,
2517,21998,Thundi (885),थुन्दी (885),Solan(Sub-District) / Solan(District) / Himachal Pradesh(State),01506600,021998,N,,,,
2518,22141,Thundo (549),ठूण्ड़ो (549),Solan(Sub-District) / Solan(District) / Himachal Pradesh(State),01520900,022141,N,,,,
2519,21587,Thura (737),ठुरा (737),Kasauli(Sub-District) / Solan(District) / Himachal Pradesh(State),01465500,021587,N,,,,
2520,20713,Tiamun Parla (195),त्यामु पारला (195),Ramshahr(Sub-District) / Solan(District) / Himachal Pradesh(State),01378600,020713,N,,,,
2521,20649,Tiamun Warla (228),त्यामुवारला(228),Ramshahr(Sub-District) / Solan(District) / Himachal Pradesh(State),01372200,020649,N,,,,
2522,22105,Tikar (12),टिक्कर (12),Solan(Sub-District) / Solan(District) / Himachal Pradesh(State),01517300,022105,N,,,,
2523,22283,Tikkar (310),टिक्कर (310),Mamlig(Sub-District) / Solan(District) / Himachal Pradesh(State),01535100,022283,N,,,,
2524,22318,Tikkar (84),टिक्कर (84),Mamlig(Sub-District) / Solan(District) / Himachal Pradesh(State),01538600,022318,N,,,,
2525,22372,Tikkari (433),टिक्करी (433),Kandaghat(Sub-District) / Solan(District) / Himachal Pradesh(State),01544000,022372,N,,,,
2526,22505,Tikkari (504),टिक्करी (504),Kandaghat(Sub-District) / Solan(District) / Himachal Pradesh(State),01557300,022505,N,,,,
2527,21316,Tikkar Jabal (272),टिक्कर जाबल (272),Krishangarh(Sub-District) / Solan(District) / Himachal Pradesh(State),01429400,021316,N,,,,
2528,22388,Tikker (443),टिक्कर (443),Kandaghat(Sub-District) / Solan(District) / Himachal Pradesh(State),01545600,022388,N,,,,
2529,22476,Tikker (501),टिक्कर (501),Kandaghat(Sub-District) / Solan(District) / Himachal Pradesh(State),01554400,022476,N,,,,
2530,20775,Tikri (17),टिक्करी (17),Panjehra(Sub-District) / Solan(District) / Himachal Pradesh(State),01384800,020775,N,,,,
2531,21997,Tikri (882),टिकरी (882),Solan(Sub-District) / Solan(District) / Himachal Pradesh(State),01506500,021997,N,,,,
2532,21402,Timli (417),तिमली (417),Krishangarh(Sub-District) / Solan(District) / Himachal Pradesh(State),01441200,021402,N,,,,
2533,21218,Tipra (195),टिपरा (195),Baddi(Sub-District) / Solan(District) / Himachal Pradesh(State),01458700,021218,N,,,,
2534,21586,Tipra (741),टिपरा (741),Kasauli(Sub-District) / Solan(District) / Himachal Pradesh(State),01465400,021586,N,,,,
2535,21529,Tipra (953),टिपरा  (953),Parwanoo(Sub-District) / Solan(District) / Himachal Pradesh(State),01457400,021529,N,,,,
2536,20998,Tirla (369),तीरला (369),Nalagarh(Sub-District) / Solan(District) / Himachal Pradesh(State),01407300,020998,N,,,,
2537,22189,Tirmali (572),तिरमली (572),Solan(Sub-District) / Solan(District) / Himachal Pradesh(State),01525700,022189,N,,,,
2538,21764,Tiyunkri (274),टियूकरी (274),Solan(Sub-District) / Solan(District) / Himachal Pradesh(State),01483200,021764,N,,,,
2539,21471,Tohana (136),टोहाना (136),Kasauli(Sub-District) / Solan(District) / Himachal Pradesh(State),01451600,021471,N,,,,
2540,21904,Top Ki Ber (75),तोप की बेड़ (75),Solan(Sub-District) / Solan(District) / Himachal Pradesh(State),01497200,021904,N,,,,
2541,20968,Toranwala (108),टौरांवाला (108),Nalagarh(Sub-District) / Solan(District) / Himachal Pradesh(State),01404100,020968,N,,,,
2542,21864,Trashri Brahmana (83),त्राशड़ी ब्राहम्णा (83),Solan(Sub-District) / Solan(District) / Himachal Pradesh(State),01493200,021864,N,,,,
2543,21865,Trashri Loharan (84),त्राशडी लोहारां (84),Solan(Sub-District) / Solan(District) / Himachal Pradesh(State),01493300,021865,N,,,,
2544,20434,Tuiru (272),टूयरू (272),Darlaghat(Sub-District) / Solan(District) / Himachal Pradesh(State),01318800,020434,N,,,,
2545,21178,Tujhar (208),तुझार (208),Baddi(Sub-District) / Solan(District) / Himachal Pradesh(State),01448500,021178,N,,,,
2546,20270,Tukari (461),टुकाड़ी (461),Kunihar(Sub-District) / Solan(District) / Himachal Pradesh(State),01353800,020270,N,,,,
2547,22405,Tundal (408),तुंदल (408),Kandaghat(Sub-District) / Solan(District) / Himachal Pradesh(State),01547300,022405,N,,,,
2548,20666,Tunsu (217),तुन्सु(217),Ramshahr(Sub-District) / Solan(District) / Himachal Pradesh(State),01373900,020666,N,,,,
2549,21795,Tutua (260),टुटूआ (260),Solan(Sub-District) / Solan(District) / Himachal Pradesh(State),01486300,021795,N,,,,
2550,21946,Udepur (787),उदयपुर (787),Solan(Sub-District) / Solan(District) / Himachal Pradesh(State),01501400,021946,N,,,,
2551,20598,Ukhu (136),ऊखु(136),Loharghat(Sub-District) / Solan(District) / Himachal Pradesh(State),01367100,020598,N,,,,
2552,20743,Ukhu (28),ऊखू (28),Panjehra(Sub-District) / Solan(District) / Himachal Pradesh(State),01381600,020743,N,,,,
2553,20277,Unchagaon (468),उच्चागांव (468),Kunihar(Sub-District) / Solan(District) / Himachal Pradesh(State),01354500,020277,N,,,,
2554,22217,Uncha Gaon (582),ऊँचा गाँव (582),Solan(Sub-District) / Solan(District) / Himachal Pradesh(State),01528500,022217,N,,,,
2555,20763,Untpur (4),ऊंटपुर (4),Panjehra(Sub-District) / Solan(District) / Himachal Pradesh(State),01383600,020763,N,,,,
2556,21582,Uparli Gaongari (473),ऊपरली गांवगुड़ी (473),Kasauli(Sub-District) / Solan(District) / Himachal Pradesh(State),01465000,021582,N,,,,
2557,21541,Up Mahal Aananu Mahal Ambota,उप महाल आनणू महाल अम्बोटा,Parwanoo(Sub-District) / Solan(District) / Himachal Pradesh(State),01460900,021541,N,,,,
2558,939363,Up Mahal Bag Ka Jubbar,उप महाल बाग का जुब्बड,Kasauli(Sub-District) / Solan(District) / Himachal Pradesh(State),,000000,N,,,,
2559,942684,Up Mahal Bago Ra Naal,उप-महाल बागो रा नाल,Darlaghat(Sub-District) / Solan(District) / Himachal Pradesh(State),,000000,N,,,,
2560,21534,Up Mahal Chandreni Mahal Tiron,उप महाल चन्द्रैणी महाल तीडो,Parwanoo(Sub-District) / Solan(District) / Himachal Pradesh(State),01460200,021534,N,,,,
2561,939330,Up Mahal Chaywala,उप-महाल च्यावला,Kasauli(Sub-District) / Solan(District) / Himachal Pradesh(State),,000000,N,,,,
2562,21536,Up Mahal Dahar Mahal Tiron,उप महाल डाहर महाल तीडो,Parwanoo(Sub-District) / Solan(District) / Himachal Pradesh(State),01460400,021536,N,,,,
2563,938964,Up Mahal Danoghat,उप मोहाल दानोघाट,Darlaghat(Sub-District) / Solan(District) / Himachal Pradesh(State),,000000,N,,,,
2564,939098,Up Mahal Deodhar,उप-महालदेओधार,Arki(Sub-District) / Solan(District) / Himachal Pradesh(State),,000000,N,,,,
2565,21535,Up Mahal Dubla Mahal Ambota,उप महाल दुबला महाल अम्बोटा,Parwanoo(Sub-District) / Solan(District) / Himachal Pradesh(State),01460300,021535,N,,,,
2566,20257,Up Mahal Jangal Hatkot,जंगल हाटकोट,Kunihar(Sub-District) / Solan(District) / Himachal Pradesh(State),01352700,020257,N,,,,
2567,939362,Up Mahal Katli Mahal Banoi Anchlu,उप महाल काटली महाल बनोई आंचलू,Kasauli(Sub-District) / Solan(District) / Himachal Pradesh(State),,000000,N,,,,
2568,21539,Up Mahal Khandra Sec-4,उप महाल खान्दडा सै-4,Parwanoo(Sub-District) / Solan(District) / Himachal Pradesh(State),01460700,021539,N,,,,
2569,20258,Up Mahal Kothi - Second,कोठी द्वितिय (466),Kunihar(Sub-District) / Solan(District) / Himachal Pradesh(State),01352800,020258,N,,,,
2570,939322,Up Mahal Kundlu Mahal Tipra,उप महाल कुन्डलु महाल टिपरा,Parwanoo(Sub-District) / Solan(District) / Himachal Pradesh(State),,000000,N,,,,
2571,939326,Up Mahal Kuradag,उप महाल कुराडग,Kasauli(Sub-District) / Solan(District) / Himachal Pradesh(State),,000000,N,,,,
2572,939345,Up Mahal Ladah Mahal Kasauli,उप-महाल लडाह महाल कसौली,Kasauli(Sub-District) / Solan(District) / Himachal Pradesh(State),,000000,N,,,,
2573,939147,Up-Mahal.Mini Sectriyet(139/3),उप-महाल मिनि सैक्ट्रीयेट(139/3),Nalagarh(Sub-District) / Solan(District) / Himachal Pradesh(State),,000000,N,,,,
2574,21537,Up Mahal Nalhog Mahal Tiron,उप महाल नलहोग महाल तिडो,Parwanoo(Sub-District) / Solan(District) / Himachal Pradesh(State),01460500,021537,N,,,,
2575,939142,Up Mahal Narwar,उप महाल नरवाड़,Kunihar(Sub-District) / Solan(District) / Himachal Pradesh(State),,000000,N,,,,
2576,21540,Up Mahal Naryal Mahal Ambota,उप महाल नरयाल महाल अम्बोटा,Parwanoo(Sub-District) / Solan(District) / Himachal Pradesh(State),01460800,021540,N,,,,
2577,939144,Up-Mahal Naya Nalagarh (139/2),उप-महाल नया नालागढ (139/2),Nalagarh(Sub-District) / Solan(District) / Himachal Pradesh(State),,000000,N,,,,
2578,939143,Up Mahal Pakka Gharat,उप महाल पक्का घराट,Kunihar(Sub-District) / Solan(District) / Himachal Pradesh(State),,000000,N,,,,
2579,949817,Up Mahal Panwa,उप महाल पाणुआ,Kasauli(Sub-District) / Solan(District) / Himachal Pradesh(State),,000000,N,eSignGOFile662648_18_02_2025_13_55_18.pdf,,,
2580,20352,Up Mahal Parnoo,उप महाल पारनु,Darlaghat(Sub-District) / Solan(District) / Himachal Pradesh(State),01310600,020352,N,,,,
2581,21545,Up Mahal Parwanoo Sector-I,उप महाल परवाणू सै- 1,Parwanoo(Sub-District) / Solan(District) / Himachal Pradesh(State),01461300,021545,N,,,,
2582,21546,Up Mahal Parwanoo Sector-III,उप महाल परवाणू सै- 3,Parwanoo(Sub-District) / Solan(District) / Himachal Pradesh(State),01461400,021546,N,,,,
2583,21547,Up Mahal Parwanoo Sector VI Gumma,उप महाल परवाणू सैक्टर VI गुम्मा,Parwanoo(Sub-District) / Solan(District) / Himachal Pradesh(State),01461500,021547,N,,,,
2584,20260,Up Mahal Pulhara,उप महाल पुलहाडा,Kunihar(Sub-District) / Solan(District) / Himachal Pradesh(State),01352800,020260,N,,,,
2585,939146,Up-Mahal Purna Nalagarh (139/1),उप- महाल पुराना नालागढ (139/1),Nalagarh(Sub-District) / Solan(District) / Himachal Pradesh(State),,000000,N,,,,
2586,939321,Up Mahal Riha Mahal Tipra,उप महाल रिया महाल टिपरा,Parwanoo(Sub-District) / Solan(District) / Himachal Pradesh(State),,000000,N,,,,
2587,21544,Up Mahal Sector-V Ambota,उप महाल सैक्टर 5 महाल अम्बोटा,Parwanoo(Sub-District) / Solan(District) / Himachal Pradesh(State),01461200,021544,N,,,,
2588,939353,Up Mahal Suji Loharan,उप महाल सुजी लोहारा,Kasauli(Sub-District) / Solan(District) / Himachal Pradesh(State),,000000,N,,,,
2589,20353,Up Mahal Thera,उप महाल ठेरा,Darlaghat(Sub-District) / Solan(District) / Himachal Pradesh(State),01310600,020353,N,,,,
2590,949816,Up Mahal Tipra Lahog,उप महाल टिपरा लाहोग,Kasauli(Sub-District) / Solan(District) / Himachal Pradesh(State),,000000,N,eSignGOFile662648_19_02_2025_15_41_52.pdf,,,
2591,21550,Up Mahal Tipra Mahal Gumma,उप महाल टिपरा महाल गुम्मा,Parwanoo(Sub-District) / Solan(District) / Himachal Pradesh(State),01461800,021550,N,,,,
2592,939104,Up Mohal Badaihan,उप महाल बडैहण,Arki(Sub-District) / Solan(District) / Himachal Pradesh(State),,000000,N,,,,
2593,939099,Up Mohal Delag,उप-महालदेलग,Arki(Sub-District) / Solan(District) / Himachal Pradesh(State),,000000,N,,,,
2594,22382,Up Mohal Dhali (441/2),उपमहाल धाली (441/2),Kandaghat(Sub-District) / Solan(District) / Himachal Pradesh(State),01545000,022382,N,,,,
2595,22450,Up Mohal Dharyan (412/2),उपमहाल धरैयाँ (412/2),Kandaghat(Sub-District) / Solan(District) / Himachal Pradesh(State),01551800,022450,N,,,,
2596,22451,Up Mohal Dochi (412/3),उपमहाल दोची (412/3),Kandaghat(Sub-District) / Solan(District) / Himachal Pradesh(State),01551900,022451,N,,,,
2597,22386,Up Mohal Dolag (441/3),उपमहाल दोलग (441/3),Kandaghat(Sub-District) / Solan(District) / Himachal Pradesh(State),01545400,022386,N,,,,
2598,939097,Up Mohal Jolang,उप-महालजोलंग,Arki(Sub-District) / Solan(District) / Himachal Pradesh(State),,000000,N,,,,
2599,20209,Up Mohal Khuradi,उप महाल खुराड़ी,Arki(Sub-District) / Solan(District) / Himachal Pradesh(State),01348000,020209,N,,,,
2600,939103,Up Mohal Kot,उप महाल कोट,Arki(Sub-District) / Solan(District) / Himachal Pradesh(State),,000000,N,,,,
2601,939101,Up Mohal Madham,उप-महाल मद्धम,Arki(Sub-District) / Solan(District) / Himachal Pradesh(State),,000000,N,,,,
2602,939102,Up Mohal Manla,उप महाल मानला,Arki(Sub-District) / Solan(District) / Himachal Pradesh(State),,000000,N,,,,
2603,939105,Up Mohal Palyad,उप महाल पल्याड़,Arki(Sub-District) / Solan(District) / Himachal Pradesh(State),,000000,N,,,,
2604,939100,Up Mohal Rachakdu,उप-महालरछाकडु,Arki(Sub-District) / Solan(District) / Himachal Pradesh(State),,000000,N,,,,
2605,939096,Up Mohal Sheelpur,उप-महाल शीलपुर,Arki(Sub-District) / Solan(District) / Himachal Pradesh(State),,000000,N,,,,
2606,22449,Up Mohal Shilru (412/1),उपमहाल शिलड़ू (412/1),Kandaghat(Sub-District) / Solan(District) / Himachal Pradesh(State),01551700,022449,N,,,,
2607,22383,Up Mohal Sirinagar (441/1),उपमहाल  सिरिनगर (441/1),Kandaghat(Sub-District) / Solan(District) / Himachal Pradesh(State),01545100,022383,N,,,,
2608,21446,Uprla Badoh (486),उपरला बडोह (486),Krishangarh(Sub-District) / Solan(District) / Himachal Pradesh(State),01445600,021446,N,,,,
2609,939331,Up Sampada Delhi,उप सम्पदा देहली सम्पदा दत्यार,Kasauli(Sub-District) / Solan(District) / Himachal Pradesh(State),,000000,N,,,,
2610,942648,Up Sampada Gol Sampada Khadin,उप सम्पदा गौल (महाल खडीन),Parwanoo(Sub-District) / Solan(District) / Himachal Pradesh(State),,000000,N,,,,
2611,942657,Up Sampada Jaithal Sampda Khadin,उप सम्पदा जैथल (महाल खडीन),Parwanoo(Sub-District) / Solan(District) / Himachal Pradesh(State),,000000,N,,,,
2612,942653,Up Sampada Kaatal Sampada Khadin,उप महाल काटल (महाल खडीन),Parwanoo(Sub-District) / Solan(District) / Himachal Pradesh(State),,000000,N,,,,
2613,938963,Up Sampda Badyar,उप सम्पदा बडयार,Darlaghat(Sub-District) / Solan(District) / Himachal Pradesh(State),,000000,N,,,,
2614,939325,Up Sampda Pipliwala Sampda Shilu Khurd,उप सम्पदा पिपली वाला सम्पदा शिल्लू खुर्द,Parwanoo(Sub-District) / Solan(District) / Himachal Pradesh(State),,000000,N,,,,
2615,20309,Up Sampda Toon (210),उप सम्पदा तून (210),Darlaghat(Sub-District) / Solan(District) / Himachal Pradesh(State),01306400,020309,N,,,,
2616,21707,Vargyana (905),वरज्ञाना  (905),Parwanoo(Sub-District) / Solan(District) / Himachal Pradesh(State),01477500,021707,N,,,,
2617,21199,Vidhi (235),विधि (235),Baddi(Sub-District) / Solan(District) / Himachal Pradesh(State),01450600,021199,N,,,,
2618,20205,Vikrampur (451),विक्रमपुर (451),Arki(Sub-District) / Solan(District) / Himachal Pradesh(State),01347700,020205,N,,,,
2619,20669,Waha (220),वाहा(220),Ramshahr(Sub-District) / Solan(District) / Himachal Pradesh(State),01374200,020669,N,,,,
2620,20497,Wahlam(60),वाहलम (60),Ramshahr(Sub-District) / Solan(District) / Himachal Pradesh(State),01357000,020497,N,eSignGOFile662648_01_03_2025_11_15_28.pdf,,,
2621,22366,Wakna (275),वाकना (275),Kandaghat(Sub-District) / Solan(District) / Himachal Pradesh(State),01543400,022366,N,,,,
2622,22335,Warghyana (52),वरघयाणा (52),Mamlig(Sub-District) / Solan(District) / Himachal Pradesh(State),01540300,022335,N,,,,
