S No,Village LGD Code,Village Name (In English),Village Name (In Local language),Hierarchy,Census 2001 Code,Census2011 Code,Pesa Status,View Government Order,View Details,View History,View Map
1,18253,Aado (63),आदो (63),Amb(Sub-District) / Una(District) / Himachal Pradesh(State),01136800,018253,N,,,,
2,18220,Aaghar (70),आघार (70),Amb(Sub-District) / Una(District) / Himachal Pradesh(State),01133500,018220,N,,,,
3,18792,Abada Barana (215),अबादा बराना (215),Una(Sub-District) / Una(District) / Himachal Pradesh(State),01190700,018792,N,,,,
4,18110,Abheypur (122),अभयपुर (122),Ghanari(Sub-District) / Una(District) / Himachal Pradesh(State),01122500,018110,N,,,,
5,18200,Adarsh Nagar (143),आदर्श नगर (143),Amb(Sub-District) / Una(District) / Himachal Pradesh(State),01131500,018200,N,,,,
6,937785,Aerian (219),एरियां(219),Mehatpur(Sub-District) / Una(District) / Himachal Pradesh(State),,000000,N,,,,
7,18554,Aghlor (7/1),अघलौर (7/1),Birhu Kalan(Sub-District) / Una(District) / Himachal Pradesh(State),01166900,018554,N,,,,
8,18415,Aisan (15/31),ऐसन (15/31),Bangana(Sub-District) / Una(District) / Himachal Pradesh(State),01153000,018415,N,,,,
9,18773,Ajnoli (203),अजनोली (203),Una(Sub-District) / Una(District) / Himachal Pradesh(State),01188800,018773,N,,,,
10,18831,Ajouli (237),अजौली (237),Mehatpur(Sub-District) / Una(District) / Himachal Pradesh(State),01194600,018831,N,,,,
11,18324,Akrot (111),अकरोट (111),Amb(Sub-District) / Una(District) / Himachal Pradesh(State),01143900,018324,N,,,,
12,18213,Alehar (82),अलैहड़ (82),Amb(Sub-District) / Una(District) / Himachal Pradesh(State),01132800,018213,N,,,,
13,18677,Aliana (9/16),अलियाना (9/16),Bangana(Sub-District) / Una(District) / Himachal Pradesh(State),01179200,018677,N,,,,
14,18086,Aloh (31/7),अलोह(31/7),Bharwain(Sub-District) / Una(District) / Himachal Pradesh(State),01120100,018086,N,,,,
15,18433,Alsahan (16/16),अलसाहन(16/16),Bangana(Sub-District) / Una(District) / Himachal Pradesh(State),01154800,018433,N,,,,
16,18524,Ambe Da Behra (6/2),अम्बे दा बेहड़ा़ (6/2),Jol(Sub-District) / Una(District) / Himachal Pradesh(State),01163900,018524,N,,,,
17,18513,Ambhera Dhiraj (6/1),अमबेहड़ा धीरज (6/1),Jol(Sub-District) / Una(District) / Himachal Pradesh(State),01162800,018513,N,,,,
18,18510,Ambhera Ramkishan (6/9),अमबेहड़ा रामकिशन (6/9),Jol(Sub-District) / Una(District) / Himachal Pradesh(State),01162500,018510,N,,,,
19,18198,Amb Khas (143),अम्ब खास(143),Amb(Sub-District) / Una(District) / Himachal Pradesh(State),01131300,018198,N,,,,
20,18225,Amb Tilla (35),अम्ब टिल्ला (35),Amb(Sub-District) / Una(District) / Himachal Pradesh(State),01134000,018225,N,,,,
21,18470,Amjar (8/1),अमजाड़ (8/1),Bangana(Sub-District) / Una(District) / Himachal Pradesh(State),01158500,018470,N,,,,
22,18146,Amlehar (133),अमलैहड़ (133),Ghanari(Sub-District) / Una(District) / Himachal Pradesh(State),01126100,018146,N,,,,
23,18072,Amoklan Sadun (28),अमोकलां संदू (28),Bharwain(Sub-District) / Una(District) / Himachal Pradesh(State),01118700,018072,N,,,,
24,18073,Amokla Pritam (27),अमोकला प्रीतम,Bharwain(Sub-District) / Una(District) / Himachal Pradesh(State),01118800,018073,N,,,,
25,18638,Amrera (8/2),अमरेड़ा (8/2),Bangana(Sub-District) / Una(District) / Himachal Pradesh(State),01175300,018638,N,,,,
26,18515,Amroh (6/11),अमरोह (6/11),Jol(Sub-District) / Una(District) / Himachal Pradesh(State),01163000,018515,N,,,,
27,18195,Andora Lower (144),अन्दौरा निचला (144),Amb(Sub-District) / Una(District) / Himachal Pradesh(State),01131000,018195,N,,,,
28,18196,Andora Upper (144),अन्दौरा उपरला (144),Amb(Sub-District) / Una(District) / Himachal Pradesh(State),01131100,018196,N,,,,
29,18604,Androli (10/16),अन्दरोली (10/16),Birhu Kalan(Sub-District) / Una(District) / Himachal Pradesh(State),01171900,018604,N,,,,
30,18222,Ardoh (34),अरडोह (34),Amb(Sub-District) / Una(District) / Himachal Pradesh(State),01133700,018222,N,,,,
31,18724,Arjunpura (198),अर्जुनपुरा (198),Ispur(Sub-District) / Una(District) / Himachal Pradesh(State),01183900,018724,N,,,,
32,18392,Arlu Gurmukh (3/3),अरलू गुरमुख(3/3),Bangana(Sub-District) / Una(District) / Himachal Pradesh(State),01150700,018392,N,,,,
33,18391,Arlu Khas (3/1),अरलू खास(3/1),Bangana(Sub-District) / Una(District) / Himachal Pradesh(State),01150600,018391,N,,,,
34,18393,Arlu Kundu (3/2),अरलू कुन्दू(3/2),Bangana(Sub-District) / Una(District) / Himachal Pradesh(State),01150800,018393,N,,,,
35,18771,Arniala (205),अरनियाला (205),Una(Sub-District) / Una(District) / Himachal Pradesh(State),01188600,018771,N,,,,
36,18201,Athwan (142),अठवां (142),Amb(Sub-District) / Una(District) / Himachal Pradesh(State),01131600,018201,N,,,,
37,18507,Atia (6/5),अटिया (6/5),Jol(Sub-District) / Una(District) / Himachal Pradesh(State),01162200,018507,N,,,,
38,18855,Aujale (523),औजले,Dulahar(Sub-District) / Una(District) / Himachal Pradesh(State),01196100,018855,N,,,,
39,18448,Awahar (15/11),अवाहड़ (15/11),Bangana(Sub-District) / Una(District) / Himachal Pradesh(State),01156300,018448,N,,,,
40,18647,Baag (8/3),बाग(8/3),Bangana(Sub-District) / Una(District) / Himachal Pradesh(State),01176200,018647,N,,,,
41,18080,Baag Mahuan (31/15),बाग महुंआ(31/15),Bharwain(Sub-District) / Una(District) / Himachal Pradesh(State),01119500,018080,N,,,,
42,18115,Babehar (118),बबेहड़ (118),Ghanari(Sub-District) / Una(District) / Himachal Pradesh(State),01123000,018115,N,,,,
43,18194,Badaun (149),बदाऊं (149),Amb(Sub-District) / Una(District) / Himachal Pradesh(State),01130900,018194,N,,,,
44,18661,Badehar Jhikla (9/2),बडैहर झिकला (9/2),Bangana(Sub-District) / Una(District) / Himachal Pradesh(State),01177600,018661,N,,,,
45,18659,Badehar Uperla (9/1),बडैहर उपरला(9/1),Bangana(Sub-District) / Una(District) / Himachal Pradesh(State),01177400,018659,N,,,,
46,18800,Badehar Upnam Dehlan (219),बडैहर उपनाम देहलां(219),Mehatpur(Sub-District) / Una(District) / Himachal Pradesh(State),01191500,018800,N,,,,
47,18373,Baderah (2/14),बडेराह (2/14),Jol(Sub-District) / Una(District) / Himachal Pradesh(State),01148800,018373,N,,,,
48,18566,Badghar (7/3),बदघार (7/3),Birhu Kalan(Sub-District) / Una(District) / Himachal Pradesh(State),01168100,018566,N,,,,
49,18190,Badhera (169),बढ़ेड़ा (169),Gagret(Sub-District) / Una(District) / Himachal Pradesh(State),01130500,018190,N,,,,
50,18837,Badhera (199),बढे़ड़ा (199),Haroli(Sub-District) / Una(District) / Himachal Pradesh(State),01195200,018837,N,,,,
51,18064,Badhmana (17/1),वधमाणा(17/1),Bharwain(Sub-District) / Una(District) / Himachal Pradesh(State),01117900,018064,N,,,,
52,18175,Badoh (147),बडोह (147),Gagret(Sub-District) / Una(District) / Himachal Pradesh(State),01129000,018175,N,,,,
53,18298,Badoh (99),बडोह (99),Amb(Sub-District) / Una(District) / Himachal Pradesh(State),01141300,018298,N,,,,
54,18735,Badoli (440),बदोली (440),Una(Sub-District) / Una(District) / Himachal Pradesh(State),01185000,018735,N,,,,
55,18601,Bador (10/18),बडोर (10/18),Birhu Kalan(Sub-District) / Una(District) / Himachal Pradesh(State),01171600,018601,N,,,,
56,18386,Badoya (4/18),बडोआ (4/18),Jol(Sub-District) / Una(District) / Himachal Pradesh(State),01150100,018386,N,,,,
57,18740,Badsala (187),बडसाला (187),Una(Sub-District) / Una(District) / Himachal Pradesh(State),01185500,018740,N,,,,
58,18370,Baduha (2/1),बड़ूहा(2/1),Jol(Sub-District) / Una(District) / Himachal Pradesh(State),01148500,018370,N,,,,
59,18257,Bagga Barota (65),बग्गा बरोटा (65),Amb(Sub-District) / Una(District) / Himachal Pradesh(State),01137200,018257,N,,,,
60,18397,Baggi (3/6),बग्गी(3/6),Bangana(Sub-District) / Una(District) / Himachal Pradesh(State),01151200,018397,N,,,,
61,18646,Bahal (8/9),वाहल (8/9),Bangana(Sub-District) / Una(District) / Himachal Pradesh(State),01176100,018646,N,eSignGOFile662648_18_02_2025_12_05_25.pdf,,,
62,18336,Baheri (170),बहेड़ी (170),Amb(Sub-District) / Una(District) / Himachal Pradesh(State),01145100,018336,N,,,,
63,18425,Baihrarh (16/2),बैहरड़़(16/2),Bangana(Sub-District) / Una(District) / Himachal Pradesh(State),01154000,018425,N,,,,
64,938961,Bairi (8/10),बैरी(8/10),Bangana(Sub-District) / Una(District) / Himachal Pradesh(State),,000000,N,,,,
65,18362,Bairian (1/14),बैरियां(1/14),Jol(Sub-District) / Una(District) / Himachal Pradesh(State),01147700,018362,N,,,,
66,18643,Bajwar Kundu (8/5),बजवार कुन्दू(8/5),Bangana(Sub-District) / Una(District) / Himachal Pradesh(State),01175800,018643,N,,,,
67,18644,Bajwar Kundu-I (8/5),बजवार कुन्दू प्रथम (8/5),Bangana(Sub-District) / Una(District) / Himachal Pradesh(State),01175900,018644,N,,,,
68,18645,Bajwar Kundu-II (8/5),बजवार कुन्दू द्वितीय (8/5),Bangana(Sub-District) / Una(District) / Himachal Pradesh(State),01176000,018645,N,,,,
69,18394,Balh (3/7),बल्ह(3/7),Birhu Kalan(Sub-District) / Una(District) / Himachal Pradesh(State),01150900,018394,N,eSignGOFile662648_18_02_2025_10_40_55.pdf,,,
70,18541,Balh (7/26),बल्ह(7/26),Bangana(Sub-District) / Una(District) / Himachal Pradesh(State),01165600,018541,N,,,,
71,18581,Balh Khalasa (10/15),बल्ह खालसा (10/15),Birhu Kalan(Sub-District) / Una(District) / Himachal Pradesh(State),01169600,018581,N,,,,
72,18543,Balh Kholi (7/26),वल्ह खौली,Birhu Kalan(Sub-District) / Una(District) / Himachal Pradesh(State),01165800,018543,N,,,,
73,18542,Balh Rehere (7/26),वल्ह रेहड़े,Birhu Kalan(Sub-District) / Una(District) / Himachal Pradesh(State),01165700,018542,N,,,,
74,18676,Balyara (9/19),बल्यारा(9/19),Bangana(Sub-District) / Una(District) / Himachal Pradesh(State),01179100,018676,N,,,,
75,18224,Band Bakshi (32),बन्ड बक्शी (32),Amb(Sub-District) / Una(District) / Himachal Pradesh(State),01133900,018224,N,,,,
76,18456,Bangana (15/21),बंगाणा(15/21),Bangana(Sub-District) / Una(District) / Himachal Pradesh(State),01157100,018456,N,,,,
77,18821,Bangarh (461),बनगढ़(461),Mehatpur(Sub-District) / Una(District) / Himachal Pradesh(State),01193600,018821,N,,,,
78,18679,Banjal (9/20),वंजाल(9/20),Bangana(Sub-District) / Una(District) / Himachal Pradesh(State),01179400,018679,N,,,,
79,18801,Bans Bonsre,बांस बोंसरे (219),Mehatpur(Sub-District) / Una(District) / Himachal Pradesh(State),01191600,018801,N,,,,
80,18546,Baral,बराल,Birhu Kalan(Sub-District) / Una(District) / Himachal Pradesh(State),01166100,018546,N,,,,
81,18730,Bareda (442),बरेड़ा (442),Una(Sub-District) / Una(District) / Himachal Pradesh(State),01184500,018730,N,,,,
82,18055,Baret (14),बरेट(14),Bharwain(Sub-District) / Una(District) / Himachal Pradesh(State),01117000,018055,N,,,,
83,18754,Barnoh (454),बरनोह (454),Una(Sub-District) / Una(District) / Himachal Pradesh(State),01186900,018754,N,,,,
84,18794,Barsara (212),बारसड़ा (212),Una(Sub-District) / Una(District) / Himachal Pradesh(State),01190900,018794,N,,,,
85,18348,Baruhi (1/5),बड़ूही(1/5),Jol(Sub-District) / Una(District) / Himachal Pradesh(State),01146300,018348,N,,,,
86,18630,Basatar (14/3),बसातर(14/3),Bangana(Sub-District) / Una(District) / Himachal Pradesh(State),01174500,018630,N,,,,
87,18368,Baslehar (1/12),बसलेहड़ा(1/12),Jol(Sub-District) / Una(District) / Himachal Pradesh(State),01148300,018368,N,,,,
88,18321,Basuni (115),बसूणी (115),Amb(Sub-District) / Una(District) / Himachal Pradesh(State),01143600,018321,N,,,,
89,18894,Bathri (476),बाथड़ी (476),Haroli(Sub-District) / Una(District) / Himachal Pradesh(State),01197600,018894,N,,,,
90,18895,Bathri Bela (476),बाथड़ी बेला (476),Haroli(Sub-District) / Una(District) / Himachal Pradesh(State),01197600,018895,N,,,,
91,18891,Bathu (475),बाथू (475),Haroli(Sub-District) / Una(District) / Himachal Pradesh(State),01197500,018891,N,,,,
92,18889,Batkalan (473),बटकलां (473),Haroli(Sub-District) / Una(District) / Himachal Pradesh(State),01197300,018889,N,,,,
93,18890,Batkhurd (474),बटखुर्द (474),Haroli(Sub-District) / Una(District) / Himachal Pradesh(State),01197400,018890,N,,,,
94,18727,Batuhi (439),बटूही (439),Una(Sub-District) / Una(District) / Himachal Pradesh(State),01184200,018727,N,,,,
95,18523,Baul (6/17),बौल(6/17),Jol(Sub-District) / Una(District) / Himachal Pradesh(State),01163800,018523,N,,,,
96,18521,Baul Uperli,बौल उपरली,Jol(Sub-District) / Una(District) / Himachal Pradesh(State),01163600,018521,N,,,,
97,18310,Beejapur (159),बीजापुर (159),Amb(Sub-District) / Una(District) / Himachal Pradesh(State),01142500,018310,N,,,,
98,18226,Behal (36),बैहल (36),Amb(Sub-District) / Una(District) / Himachal Pradesh(State),01134100,018226,N,,,,
99,18089,Behar Bangwalan (31/6),बेहड़ बंगवालां (31/6),Bharwain(Sub-District) / Una(District) / Himachal Pradesh(State),01120400,018089,N,,,,
100,18325,Behar Bitthal (112),बेहड़ बिठल (112),Amb(Sub-District) / Una(District) / Himachal Pradesh(State),01144000,018325,N,,,,
101,18326,Behar Jaswan Kanshi (113),बेहड़ जस्वां कांशी (113),Amb(Sub-District) / Una(District) / Himachal Pradesh(State),01144100,018326,N,,,,
102,18382,Behi (4/2),बेही(4/2),Jol(Sub-District) / Una(District) / Himachal Pradesh(State),01149700,018382,N,,,,
103,18377,Behlan (2/3),बेहलां (2/3),Jol(Sub-District) / Una(District) / Himachal Pradesh(State),01149200,018377,N,,,,
104,18057,Behran (12),बेहड़ां (12),Bharwain(Sub-District) / Una(District) / Himachal Pradesh(State),01117200,018057,N,,,,
105,18396,Bhaba (3/8),भब्बा(3/8),Bangana(Sub-District) / Una(District) / Himachal Pradesh(State),01151100,018396,N,,,,
106,18848,Bhadauri (468),भदौड़ी (468),Haroli(Sub-District) / Una(District) / Himachal Pradesh(State),01195900,018848,N,,,,
107,18866,Bhadiara (526),भंडियारां,Dulahar(Sub-District) / Una(District) / Himachal Pradesh(State),01196400,018866,N,,,,
108,18716,Bhadsali (197),भदसाली (197),Ispur(Sub-District) / Una(District) / Himachal Pradesh(State),01183100,018716,N,,,,
109,18717,Bhadsali Bhulgarh (197),भदसाली भूलगढ़ (197),Ispur(Sub-District) / Una(District) / Himachal Pradesh(State),01183200,018717,N,,,,
110,18715,Bhadsali Haar (197),भदसाली हार (197),Ispur(Sub-District) / Una(District) / Himachal Pradesh(State),01183000,018715,N,,,,
111,18719,Bhadsali Tholian (197),भदसाली थोलियां (197),Ispur(Sub-District) / Una(District) / Himachal Pradesh(State),01183400,018719,N,,,,
112,18506,Bhagnal (6/4),भगनाल (6/4),Jol(Sub-District) / Una(District) / Himachal Pradesh(State),01162100,018506,N,,,,
113,18218,Bhagrah (69),भगड़ाह (69),Amb(Sub-District) / Una(District) / Himachal Pradesh(State),01133300,018218,N,,,,
114,18707,Bhaini Khad (181),भैणी खडड (181),Ispur(Sub-District) / Una(District) / Himachal Pradesh(State),01182200,018707,N,,,,
115,18209,Bhalehar (79),भलैहड़ (79),Amb(Sub-District) / Una(District) / Himachal Pradesh(State),01132400,018209,N,,,,
116,18453,Bhalet (15/14),भलेत (15/14),Bangana(Sub-District) / Una(District) / Himachal Pradesh(State),01156800,018453,N,,,,
117,18467,Bhaleti Mian (8/8),भलेती मियां(8/8),Bangana(Sub-District) / Una(District) / Himachal Pradesh(State),01158200,018467,N,,,,
118,18469,Bhaleti Padhiyan (8/7),भलेती पाधियां (8/7),Bangana(Sub-District) / Una(District) / Himachal Pradesh(State),01158400,018469,N,,,,
119,18468,Bhaleti Pathian (8/6),भलेती पाठियां (8/6),Bangana(Sub-District) / Una(District) / Himachal Pradesh(State),01158300,018468,N,,,,
120,18387,Bhalkhoon (4/10),भलखूं (4/10),Jol(Sub-District) / Una(District) / Himachal Pradesh(State),01150200,018387,N,,,,
121,18729,Bhaloh (438),भलोह (438),Una(Sub-District) / Una(District) / Himachal Pradesh(State),01184400,018729,N,,,,
122,18726,Bhalola (182),भलोला (182),Una(Sub-District) / Una(District) / Himachal Pradesh(State),01184100,018726,N,,,,
123,18366,Bhaloun (1/15),भलौन (1/15),Jol(Sub-District) / Una(District) / Himachal Pradesh(State),01148100,018366,N,,,,
124,18369,Bharmar (1/11),भड़माड (1/11),Jol(Sub-District) / Una(District) / Himachal Pradesh(State),01148400,018369,N,,,,
125,18417,Bharmot (3/5),भरमौत(3/5),Bangana(Sub-District) / Una(District) / Himachal Pradesh(State),01153200,018417,N,,,,
126,18795,Bharolian Gugara (217),भड़ोलियां गुगाड़ा (217),Una(Sub-District) / Una(District) / Himachal Pradesh(State),01191000,018795,N,,,,
127,18786,Bharolian Khurd (207),भड़ोलियां खुर्द (207),Una(Sub-District) / Una(District) / Himachal Pradesh(State),01190100,018786,N,,,,
128,18053,Bhater Jhigli (13/2),भटेड़ झिगली,Bharwain(Sub-District) / Una(District) / Himachal Pradesh(State),01116800,018053,N,,,,
129,18056,Bhater Khas (13/1),भटेड़ खास (13/1),Bharwain(Sub-District) / Una(District) / Himachal Pradesh(State),01117100,018056,N,,,,
130,18054,Bhater Parli (13/3),भटेड़ पारली (13/3),Bharwain(Sub-District) / Una(District) / Himachal Pradesh(State),01116900,018054,N,,,,
131,18305,Bhawarn Urf Kangruhi (106),भवर्न उर्फ कंगरुही (106),Amb(Sub-District) / Una(District) / Himachal Pradesh(State),01142000,018305,N,,,,
132,18339,Bhera (174),भैरा (174),Amb(Sub-District) / Una(District) / Himachal Pradesh(State),01145400,018339,N,,,,
133,18408,Bhiambi (16/3),भियाम्बी(16/3),Bangana(Sub-District) / Una(District) / Himachal Pradesh(State),01152300,018408,N,,,,
134,18375,Bhindla (2/2),भिंडला (2/2),Jol(Sub-District) / Una(District) / Himachal Pradesh(State),01149000,018375,N,,,,
135,18356,Bhood (1/13),भुड़ (1/13),Jol(Sub-District) / Una(District) / Himachal Pradesh(State),01147100,018356,N,,,,
136,18545,Bhudhwar (7/10),बुढवार (7/10),Birhu Kalan(Sub-District) / Una(District) / Himachal Pradesh(State),01166000,018545,N,,,,
137,18466,Bhugrian Brahmina (8/11),भुगड़़यान ब्राहम्णा (8/11),Bangana(Sub-District) / Una(District) / Himachal Pradesh(State),01158100,018466,N,,,,
138,18465,Bhugrian Chamiaran (8/12),भुगड़़यान चमारां (8/12),Bangana(Sub-District) / Una(District) / Himachal Pradesh(State),01158000,018465,N,,,,
139,18572,Bihru Kalan (7/8),बीहड़ू कलां (7/8),Birhu Kalan(Sub-District) / Una(District) / Himachal Pradesh(State),01168700,018572,N,,,,
140,18573,Bihru Khurd (7/7),बीहड़ू खुर्द (7/7),Birhu Kalan(Sub-District) / Una(District) / Himachal Pradesh(State),01168800,018573,N,,,,
141,18834,Binewal (243),बीनेवाल(243),Mehatpur(Sub-District) / Una(District) / Himachal Pradesh(State),01194900,018834,N,,,,
142,18874,Bitan (528),बीटन (528),Dulahar(Sub-District) / Una(District) / Himachal Pradesh(State),01196800,018874,N,,,,
143,18484,Bohana (5/13),बोहाना(5/13),Bangana(Sub-District) / Una(District) / Himachal Pradesh(State),01159900,018484,N,,,,
144,18588,Bohru (10/9),बोहरु (10/9),Birhu Kalan(Sub-District) / Una(District) / Himachal Pradesh(State),01170300,018588,N,,,,
145,18447,Bot (15/29),बोट(15/29),Bangana(Sub-District) / Una(District) / Himachal Pradesh(State),01156200,018447,N,,,,
146,18217,Bringal (71),ब्रिंगल (71),Amb(Sub-District) / Una(District) / Himachal Pradesh(State),01133200,018217,N,,,,
147,18683,Budhan Jhikla (9/18),बुधान झिकला(9/18),Bangana(Sub-District) / Una(District) / Himachal Pradesh(State),01179800,018683,N,,,,
148,18682,Budhan Uparla (9/17),बुधान उपरला(9/17),Bangana(Sub-District) / Una(District) / Himachal Pradesh(State),01179700,018682,N,,,,
149,18173,Bumbloo (145),उप महाल बुम्बलू (145),Gagret(Sub-District) / Una(District) / Himachal Pradesh(State),01128800,018173,N,,,,
150,18538,Busal (7/25),बूसल (7/25),Birhu Kalan(Sub-District) / Una(District) / Himachal Pradesh(State),01165300,018538,N,,,,
151,18327,Chak (156),चक (156),Amb(Sub-District) / Una(District) / Himachal Pradesh(State),01144200,018327,N,,,,
152,18518,Chakdoya (6/13),चकडोआ (6/13),Jol(Sub-District) / Una(District) / Himachal Pradesh(State),01163300,018518,N,,,,
153,18706,Chak Khad (181),चक्क खडड(181),Ispur(Sub-District) / Una(District) / Himachal Pradesh(State),01182100,018706,N,,,,
154,18444,Chaksar (3/12),चकसर (3/12),Bangana(Sub-District) / Una(District) / Himachal Pradesh(State),01155900,018444,N,,,,
155,18302,Chaksarai (103),चकसराये (103),Amb(Sub-District) / Una(District) / Himachal Pradesh(State),01141700,018302,N,,,,
156,18069,Chalol Behar (24/3),चलोल वेहड़़ (24/3),Bharwain(Sub-District) / Una(District) / Himachal Pradesh(State),01118400,018069,N,,,,
157,18497,Chamboa (4/3),चम्बोआ(4/3),Bangana(Sub-District) / Una(District) / Himachal Pradesh(State),01161200,018497,N,,,,
158,18628,Chamiari (14/6),चमयाड़ी(14/6),Bangana(Sub-District) / Una(District) / Himachal Pradesh(State),01174300,018628,N,,,,
159,18880,Chandpur (527),चन्दपुर,Haroli(Sub-District) / Una(District) / Himachal Pradesh(State),01196900,018880,N,,,,
160,18592,Changar (10/5),चंगर (10/5),Birhu Kalan(Sub-District) / Una(District) / Himachal Pradesh(State),01170700,018592,N,,,,
161,18574,Changreri (7/9),चंगरेड़ी (7/9),Birhu Kalan(Sub-District) / Una(District) / Himachal Pradesh(State),01168900,018574,N,,,,
162,18489,Chaplah Garlan (5/4),चपलाह गारलां(5/4),Bangana(Sub-District) / Una(District) / Himachal Pradesh(State),01160400,018489,N,,,,
163,18488,Chaplah Kutlehrian (5/8),चपलाह कुटलैहड़ियां (5/8),Bangana(Sub-District) / Una(District) / Himachal Pradesh(State),01160300,018488,N,,,,
164,18405,Charara (16/1),चराड़ा(16/1),Bangana(Sub-District) / Una(District) / Himachal Pradesh(State),01152000,018405,N,,,,
165,18817,Charatgarh Nichla (225),चढ़तगढ़ निचला(225),Mehatpur(Sub-District) / Una(District) / Himachal Pradesh(State),01193200,018817,N,,,,
166,18815,Charatgarh Upperla (225),चढ़तगढ़ उपरला(225),Mehatpur(Sub-District) / Una(District) / Himachal Pradesh(State),01193000,018815,N,,,,
167,18495,Charoli (4/4),चडोली (4/4),Bangana(Sub-District) / Una(District) / Himachal Pradesh(State),01161000,018495,N,,,,
168,18322,Chatehar Behar (108),चतेहड़ बेहड़ (108),Amb(Sub-District) / Una(District) / Himachal Pradesh(State),01143700,018322,N,,,,
169,18781,Chattara Khas (458),चताड़ा खास (458),Una(Sub-District) / Una(District) / Himachal Pradesh(State),01189600,018781,N,,,,
170,18367,Chattehar (1/7),छतैहड़़ (1/7),Jol(Sub-District) / Una(District) / Himachal Pradesh(State),01148200,018367,N,,,,
171,18354,Chauki Khas (1/4),चौकी खास (1/4),Jol(Sub-District) / Una(District) / Himachal Pradesh(State),01146900,018354,N,,,,
172,18380,Chauli (2/3),चौली (2/3),Jol(Sub-District) / Una(District) / Himachal Pradesh(State),01149500,018380,N,,,,
173,18668,Chehru (9/5),चैहडू(9/5),Bangana(Sub-District) / Una(District) / Himachal Pradesh(State),01178300,018668,N,,,,
174,18066,Chhaproh (26/1),छपरोह(26/1),Bharwain(Sub-District) / Una(District) / Himachal Pradesh(State),01118100,018066,N,,,,
175,18535,Chhaproh Kalan (7/34),छपरोह कलां (7/34),Birhu Kalan(Sub-District) / Una(District) / Himachal Pradesh(State),01165000,018535,N,,,,
176,18536,Chhaproh Khurd (7/28),छपरोह खुर्द (7/28),Birhu Kalan(Sub-District) / Una(District) / Himachal Pradesh(State),01165100,018536,N,,,,
177,18829,Chhatarpur (227),छतरपुर(227),Mehatpur(Sub-District) / Una(District) / Himachal Pradesh(State),01194400,018829,N,,,,
178,18407,Chhattehr (16/9),छतैहड़(16/9),Bangana(Sub-District) / Una(District) / Himachal Pradesh(State),01152200,018407,N,,,,
179,18876,Chhetran (527),छेत्रां,Dulahar(Sub-District) / Una(District) / Himachal Pradesh(State),01196900,018876,N,,,,
180,18460,Chihlli (15/20),चिहली(15/20),Bangana(Sub-District) / Una(District) / Himachal Pradesh(State),01157500,018460,N,,,,
181,18221,Chuaar (33),चुआर (33),Amb(Sub-District) / Una(District) / Himachal Pradesh(State),01133600,018221,N,,,,
182,18410,Chukahan (16/10),चुकाहन(16/10),Bangana(Sub-District) / Una(District) / Himachal Pradesh(State),01152500,018410,N,,,,
183,18589,Chukath (10/8),चुकाठ (10/8),Birhu Kalan(Sub-District) / Una(District) / Himachal Pradesh(State),01170400,018589,N,,,,
184,18591,Chulri (10/3),चुलड़ी (10/3),Birhu Kalan(Sub-District) / Una(District) / Himachal Pradesh(State),01170600,018591,N,,,,
185,18335,Chururu (166),चुरुड़ू (166),Amb(Sub-District) / Una(District) / Himachal Pradesh(State),01145000,018335,N,,,,
186,938962,Dadyar (9/9),डडयार(9/9),Bangana(Sub-District) / Una(District) / Himachal Pradesh(State),,000000,N,,,,
187,18376,Dagrah (2/2),दगड़ाह,Jol(Sub-District) / Una(District) / Himachal Pradesh(State),01149100,018376,N,,,,
188,18575,Dalehri Brahmna (7/15),दलैहड़ी ब्राहमणां  (7/15),Birhu Kalan(Sub-District) / Una(District) / Himachal Pradesh(State),01169000,018575,N,,,,
189,18416,Damohad (15/36),दमोहड़(15/36),Bangana(Sub-District) / Una(District) / Himachal Pradesh(State),01153100,018416,N,,,,
190,18756,Dangehra (191),डंगेहड़ा (191),Una(Sub-District) / Una(District) / Himachal Pradesh(State),01187100,018756,N,,,,
191,18108,Dangoh Khurd (121),डंगोह खुर्द (121),Ghanari(Sub-District) / Una(District) / Himachal Pradesh(State),01122300,018108,N,,,,
192,18774,Dangoli (202),डंगोली (202),Una(Sub-District) / Una(District) / Himachal Pradesh(State),01188900,018774,N,,,,
193,18289,Danguhi (44),डंगूही (44),Amb(Sub-District) / Una(District) / Himachal Pradesh(State),01140400,018289,N,,,,
194,18441,Danoh (15/15),दनोह(15/15),Bangana(Sub-District) / Una(District) / Himachal Pradesh(State),01155600,018441,N,,,,
195,18633,Daroh (14/1),डरोह(14/1),Bangana(Sub-District) / Una(District) / Himachal Pradesh(State),01174800,018633,N,,,,
196,18734,Dathwara (441),डठवाड़ा (441),Una(Sub-District) / Una(District) / Himachal Pradesh(State),01184900,018734,N,,,,
197,18703,Daulatpur (180),दौलतपुर (180),Ispur(Sub-District) / Una(District) / Himachal Pradesh(State),01181800,018703,N,,,,
198,18665,Dayan (7/14),दायण (7/14),Birhu Kalan(Sub-District) / Una(District) / Himachal Pradesh(State),01178000,018665,N,,,,
199,18690,Dehan (11/9),डैहन(11/9),Bangana(Sub-District) / Una(District) / Himachal Pradesh(State),01180500,018690,N,,,,
200,18746,Dhadial (188),धदियाल (188),Una(Sub-District) / Una(District) / Himachal Pradesh(State),01186100,018746,N,,,,
201,18446,Dhagroon (3/10),धंगडू(3/10),Bangana(Sub-District) / Una(District) / Himachal Pradesh(State),01156100,018446,N,,,,
202,18065,Dhalwari (18/2),धलवाड़ी(18/2),Bharwain(Sub-District) / Una(District) / Himachal Pradesh(State),01118000,018065,N,,,,
203,18070,Dhalwari Dehalwan (24/2),धलवाड़ी देहलवां(24/2),Bharwain(Sub-District) / Una(District) / Himachal Pradesh(State),01118500,018070,N,,,,
204,18733,Dhamandri (444),घमान्दरी (444),Una(Sub-District) / Una(District) / Himachal Pradesh(State),01184800,018733,N,,,,
205,18839,Dharampur (463),धर्मपुर (463),Haroli(Sub-District) / Una(District) / Himachal Pradesh(State),01195400,018839,N,,,,
206,18689,Dharet (11/8),घरेत(11/8),Bangana(Sub-District) / Una(District) / Himachal Pradesh(State),01180400,018689,N,,,,
207,18299,Dhar Gujjran (100),धार गुजरां(100),Amb(Sub-District) / Una(District) / Himachal Pradesh(State),01141400,018299,N,,,,
208,18060,Dharmshal Mahanta (15/1),धर्मशाल महन्ता (15/1),Bharwain(Sub-District) / Una(District) / Himachal Pradesh(State),01117500,018060,N,,,,
209,18265,Dharu (88),धारु (88),Amb(Sub-District) / Una(District) / Himachal Pradesh(State),01138000,018265,N,,,,
210,18266,Dharui (64),धड़ूई (64),Amb(Sub-District) / Una(District) / Himachal Pradesh(State),01138100,018266,N,,,,
211,18519,Dharun (6/8),धरूं (6/8),Jol(Sub-District) / Una(District) / Himachal Pradesh(State),01163400,018519,N,,,,
212,18614,Dhatol (8/15),धतोल(8/15),Bangana(Sub-District) / Una(District) / Himachal Pradesh(State),01172900,018614,N,,,,
213,18684,Dhawera (9/27),धबेड़ा(9/27),Bangana(Sub-District) / Una(District) / Himachal Pradesh(State),01179900,018684,N,,,,
214,18615,Dhundla (8/16),धुन्धला(8/16),Bangana(Sub-District) / Una(District) / Himachal Pradesh(State),01173000,018615,N,,,,
215,18338,Diara (172),दियाड़ा (172),Amb(Sub-District) / Una(District) / Himachal Pradesh(State),01145300,018338,N,eSignGOFile662648_19_03_2025_12_02_16.pdf,,,
216,18504,Dihar (4/6),डीहर(4/6),Bangana(Sub-District) / Una(District) / Himachal Pradesh(State),01161900,018504,N,,,,
217,18337,Dilwan (171),दिलवां (171),Amb(Sub-District) / Una(District) / Himachal Pradesh(State),01145200,018337,N,,,,
218,18605,Dobar (10/26),दोवड़ (10/26),Birhu Kalan(Sub-District) / Una(District) / Himachal Pradesh(State),01172000,018605,N,,,,
219,18550,Doh (7/17),डोह (7/17),Birhu Kalan(Sub-District) / Una(District) / Himachal Pradesh(State),01166500,018550,N,,,,
220,18473,Dohag Jhikly (8/18),डोहग झिकली(8/18),Bangana(Sub-District) / Una(District) / Himachal Pradesh(State),01158800,018473,N,,,,
221,18472,Dohag Upperli (8/17),डोहग उपरली(8/17),Bangana(Sub-District) / Una(District) / Himachal Pradesh(State),01158700,018472,N,,,,
222,18567,Dohak (7/13),डोहक (7/13),Birhu Kalan(Sub-District) / Una(District) / Himachal Pradesh(State),01168200,018567,N,,,,
223,18621,Dolu (14/10),डोलू(14/10),Bangana(Sub-District) / Una(District) / Himachal Pradesh(State),01173600,018621,N,,,,
224,18555,D.P.F. Aghlor,डी पी एफ अघलौर,Birhu Kalan(Sub-District) / Una(District) / Himachal Pradesh(State),01167000,018555,N,,,,
225,18511,D.P.F. Atia (6/5),डी पी एफ अटिया (6/5),Jol(Sub-District) / Una(District) / Himachal Pradesh(State),01162600,018511,N,,,,
226,18363,D.P.F. Bairian (1/14),डी पी एफ बैरियां,Jol(Sub-District) / Una(District) / Himachal Pradesh(State),01147800,018363,N,,,,
227,18636,D.P.F.Basatar (14/13),डी पी एफ बसातर (14/13),Bangana(Sub-District) / Una(District) / Himachal Pradesh(State),01175100,018636,N,,,,
228,18378,D.P.F. Behlan (2/2),डी पी एफ बेहलां,Jol(Sub-District) / Una(District) / Himachal Pradesh(State),01149300,018378,N,,,,
229,18422,D.P.F. Bharmout (3/5),डी पी एफ भरमौत (3/5),Bangana(Sub-District) / Una(District) / Himachal Pradesh(State),01153700,018422,N,,,,
230,18539,D.P.F. Busal (7/25),डी पी एफ बूसल,Birhu Kalan(Sub-District) / Una(District) / Himachal Pradesh(State),01165400,018539,N,,,,
231,18637,D.P.F. Chamiari (14/6),डी पी एफ चमयाड़ी (14/6),Bangana(Sub-District) / Una(District) / Himachal Pradesh(State),01175200,018637,N,,,,
232,18413,D.P.F.Charara (16/1),डी पी एफ चराड़ा (16/1),Bangana(Sub-District) / Una(District) / Himachal Pradesh(State),01152800,018413,N,,,,
233,18496,D.P.F.Charoli (4/4),डी पी एफ चडोली (4/4),Bangana(Sub-District) / Una(District) / Himachal Pradesh(State),01161100,018496,N,,,,
234,18355,D.P.F. Chauki Khas (1/4),डी पी एफ चौकी खास (1/4),Jol(Sub-District) / Una(District) / Himachal Pradesh(State),01147000,018355,N,,,,
235,18498,D.P.F. Dhayunsar-IV (4/3),डी पी एफ ध्यूंसर चतुर्थ (4/3),Bangana(Sub-District) / Una(District) / Himachal Pradesh(State),01161300,018498,N,,,,
236,18502,D.P.F. Dhayunsar-V (4/12),डी पी एफ ध्यूंसर पांचवा (4/12),Bangana(Sub-District) / Una(District) / Himachal Pradesh(State),01161700,018502,N,,,,
237,18379,D.P.F. Dhiunsar-I (2/2),डी पी एफ ध्यूंसर-1 (2/2),Jol(Sub-District) / Una(District) / Himachal Pradesh(State),01149400,018379,N,,,,
238,18389,D.P.F. Dhiunsar-II (4/2),डी पी एफ ध्यूंसर-2,Jol(Sub-District) / Una(District) / Himachal Pradesh(State),01150400,018389,N,,,,
239,18390,D.P.F. Dhiunsar-III (4/18),डी पी एफ ध्यूंसर-तृतीय,Jol(Sub-District) / Una(District) / Himachal Pradesh(State),01150500,018390,N,,,,
240,18404,D.P.F. Ghor Palani-II (3/16),डी पी एफ घोडपलानी द्वितीय (3/16),Bangana(Sub-District) / Una(District) / Himachal Pradesh(State),01151900,018404,N,,,,
241,18361,D.P.F. Jol (1/16),डी पी एफ जोल (1/16),Jol(Sub-District) / Una(District) / Himachal Pradesh(State),01147600,018361,N,,,,
242,18635,D.P.F. Kanuhra (14/2),डी पी एफ कनूहड़ा (14/2),Bangana(Sub-District) / Una(District) / Himachal Pradesh(State),01175000,018635,N,,,,
243,18595,D.P.F. Kosad (10/6),डी पी एफ कोसड,Birhu Kalan(Sub-District) / Una(District) / Himachal Pradesh(State),01171000,018595,N,,,,
244,18627,D.P.F. Kot (14/13),डी पी एफ कोट (14/13),Bangana(Sub-District) / Una(District) / Himachal Pradesh(State),01174200,018627,N,,,,
245,18626,D.P.F. Matoh (14/15),डी पी एफ मतोह (14/15),Bangana(Sub-District) / Una(District) / Himachal Pradesh(State),01174100,018626,N,,,,
246,18403,D.P.F. Oel Da Van (3/16),डी पी एफ ओयल दा वन (3/16),Bangana(Sub-District) / Una(District) / Himachal Pradesh(State),01151800,018403,N,,,,
247,18695,D.P.F. Panyala (11/3),डी0पी0एफ0 पनयाला (11/3),Bangana(Sub-District) / Una(District) / Himachal Pradesh(State),01181000,018695,N,,,,
248,18597,D.P.F. Ramgarh Awarla -I (10/13),डी पी एफ रामगढ़ अवारला प्रथम,Birhu Kalan(Sub-District) / Una(District) / Himachal Pradesh(State),01171200,018597,N,,,,
249,18577,D.P.F.Ramgarh Awarla-I (7/13),डी पी एफ रामगढ़ अवारला प्रथम,Birhu Kalan(Sub-District) / Una(District) / Himachal Pradesh(State),01169200,018577,N,,,,
250,18578,D.P.F. Ramgarh Awarla-II (7/13),डी पी एफ रामगढ़ अवारला द्वितीय,Birhu Kalan(Sub-District) / Una(District) / Himachal Pradesh(State),01169300,018578,N,,,,
251,18598,D.P.F. Ramgarh Awarla-III (10/13),डी पी एफ रामगढ़ तृतीय,Birhu Kalan(Sub-District) / Una(District) / Himachal Pradesh(State),01171300,018598,N,,,,
252,18596,D.P.F. Ramgarh Parla,डी पी एफ रामगढ़ पारला,Birhu Kalan(Sub-District) / Una(District) / Himachal Pradesh(State),01171100,018596,N,,,,
253,18445,D.P.F.Sar (3/12),डी पी एफ सर (3/12),Bangana(Sub-District) / Una(District) / Himachal Pradesh(State),01156000,018445,N,,,,
254,18505,D.P.F. Sarkaru Ghorpalani (4/6),डी पी एफ सरकारू घोड़पलानी (4/6),Bangana(Sub-District) / Una(District) / Himachal Pradesh(State),01162000,018505,N,,,,
255,18565,D.P.F.Tanda,डी पी एफ टांडा,Birhu Kalan(Sub-District) / Una(District) / Himachal Pradesh(State),01168000,018565,N,,,,
256,18586,D.P.F.Tanda Anokha-I,डी पी एफ टांडा अनोखा प्रथम,Birhu Kalan(Sub-District) / Una(District) / Himachal Pradesh(State),01170100,018586,N,,,,
257,18587,D.P.F. Tanda Anokha-II,डी पी एफ टांडा अनोखा द्वितीय,Birhu Kalan(Sub-District) / Una(District) / Himachal Pradesh(State),01170200,018587,N,,,,
258,18557,D.P.F.Tihra,डी पी एफ टीहरा,Birhu Kalan(Sub-District) / Una(District) / Himachal Pradesh(State),01167200,018557,N,,,,
259,18494,D.P.F. Van Dhanet (5/13),डी पी एफ वन धनेत (5/13),Bangana(Sub-District) / Una(District) / Himachal Pradesh(State),01160900,018494,N,,,,
260,18463,D.P.F. Vandhar Sohla Singi (15/29),डी पी एफ वनधार सोलासिंगी (15/29),Bangana(Sub-District) / Una(District) / Himachal Pradesh(State),01157800,018463,N,,,,
261,18476,D.P.F. Van Ghariara (5/14),डी पी एफ वन घरयारा (5/14),Bangana(Sub-District) / Una(District) / Himachal Pradesh(State),01159100,018476,N,,,,
262,18658,Dugar (9/7),दुघार (9/7),Bangana(Sub-District) / Una(District) / Himachal Pradesh(State),01177300,018658,N,,,,
263,18067,Duhal Bangwalan (29/1),डूहल बंगवालां(29/1),Bharwain(Sub-District) / Una(District) / Himachal Pradesh(State),01118200,018067,N,,,,
264,18077,Duhal Bhatwalan (29),डूहल भटवालां,Bharwain(Sub-District) / Una(District) / Himachal Pradesh(State),01119200,018077,N,,,,
265,18262,Duhki (105),डूहकी (105),Amb(Sub-District) / Una(District) / Himachal Pradesh(State),01137700,018262,N,,,,
266,18865,Dulehar (526),दुलैहड़़ (526),Dulahar(Sub-District) / Una(District) / Himachal Pradesh(State),01196400,018865,N,,,,
267,18868,Dulehar Uparla (526),दुलैहड़़ उपरला,Dulahar(Sub-District) / Una(District) / Himachal Pradesh(State),01196400,018868,N,,,,
268,18553,Dulehri Rajputan (7/16),दुलैहड़ी राजपूतां (7/16),Birhu Kalan(Sub-District) / Una(District) / Himachal Pradesh(State),01166800,018553,N,,,,
269,18477,Dumkhar (5/2),डुमखर(5/2),Bangana(Sub-District) / Una(District) / Himachal Pradesh(State),01159200,018477,N,,,,
270,18693,Duthan (11/7),दुथान(11/7),Bangana(Sub-District) / Una(District) / Himachal Pradesh(State),01180800,018693,N,,,,
271,18694,Duthan-I (11/7),दुधान प्रथम (11/7),Bangana(Sub-District) / Una(District) / Himachal Pradesh(State),01180900,018694,N,,,,
272,18142,Fatehpur (20),फतेहपुर (20),Ghanari(Sub-District) / Una(District) / Himachal Pradesh(State),01125700,018142,N,,,,
273,18812,Fatehpur (223),फतेहपुर (223),Mehatpur(Sub-District) / Una(District) / Himachal Pradesh(State),01192700,018812,N,,,,
274,18822,Fattewal (460),फतेवाल(460),Mehatpur(Sub-District) / Una(District) / Himachal Pradesh(State),01193700,018822,N,,,,
275,18227,Gangoti (59),गंगोटी (59),Amb(Sub-District) / Una(District) / Himachal Pradesh(State),01134200,018227,N,,,,
276,18100,Ganu (1),गणू (1),Ghanari(Sub-District) / Una(District) / Himachal Pradesh(State),01121500,018100,N,,,,
277,18278,Gathrun (53),गथडूं (53),Amb(Sub-District) / Una(District) / Himachal Pradesh(State),01139300,018278,N,,,,
278,18479,Gehra (5/10),गैहरा (5/10),Bangana(Sub-District) / Una(District) / Himachal Pradesh(State),01159400,018479,N,,,,
279,18432,Ghalun (16/15),घलूं(16/15),Bangana(Sub-District) / Una(District) / Himachal Pradesh(State),01154700,018432,N,,,,
280,18725,Ghaluwal (198),घालूवाल (198),Ispur(Sub-District) / Una(District) / Himachal Pradesh(State),01184000,018725,N,,,,
281,18728,Ghandawal (184),घण्डावल (184),Una(Sub-District) / Una(District) / Himachal Pradesh(State),01184300,018728,N,,,,
282,18486,Ghaneti (5/3),घनेटी(5/3),Bangana(Sub-District) / Una(District) / Himachal Pradesh(State),01160100,018486,N,,,,
283,18048,Ghangret (8),घंघरेट (8),Bharwain(Sub-District) / Una(District) / Himachal Pradesh(State),01116300,018048,N,,,,
284,18583,Gharbasra (10/1),घरबासड़ा (10/1),Birhu Kalan(Sub-District) / Una(District) / Himachal Pradesh(State),01169800,018583,N,,,,
285,18457,Gharoh (15/23),घड़ों(15/23),Bangana(Sub-District) / Una(District) / Himachal Pradesh(State),01157200,018457,N,,,,
286,18501,Ghartholi (4/12),घरथोली (4/12),Bangana(Sub-District) / Una(District) / Himachal Pradesh(State),01161600,018501,N,,,,
287,18656,Ghatti (9/13),घट्टी(9/13),Bangana(Sub-District) / Una(District) / Himachal Pradesh(State),01177100,018656,N,,,,
288,18204,Ghevat Behar (76),घेबट बेहड़ (76),Amb(Sub-District) / Una(District) / Himachal Pradesh(State),01131900,018204,N,,,,
289,18585,Ghiyode (10/11),घियोड,Birhu Kalan(Sub-District) / Una(District) / Himachal Pradesh(State),01170000,018585,N,,,,
290,18681,Ghugal (9/32),घुगाल(9/32),Bangana(Sub-District) / Una(District) / Himachal Pradesh(State),01179600,018681,N,,,,
291,18533,Ghugan Kakrana (7/38),घुगन ककराना (7/38),Birhu Kalan(Sub-District) / Una(District) / Himachal Pradesh(State),01164800,018533,N,,,,
292,18323,Ghungrala (110),घुंघरालां (110),Amb(Sub-District) / Una(District) / Himachal Pradesh(State),01143800,018323,N,,,,
293,18050,Gindpur (9),गिन्डपुर (9),Bharwain(Sub-District) / Una(District) / Himachal Pradesh(State),01116500,018050,N,,,,
294,18319,Girgir (107),गिड़गिड़ (107),Amb(Sub-District) / Una(District) / Himachal Pradesh(State),01143400,018319,N,,,,
295,18272,Gondpur (94),गोंदपुर (94),Amb(Sub-District) / Una(District) / Himachal Pradesh(State),01138700,018272,N,,,,
296,18869,Gondpur Bulla,गोन्दपुर बुल्ला उपरला (529),Dulahar(Sub-District) / Una(District) / Himachal Pradesh(State),01196500,018869,N,,,,
297,18870,Gondpur Bulla Uparla (529),गोन्दपुर बुल्ला,Dulahar(Sub-District) / Una(District) / Himachal Pradesh(State),01196500,018870,N,,,,
298,18871,Gondpur Jaichand (530),गोन्दपुर जयचन्द (530),Dulahar(Sub-District) / Una(District) / Himachal Pradesh(State),01196600,018871,N,,,,
299,18872,Gondpur Jaichand Nichala,गोन्दपुर जयचन्द निचला,Dulahar(Sub-District) / Una(District) / Himachal Pradesh(State),01196600,018872,N,,,,
300,18608,Govind Sagar Jhil (9/22),गोबिन्द सागर झील (9/22),Bangana(Sub-District) / Una(District) / Himachal Pradesh(State),01172300,018608,N,,,,
301,18191,Guglehar (177),गुगलैहड़ (177),Gagret(Sub-District) / Una(District) / Himachal Pradesh(State),01130600,018191,N,,,,
302,18549,Gulehar (7/20),गुलेहड़़ (7/20),Birhu Kalan(Sub-District) / Una(District) / Himachal Pradesh(State),01166400,018549,N,,,,
303,18095,Guret (31/12),गुरेट(31/12),Bharwain(Sub-District) / Una(District) / Himachal Pradesh(State),01121000,018095,N,,,,
304,18892,Gurpalah (475),उप महाल गुरपलाह (475),Haroli(Sub-District) / Una(District) / Himachal Pradesh(State),01197500,018892,N,,,,
305,18856,Haleran (523),हलेड़ां,Dulahar(Sub-District) / Una(District) / Himachal Pradesh(State),01196100,018856,N,,,,
306,18534,Harinagar (7/30),हरीनगर,Birhu Kalan(Sub-District) / Una(District) / Himachal Pradesh(State),01164900,018534,N,,,,
307,18076,Haripur (26/3),हरिपुर(26/3),Bharwain(Sub-District) / Una(District) / Himachal Pradesh(State),01119100,018076,N,,,,
308,18846,Haroli-I (467),हरोली प्रथम,Haroli(Sub-District) / Una(District) / Himachal Pradesh(State),01195800,018846,N,,,,
309,18847,Haroli-II (467),हरोली द्वितीय,Haroli(Sub-District) / Una(District) / Himachal Pradesh(State),01195800,018847,N,,,,
310,18845,Haroli Khas (467),हरोली खास (467),Haroli(Sub-District) / Una(District) / Himachal Pradesh(State),01195800,018845,N,,,,
311,18490,Harot (5/11),हरोट(5/11),Bangana(Sub-District) / Una(District) / Himachal Pradesh(State),01160500,018490,N,,,,
312,18358,Harsa Jandohra (1/9),हारसा जन्दोहड़ा (1/9),Jol(Sub-District) / Una(District) / Himachal Pradesh(State),01147300,018358,N,,,,
313,18359,Harsa Lathan (1/10),हारसा लटठां (1/10),Jol(Sub-District) / Una(District) / Himachal Pradesh(State),01147400,018359,N,,,,
314,18125,Harwal (128),हरवाल (128),Ghanari(Sub-District) / Una(District) / Himachal Pradesh(State),01124000,018125,N,,,,
315,18420,Hathlaun (15/18),हथलौण(15/18),Bangana(Sub-District) / Una(District) / Himachal Pradesh(State),01153500,018420,N,,,,
316,18616,Hatli (8/33),हटली(8/33),Bangana(Sub-District) / Una(District) / Himachal Pradesh(State),01173100,018616,N,,,,
317,18436,Hatli Kesru (15/6),हटली केसरू(15/6),Bangana(Sub-District) / Una(District) / Himachal Pradesh(State),01155100,018436,N,,,,
318,18435,Hatli Patialan (15/13),हटली पटियाला  (15/13),Bangana(Sub-District) / Una(District) / Himachal Pradesh(State),01155000,018435,N,,,,
319,18437,Hatli Sultanu (15/8),हटली सुलतानु(15/8),Bangana(Sub-District) / Una(District) / Himachal Pradesh(State),01155200,018437,N,,,,
320,18424,Hatwana (16/11),हटवाना(16/11),Bangana(Sub-District) / Una(District) / Himachal Pradesh(State),01153900,018424,N,,,,
321,939108,Heeran (526),हीरां (526),Dulahar(Sub-District) / Una(District) / Himachal Pradesh(State),,000000,N,,,,
322,18877,Heeran (527),हीरां (527),Dulahar(Sub-District) / Una(District) / Himachal Pradesh(State),01196900,018877,N,,,,
323,18199,Heera Nagar (143),हीरा नगर (143),Amb(Sub-District) / Una(District) / Himachal Pradesh(State),01131400,018199,N,,,,
324,18669,Heru Khas (9/15),हेरू खास(9/15),Bangana(Sub-District) / Una(District) / Himachal Pradesh(State),01178400,018669,N,,,,
325,18714,Ispur (196),ईसपुर (196),Ispur(Sub-District) / Una(District) / Himachal Pradesh(State),01182900,018714,N,,,,
326,18713,Ispur Tanda (196),ईसपुर टांडा (196),Ispur(Sub-District) / Una(District) / Himachal Pradesh(State),01182800,018713,N,,,,
327,18712,Ispur Uperla (196),ईसपुर उपरला (196),Ispur(Sub-District) / Una(District) / Himachal Pradesh(State),01182700,018712,N,,,,
328,18273,Jabehar (95),जबेहड़ (95),Amb(Sub-District) / Una(District) / Himachal Pradesh(State),01138800,018273,N,,,,
329,18675,Jadhol (9/25),जढोल(9/25),Bangana(Sub-District) / Una(District) / Himachal Pradesh(State),01179000,018675,N,,,,
330,18594,Jagatkhana,जगातखाना (10/10),Birhu Kalan(Sub-District) / Una(District) / Himachal Pradesh(State),01170900,018594,N,,,,
331,18820,Jakhera (229),जखेड़ा(229),Mehatpur(Sub-District) / Una(District) / Himachal Pradesh(State),01193500,018820,N,,,,
332,18471,Jakhola (8/13),जखौला(8/13),Bangana(Sub-District) / Una(District) / Himachal Pradesh(State),01158600,018471,N,,,,
333,18678,Jalgran (9/26),जलग्रां(9/26),Bangana(Sub-District) / Una(District) / Himachal Pradesh(State),01179300,018678,N,,,,
334,18640,Jamnoti (8/14),जमनोटी(8/14),Bangana(Sub-District) / Una(District) / Himachal Pradesh(State),01175500,018640,N,,,,
335,18863,Janani,जननी,Dulahar(Sub-District) / Una(District) / Himachal Pradesh(State),01196300,018863,N,,,,
336,18619,Jandana (14/9),जन्डाना(14/9),Bangana(Sub-District) / Una(District) / Himachal Pradesh(State),01173400,018619,N,,,,
337,18295,Jandoh (96),जन्दोह (96),Amb(Sub-District) / Una(District) / Himachal Pradesh(State),01141000,018295,N,,,,
338,18294,Jandoh Rakkar (96),जन्दोह रक्कड़ (96),Amb(Sub-District) / Una(District) / Himachal Pradesh(State),01140900,018294,N,,,,
339,18440,Jandur (15/4),जंडूर(15/4),Bangana(Sub-District) / Una(District) / Himachal Pradesh(State),01155500,018440,N,,,,
340,18718,Jangal Bhadsali (197),जंगल भदसाली (197),Ispur(Sub-District) / Una(District) / Himachal Pradesh(State),01183300,018718,N,,,,
341,18704,Jangal Khad (181),चक्क खडड (181),Ispur(Sub-District) / Una(District) / Himachal Pradesh(State),01181900,018704,N,,,,
342,18702,Jangal Panjawar (179),जंगल पंजावर,Ispur(Sub-District) / Una(District) / Himachal Pradesh(State),01181700,018702,N,,,,
343,18791,Jankaur Haar (216),जनकौर हार (216),Una(Sub-District) / Una(District) / Himachal Pradesh(State),01190600,018791,N,,,,
344,18796,Jankaur Khas (216),जनकौर खास (216),Una(Sub-District) / Una(District) / Himachal Pradesh(State),01191100,018796,N,,,,
345,18268,Januhi (90),जनूही (90),Amb(Sub-District) / Una(District) / Himachal Pradesh(State),01138300,018268,N,,,,
346,18622,Jarola (14/8),जरोला(14/8),Bangana(Sub-District) / Una(District) / Himachal Pradesh(State),01173700,018622,N,,,,
347,18414,Jasana (15/25),जसाणा(15/25),Bangana(Sub-District) / Una(District) / Himachal Pradesh(State),01152900,018414,N,,,,
348,18623,Jateheri (14/5),जटेहड़ी(14/5),Bangana(Sub-District) / Una(District) / Himachal Pradesh(State),01173800,018623,N,,,,
349,937792,Jatpur (245),जटपुर(245),Mehatpur(Sub-District) / Una(District) / Himachal Pradesh(State),,000000,N,,,,
350,18859,Jaurian (45),जौड़ियां कुठारवीत,Dulahar(Sub-District) / Una(District) / Himachal Pradesh(State),01196200,018859,N,,,,
351,18071,Jawal (18),ज्वाल(18),Bharwain(Sub-District) / Una(District) / Himachal Pradesh(State),01118600,018071,N,,,,
352,18603,Jawalapur (10/22),ज्वालापुर (10/22),Birhu Kalan(Sub-District) / Una(District) / Himachal Pradesh(State),01171800,018603,N,,,,
353,18236,Jawar (38),ज्वार (38),Amb(Sub-District) / Una(District) / Himachal Pradesh(State),01135100,018236,N,,,,
354,18461,Jhabrani (15/27),झबराणी(15/27),Bangana(Sub-District) / Una(District) / Himachal Pradesh(State),01157600,018461,N,,,,
355,18426,Jhagrot (16/8),झगरोट(16/8),Bangana(Sub-District) / Una(District) / Himachal Pradesh(State),01154100,018426,N,,,,
356,18277,Jhaker (51),झकेड़ (51),Amb(Sub-District) / Una(District) / Himachal Pradesh(State),01139200,018277,N,,,,
357,18767,Jhalera (193),झलेड़ा (193),Una(Sub-District) / Una(District) / Himachal Pradesh(State),01188200,018767,N,,,,
358,18750,Jhambar (450),झम्बर (450),Una(Sub-District) / Una(District) / Himachal Pradesh(State),01186500,018750,N,,,,
359,18529,Jharkhar Garloon,झारखड़ घरलूँ,Birhu Kalan(Sub-District) / Una(District) / Himachal Pradesh(State),01164400,018529,N,,,,
360,18090,Jholan (31/2),झोलां(31/2),Bharwain(Sub-District) / Una(District) / Himachal Pradesh(State),01120500,018090,N,,,,
361,18261,Jhot (86),झोट (86),Amb(Sub-District) / Una(District) / Himachal Pradesh(State),01137600,018261,N,,,,
362,18219,Jijjar (68),जिजर (68),Amb(Sub-District) / Una(District) / Himachal Pradesh(State),01133400,018219,N,,,,
363,18360,Jol (1/16),जोल (1/16),Jol(Sub-District) / Una(District) / Himachal Pradesh(State),01147500,018360,N,,,,
364,18857,Jourian (64),जोड़ियां,Dulahar(Sub-District) / Una(District) / Himachal Pradesh(State),01196100,018857,N,,,,
365,18720,Jungle Saloh (198),जंगल सलोह (198),Ispur(Sub-District) / Una(District) / Himachal Pradesh(State),01183500,018720,N,,,,
366,18152,Kad (135),कड (135),Ghanari(Sub-District) / Una(District) / Himachal Pradesh(State),01126700,018152,N,,,,
367,18270,Kadap (93),कड़प (93),Amb(Sub-District) / Una(District) / Himachal Pradesh(State),01138500,018270,N,,,,
368,18353,Kaint (1/2),कैंट (1/2),Jol(Sub-District) / Una(District) / Himachal Pradesh(State),01146800,018353,N,,,,
369,18172,Kaloh (142),कलोह (142),Gagret(Sub-District) / Una(District) / Himachal Pradesh(State),01128700,018172,N,,,,
370,18202,Kalruhi (141),कलरुही (141),Amb(Sub-District) / Una(District) / Himachal Pradesh(State),01131700,018202,N,,,,
371,18593,Kamun,कमूण,Birhu Kalan(Sub-District) / Una(District) / Himachal Pradesh(State),01170800,018593,N,,,,
372,18625,Kanehra (14/14),कनेहड़ा(14/14),Bangana(Sub-District) / Una(District) / Himachal Pradesh(State),01174000,018625,N,,,,
373,18838,Kangar (462),कांगड़ (462),Haroli(Sub-District) / Una(District) / Himachal Pradesh(State),01195300,018838,N,,,,
374,18639,Kangru (8/26),कंगड़ू़ू(8/26),Bangana(Sub-District) / Una(District) / Himachal Pradesh(State),01175400,018639,N,,,,
375,18850,Kante (469),कांटे,Haroli(Sub-District) / Una(District) / Himachal Pradesh(State),01196000,018850,N,,,,
376,18852,Karampura (469),कर्मपुरा,Haroli(Sub-District) / Una(District) / Himachal Pradesh(State),01196000,018852,N,,,,
377,18258,Karar Behar (89),कराड़ बेहड़ (89),Amb(Sub-District) / Una(District) / Himachal Pradesh(State),01137300,018258,N,,,,
378,18406,Karmali (3/13),करमाली(3/13),Bangana(Sub-District) / Una(District) / Himachal Pradesh(State),01152100,018406,N,,,,
379,18399,Karor Brahmana (3/15),करौड़ ब्राहमणां (3/15),Bangana(Sub-District) / Una(District) / Himachal Pradesh(State),01151400,018399,N,,,,
380,18398,Karor Rajputan (3/14),करौड़़ राजपूतां (3/14),Bangana(Sub-District) / Una(District) / Himachal Pradesh(State),01151300,018398,N,,,,
381,18664,Karsai (9/9),कडसाई(9/9),Bangana(Sub-District) / Una(District) / Himachal Pradesh(State),01177900,018664,N,,,,
382,18559,Karwaliyan Sanhal,करवालियां सन्हाल,Birhu Kalan(Sub-District) / Una(District) / Himachal Pradesh(State),01167400,018559,N,,,,
383,18611,Kaswan Brahmina (8/24),कस्वाण ब्राहमणां (8/24),Bangana(Sub-District) / Una(District) / Himachal Pradesh(State),01172600,018611,N,,,,
384,18612,Kaswan Ranauttan (8/25),कस्वाण रणौता (8/25),Bangana(Sub-District) / Una(District) / Himachal Pradesh(State),01172700,018612,N,,,,
385,18663,Katal (9/12),कटल (9/12),Bangana(Sub-District) / Una(District) / Himachal Pradesh(State),01177800,018663,N,,,,
386,18662,Katal-I (9/12),कट्टल प्रथम(9/12),Bangana(Sub-District) / Una(District) / Himachal Pradesh(State),01177700,018662,N,,,,
387,18516,Kathoh (6/10),कठोह (6/10),Jol(Sub-District) / Una(District) / Himachal Pradesh(State),01163100,018516,N,,,,
388,18309,Katohad Khurd (152),कटौहड़ खुर्द (152),Amb(Sub-District) / Una(District) / Himachal Pradesh(State),01142400,018309,N,eSignGOFile662648_19_03_2025_12_03_29.pdf,,,
389,18308,Katohar Kalan (151),कटोहड़ कलां (151),Amb(Sub-District) / Una(District) / Himachal Pradesh(State),01142300,018308,N,,,,
390,18544,Kattal (7/37),कटल (7/37),Birhu Kalan(Sub-District) / Una(District) / Himachal Pradesh(State),01165900,018544,N,,,,
391,18520,Kawari (6/16),कवाड़ी (6/16),Jol(Sub-District) / Una(District) / Himachal Pradesh(State),01163500,018520,N,,,,
392,18657,Kehlwin (9/11),कैहलवीं(9/11),Bangana(Sub-District) / Una(District) / Himachal Pradesh(State),01177200,018657,N,,,,
393,18893,Kelua (475),कैलूआ,Haroli(Sub-District) / Una(District) / Himachal Pradesh(State),01197500,018893,N,,,,
394,18705,Khad (181),खडड (181),Ispur(Sub-District) / Una(District) / Himachal Pradesh(State),01182000,018705,N,,,,
395,18500,Khairian (4/12),खैरियां(4/12),Bangana(Sub-District) / Una(District) / Himachal Pradesh(State),01161500,018500,N,,,,
396,18307,Khairla (114),खैरला (114),Amb(Sub-District) / Una(District) / Himachal Pradesh(State),01142200,018307,N,,,,
397,18828,Khanpur (226),खानपुर(226),Mehatpur(Sub-District) / Una(District) / Himachal Pradesh(State),01194300,018828,N,,,,
398,18052,Kharoh (11),खरोह(11),Bharwain(Sub-District) / Una(District) / Himachal Pradesh(State),01116700,018052,N,,,,
399,18402,Kharol (3/16),खड़ोेल(3/16),Bangana(Sub-District) / Una(District) / Himachal Pradesh(State),01151700,018402,N,,,,
400,18439,Kharooni (15/16),खरूनी(15/16),Bangana(Sub-District) / Una(District) / Himachal Pradesh(State),01155400,018439,N,,,,
401,18688,Kharota (11/15),खरोटा (11/15),Bangana(Sub-District) / Una(District) / Himachal Pradesh(State),01180300,018688,N,,,,
402,18206,Kharyali (75),खरयाली (75),Amb(Sub-District) / Una(District) / Himachal Pradesh(State),01132100,018206,N,,,,
403,18634,Kheri (14/1),खेड़ी (14/1),Bangana(Sub-District) / Una(District) / Himachal Pradesh(State),01174900,018634,N,,,,
404,18548,Kholi (7/10),खोली (7/10),Birhu Kalan(Sub-District) / Una(District) / Himachal Pradesh(State),01166300,018548,N,,,,
405,18522,Khurwain (6/15),खुरवांईं (6/15),Jol(Sub-District) / Una(District) / Himachal Pradesh(State),01163700,018522,N,,,,
406,18287,Khwariyan Pattiyan (41),खवाडियां पट्टियां (41),Amb(Sub-District) / Una(District) / Himachal Pradesh(State),01140200,018287,N,,,,
407,18493,Kiarian (5/12),क्यारियां(5/12),Bangana(Sub-District) / Una(District) / Himachal Pradesh(State),01160800,018493,N,,,,
408,18085,Kinnu (31/8),किन्नू(31/8),Bharwain(Sub-District) / Una(District) / Himachal Pradesh(State),01120000,018085,N,,,,
409,18691,Kodra (11/11),कोडरा(11/11),Bangana(Sub-District) / Una(District) / Himachal Pradesh(State),01180600,018691,N,,,,
410,18189,Koeri (162),कोइड़ी (162),Gagret(Sub-District) / Una(District) / Himachal Pradesh(State),01130400,018189,N,,,,
411,18485,Kokra (5/7),कोकरा(5/7),Bangana(Sub-District) / Una(District) / Himachal Pradesh(State),01160000,018485,N,,,,
412,18584,Kolka (10/11),कोल्का (10/11),Birhu Kalan(Sub-District) / Una(District) / Himachal Pradesh(State),01169900,018584,N,,,,
413,18617,Kot (14/13),कोट(14/13),Bangana(Sub-District) / Una(District) / Himachal Pradesh(State),01173200,018617,N,,,,
414,18478,Kothi (5/14),कोठी(5/14),Bangana(Sub-District) / Una(District) / Himachal Pradesh(State),01159300,018478,N,,,,
415,18269,Kotla (91),कोटला (91),Amb(Sub-District) / Una(District) / Himachal Pradesh(State),01138400,018269,N,,,,
416,18772,Kotla Kalan (204),कोटला कलां (204),Una(Sub-District) / Una(District) / Himachal Pradesh(State),01188700,018772,N,,,,
417,18609,Kotla Khas (8/27),कोटला खास(8/27),Bangana(Sub-District) / Una(District) / Himachal Pradesh(State),01172400,018609,N,,,,
418,18768,Kotla Khurd (201),कोटला खुर्द (201),Una(Sub-District) / Una(District) / Himachal Pradesh(State),01188300,018768,N,,,,
419,18082,Kotli (31/10),कोटली(31/10),Bharwain(Sub-District) / Una(District) / Himachal Pradesh(State),01119700,018082,N,,,,
420,18083,Kotli Dharu (30),कोटली धारू(30),Bharwain(Sub-District) / Una(District) / Himachal Pradesh(State),01119800,018083,N,,,,
421,18364,Krishna Nagar (1/14),कृष्णा नगर,Jol(Sub-District) / Una(District) / Himachal Pradesh(State),01147900,018364,N,,,,
422,18492,Kud (5/15),कुड(5/15),Bangana(Sub-District) / Una(District) / Himachal Pradesh(State),01160700,018492,N,,,,
423,18275,Kudet (50),कुदेट (50),Amb(Sub-District) / Una(District) / Himachal Pradesh(State),01139000,018275,N,,,,
424,18214,Kuharchhan (67),कुहाडछन्न (67),Amb(Sub-District) / Una(District) / Himachal Pradesh(State),01132900,018214,N,,,,
425,18514,Kuhdu (6/12),कुहड़ू (6/12),Jol(Sub-District) / Una(District) / Himachal Pradesh(State),01162900,018514,N,,,,
426,18512,Kukhera Jatan (6/6),कुखेड़ा जट्टां(6/6),Jol(Sub-District) / Una(District) / Himachal Pradesh(State),01162700,018512,N,,,,
427,18509,Kukhera Rajputan (6/7),कुखेड़ा राजपूतां (6/7),Jol(Sub-District) / Una(District) / Himachal Pradesh(State),01162400,018509,N,,,,
428,18145,Kunet Rattiyan (19),कुनेट रतियांं (19),Ghanari(Sub-District) / Una(District) / Himachal Pradesh(State),01126000,018145,N,,,,
429,18875,Kungrat (527),कुंगड़त (527),Haroli(Sub-District) / Una(District) / Himachal Pradesh(State),01196900,018875,N,,,,
430,18752,Kuriala (452),कुरियाला(452),Una(Sub-District) / Una(District) / Himachal Pradesh(State),01186700,018752,N,,,,
431,18600,Kusiyala (10/32),कुसियाला (10/32),Birhu Kalan(Sub-District) / Una(District) / Himachal Pradesh(State),01171500,018600,N,,,,
432,18858,Kutharbeet (524),कुठार वीत(524),Dulahar(Sub-District) / Una(District) / Himachal Pradesh(State),01196200,018858,N,,,,
433,18790,Kuthar Kalan (214),कुठार कलां (214),Una(Sub-District) / Una(District) / Himachal Pradesh(State),01190500,018790,N,,,,
434,18789,Kuthar Khurd (210),कुठार खुर्द (210),Una(Sub-District) / Una(District) / Himachal Pradesh(State),01190400,018789,N,,,,
435,18306,Kuthera (85),कुठेड़ा (85),Amb(Sub-District) / Una(District) / Himachal Pradesh(State),01142100,018306,N,,,,
436,18144,Kuthera Hariyalan (22),कुटैहड़ा हरियालां (22),Ghanari(Sub-District) / Una(District) / Himachal Pradesh(State),01125900,018144,N,,,,
437,18143,Kuthera Rampur (23),कुटैहड़ा रामपुर (23),Ghanari(Sub-District) / Una(District) / Himachal Pradesh(State),01125800,018143,N,,,,
438,18311,Kuthiari (158),कुठियाड़ी (158),Amb(Sub-District) / Una(District) / Himachal Pradesh(State),01142600,018311,N,,,,
439,18318,Ladoli (155),लडोली(155),Amb(Sub-District) / Una(District) / Himachal Pradesh(State),01143300,018318,N,,,,
440,18320,Ladyal Chuk (109),लडियाल चूक (109),Amb(Sub-District) / Una(District) / Himachal Pradesh(State),01143500,018320,N,,,,
441,18296,Ladyal Santu (97),लडियाल सन्तु (97),Amb(Sub-District) / Una(District) / Himachal Pradesh(State),01141100,018296,N,,,,
442,18418,Lakhrun (15/22),लखरूं(15/22),Bangana(Sub-District) / Una(District) / Himachal Pradesh(State),01153300,018418,N,,,,
443,18881,Lalhri (470),ललड़ी (470),Haroli(Sub-District) / Una(District) / Himachal Pradesh(State),01197000,018881,N,,,,
444,18384,Lalshah (4/9),लालशाह (4/9),Jol(Sub-District) / Una(District) / Himachal Pradesh(State),01149900,018384,N,,,,
445,18769,Lalsingi (200),लालसिंगी (200),Una(Sub-District) / Una(District) / Himachal Pradesh(State),01188400,018769,N,,,,
446,18749,Lam (449),लाम (449),Una(Sub-District) / Una(District) / Himachal Pradesh(State),01186400,018749,N,,,,
447,18088,Lamba Panga (31/4),लम्बा पंगा(31/4),Bharwain(Sub-District) / Una(District) / Himachal Pradesh(State),01120300,018088,N,,,,
448,18237,Lamba Sail (58),लम्बा सैल (58),Amb(Sub-District) / Una(District) / Himachal Pradesh(State),01135200,018237,N,,,,
449,18810,Lamlehra (220),लमलेहड़ा(220),Mehatpur(Sub-District) / Una(District) / Himachal Pradesh(State),01192500,018810,N,,,,
450,18297,Lander Landian (98),लंडेर लडियां (98),Amb(Sub-District) / Una(District) / Himachal Pradesh(State),01141200,018297,N,,,,
451,18290,Lander Tikkri (46),लंडेर टिक्करी (46),Amb(Sub-District) / Una(District) / Himachal Pradesh(State),01140500,018290,N,eSignGOFile662648_19_03_2025_12_05_05.pdf,,,
452,18283,Larota(45),लडौता (45),Amb(Sub-District) / Una(District) / Himachal Pradesh(State),01139800,018283,N,,,,
453,18667,Lathiani (9/14),लठियाणी(9/14),Bangana(Sub-District) / Una(District) / Himachal Pradesh(State),01178200,018667,N,,,,
454,18697,Lawana Majra (178),लवाणा माजरा (178),Ispur(Sub-District) / Una(District) / Himachal Pradesh(State),01181200,018697,N,,,,
455,18590,Lidcot (10/4),लिदकोट (10/4),Birhu Kalan(Sub-District) / Una(District) / Himachal Pradesh(State),01170500,018590,N,,,,
456,18092,Lohara (31/1),लोहारा,Bharwain(Sub-District) / Una(District) / Himachal Pradesh(State),01120700,018092,N,,,,
457,18526,Ludher (6/19),लढेर,Jol(Sub-District) / Una(District) / Himachal Pradesh(State),01164100,018526,N,,,,
458,18778,Madanpur (456),मदनपुर (456),Una(Sub-District) / Una(District) / Himachal Pradesh(State),01189300,018778,N,,,,
459,18551,Madhan (7/21),मढ़ान (7/21),Birhu Kalan(Sub-District) / Una(District) / Himachal Pradesh(State),01166600,018551,N,,,,
460,18808,Mahantan (219),महन्ता(219),Mehatpur(Sub-District) / Una(District) / Himachal Pradesh(State),01192300,018808,N,,,,
461,18103,Maidangarh (117),मैदानगढ़ (117),Ghanari(Sub-District) / Una(District) / Himachal Pradesh(State),01121800,018103,N,,,,
462,18833,Majara (248),मजारा(248),Mehatpur(Sub-District) / Una(District) / Himachal Pradesh(State),01194800,018833,N,,,,
463,18531,Majher,मझेड़ (7/30),Birhu Kalan(Sub-District) / Una(District) / Himachal Pradesh(State),01164600,018531,N,,,,
464,18419,Majhiani (15/28),मझयाणी(15/28),Bangana(Sub-District) / Una(District) / Himachal Pradesh(State),01153400,018419,N,,,,
465,18860,Makorgarh,मकौड़गढ़,Dulahar(Sub-District) / Una(District) / Himachal Pradesh(State),01196200,018860,N,,,,
466,18580,Makrair (10/14),मकरैड़ (10/14),Birhu Kalan(Sub-District) / Una(District) / Himachal Pradesh(State),01169500,018580,N,,,,
467,18785,Malahat (206),मलाहत (206),Una(Sub-District) / Una(District) / Himachal Pradesh(State),01190000,018785,N,,,,
468,18649,Malangar Brahmana (8/29),मलागढ़़ ब्राहम्णा (8/29),Bangana(Sub-District) / Una(District) / Himachal Pradesh(State),01176400,018649,N,,,,
469,18648,Malangar Mian (8/30),मलागढ़़ मियां(8/30),Bangana(Sub-District) / Una(District) / Himachal Pradesh(State),01176300,018648,N,,,,
470,18862,Malluwal (525),मल्लूवाल,Dulahar(Sub-District) / Una(District) / Himachal Pradesh(State),01196300,018862,N,,,,
471,18051,Malon Awarla (10/1),मलौन अवारला(10/1),Bharwain(Sub-District) / Una(District) / Himachal Pradesh(State),01116600,018051,N,,,,
472,18560,Malonian Sanhal,मलोनियां सन्हाल,Birhu Kalan(Sub-District) / Una(District) / Himachal Pradesh(State),01167500,018560,N,,,,
473,18049,Malon Parla (10/2),मलौन पारला(10/2),Bharwain(Sub-District) / Una(District) / Himachal Pradesh(State),01116400,018049,N,,,,
474,18835,Malookpur (242),मलूकपुर(242),Mehatpur(Sub-District) / Una(District) / Himachal Pradesh(State),01195000,018835,N,,,,
475,18208,Mandholi (77),मन्धोली (77),Amb(Sub-District) / Una(District) / Himachal Pradesh(State),01132300,018208,N,,,,
476,18571,Mandli (7/22),मंदली (7/22),Birhu Kalan(Sub-District) / Una(District) / Himachal Pradesh(State),01168600,018571,N,,,,
477,18099,Mandwara (3),मंदवाड़ा (3),Ghanari(Sub-District) / Una(District) / Himachal Pradesh(State),01121400,018099,N,,,,
478,18291,Manjhar (47),मंझार (47),Amb(Sub-District) / Una(District) / Himachal Pradesh(State),01140600,018291,N,,,,
479,18211,Manso Tikkari (84),मनसो टिक्करी (84),Amb(Sub-District) / Una(District) / Himachal Pradesh(State),01132600,018211,N,,,,
480,18883,Manuwal (471),मानूवाल,Haroli(Sub-District) / Una(District) / Himachal Pradesh(State),01197100,018883,N,,,,
481,18452,Marhot Brahamna (15/12),मरहोट ब्राहम्णां (15/12),Bangana(Sub-District) / Una(District) / Himachal Pradesh(State),01156700,018452,N,,,,
482,18434,Marhot Rajputan (15/2),मरहोट राजपूतां (15/2),Bangana(Sub-District) / Una(District) / Himachal Pradesh(State),01154900,018434,N,,,,
483,18464,Marhun (8/28),मरूंह (8/28),Bangana(Sub-District) / Una(District) / Himachal Pradesh(State),01157900,018464,N,,,,
484,18102,Marwari (2),मरवाड़ी (2),Ghanari(Sub-District) / Una(District) / Himachal Pradesh(State),01121700,018102,N,,,,
485,18482,Maryatan (5/17),मरयटन (5/17),Bangana(Sub-District) / Una(District) / Himachal Pradesh(State),01159700,018482,N,,,,
486,18607,Matehti (10/34),मतेहटी (10/34),Birhu Kalan(Sub-District) / Una(District) / Himachal Pradesh(State),01172200,018607,N,,,,
487,18481,Matiana (5/17),मटियाना(5/17),Bangana(Sub-District) / Una(District) / Himachal Pradesh(State),01159600,018481,N,,,,
488,18618,Matoh (14/15),मतोह (14/15),Bangana(Sub-District) / Una(District) / Himachal Pradesh(State),01173300,018618,N,,,,
489,18084,Mawa (31/13),मवा(31/13),Bharwain(Sub-District) / Una(District) / Himachal Pradesh(State),01119900,018084,N,,,,
490,18438,Mehed (15/1),मेहड(15/1),Bangana(Sub-District) / Una(District) / Himachal Pradesh(State),01155300,018438,N,,,,
491,18075,Mirghu (26/5),मिरघु(26/5),Bharwain(Sub-District) / Una(District) / Himachal Pradesh(State),01119000,018075,N,,,,
492,18508,Miyodh (6/3),मियोड (6/3),Jol(Sub-District) / Una(District) / Himachal Pradesh(State),01162300,018508,N,,,,
493,18527,Mokhas (6/19),मोखास (6//19),Jol(Sub-District) / Una(District) / Himachal Pradesh(State),01164200,018527,N,,,,
494,18155,Mubarikpur (138),मुबारिकपुर (138),Amb(Sub-District) / Una(District) / Himachal Pradesh(State),01127000,018155,N,,,,
495,18459,Muchhali Khas (15/17),मुच्छाली खास (15/17),Bangana(Sub-District) / Una(District) / Himachal Pradesh(State),01157400,018459,N,,,,
496,18284,Muchlehar (52),मुचलैहड़ (52),Amb(Sub-District) / Una(District) / Himachal Pradesh(State),01139900,018284,N,,,,
497,18255,Mughal (61),मुघाल (61),Amb(Sub-District) / Una(District) / Himachal Pradesh(State),01137000,018255,N,,,,
498,18260,Mukho (87),मुखो (87),Amb(Sub-District) / Una(District) / Himachal Pradesh(State),01137500,018260,N,,,,
499,18216,Muthehar (72),मुथेहड (72),Amb(Sub-District) / Una(District) / Himachal Pradesh(State),01133100,018216,N,,,,
500,18352,Nagar Chauki (1/4),नगर चौकी,Jol(Sub-District) / Una(District) / Himachal Pradesh(State),01146700,018352,N,,,,
501,18698,Nagnoli (178),नगनोली (178),Ispur(Sub-District) / Una(District) / Himachal Pradesh(State),01181300,018698,N,,,,
502,18699,Nagnoli Har (178),नगनोली हार (178),Ispur(Sub-District) / Una(District) / Himachal Pradesh(State),01181400,018699,N,,,,
503,18400,Nahri Devi Singh (3/12),नाहरी देवी सिंह (3/12),Bangana(Sub-District) / Una(District) / Himachal Pradesh(State),01151500,018400,N,,,,
504,18401,Nahri Dhian Singh (3/18),नाहरी ध्यान सिंह(3/18),Bangana(Sub-District) / Una(District) / Himachal Pradesh(State),01151600,018401,N,,,,
505,18458,Naily Jhikly (15/10),नाईली झिकली (15/10),Bangana(Sub-District) / Una(District) / Himachal Pradesh(State),01157300,018458,N,,,,
506,18454,Naily Uperli (15/9),नाईली उपरली (15/9),Bangana(Sub-District) / Una(District) / Himachal Pradesh(State),01156900,018454,N,,,,
507,18240,Naloh (39),नलोह (39),Amb(Sub-District) / Una(District) / Himachal Pradesh(State),01135500,018240,N,,,,
508,18673,Nalut (9/33),नलूट (9/33),Bangana(Sub-District) / Una(District) / Himachal Pradesh(State),01178800,018673,N,,,,
509,18474,Nalwari (5/5),नलवाड़ी (5/5),Bangana(Sub-District) / Una(District) / Himachal Pradesh(State),01158900,018474,N,,,,
510,18642,Nanawin (8/32),ननावीं (8/32),Bangana(Sub-District) / Una(District) / Himachal Pradesh(State),01175700,018642,N,,,,
511,18372,Nandgran (2/14),नन्दग्रां (2/14),Jol(Sub-District) / Una(District) / Himachal Pradesh(State),01148700,018372,N,,,,
512,18312,Nandpur (163),नन्दपुर (163),Amb(Sub-District) / Una(District) / Himachal Pradesh(State),01142700,018312,N,,,,
513,18126,Nangal Jarialan (129),नंगल जरियालां (129),Ghanari(Sub-District) / Una(District) / Himachal Pradesh(State),01124100,018126,N,,,,
514,18886,Nangal Jatpur (472),नंगल जटपुर,Haroli(Sub-District) / Una(District) / Himachal Pradesh(State),01197200,018886,N,,,,
515,18885,Nangal Kalan (472),नंगल कलां (472),Haroli(Sub-District) / Una(District) / Himachal Pradesh(State),01197200,018885,N,,,,
516,18882,Nangal Khurd (471),नंगल खुर्द (471),Haroli(Sub-District) / Una(District) / Himachal Pradesh(State),01197100,018882,N,,,,
517,18813,Nangran (222),नंगड़ां (222),Mehatpur(Sub-District) / Una(District) / Himachal Pradesh(State),01192800,018813,N,,,,
518,18537,Narghota (7/40),नरघोटा (7/40),Birhu Kalan(Sub-District) / Una(District) / Himachal Pradesh(State),01165200,018537,N,,,,
519,18449,Nargrue (15/3),नारगडू (15/3),Bangana(Sub-District) / Una(District) / Himachal Pradesh(State),01156400,018449,N,,,,
520,18641,Narhun (8/31),नरूंहं (8/31),Bangana(Sub-District) / Una(District) / Himachal Pradesh(State),01175600,018641,N,,,,
521,18062,Nari (16),नारी(16),Bharwain(Sub-District) / Una(District) / Himachal Pradesh(State),01117700,018062,N,,,,
522,18229,Nari (37),नारी (37),Amb(Sub-District) / Una(District) / Himachal Pradesh(State),01134400,018229,N,,,,
523,18568,Natheri (7/23),नथेड़ी (7/23),Birhu Kalan(Sub-District) / Una(District) / Himachal Pradesh(State),01168300,018568,N,,,,
524,18263,Nehri Khalsa (104),नैहरी खालसा (104),Amb(Sub-District) / Una(District) / Himachal Pradesh(State),01137800,018263,N,,,,
525,18267,Nehri Nauranga (90),नैहरी नौरंगा (90),Amb(Sub-District) / Una(District) / Himachal Pradesh(State),01138200,018267,N,,,,
526,18687,Neri (11/19),नेरी(11/19),Bangana(Sub-District) / Una(District) / Himachal Pradesh(State),01180200,018687,N,,,,
527,18809,Nichla Badehar (219),निचला बडैहर (219),Mehatpur(Sub-District) / Una(District) / Himachal Pradesh(State),01192400,018809,N,,,,
528,18254,Nohan (60),नौहन (60),Amb(Sub-District) / Una(District) / Himachal Pradesh(State),01136900,018254,N,,,,
529,18271,Nunyai (102),नुनयाई (102),Amb(Sub-District) / Una(District) / Himachal Pradesh(State),01138600,018271,N,,,,
530,18570,Nurghari (7/24),नुुरघाड़ी (7/24),Birhu Kalan(Sub-District) / Una(District) / Himachal Pradesh(State),01168500,018570,N,,,,
531,18179,Oel (148),ओयल (148),Gagret(Sub-District) / Una(District) / Himachal Pradesh(State),01129400,018179,N,,,,
532,18696,Padyola (11/3),पडियोला(11/3),Bangana(Sub-District) / Una(District) / Himachal Pradesh(State),01181100,018696,N,,,,
533,18423,Pakhalag (16/4),पखलग(16/4),Bangana(Sub-District) / Una(District) / Himachal Pradesh(State),01153800,018423,N,,,,
534,18491,Palahta (5/16),पलाहटा(5/16),Bangana(Sub-District) / Una(District) / Himachal Pradesh(State),01160600,018491,N,,,,
535,18849,Palakwah Khas (469),पालकवाह खास (469),Haroli(Sub-District) / Una(District) / Himachal Pradesh(State),01196000,018849,N,,,,
536,18853,Palakwah Nichala (469),पालकवाह निचला,Haroli(Sub-District) / Una(District) / Himachal Pradesh(State),01196000,018853,N,,,,
537,18349,Pallian (1/3),पल्लियां (1/3),Jol(Sub-District) / Una(District) / Himachal Pradesh(State),01146400,018349,N,,,,
538,18286,Paloh (42),पलोह (42),Amb(Sub-District) / Una(District) / Himachal Pradesh(State),01140100,018286,N,,,,
539,18177,Pambra (146),पांवडा (146),Gagret(Sub-District) / Una(District) / Himachal Pradesh(State),01129200,018177,N,,,,
540,18709,Pandoga (195),पंडोगा (195),Ispur(Sub-District) / Una(District) / Himachal Pradesh(State),01182400,018709,N,,,,
541,18540,Paned (7/27),पनेड (7/27),Birhu Kalan(Sub-District) / Una(District) / Himachal Pradesh(State),01165500,018540,N,,,,
542,18388,Panjarda (4/18),पंजारड़ा़,Jol(Sub-District) / Una(District) / Himachal Pradesh(State),01150300,018388,N,,,,
543,18701,Panjawar (179),पंजावर (179),Ispur(Sub-District) / Una(District) / Himachal Pradesh(State),01181600,018701,N,,,,
544,18700,Panjawar Jhikla (179),पंजावर झिकला (179),Ispur(Sub-District) / Una(District) / Himachal Pradesh(State),01181500,018700,N,,,,
545,18316,Panjoa Kalan (153),पंजोआ कलां (153),Amb(Sub-District) / Una(District) / Himachal Pradesh(State),01143100,018316,N,,,,
546,18317,Panjoa Khurd (154),पंजोआ खुर्द (154),Amb(Sub-District) / Una(District) / Himachal Pradesh(State),01143200,018317,N,,,,
547,18350,Panjora (1/1),पंजोड़ा (1/1),Jol(Sub-District) / Una(District) / Himachal Pradesh(State),01146500,018350,N,,,,
548,18844,Panjuana (465),पन्जूवाणा,Haroli(Sub-District) / Una(District) / Himachal Pradesh(State),01195700,018844,N,,,,
549,18680,Pansai (9/23),पनसाई(9/23),Bangana(Sub-District) / Una(District) / Himachal Pradesh(State),01179500,018680,N,,,,
550,18624,Pantehri (14/4),पन्तेहड़ी(14/4),Bangana(Sub-District) / Una(District) / Himachal Pradesh(State),01173900,018624,N,,,,
551,18293,Papehar (49),पपेहड़़ (49),Amb(Sub-District) / Una(District) / Himachal Pradesh(State),01140800,018293,N,,,,
552,18078,Paplehra (29/2),पपलेहड़ा(29/2),Bharwain(Sub-District) / Una(District) / Himachal Pradesh(State),01119300,018078,N,,,,
553,18412,Paproli (3/9),पपरोली(3/9),Bangana(Sub-District) / Una(District) / Himachal Pradesh(State),01152700,018412,N,,,,
554,18210,Paramb (80),प्रम्ब (80),Amb(Sub-District) / Una(District) / Himachal Pradesh(State),01132500,018210,N,,,,
555,18558,Parnolian Sanhal,परनोलियां सन्हाल,Birhu Kalan(Sub-District) / Una(District) / Himachal Pradesh(State),01167300,018558,N,,,,
556,18197,Partap Nagar (143),प्रताप नगर (143),Amb(Sub-District) / Una(District) / Himachal Pradesh(State),01131200,018197,N,,,,
557,18238,Patehar (57),पतेहड़ (57),Amb(Sub-District) / Una(District) / Himachal Pradesh(State),01135300,018238,N,,,,
558,18547,Patti (7/10),पट्टी,Birhu Kalan(Sub-District) / Una(District) / Himachal Pradesh(State),01166200,018547,N,,,,
559,18861,Polianbeet (525),पोलियां वीत(525),Dulahar(Sub-District) / Una(District) / Himachal Pradesh(State),01196300,018861,N,,,,
560,18241,Polian Prohitan (40),पोलियां परोहितां (40),Amb(Sub-District) / Una(District) / Himachal Pradesh(State),01135600,018241,N,,,,
561,18212,Poliyan Jaswalan (83),पोलियां जसवालां (83),Amb(Sub-District) / Una(District) / Himachal Pradesh(State),01132700,018212,N,,,,
562,18832,Poona (244),पूना(244),Mehatpur(Sub-District) / Una(District) / Himachal Pradesh(State),01194700,018832,N,,,,
563,18599,Proian Kalan (10/19),परोईयां कलां (10/19),Birhu Kalan(Sub-District) / Una(District) / Himachal Pradesh(State),01171400,018599,N,,,,
564,18854,Pubowal (523),पूवोेवाल(523),Dulahar(Sub-District) / Una(District) / Himachal Pradesh(State),01196100,018854,N,,,,
565,18528,Rachhoh (14/7),रछोह (14/7),Bangana(Sub-District) / Una(District) / Himachal Pradesh(State),01164300,018528,N,,,,
566,18631,Rachhol (7/30),रछोल (14/7),Birhu Kalan(Sub-District) / Una(District) / Himachal Pradesh(State),01174600,018631,N,,,,
567,18074,Rahi (26/2),उप-महाल रेही(26/2),Bharwain(Sub-District) / Una(District) / Himachal Pradesh(State),01118900,018074,N,,,,
568,18602,Raipur (10/28),रायेपुर (10/28),Birhu Kalan(Sub-District) / Una(District) / Himachal Pradesh(State),01171700,018602,N,,,,
569,18606,Raipur Uperla (10/28),रायेपुर उपरला,Birhu Kalan(Sub-District) / Una(District) / Himachal Pradesh(State),01172100,018606,N,,,,
570,18671,Rajli Baniala (9/22),राजली बन्याला(9/22),Bangana(Sub-District) / Una(District) / Himachal Pradesh(State),01178600,018671,N,,,,
571,18672,Rajli Jatan (9/28),राजली जट्टांं(9/28),Bangana(Sub-District) / Una(District) / Himachal Pradesh(State),01178700,018672,N,,,,
572,18670,Rajli Uparli (9/8),राजली उपरली(9/8),Bangana(Sub-District) / Una(District) / Himachal Pradesh(State),01178500,018670,N,,,,
573,18503,Rajpura (4/11),राजपुरा(4/11),Bangana(Sub-District) / Una(District) / Himachal Pradesh(State),01161800,018503,N,,,,
574,18292,Rakkar (48),रक्कड (48),Amb(Sub-District) / Una(District) / Himachal Pradesh(State),01140700,018292,N,,,,
575,18579,Ramgarh (10/2),रामगढ (10/2),Birhu Kalan(Sub-District) / Una(District) / Himachal Pradesh(State),01169400,018579,N,,,,
576,18371,Ramnagar (2/1),रामनगर (2/1),Jol(Sub-District) / Una(District) / Himachal Pradesh(State),01148600,018371,N,,,,
577,18081,Ramnagar (26/4),उप-महाल  राम नगर(26/4),Bharwain(Sub-District) / Una(District) / Himachal Pradesh(State),01119600,018081,N,,,,
578,18787,Rampur (209),रामपुर (209),Una(Sub-District) / Una(District) / Himachal Pradesh(State),01190200,018787,N,,,,
579,18385,Raunkhar (4/7),रौणखर (4/7),Jol(Sub-District) / Una(District) / Himachal Pradesh(State),01150000,018385,N,,,,
580,18431,Rerku (16/12),रेड्कू (16/12),Bangana(Sub-District) / Una(District) / Himachal Pradesh(State),01154600,018431,N,,,,
581,18087,Reserve Jangal -A (31/5),रिजर्व जंगल-ए,Bharwain(Sub-District) / Una(District) / Himachal Pradesh(State),01120200,018087,N,,,,
582,18091,Reserve Jangal-B (31/14),रिजर्व जंगल-बी,Bharwain(Sub-District) / Una(District) / Himachal Pradesh(State),01120600,018091,N,,,,
583,18243,Reserve Jungle Dharuhi R-III-D (55),रिजर्व जंगल धड़ुई आर-III  डी (55),Amb(Sub-District) / Una(District) / Himachal Pradesh(State),01135800,018243,N,,,,
584,18228,Reserve Jungle Dharui R-III (59),रिजर्व जंगल धड़ूई आर-तृतीय (59),Amb(Sub-District) / Una(District) / Himachal Pradesh(State),01134300,018228,N,,,,
585,18234,Reserve Jungle Dharui R-III-A (38),रिजर्व जंगल धड़ूई आर-III ए (38),Amb(Sub-District) / Una(District) / Himachal Pradesh(State),01134900,018234,N,,,,
586,18252,Reserve Jungle Dharui R-III-C-I (56),रिजर्व जंगल धड़ूई आर-III सी-I (56),Amb(Sub-District) / Una(District) / Himachal Pradesh(State),01136700,018252,N,,,,
587,18233,Reserve Jungle Dharui R-III-E (38),रिजर्व जंगल धड़ूई आर-III ई (38),Amb(Sub-District) / Una(District) / Himachal Pradesh(State),01134800,018233,N,,,,
588,18301,Reserve Jungle Dharui R-III -G (101),रिजर्व जंगल धड़ुई आर-तृतीय जी (101),Amb(Sub-District) / Una(District) / Himachal Pradesh(State),01141600,018301,N,,,,
589,18303,Reserve Jungle R-III Dharuhi-B (103),रिजर्व जंगल आर-तृतीय धडूई- बी (103),Amb(Sub-District) / Una(District) / Himachal Pradesh(State),01141800,018303,N,,,,
590,18304,Reserve Jungle R-III Dharuhi-F (103),रिजर्व जंगल आर-तृतीय धडूई -एफ (103),Amb(Sub-District) / Una(District) / Himachal Pradesh(State),01141900,018304,N,,,,
591,18274,Reserve Jungle R-III Dharui G (95),रिजर्व जंगल आर-तृतीय धडूई-जी (95),Amb(Sub-District) / Una(District) / Himachal Pradesh(State),01138900,018274,N,,,,
592,18242,Ripoh Manmanyari (55),रिपोह मनमन्यारी (55),Amb(Sub-District) / Una(District) / Himachal Pradesh(State),01135700,018242,N,,,,
593,18280,Ripoh Missran (54),रिपोह मिसरां (54,Amb(Sub-District) / Una(District) / Himachal Pradesh(State),01139500,018280,N,,,,
594,18450,Ritt Satrukha (15/7),रिट सतरुखा(15/7),Bangana(Sub-District) / Una(District) / Himachal Pradesh(State),01156500,018450,N,,,,
595,18442,Riwar (15/19),रिवाड़(15/19),Bangana(Sub-District) / Una(District) / Himachal Pradesh(State),01155700,018442,N,,,,
596,18843,Rora (465),रोड़ा,Haroli(Sub-District) / Una(District) / Himachal Pradesh(State),01195700,018843,N,,,,
597,18842,Rora Baliwal (465),रोड़ा बालीवाल (465),Haroli(Sub-District) / Una(District) / Himachal Pradesh(State),01195700,018842,N,,,,
598,18094,Saarda (31/11),सारडा (31/11),Bharwain(Sub-District) / Una(District) / Himachal Pradesh(State),01120900,018094,N,,,,
599,18411,Sai (3/11),साई (3/11),Bangana(Sub-District) / Una(District) / Himachal Pradesh(State),01152600,018411,N,,,,
600,18562,Sakohan (7/36),सकोहन (7/36),Birhu Kalan(Sub-District) / Una(District) / Himachal Pradesh(State),01167700,018562,N,,,,
601,18741,Salangari (446),सलांगड़ी (446),Una(Sub-District) / Una(District) / Himachal Pradesh(State),01185600,018741,N,,,,
602,18455,Saloh (15/5),सलोह(15/5),Bangana(Sub-District) / Una(District) / Himachal Pradesh(State),01157000,018455,N,,,,
603,18104,Saloh (5),सलोह (5),Ghanari(Sub-District) / Una(District) / Himachal Pradesh(State),01121900,018104,N,,,,
604,18215,Saloi (81),सलोई (81),Amb(Sub-District) / Una(District) / Himachal Pradesh(State),01133000,018215,N,,,,
605,18347,Saluri (183),सलूरी (183),Amb(Sub-District) / Una(District) / Himachal Pradesh(State),01146200,018347,N,,,,
606,18421,Samlara (15/30),समलाड़ा (15/30),Bangana(Sub-District) / Una(District) / Himachal Pradesh(State),01153600,018421,N,,,,
607,18430,Samma (16/13),सम्मा (16/13),Bangana(Sub-District) / Una(District) / Himachal Pradesh(State),01154500,018430,N,,,,
608,18525,Sammur (6/18),समूर (6/18),Jol(Sub-District) / Una(District) / Himachal Pradesh(State),01164000,018525,N,,,,
609,18841,Samnal (466),समनाल (466),Haroli(Sub-District) / Una(District) / Himachal Pradesh(State),01195600,018841,N,,,,
610,18276,Sandhari (92),सन्धारी (92),Amb(Sub-District) / Una(District) / Himachal Pradesh(State),01139100,018276,N,,,,
611,18159,Sanghnai (137),महाल संघनेई (137),Ghanari(Sub-District) / Una(District) / Himachal Pradesh(State),01127400,018159,N,,,,
612,18732,Sanjhot (445),सन्झोट (445),Una(Sub-District) / Una(District) / Himachal Pradesh(State),01184700,018732,N,,,,
613,18836,Sanoli (249),सनोली(249),Mehatpur(Sub-District) / Una(District) / Himachal Pradesh(State),01195100,018836,N,,,,
614,18840,Sansowal (464),सैंसोवाल (464),Haroli(Sub-District) / Una(District) / Himachal Pradesh(State),01195500,018840,N,,,,
615,937794,Santoshgarh (246),सन्तोषगढ़ (246),Mehatpur(Sub-District) / Una(District) / Himachal Pradesh(State),,000000,N,,,,
616,18259,Santo Tilla (66),सन्तो टिल्ला (66),Amb(Sub-District) / Una(District) / Himachal Pradesh(State),01137400,018259,N,,,,
617,18256,Sapauri (62),सपौरी (62),Amb(Sub-District) / Una(District) / Himachal Pradesh(State),01137100,018256,N,,,,
618,18443,Sar (3/12),सर (3/12),Bangana(Sub-District) / Una(District) / Himachal Pradesh(State),01155800,018443,N,,,,
619,18487,Sar (5/6),सर (5/6),Bangana(Sub-District) / Una(District) / Himachal Pradesh(State),01160200,018487,N,,,,
620,18499,Sarnoti (4/5),सरनोटी(4/5),Bangana(Sub-District) / Una(District) / Himachal Pradesh(State),01161400,018499,N,,,,
621,18629,Saroh (14/2),सरोह(14/2),Bangana(Sub-District) / Una(District) / Himachal Pradesh(State),01174400,018629,N,,,,
622,18650,Sarsoli (8/19),सरसोली(8/19),Bangana(Sub-District) / Una(District) / Himachal Pradesh(State),01176500,018650,N,,,,
623,18814,Sasan (221),सासन (221),Mehatpur(Sub-District) / Una(District) / Himachal Pradesh(State),01192900,018814,N,,,,
624,18552,Sasan (7/18),सासन (7/18),Birhu Kalan(Sub-District) / Una(District) / Himachal Pradesh(State),01166700,018552,N,,,,
625,18655,Sasan (9/10),सासन (9/10),Bangana(Sub-District) / Una(District) / Himachal Pradesh(State),01177000,018655,N,,,,
626,18731,Satleta (443),सतलेटा (443),Una(Sub-District) / Una(District) / Himachal Pradesh(State),01184600,018731,N,,,,
627,18692,Sepra (11/21),सेपड़ा(11/21),Bangana(Sub-District) / Una(District) / Himachal Pradesh(State),01180700,018692,N,,,,
628,18340,Seri (176),सेरी (176),Amb(Sub-District) / Una(District) / Himachal Pradesh(State),01145500,018340,N,,,,
629,18395,Shiv Nagar (3/4),शिवनगर(3/4),Bangana(Sub-District) / Una(District) / Himachal Pradesh(State),01151000,018395,N,,,,
630,18878,Shiyampura,श्यामपुरा,Dulahar(Sub-District) / Una(District) / Himachal Pradesh(State),01196900,018878,N,,,,
631,18205,Sidh Chalehar,सिद्ध चलेहड़,Amb(Sub-District) / Una(District) / Himachal Pradesh(State),01132000,018205,N,,,,
632,18620,Sihana (14/12),सिहाना(14/12),Bangana(Sub-District) / Una(District) / Himachal Pradesh(State),01173500,018620,N,,,,
633,18096,Sikri (6),सिकरी (6),Ghanari(Sub-District) / Una(District) / Himachal Pradesh(State),01121100,018096,N,,,,
634,18873,Singa Urf Surkalan (531),सिंगा उर्फ सूरकलां (531),Dulahar(Sub-District) / Una(District) / Himachal Pradesh(State),01196700,018873,N,,,,
635,18475,Sirth (5/5),सिरठ (5/5),Bangana(Sub-District) / Una(District) / Himachal Pradesh(State),01159000,018475,N,,,,
636,18374,Sohari (2/4),सोहारी (2/4),Jol(Sub-District) / Una(District) / Himachal Pradesh(State),01148900,018374,N,,,,
637,18653,Soharla Jhikla (8/22),सोहारला झिकला (8/22),Bangana(Sub-District) / Una(District) / Himachal Pradesh(State),01176800,018653,N,,,,
638,18652,Soharla Upperla (8/21),सोहारला उपरला (8/21),Bangana(Sub-District) / Una(District) / Himachal Pradesh(State),01176700,018652,N,,,,
639,18651,Suhari (8/23),सुहारी (8/23),Bangana(Sub-District) / Una(District) / Himachal Pradesh(State),01176600,018651,N,,,,
640,18674,Suhari (9/31),सुहारी(9/31),Bangana(Sub-District) / Una(District) / Himachal Pradesh(State),01178900,018674,N,,,,
641,18207,Suhin (73),सूंही (73),Amb(Sub-District) / Una(District) / Himachal Pradesh(State),01132200,018207,N,,,,
642,18409,Sukdiyal (16/14),सुकडि़याल (16/14),Bangana(Sub-District) / Una(District) / Himachal Pradesh(State),01152400,018409,N,,,,
643,18632,Suknehra (14/11),सुकनेहड़ा(14/11),Bangana(Sub-District) / Una(District) / Himachal Pradesh(State),01174700,018632,N,,,,
644,18793,Sunehra (213),सुनेहरा (213),Una(Sub-District) / Una(District) / Himachal Pradesh(State),01190800,018793,N,,,,
645,18288,Suri (41),सूरी (41),Amb(Sub-District) / Una(District) / Himachal Pradesh(State),01140300,018288,N,,,,
646,18751,Surjehra (451),सुरजेहड़ा(451),Una(Sub-District) / Una(District) / Himachal Pradesh(State),01186600,018751,N,,,,
647,18610,Surra (8/20),सुरड़ा(8/20),Bangana(Sub-District) / Una(District) / Himachal Pradesh(State),01172500,018610,N,,,,
648,18783,Tabba (211),टब्बा (211),Una(Sub-District) / Una(District) / Himachal Pradesh(State),01189800,018783,N,,,,
649,18888,Tahliwal Nichala (472),टाहलीवाल निचला,Haroli(Sub-District) / Una(District) / Himachal Pradesh(State),01197200,018888,N,,,,
650,18887,Tahliwal Uperla (472),टाहलीवाल उपरला,Haroli(Sub-District) / Una(District) / Himachal Pradesh(State),01197200,018887,N,,,,
651,937796,Takhatpur (247),तख्तपुर(247),Mehatpur(Sub-District) / Una(District) / Himachal Pradesh(State),,000000,N,,,,
652,18758,Takka (Bishna Nagar) (190),महल टक्का विशनानगर (190),Una(Sub-District) / Una(District) / Himachal Pradesh(State),01187300,018758,N,,,,
653,18381,Takoli (2/2),टकोली (2/2),Jol(Sub-District) / Una(District) / Himachal Pradesh(State),01149600,018381,N,,,,
654,18351,Talap (1/4),तलप (1/4),Jol(Sub-District) / Una(District) / Himachal Pradesh(State),01146600,018351,N,,,,
655,18561,Talehra Sanhal (7/31),तलेहड़ा सन्हाल (7/31),Birhu Kalan(Sub-District) / Una(District) / Himachal Pradesh(State),01167600,018561,N,,,,
656,18383,Talmehra (4/1),तलमेहड़ा (4/1),Jol(Sub-District) / Una(District) / Himachal Pradesh(State),01149800,018383,N,,,,
657,18427,Talpi (16/5),तल्पी (16/5),Bangana(Sub-District) / Una(District) / Himachal Pradesh(State),01154200,018427,N,,,,
658,18193,Talwal (150),तलवाल (150),Amb(Sub-District) / Una(District) / Himachal Pradesh(State),01130800,018193,N,,,,
659,18462,Tamlet 15/32),तमलेट(15/32),Bangana(Sub-District) / Una(District) / Himachal Pradesh(State),01157700,018462,N,,,,
660,18480,Tamlet (5/1),तमलेट(5/1),Bangana(Sub-District) / Una(District) / Himachal Pradesh(State),01159500,018480,N,,,,
661,18564,Tanda (7/32),टांडा (7/32),Birhu Kalan(Sub-District) / Una(District) / Himachal Pradesh(State),01167900,018564,N,,,,
662,18582,Tanda Anokha (10/13),टांडा अनोखा (10/13),Birhu Kalan(Sub-District) / Una(District) / Himachal Pradesh(State),01169700,018582,N,,,,
663,18563,Tanda Uperla (7/32),टांडा उपरला (7/32),Birhu Kalan(Sub-District) / Una(District) / Himachal Pradesh(State),01167800,018563,N,,,,
664,18654,Tanoh (9/3),तनोह(9/3),Bangana(Sub-District) / Una(District) / Himachal Pradesh(State),01176900,018654,N,,,,
665,18180,Tatehra (160),टटेहड़ा (160),Gagret(Sub-District) / Una(District) / Himachal Pradesh(State),01129500,018180,N,,,,
666,18451,Tehi (15/24),तेई(15/24),Bangana(Sub-District) / Una(District) / Himachal Pradesh(State),01156600,018451,N,,,,
667,18851,Thakran (469),ठाकरां,Haroli(Sub-District) / Una(District) / Himachal Pradesh(State),01196000,018851,N,,,,
668,18429,Thana Jhikla (16/6),थाना झिकला (16/6),Bangana(Sub-District) / Una(District) / Himachal Pradesh(State),01154400,018429,N,eSignGOFile662648_21_02_2025_15_25_51.pdf,,,
669,18532,Thana Kalan (7/30),थानाकलां(7/30),Birhu Kalan(Sub-District) / Una(District) / Himachal Pradesh(State),01164700,018532,N,,,,
670,18530,Thanakhas (7/30),थानाखास,Birhu Kalan(Sub-District) / Una(District) / Himachal Pradesh(State),01164500,018530,N,,,,
671,18576,Thana Khurd (7/11),थाना खुर्द (7/11),Birhu Kalan(Sub-District) / Una(District) / Himachal Pradesh(State),01169100,018576,N,,,,
672,18428,Thana Uparla (16/7),थाना उपरला(16/7),Bangana(Sub-District) / Una(District) / Himachal Pradesh(State),01154300,018428,N,,,,
673,18079,Thanikpura (31/9),थनिकपुरा(31/9),Bharwain(Sub-District) / Una(District) / Himachal Pradesh(State),01119400,018079,N,,,,
674,18178,Thaplan (148),थपलां (148),Gagret(Sub-District) / Una(District) / Himachal Pradesh(State),01129300,018178,N,,,,
675,18867,Thara (527),थड़ा (527),Dulahar(Sub-District) / Una(District) / Himachal Pradesh(State),01196400,018867,N,,,,
676,18483,Thathun (5/9),ठठूंह(5/9),Bangana(Sub-District) / Una(District) / Himachal Pradesh(State),01159800,018483,N,,,,
677,18884,Thay (471),थेह (471),Haroli(Sub-District) / Una(District) / Himachal Pradesh(State),01197100,018884,N,eSignGOFile662648_20_03_2025_12_28_34.pdf,,,
678,18203,Tibbi (78),टिब्बी (78),Amb(Sub-District) / Una(District) / Himachal Pradesh(State),01131800,018203,N,,,,
679,18864,Tibbian (525),टिव्वियां (525),Dulahar(Sub-District) / Una(District) / Himachal Pradesh(State),01196300,018864,N,eSignGOFile662648_20_03_2025_12_31_05.pdf,,,
680,18556,Tihra Khas (7/33),टीहरा खास (7/33),Birhu Kalan(Sub-District) / Una(District) / Himachal Pradesh(State),01167100,018556,N,,,,
681,18300,Tiyai (101),तियाई (101),Amb(Sub-District) / Una(District) / Himachal Pradesh(State),01141500,018300,N,,,,
682,18517,Tiyar (6/14),त्यार (6/14),Jol(Sub-District) / Una(District) / Himachal Pradesh(State),01163200,018517,N,,,,
683,18365,Tokrian (1/6),टोकरियां (1/6),Jol(Sub-District) / Una(District) / Himachal Pradesh(State),01148000,018365,N,,,,
684,18121,Trali (126),उप महाल तराली (126),Ghanari(Sub-District) / Una(District) / Himachal Pradesh(State),01123600,018121,N,,,,
685,18141,Tundkhari (21),टुन्डखरी (21),Ghanari(Sub-District) / Una(District) / Himachal Pradesh(State),01125600,018141,N,,,,
686,18660,Tureta (9/4),तुडेटा(9/4),Bangana(Sub-District) / Una(District) / Himachal Pradesh(State),01177500,018660,N,,,,
687,18685,Turkal (9/24),तुरकाल(9/24),Bangana(Sub-District) / Una(District) / Himachal Pradesh(State),01180000,018685,N,,,,
688,18686,Turkal Uperli (9/24),तुरकाल उपरली (9/24),Bangana(Sub-District) / Una(District) / Himachal Pradesh(State),01180100,018686,N,,,,
689,18666,Tyasar (9/6),त्यासर(9/6),Bangana(Sub-District) / Una(District) / Himachal Pradesh(State),01178100,018666,N,,,,
690,18816,Udeypur (224),उदयपुर(224),Mehatpur(Sub-District) / Una(District) / Himachal Pradesh(State),01193100,018816,N,,,,
691,18357,Umbri Di Behar (1/8),उम्बरी दी बेहड़ (1/8),Jol(Sub-District) / Una(District) / Himachal Pradesh(State),01147200,018357,N,,,,
692,939091,Una Khas (208),ऊना खास (208),Una(Sub-District) / Una(District) / Himachal Pradesh(State),,000000,N,,,,
693,18124,Up Mahal Amboa (125),उप महाल अम्बोआ (125),Ghanari(Sub-District) / Una(District) / Himachal Pradesh(State),01123900,018124,N,,,,
694,18163,Up Mahal Ambota (139),उप महाल अम्बोटा (139),Gagret(Sub-District) / Una(District) / Himachal Pradesh(State),01127800,018163,N,,,,
695,939085,Up Mahal Arya Nagar (208),उप महाल आर्यनगर (208),Una(Sub-District) / Una(District) / Himachal Pradesh(State),,000000,N,,,,
696,939086,Up Mahal Baag (Una) (208),उप महाल बाग ऊना (208),Una(Sub-District) / Una(District) / Himachal Pradesh(State),,000000,N,,,,
697,18098,Up Mahal Baih (4),उप महाल वैह (4),Ghanari(Sub-District) / Una(District) / Himachal Pradesh(State),01121300,018098,N,,,,
698,18613,Up Mahal Bari (8/10),उप महाल बाड़ी (8/10),Ghanari(Sub-District) / Una(District) / Himachal Pradesh(State),01172800,018613,N,,,,
699,18760,Up Mahal Basal (194),उप महाल बसाल (194),Una(Sub-District) / Una(District) / Himachal Pradesh(State),01187500,018760,N,,,,
700,937788,Up Mahal Basdehra Brahmna (228),उप महाल बसदेहड़ा ब्राहम्णा(228),Mehatpur(Sub-District) / Una(District) / Himachal Pradesh(State),,000000,N,,,,
701,937790,Up Mahal Basdehra Kandla (228),उप महाल बसदेहड़ा कण्डला (228),Mehatpur(Sub-District) / Una(District) / Himachal Pradesh(State),,000000,N,,,,
702,937787,Up Mahal Basdehra Khas (228),उप महाल बसदेहड़ा खास(228),Mehatpur(Sub-District) / Una(District) / Himachal Pradesh(State),,000000,N,,,,
703,937789,Up Mahal Basdehra Rajputan (228),उप महाल बसदेहड़ा राजपूतां (228),Mehatpur(Sub-District) / Una(District) / Himachal Pradesh(State),,000000,N,,,,
704,18779,Up Mahal Basoli Lower (457),उप महाल बसोली निचली (457),Una(Sub-District) / Una(District) / Himachal Pradesh(State),01189400,018779,N,,,,
705,18777,Up Mahal Basoli Upper(457),उप महाल बसोली उपरली (457),Una(Sub-District) / Una(District) / Himachal Pradesh(State),01189200,018777,N,,,,
706,18803,Up Mahal Behdala (459),उप महाल बहडाला(459),Mehatpur(Sub-District) / Una(District) / Himachal Pradesh(State),01191800,018803,N,,,,
707,939087,Up Mahal Behli (Una) (208),उप महाल बैहली ऊना (208),Una(Sub-District) / Una(District) / Himachal Pradesh(State),,000000,N,,,,
708,18111,Up Mahal Bhaderkali (123),उप महाल भद्रकाली (123),Ghanari(Sub-District) / Una(District) / Himachal Pradesh(State),01122600,018111,N,,,,
709,18148,Up Mahal Bhanjal (134),उप महाल भन्जाल (134),Ghanari(Sub-District) / Una(District) / Himachal Pradesh(State),01126300,018148,N,,,,
710,18176,Up Mahal Bhathiyan Bala (147),उप महाल भठियां वाला (147),Gagret(Sub-District) / Una(District) / Himachal Pradesh(State),01129100,018176,N,,,,
711,18093,Up Mahal.Bhatola Padehar(31/3),उप-महाल भटोला पदेहड़़,Bharwain(Sub-District) / Una(District) / Himachal Pradesh(State),01120800,018093,N,,,,
712,18827,Up Mahal Bhatoli College (231),उप महाल  भटोली कालेज (231),Mehatpur(Sub-District) / Una(District) / Himachal Pradesh(State),01194200,018827,N,,,,
713,18331,Up Mahal Billan Da Thappal (56),उप महाल बिलां दा थप्पल (56),Amb(Sub-District) / Una(District) / Himachal Pradesh(State),01144600,018331,N,,,,
714,18112,Up Mahal Brahmpur (123),उप महाल ब्रहमपुर (123),Ghanari(Sub-District) / Una(District) / Himachal Pradesh(State),01122700,018112,N,,,,
715,937797,Up Mahal Chabba Nagar (248),उप महाल चब्बा नगर(248),Mehatpur(Sub-District) / Una(District) / Himachal Pradesh(State),,000000,N,,,,
716,18118,Up Mahal Chalet Nichla (124),उप महाल चलेट निचला (124),Ghanari(Sub-District) / Una(District) / Himachal Pradesh(State),01123300,018118,N,,,,
717,18117,Up Mahal Chalet Upperla (124),उप महाल चलेट उपरला (124),Ghanari(Sub-District) / Una(District) / Himachal Pradesh(State),01123200,018117,N,,,,
718,18744,Up Mahal Chalola I (448),उप महाल चलोला प्रथम (448),Una(Sub-District) / Una(District) / Himachal Pradesh(State),01185900,018744,N,,,,
719,18745,Up Mahal Chalola-II (448),उप महाल चलोला-द्वितीय (448),Una(Sub-District) / Una(District) / Himachal Pradesh(State),01186000,018745,N,,,,
720,18164,Up Mahal Chatehar Buhal (139),उप महाल चतेहड़़ बूहल (139),Gagret(Sub-District) / Una(District) / Himachal Pradesh(State),01127900,018164,N,,,,
721,18780,Up Mahal Chattra Upper (458),उप महाल चताड़ा उपरला (458),Una(Sub-District) / Una(District) / Himachal Pradesh(State),01189500,018780,N,,,,
722,18804,Up Mahal Chaukhyal (459),उप महाल चौख्याल (459),Mehatpur(Sub-District) / Una(District) / Himachal Pradesh(State),01191900,018804,N,,,,
723,18830,Up Mahal Chhatarpur Tada (227),उप महाल छतरपुर टाडा(227),Mehatpur(Sub-District) / Una(District) / Himachal Pradesh(State),01194500,018830,N,,,,
724,18127,Up Mahal Chowki (129),उप महाल  चौकी (129),Ghanari(Sub-District) / Una(District) / Himachal Pradesh(State),01124200,018127,N,,,,
725,18113,Up Mahal Dangoh Kalan (120),उप महाल डंगोह कलां (120),Ghanari(Sub-District) / Una(District) / Himachal Pradesh(State),01122800,018113,N,,,,
726,18114,Up Mahal Dangoh Khas(120),उप महाल डंगोह खास (120),Ghanari(Sub-District) / Una(District) / Himachal Pradesh(State),01122900,018114,N,eSignGOFile662648_19_02_2025_17_26_30.pdf,,,
727,18109,Up Mahal Dangoh Upperla (120),उप महाल डंगोह उपरला (120),Ghanari(Sub-District) / Una(District) / Himachal Pradesh(State),01122400,018109,N,,,,
728,939107,Up Mahal Daulatpur (119),उप महाल  दौलतपुर (119),Ghanari(Sub-District) / Una(District) / Himachal Pradesh(State),,000000,N,,,,
729,18723,Up Mahal Dehrianwala(198),उप महाल देहरियांवाला (198),Ispur(Sub-District) / Una(District) / Himachal Pradesh(State),01183800,018723,N,,,,
730,18132,Up Mahal Deoli (136),उप महाल  दियोली (136),Ghanari(Sub-District) / Una(District) / Himachal Pradesh(State),01124700,018132,N,,,,
731,18133,Up Mahal Deoli Minhasa (136),उप महाल दियोली मिन्हासा (136),Ghanari(Sub-District) / Una(District) / Himachal Pradesh(State),01124800,018133,N,,,,
732,18169,Up Mahal Dev Nagar (140),उप महाल देव नगर (140),Gagret(Sub-District) / Una(District) / Himachal Pradesh(State),01128400,018169,N,,,,
733,18334,Up Mahal Dhandari (165),उप महाल धंन्दडी (165),Amb(Sub-District) / Una(District) / Himachal Pradesh(State),01144900,018334,N,,,,
734,18158,Up Mahal Dhanowal (137),उप महाल धन्नोवाल (137),Ghanari(Sub-District) / Una(District) / Himachal Pradesh(State),01127300,018158,N,,,,
735,18061,Up Mahal Dharmshal Mahantan Jhigli (15/2),उप-महाल धर्मशाल महन्ता झिगली (15/2),Bharwain(Sub-District) / Una(District) / Himachal Pradesh(State),01117600,018061,N,,,,
736,18162,Up Mahal Dhawali (139),उप महाल ढवाली (139),Gagret(Sub-District) / Una(District) / Himachal Pradesh(State),01127700,018162,N,,,,
737,18345,Up Mahal Dhusara Abbal (437),उप महाल धुसाड़ा अब्बल (437),Amb(Sub-District) / Una(District) / Himachal Pradesh(State),01146000,018345,N,,,,
738,18346,Up Mahal Dhusara Doyam (437),उप महाल धुसाड़ा दोयम (437),Amb(Sub-District) / Una(District) / Himachal Pradesh(State),01146100,018346,N,,,,
739,18251,Up Mahal Dulehan (56),उप महाल दुलैहण (56),Amb(Sub-District) / Una(District) / Himachal Pradesh(State),01136600,018251,N,,,,
740,18171,Up Mahal Gagret (140),उप महाल गगरेट (140),Gagret(Sub-District) / Una(District) / Himachal Pradesh(State),01128600,018171,N,,,,
741,18764,Up Mahal Galua (194),उप महाल गलुआ (194),Una(Sub-District) / Una(District) / Himachal Pradesh(State),01187900,018764,N,,,,
742,939088,Up Mahal Galua (Una) (208),उप महाल  गलुआ (ऊना) (208),Una(Sub-District) / Una(District) / Himachal Pradesh(State),,000000,N,,,,
743,18248,Up Mahal Gawalsar (56),उप महाल ग्वालसर (56),Amb(Sub-District) / Una(District) / Himachal Pradesh(State),01136300,018248,N,,,,
744,18131,Up Mahal Ghanari Brahmana Chanhga (130),उप महाल घनारी ब्राहमणा चाहंगा (130),Ghanari(Sub-District) / Una(District) / Himachal Pradesh(State),01124600,018131,N,,,,
745,18130,Up Mahal Ghanari Dadwalan (130),उप महाल घनारी डढवालां (130),Ghanari(Sub-District) / Una(District) / Himachal Pradesh(State),01124500,018130,N,,,,
746,18059,Up Mahal Godri Sidh (14),उप-महाल गोदड़ी सिद्ध (14),Bharwain(Sub-District) / Una(District) / Himachal Pradesh(State),01117400,018059,N,,,,
747,18151,Up Mahal Gokal Nagar (134),उप महाल गोकल नगर (134),Ghanari(Sub-District) / Una(District) / Himachal Pradesh(State),01126600,018151,N,,,,
748,18136,Up Mahal Gondpur Banehra Nichla (127),उप महाल गोंदपुर बनेहड़ा निचला (127),Ghanari(Sub-District) / Una(District) / Himachal Pradesh(State),01125100,018136,N,,,,
749,18137,Up Mahal Gondpur Banehra Upperla (127),उप महाल गोंदपुर बनेहड़ा उपरला (127),Ghanari(Sub-District) / Una(District) / Himachal Pradesh(State),01125200,018137,N,,,,
750,18063,Up Mahal Gugwar (17/2),उप-महाल गुगवड़(17/2),Bharwain(Sub-District) / Una(District) / Himachal Pradesh(State),01117800,018063,N,,,,
751,18264,Up Mahal Gujrehra (104),उप महाल गुजरेहडा (104),Amb(Sub-District) / Una(District) / Himachal Pradesh(State),01137900,018264,N,,,,
752,18250,Up Mahal Gulyar (56),उप महाल गुलयार (56),Amb(Sub-District) / Una(District) / Himachal Pradesh(State),01136500,018250,N,,,,
753,18344,Up Mahal Hamboli Lower (175),उप महाल हम्बोली निचली (175),Amb(Sub-District) / Una(District) / Himachal Pradesh(State),01145900,018344,N,,,,
754,18343,Up Mahal Hamboli Upper (175),उप महाल हम्बोली उपरली (175),Amb(Sub-District) / Una(District) / Himachal Pradesh(State),01145800,018343,N,,,,
755,18168,Up Mahal Indra Nagar (140),उप महाल इन्दिरा नगर (140),Gagret(Sub-District) / Una(District) / Himachal Pradesh(State),01128300,018168,N,,,,
756,18187,Up Mahal Jadla Pratham (168),उप महाल जाडला प्रथम (168),Gagret(Sub-District) / Una(District) / Himachal Pradesh(State),01130200,018187,N,,,,
757,18188,Up Mahal Jadla Second (168),उप महाल जाडला द्वितीय (168),Gagret(Sub-District) / Una(District) / Himachal Pradesh(State),01130300,018188,N,,,,
758,18782,Up Mahal Jalgran (211),उप महाल जलग्रां(211),Una(Sub-District) / Una(District) / Himachal Pradesh(State),01189700,018782,N,,,,
759,18329,Up Mahal Jaman Kual (56),उप महाल जमन कुआल (56),Amb(Sub-District) / Una(District) / Himachal Pradesh(State),01144400,018329,N,,,,
760,18823,Up Mahal Jarai Mehatpur (230),उप महाल जरेई  मैहतपुर(230),Mehatpur(Sub-District) / Una(District) / Himachal Pradesh(State),01193800,018823,N,,,,
761,18157,Up Mahal Jeetpur Baheri (137),उप महाल जीतपुर बेहड़ी (137),Ghanari(Sub-District) / Una(District) / Himachal Pradesh(State),01127200,018157,N,,,,
762,18798,Up Mahal Jhurowal (219),उप महाल झोडोेवाल (219),Mehatpur(Sub-District) / Una(District) / Himachal Pradesh(State),01191300,018798,N,eSignGOFile662648_20_03_2025_12_32_55.pdf,,,
763,18165,Up Mahal Jindbar (139),उप महाल जिन्दबड़ (139),Gagret(Sub-District) / Una(District) / Himachal Pradesh(State),01128000,018165,N,,,,
764,18097,Up Mahal Joh (4),उप महाल जोह (4),Ghanari(Sub-District) / Una(District) / Himachal Pradesh(State),01121200,018097,N,,,,
765,18138,Up Mahal Kailash Nagar (132),उप महाल कैलाश नगर (132),Ghanari(Sub-District) / Una(District) / Himachal Pradesh(State),01125300,018138,N,,,,
766,18160,Up Mahal Kalapanga (137),उप महाल कालापंगा (137),Ghanari(Sub-District) / Una(District) / Himachal Pradesh(State),01127500,018160,N,,,,
767,18826,Up Mahal Kalsera (230),उप महाल कलसेड़ा (230),Mehatpur(Sub-District) / Una(District) / Himachal Pradesh(State),01194100,018826,N,,,,
768,18153,Up Mahal Kanshipur (138),उप महाल कांशीपुर (138),Amb(Sub-District) / Una(District) / Himachal Pradesh(State),01126800,018153,N,,,,
769,18762,Up Mahal Kasba(194),उप महाल कस्वा (194),Una(Sub-District) / Una(District) / Himachal Pradesh(State),01187700,018762,N,,,,
770,937791,Up Mahal Kasbati Mehatpur (230),उप महाल कस्वाती मैहतपुर(230),Mehatpur(Sub-District) / Una(District) / Himachal Pradesh(State),,000000,N,,,,
771,18763,Up Mahal Khaduni(194),उप महाल खडूणी (194),Una(Sub-District) / Una(District) / Himachal Pradesh(State),01187800,018763,N,,,,
772,18129,Up Mahal Khantilla (129),उप महाल खन्नटिल्ला (129),Ghanari(Sub-District) / Una(District) / Himachal Pradesh(State),01124400,018129,N,,,,
773,18167,Up Mahal Krishana Nagar (140),उप महाल कृष्णा नगर (140),Gagret(Sub-District) / Una(District) / Himachal Pradesh(State),01128200,018167,N,,,,
774,939106,Up Mahal Kuahi Devi (119),उप महाल  कुआही देवी (119),Ghanari(Sub-District) / Una(District) / Himachal Pradesh(State),,000000,N,,,,
775,18134,Up Mahal Kuneran Jhikla (131),उप महाल कुनेरन झिकला (131),Ghanari(Sub-District) / Una(District) / Himachal Pradesh(State),01124900,018134,N,,,,
776,18135,Up Mahal Kuneran Upperla (131),उप महाल कुनेरन उपरला (131),Ghanari(Sub-District) / Una(District) / Himachal Pradesh(State),01125000,018135,N,,,,
777,18184,Up Mahal Kuthera Jaswalan Nichla (164),उप महाल कुठेड़ा जसवालां निचला (164),Gagret(Sub-District) / Una(District) / Himachal Pradesh(State),01129900,018184,N,,,,
778,18183,Up Mahal Kuthera Jaswalan Uperla(164),उप महाल  कुठेड़ा जसवालां उपरला (164),Gagret(Sub-District) / Una(District) / Himachal Pradesh(State),01129800,018183,N,,,,
779,18231,Up Mahal Lahar (38),उप महाल  लाहड़ (38),Amb(Sub-District) / Una(District) / Himachal Pradesh(State),01134600,018231,N,,,,
780,18123,Up Mahal Lambi (125),उप महाल लम्बी(125),Ghanari(Sub-District) / Una(District) / Himachal Pradesh(State),01123800,018123,N,,,,
781,18802,Up Mahal Lamiyan (459),उप महाल लमियां(459),Mehatpur(Sub-District) / Una(District) / Himachal Pradesh(State),01191700,018802,N,,,,
782,18776,Up Mahal Lamlaihri Lower (455),उप महाल लमलैहड़ी निचली (455),Una(Sub-District) / Una(District) / Himachal Pradesh(State),01189100,018776,N,,,,
783,18775,Up Mahal Lamlaihri Upper(455),उप महाल लमलैहड़ी उपरली (455),Una(Sub-District) / Una(District) / Himachal Pradesh(State),01189000,018775,N,,,,
784,18230,Up Mahal Langyana (38),उप महाल लंगयाणा (38),Amb(Sub-District) / Una(District) / Himachal Pradesh(State),01134500,018230,N,,,,
785,18186,Up Mahal Loharli Nichali (167),उप महाल लोहारली निचली (167),Gagret(Sub-District) / Una(District) / Himachal Pradesh(State),01130100,018186,N,,,,
786,18185,Up Mahal Loharli Uperli (167),उप महाल लोहारली उपरली (167),Gagret(Sub-District) / Una(District) / Himachal Pradesh(State),01130000,018185,N,,,,
787,18150,Up Mahal Maira Nagar (134),उप महाल मैरा नगर (134),Ghanari(Sub-District) / Una(District) / Himachal Pradesh(State),01126500,018150,N,,,,
788,18328,Up Mahal Mairi Khas (56),उप महाल मैड़ी खास (56),Amb(Sub-District) / Una(District) / Himachal Pradesh(State),01144300,018328,N,,,,
789,18805,Up Mahal Majhliyan(459),उप महाल मझलियां(459),Mehatpur(Sub-District) / Una(District) / Himachal Pradesh(State),01192000,018805,N,,,,
790,939089,Up Mahal Malahat Nagar (206),उप महाल मलाहत नगर (206),Una(Sub-District) / Una(District) / Himachal Pradesh(State),,000000,N,,,,
791,18341,Up Mahal Malkada (173),उप महाल मालकड़ा (173),Amb(Sub-District) / Una(District) / Himachal Pradesh(State),01145600,018341,N,,,,
792,18330,Up Mahal Maslana (56),उप महाल मसलाणा (56),Amb(Sub-District) / Una(District) / Himachal Pradesh(State),01144500,018330,N,,,,
793,18161,Up Mahal Matyalka (137),उप महाल मटयालका (137),Ghanari(Sub-District) / Una(District) / Himachal Pradesh(State),01127600,018161,N,,,,
794,18120,Up Mahal Mawa Kaholan Jhikla (126),उप महाल मवा कहोलां झिकलां (126),Ghanari(Sub-District) / Una(District) / Himachal Pradesh(State),01123500,018120,N,,,,
795,18119,Up Mahal Mawa Kaholan Upperla (126),उप महाल मवा कहोलां उपरला (126),Ghanari(Sub-District) / Una(District) / Himachal Pradesh(State),01123400,018119,N,eSignGOFile662648_19_02_2025_17_26_01.pdf,,,
796,18182,Up Mahal Mawa Sindian Nichli (161),उप महाल मवा सिधियां निचली (161),Gagret(Sub-District) / Una(District) / Himachal Pradesh(State),01129700,018182,N,,,,
797,18181,Up Mahal Mawa Sindian Uperli (161),उप महाल मवा सिंधियां उपरली (161),Gagret(Sub-District) / Una(District) / Himachal Pradesh(State),01129600,018181,N,,,,
798,18239,Up Mahal Mayor(39),उप महाल मयोड (39),Amb(Sub-District) / Una(District) / Himachal Pradesh(State),01135400,018239,N,,,,
799,18128,Up Mahal Mohdhariya (129),उप महाल  मौहधारिये (129),Ghanari(Sub-District) / Una(District) / Himachal Pradesh(State),01124300,018128,N,,,,
800,18313,Up Mahal Nakki (157),उप महाल नक्की (157),Amb(Sub-District) / Una(District) / Himachal Pradesh(State),01142800,018313,N,,,,
801,18140,Up Mahal Nakroh (132),उप महाल नकड़ोेह (132),Ghanari(Sub-District) / Una(District) / Himachal Pradesh(State),01125500,018140,N,,,,
802,18122,Up Mahal Naloti (126),उप महाल नलोटी (126),Ghanari(Sub-District) / Una(District) / Himachal Pradesh(State),01123700,018122,N,,,,
803,18743,Up Mahal Nangal-I (447),उप महाल  नंगल-प्रथम (447),Una(Sub-District) / Una(District) / Himachal Pradesh(State),01185800,018743,N,,,,
804,18742,Up Mahal Nangal-II (447),उप महाल  नंगल-द्वितीय (447),Una(Sub-District) / Una(District) / Himachal Pradesh(State),01185700,018742,N,,,,
805,18747,Up Mahal Nari Lower (189),उप महाल नारी निचली (189),Una(Sub-District) / Una(District) / Himachal Pradesh(State),01186200,018747,N,,,,
806,18748,Up Mahal Nari Upper (189),उप महाल नारी उपरली (189),Una(Sub-District) / Una(District) / Himachal Pradesh(State),01186300,018748,N,,,,
807,18770,Up Mahal Nichla Kotla (204),उप महाल निचला कोटला (204),Una(Sub-District) / Una(District) / Himachal Pradesh(State),01188500,018770,N,,,,
808,18825,Up Mahal Nichli Bhatoli (231),उप महाल निचली भटोली (231),Mehatpur(Sub-District) / Una(District) / Himachal Pradesh(State),01194000,018825,N,,,,
809,18244,Up Mahal Palahar (55),उप महाल पलाहड (55),Amb(Sub-District) / Una(District) / Himachal Pradesh(State),01135900,018244,N,,,,
810,18711,Up Mahal Pandoga Kiyarian (195),उप महाल पंडोगा क्यारियां (195),Ispur(Sub-District) / Una(District) / Himachal Pradesh(State),01182600,018711,N,,,,
811,18708,Up Mahal Pandoga Nichla (195),उप महाल पंडोगा निचला (195),Ispur(Sub-District) / Una(District) / Himachal Pradesh(State),01182300,018708,N,,,,
812,18710,Up Mahal Pandoga Uperla (195),उप महाल पंडोगा उपरला (195),Ispur(Sub-District) / Una(District) / Himachal Pradesh(State),01182500,018710,N,,,,
813,18232,Up Mahal Panglu (38),उप महाल पंगलू (38),Amb(Sub-District) / Una(District) / Himachal Pradesh(State),01134700,018232,N,,,,
814,18736,Up Mahal Panoh-I (185),उप महाल पनोह-प्रथम (185),Una(Sub-District) / Una(District) / Himachal Pradesh(State),01185100,018736,N,,,,
815,18737,Up Mahal Panoh-II (185),उप महाल पनोह-द्वितीय (185),Una(Sub-District) / Una(District) / Himachal Pradesh(State),01185200,018737,N,,,,
816,18235,Up Mahal Parah (38),उप महाल पड़ाह (38),Amb(Sub-District) / Una(District) / Himachal Pradesh(State),01135000,018235,N,,,,
817,18797,Up Mahal Pekhubela (219),उप महाल पेखूबेला (219),Mehatpur(Sub-District) / Una(District) / Himachal Pradesh(State),01191200,018797,N,,,,
818,18192,Up Mahal Piploo (177),उप महाल पिपलू (177),Gagret(Sub-District) / Una(District) / Himachal Pradesh(State),01130700,018192,N,,,,
819,18105,Up Mahal Pirthipur Khas (116),उप महाल पिरथीपुर खास (116),Ghanari(Sub-District) / Una(District) / Himachal Pradesh(State),01122000,018105,N,,,,
820,18106,Up Mahal Pirthipur Nichla (116),उप महाल पिरथीपुर निचला (116),Ghanari(Sub-District) / Una(District) / Himachal Pradesh(State),01122100,018106,N,,,,
821,18107,Up Mahal Pirthipur Upperla (116),उप महाल पिरथीपुर उपरला (116),Ghanari(Sub-District) / Una(District) / Himachal Pradesh(State),01122200,018107,N,,,,
822,18765,Up Mahal Rainsary Nichli (192),उप महाल रायंसरी निचली (192),Una(Sub-District) / Una(District) / Himachal Pradesh(State),01188000,018765,N,,,,
823,18766,Up Mahal Rainsary Uperli (192),उप महाल रायंसरी उपरली (192),Una(Sub-District) / Una(District) / Himachal Pradesh(State),01188100,018766,N,,,,
824,18101,Up Mahal Raipur (2),उप महाल रायेपुर (2),Ghanari(Sub-District) / Una(District) / Himachal Pradesh(State),01121600,018101,N,,,,
825,18819,Up Mahal Raipur Jhikla,उप महाल रायेपुर झिकला(218),Mehatpur(Sub-District) / Una(District) / Himachal Pradesh(State),01193400,018819,N,,,,
826,18818,Up Mahal Raipur Upperla (218),उप महाल रायेपुर उपरला(218),Mehatpur(Sub-District) / Una(District) / Himachal Pradesh(State),01193300,018818,N,,,,
827,18245,Up Mahal Rajpur Jaswan (56),उप महाल राजपुर जसवां (56),Amb(Sub-District) / Una(District) / Himachal Pradesh(State),01136000,018245,N,,,,
828,18784,Up Mahal Rakkar Colony (211),उप महाल रक्कड़ कलोनी (211),Una(Sub-District) / Una(District) / Himachal Pradesh(State),01189900,018784,N,,,,
829,18139,Up Mahal Ram Nagar (132),उप महाल राम नगर (132),Ghanari(Sub-District) / Una(District) / Himachal Pradesh(State),01125400,018139,N,,,,
830,18149,Up Mahal Ram Nagar (134),उप महाल राम नगर (134),Ghanari(Sub-District) / Una(District) / Himachal Pradesh(State),01126400,018149,N,,,,
831,18170,Up Mahal Ram Nagar (140),उप महाल राम नगर (140),Gagret(Sub-District) / Una(District) / Himachal Pradesh(State),01128500,018170,N,,,,
832,18315,Up Mahal Ram Nagar (157),उप महाल राम नगर (157),Amb(Sub-District) / Una(District) / Himachal Pradesh(State),01143000,018315,N,,,,
833,18757,Up Mahal Ram Nagar (190),उप महाल राम नगर (190),Una(Sub-District) / Una(District) / Himachal Pradesh(State),01187200,018757,N,,,,
834,18156,Up Mahal Rampur (138),उप महाल रामपुर (138),Amb(Sub-District) / Una(District) / Himachal Pradesh(State),01127100,018156,N,,,,
835,18788,Up Mahal Rampur Bela (209),उप महाल रामपुर बेला (209),Una(Sub-District) / Una(District) / Himachal Pradesh(State),01190300,018788,N,,,,
836,18279,Up Mahal Ripoh Kuchhan (54),उप महाल रिपोह कुच्छां (54),Amb(Sub-District) / Una(District) / Himachal Pradesh(State),01139400,018279,N,,,,
837,18281,Up Mahal Ripoh Muchlian Abbal (43),उप महाल रिपोह मुचलियां अब्बल (43),Amb(Sub-District) / Una(District) / Himachal Pradesh(State),01139600,018281,N,,,,
838,18282,Up Mahal Ripoh Muchlian Doyam (43),उप महाल रिपोह मुचलियां दोयम,Amb(Sub-District) / Una(District) / Himachal Pradesh(State),01139700,018282,N,,,,
839,18249,Up Mahal Salana (56),उप महाल सलाणा (56),Amb(Sub-District) / Una(District) / Himachal Pradesh(State),01136400,018249,N,,,,
840,18722,Up Mahal Saloh Nichla (198),उप महाल सलोह निचला (198),Ispur(Sub-District) / Una(District) / Himachal Pradesh(State),01183700,018722,N,,,,
841,18721,Up Mahal Saloh Uperla (198),उप महाल सलोह उपरला(198),Ispur(Sub-District) / Una(District) / Himachal Pradesh(State),01183600,018721,N,,,,
842,18753,Up Mahal Samoor Kalan Abbal (453),उप महाल समूर कलां अब्बल (453),Una(Sub-District) / Una(District) / Himachal Pradesh(State),01186800,018753,N,,,,
843,18755,Up Mahal Samoor Kalan Doyam (453),उप महाल समूर कलां दोयम (453),Una(Sub-District) / Una(District) / Himachal Pradesh(State),01187000,018755,N,,,,
844,18247,Up Mahal Sanoh (56),उप महाल सनोह (56),Amb(Sub-District) / Una(District) / Himachal Pradesh(State),01136200,018247,N,,,,
845,18759,Up Mahal Sansala Nagar (190),उप महाल संसाला नगर (190),Una(Sub-District) / Una(District) / Himachal Pradesh(State),01187400,018759,N,,,,
846,937795,Up Mahal Santoshgarh Swan (246),उप महाल सन्तोषगढ़ स्वां (246),Mehatpur(Sub-District) / Una(District) / Himachal Pradesh(State),,000000,N,,,,
847,18285,Up Mahal Sar (42),उप महाल  सर (42),Amb(Sub-District) / Una(District) / Himachal Pradesh(State),01140000,018285,N,,,,
848,18246,Up Mahal Sathru (56),उप महाल साथरु (56),Amb(Sub-District) / Una(District) / Himachal Pradesh(State),01136100,018246,N,,,,
849,18342,Up Mahal Satothar (173),उप महाल स्तोथर (173),Amb(Sub-District) / Una(District) / Himachal Pradesh(State),01145700,018342,N,,,,
850,18147,Up Mahal Shankar Nagar (134),उप महाल शंकर नगर (134),Ghanari(Sub-District) / Una(District) / Himachal Pradesh(State),01126200,018147,N,,,,
851,18174,Up Mahal Shastri Nagar (145),उप महाल शास्त्री नगर (145),Gagret(Sub-District) / Una(District) / Himachal Pradesh(State),01128900,018174,N,,,,
852,18166,Up Mahal Shiv Bari (139),उप महाल शिव बाड़ी (139),Gagret(Sub-District) / Una(District) / Himachal Pradesh(State),01128100,018166,N,,,,
853,18333,Up Mahal Shiv Nagar (165),उप महाल शिवनगर (165),Amb(Sub-District) / Una(District) / Himachal Pradesh(State),01144800,018333,N,,,,
854,939090,Up Mahal Shiv Nagar (Una) (208),उप महाल शिवनगर ऊना (208),Una(Sub-District) / Una(District) / Himachal Pradesh(State),,000000,N,,,,
855,18154,Up Mahal Shivpur (138),उप महाल शिवपुर (138),Amb(Sub-District) / Una(District) / Himachal Pradesh(State),01126900,018154,N,,,,
856,18332,Up Mahal Takarla (165),उप महाल टकारला (165),Amb(Sub-District) / Una(District) / Himachal Pradesh(State),01144700,018332,N,,,,
857,18223,Up Mahal Takoli (32),उप महाल टकोली (32),Amb(Sub-District) / Una(District) / Himachal Pradesh(State),01133800,018223,N,,,,
858,18738,Up Mahal Teuri-I (186),उप महाल त्युड़ी-प्रथम (186),Una(Sub-District) / Una(District) / Himachal Pradesh(State),01185300,018738,N,,,,
859,18739,Up Mahal Teuri-II (186),उप महाल त्युड़ी-द्वितीय (186),Una(Sub-District) / Una(District) / Himachal Pradesh(State),01185400,018739,N,,,,
860,18761,Up Mahal Thakur Dawara (194),उप महाल ठाकुरदवारा (194),Una(Sub-District) / Una(District) / Himachal Pradesh(State),01187600,018761,N,,,,
861,18314,Up Mahal Thathal (157),उप महाल ठठल (157),Amb(Sub-District) / Una(District) / Himachal Pradesh(State),01142900,018314,N,,,,
862,18824,Up Mahal Upperali Bhatoli (231),उप महाल उपरली भटोली (231),Mehatpur(Sub-District) / Una(District) / Himachal Pradesh(State),01193900,018824,N,,,,
863,937793,Upmohal Jatpur Swan (245),उप महाल जटपुर स्वां(245),Mehatpur(Sub-District) / Una(District) / Himachal Pradesh(State),,000000,N,,,,
864,937786,Up-Muhal Nangran Jhikla (222),उप महाल नंगड़ां झिकला (222),Mehatpur(Sub-District) / Una(District) / Himachal Pradesh(State),,000000,N,,,,
865,18799,Upperla Badehar (219),उपरला बडैहर (219),Mehatpur(Sub-District) / Una(District) / Himachal Pradesh(State),01191400,018799,N,,,,
866,18806,Upperli Dehlan (219),उपरली देहलां (219),Mehatpur(Sub-District) / Una(District) / Himachal Pradesh(State),01192100,018806,N,,,,
867,18058,Van Sarkar (7),वन सरकार(7),Bharwain(Sub-District) / Una(District) / Himachal Pradesh(State),01117300,018058,N,,,,
868,18068,Van Van Sehra (25),वनवन सेहड़ा(25),Bharwain(Sub-District) / Una(District) / Himachal Pradesh(State),01118300,018068,N,,,,
